codigo_producto,producto,moneda,n_items,n_organismos,precio_min,precio_p25,precio_mediana,precio_p75,precio_max,ratio_p75_p25,ratio_max_min,revisar,codigos_oc
41115810,Accesorios o suministros de analizadores de coagul,CLP,7,2,0.0,0.0,158690.0,345747.0,580000.0,3457470000.0,5800000000.0,1,1057429-605-SE24;1380-2789-SE24
82121701,Servicios de copias en blanco y negro,CLP,4,4,5.13,5.62,20.39,15065693.0,60262667.0,2682392.63,11756156.23,1,1040166-14-SE24;1057440-1849-SE24;1250357-16-SE24;1497-68-SE22
42171911,Oxígeno portátil o cajas de resucitación de servic,CLP,3,2,207.0,207.0,207.0,6466214.42,12932221.85,31237.75,62474.5,1,1057419-120-SE24;1057541-27-SE24
43212110,Impresoras multifunción o multifuncionales,CLP,20,9,3.1,9.6,59045.0,241845.0,6524766.0,25191.2,2104763.23,1,1031849-133-SE24;1031849-134-SE24;1057379-139-SE24;1057414-96-CC24;1057476-92-SE24;1057491-1402-SE24;1057492-521-AG24;1058542-3-SE24;1214102-347-AG24;1561-273-SE22
43201537,Servidores de impresora,CLP,4,2,8.0,8.75,9.0,126469.75,505852.0,14453.69,63231.5,1,1057476-92-SE24;1057540-627-SE24
90101604,Concesionarios de casino de comida,CLP,6,6,3864.71,3992.5,17003618.5,38430114.25,457478992.0,9625.58,118373.56,1,1057404-184-SE24;1057476-268-SE24;1057490-446-SE24;1057491-269-SE24;1076403-207-SE22;1171142-844-SE24
11141608,Residuos o desperdicios peligrosos,CLP,7,3,1239.0,1239.0,200000.0,6509801.0,18137254.5,5254.08,14638.62,1,1057404-100-CC24;1057494-498-SE24;1057494-499-SE24;1057494-575-SE24;1057503-1005-SE24
93151507,Procedimientos o servicios administrativos,CLP,5,4,420.0,3200.0,4000.0,9690756.0,34390636.0,3028.36,81882.47,1,1057461-478-SE24;1057532-282-SE24;1057536-106-SE24;1218393-89-SE24
43231512,Software de gestión de licencias,CLP,29,10,80.0,91.0,97.0,145188.0,21600000.0,1595.47,270000.0,1,1019-29-SE24;1057389-381-SE24;1057390-129-SE24;1057390-130-SE24;1057390-24-SE24;1057390-25-SE24;1057432-614-SE23;1057432-690-SE22;1057448-51-SE24;1057539-741-SE24;1057551-41-SE24;1080936-23-AG24;1084170-39-SE23;1110404-9-SE24
51181704,Dexametasona,CLP,3,3,115.0,142.5,170.0,196285.0,392400.0,1377.44,3412.17,1,1058086-1279-SE24;1058095-701-SE24;1509-48-SE24
85101502,Servicios clínicos especializados privados,CLP,8,3,640000.0,640000.0,11129117.0,838972358.25,1815121867.0,1310.89,2836.13,1,1057539-1913-SE24;1057547-2766-SE24;1057547-3176-SE24;1057547-3401-SE24;1057547-3404-SE24;1077482-82-SE19
43212110,Impresoras multifunción o multifuncionales,USD,12,3,3.61,22.11,1771.81,20949.25,39341.0,947.5,10897.78,1,1057124-36-AG23;1057124-37-SE22;1057474-64-SE23;1057486-129-SE24
80111613,Mano de obra temporal,CLP,20,4,2000.0,5798.32,567115.0,5447176.0,70834214.0,939.44,35417.11,1,1028897-129-SE24;1050283-206-AG24;1057370-52-SE24;1057402-12065-SE23;1057402-1270-SE24;1057402-1463-SE24;1057402-1686-SE24;1057402-1776-SE24;1057402-2077-SE24;1057402-4722-SE23;1057402-759-SE24;1057402-763-SE24;1057402-773-SE24;1057402-778-SE24;1057402-784-SE24;1057402-801-SE24;1057402-816-SE24
76121501,"Recolección, destrucción, transformación o elimina",CLP,10,5,56.0,800.0,1000.0,720717.25,9299455.0,900.9,166061.7,1,1057492-749-SE24;1057498-822-SE24;1057501-2646-CC24;1057512-252-SE24;1057536-393-SE24
11121802,Algodón,CLP,6,5,4.0,7.0,2498.5,5185.0,6500.0,740.71,1625.0,1,1057415-28-SE24;1057420-136-SE24;1057420-153-SE24;1057551-54-AG24;1058086-1205-SE24;1171142-799-AG24
80111604,Personal técnico temporal,CLP,13,8,2500.0,8500.0,46992.0,4839478.0,32828980.67,569.35,13131.59,1,1023923-227-SE24;1023923-229-SE24;1023923-235-SE24;1057384-2-SE24;1057384-900-SE23;1057404-1618-AG23;1057417-2798-SE24;1057486-131-SE24;1057492-756-SE24;1057512-274-SE24;1057512-286-SE24;1057544-7615-SE23
42271701,Cilindros de gas médicos o dispositivos relacionad,CLP,3,3,14274.0,57137.0,100000.0,28201260.5,56302521.0,493.57,3944.41,1,1057387-57-CC24;1057506-233-AG24;1057544-368-SE22
48101901,Vajillas de servicio,CLP,12,2,60.0,139.25,990.0,65125.0,195000.0,467.68,3250.0,1,1057539-2583-SE24;1057547-3733-SE24
55121606,Etiquetas autoadhesivas,CLP,3,2,2.0,5.5,9.0,2254.5,4500.0,409.91,2250.0,1,1057491-1597-SE24;1171142-144-AG23
14111609,Papel para forrar,CLP,18,3,104.0,123.0,6660.0,45983.0,315000.0,373.85,3028.85,1,1057299-21-SE24;1057472-10568-SE23;1057472-1373-SE24;1079596-26-SE24
42143301,Sets o kits de administración de quimioterapia,CLP,3,3,127000.0,158008.5,189017.0,52041772.5,103894528.0,329.36,818.07,1,1057049-331-AG24;1057492-783-SE24;1070620-1941-AG24
13102017,Polietileno de alta densidad (HDPE),CLP,12,2,57.0,156.75,869.0,49912.5,1380000.0,318.42,24210.53,1,1047296-44-SE24;1057490-908-SE22
42294944,Kits de accesorios para endoscopía,CLP,5,5,12250.0,37980.0,325900.0,10200000.0,13580000.0,268.56,1108.57,1,1057472-1588-SE24;1057503-1079-SE24;1057539-1576-SE24;1057543-383-AG24;1075963-2402-SE24
42142523,Agujas hipodérmicas,CLP,41,9,11.0,26.0,1350.0,6800.0,65000.0,261.54,5909.09,1,1057049-872-SE24;1057417-12077-SE23;1057417-1915-SE24;1057417-2440-AG24;1057417-2517-AG24;1057417-2599-AG24;1057417-2614-AG24;1057417-2621-AG24;1057417-2629-AG24;1057417-2633-AG24;1057417-2714-AG24;1057417-2759-AG24;1057418-111-SE24;1057419-93-SE24;1057429-616-AG24;1057440-1691-AG24;1057544-1557-SE24;1057554-1156-AG24;1058086-190-SE23
25101507,Camiones ligeros o vehículos de deporte de utilida,CLP,4,2,13750.0,13750.0,481875.0,3262500.0,10200000.0,237.27,741.82,1,1030-20-SE24;1087-205-SE23;1087-212-SE23
42221612,"Distribuidores, llaves de cierre o puertos de inye",CLP,5,3,25.0,87.0,119.0,19990.0,19990.0,229.77,799.6,1,1057428-77-SE24;1057440-1274-AG24;1063538-1269-SE24
42293507,Depósitos de aspiración quirúrgicos,CLP,3,2,1790.0,1790.0,1790.0,410139.0,818488.0,229.13,457.26,1,1002772-1120-SE24;1002772-1154-SE24;1057448-761-AG23
24111502,Bolsas de papel,CLP,9,4,6.0,8.0,12.0,1600.0,4500.0,200.0,750.0,1,1057370-117-AG24;1057415-71-AG24;1057418-114-SE24;1161-83-SE24
42281808,Papeles u hojas de esterilización,CLP,32,11,32.0,230.0,16740.0,45625.0,200660.0,198.37,6270.62,1,1057049-3650-AG23;1057388-73-AG24;1057439-1062-AG24;1057461-446-SE24;1057491-1244-SE24;1057498-388-AG24;1057498-606-SE24;1057543-39-SE24;1057544-1624-SE24;1057547-3927-SE24;1057547-3928-SE24;1063538-1349-AG24;1171142-75-AG24
42142704,Sacos o medidores de drenaje urinario,CLP,5,5,44.21,51.0,405.0,9900.0,26900.0,194.12,608.46,1,1003473-742-SE24;1057402-2082-SE24;1057461-436-SE24;1057489-2352-SE24;1057539-142-SE24
42181708,Electrodos de parche de electrocardiografía (ECG),CLP,13,8,42.0,790.0,35900.0,150000.0,465000.0,189.87,11071.43,1,1057389-784-AG24;1057418-102-SE24;1057418-104-SE24;1057461-125-SE24;1057473-92-AG24;1057501-16778-AG23;1057509-1075-SE24;1057509-2400-AG24;1057543-372-SE24;1057544-1125-SE24;1057544-1348-SE24;1057544-1443-SE24;1057544-409-SE24
42281802,Etiquetas de esterilización,CLP,5,5,110.0,302.0,9800.0,56000.0,284773.0,185.43,2588.85,1,1057417-2650-AG24;1057492-764-AG24;1057498-390-AG24;1057510-1034-AG24;1057540-333-AG24
48101711,Dispensadores de agua embotellada,CLP,7,6,1177.0,6500.0,21869.74,1179327.55,8385459.0,181.44,7124.43,1,1005498-249-SE23;1051177-9-SE21;1057448-962-AG23;1057512-207-SE24;1155683-16-AG24;1300-358-SE21
42132203,Guantes médicos de examen o para usos no quirúrgicos,CLP,14,5,25.0,28.0,2600.0,4800.0,18000.0,171.43,720.0,1,1057418-100-SE24;1057472-1008-SE24;1057489-13671-SE23;1057544-1531-SE23;1209395-52-SE24
80111715,Profesionales,CLP,50,17,2800.0,7900.0,12300.0,1293750.0,14652732.0,163.77,5233.12,1,1057062-183-AG23;1057417-2817-SE24;1057439-594-SE24;1057448-92-SE24;1057448-93-SE24;1057448-94-SE24;1057448-95-SE24;1057448-97-SE24;1057448-98-SE24;1057448-99-SE24;1057489-2135-SE24;1057489-2136-SE24;1057489-2295-SE24;1057491-1431-SE24;1057491-1432-SE24;1057508-134-SE24;1057508-205-SE24;1057508-215-SE24;1057508-216-SE24;1057508-217-SE24;1057512-280-SE24;1057512-281-SE24;1057512-282-SE24;1057512-284-SE24;1057543-124-SE24;1057543-2637-SE23;1057544-6161-SE23;1057544-7567-SE23;1057547-4184-SE24;1057554-975-SE24;1099402-59-SE24;1099402-61-SE24;1108338-342-SE23;1108338-417-SE23;1108338-429-SE23;1108338-7-SE24;1127-20-SE24;1127-44-SE24;1133353-18-SE24;1624-13-SE24;1624-16-SE24;1624-19-SE24
42295104,Equipo electro quirúrgico o electro cauterio o accesorios o productos relacionados,CLP,8,3,1.0,2250.25,9750.0,344160.0,436660.0,152.94,436660.0,1,1002772-1390-SE24;1002772-1391-SE24;1057389-655-SE24;1057494-934-SE24
85121608,Servicios psicológicos,CLP,3,2,45000.0,55000.0,65000.0,8343891.0,16622782.0,151.71,369.4,1,1007793-7-AG24;1057404-86-SE24
80111601,Personal administrativo temporal,CLP,24,9,2620.88,4000.0,519450.0,592875.0,9086000.0,148.22,3466.78,1,1057379-129-SE24;1057379-131-SE24;1057384-10-SE24;1057384-898-SE23;1057417-2786-SE24;1057417-2788-SE24;1057417-2792-SE24;1057417-2887-SE24;1057489-2244-SE24;1057489-2275-SE24;1057509-3124-SE24;1057510-1031-SE24;1057512-170-SE24;1057512-171-SE24;1057512-265-SE24;1057544-8315-SE23;1514-1302-SE24;1514-1303-SE24;1514-1316-SE24;1514-1317-SE24;1514-1320-SE24;1514-1322-SE24;1514-1331-SE24;1514-1333-SE24
51141517,Gabapentina,CLP,3,3,38.0,39.0,40.0,5770.0,11500.0,147.95,302.63,1,1058086-177-SE24;1058104-61-SE24;1058132-466-SE24
85121802,Laboratorios bacteriológicos,CLP,6,2,99.0,682.5,910.0,98776.25,138275.0,144.73,1396.72,1,1057490-475-SE24;1057490-476-SE24;1272565-252-SE24;1272565-280-SE24
85121901,Recetarios magistrales,CLP,71,10,10.0,350.0,12800.0,45512.0,2579046.0,130.03,257904.6,1,1047027-125-SE24;1047027-228-SE24;1057055-163-SE24;1057055-325-SE24;1057055-327-SE24;1057055-328-SE24;1057055-329-SE24;1057055-333-SE24;1057440-1868-SE24;1058024-290-SE24;1058044-274-SE24;1058044-282-SE24;1058045-284-SE24;1058088-120-AG24;1058088-561-AG23;1058090-174-SE24;1058090-179-SE24;1070620-1820-AG24;1075963-2899-SE24;1075963-2915-SE24;1075963-2924-SE24;1075963-2941-SE24;1075963-2944-SE24;1075963-2945-SE24;1532-861-SE23
51142001,Acetaminofen,CLP,4,4,8.9,9.72,605.0,1212.5,1250.0,124.68,140.45,1,1057055-180-AG24;1058034-10-AG24;1058044-194-AG24;1267885-85-AG24
42271901,Cánula faríngea para vía aérea,CLP,9,4,200.0,250.0,250.0,31000.0,72450.0,124.0,362.25,1,1057461-437-SE24;1057461-444-SE24;1057495-306-AG24;1057503-970-SE24;1057544-1323-SE24
93131608,Servicios de suministro de alimentos,CLP,19,8,3914.0,145776.0,5294118.0,17307142.0,122605172.0,118.72,31324.78,1,1039-8-SE24;1039-9-SE24;1057417-2333-SE24;1057417-2334-SE24;1057439-594-SE24;1057498-854-SE24;1057498-857-SE24;1057539-11858-SE23;1057539-12790-SE23;1057539-1409-SE24;1057539-318-SE24;1057547-4160-SE24;1057550-334-SE23;1057550-57-SE24;1057550-58-SE24;1057551-106-SE24;1057551-107-SE24
42291706,Fresas quirúrgicas o sus accesorios,CLP,18,6,990.0,1585.0,115000.0,175225.0,362505.0,110.55,366.17,1,1057049-1059-SE24;1057049-17-SE24;1057390-76-SE24;1057540-493-AG24;1057544-979-SE24;1057547-3430-AG24;1057547-3672-AG24;1057547-3673-AG24;1057547-3675-AG24;1641-2759-AG24
85151601,Programas de nutrición,CLP,8,2,3780.0,3780.0,5645.0,409226.25,1612875.0,108.26,426.69,1,1057384-190-SE24;1057384-192-SE24;1057509-12980-SE23;1057509-3012-SE24;1057509-3018-SE24;1057509-3021-SE24;1057509-3022-SE24;1057509-3256-SE24
41102915,Estaciones de toma de muestras y disección histológicas,CLP,6,3,210.0,885.0,45197.5,88625.0,1218400.0,100.14,5801.9,1,1057049-1213-SE24;1057384-141-SE24;1057490-491-SE24
78111802,"Servicios de autobuses regulares, recorridos fijos o servicios programados",CLP,53,9,1400.0,40000.0,1990000.0,4000000.0,22916667.0,100.0,16369.05,1,1037-2-SE24;1037-3-SE24;1037-9-SE24;1057387-33-SE24;1057387-59-SE24;1057418-126-SE24;1057499-65-SE24;1057539-1985-SE24;1057539-1987-SE24;1057539-1988-SE24;1057539-1990-SE24;1057539-1991-SE24;1057539-1992-SE24;1057539-1994-SE24;1057539-2021-SE24;1057545-197-SE24;1099834-5-SE24;1230684-13-AG24;1509-11-SE24;1509-36-SE24;1509-43-SE24;1509-53-SE24
42152508,"Jeringas dentales, agujas o jeringas con agujas",CLP,9,7,50.0,63.0,760.0,6200.0,199139.0,98.41,3982.78,1,1002772-471-AG24;1057390-76-SE24;1057539-2873-SE24;1057540-574-AG24;1057544-1497-SE24;1057544-979-SE24;1062448-172-SE24;1075337-663-AG24
42272214,"Válvulas, adaptadores o conectores de circuito",CLP,9,6,799.0,990.0,6500.0,94500.0,142275.0,95.45,178.07,1,1057419-95-SE24;1057419-97-SE24;1057491-1584-SE24;1057501-10541-SE23;1057544-1579-SE24;1063538-1101-SE24;1155-455-SE24
42231701,Tubos nasogástricos,CLP,10,4,130.0,210.0,2555.0,17662.5,34470.0,84.11,265.15,1,1057049-962-SE24;1057049-968-SE24;1057492-727-SE24;1057503-895-SE24;1057539-2599-SE24
85121803,Laboratorios biológicos,CLP,73,11,155.0,1717.0,7064.0,144000.0,20757785.0,83.87,133921.19,1,1057049-1963-SE24;1057388-97-SE24;1057417-2659-SE24;1057417-2660-SE24;1057417-2689-SE24;1057417-2698-SE24;1057492-1836-SE23;1057511-303-AG24;1057534-63-SE24;1057540-648-SE24;1057544-1771-SE24;1058086-1180-SE24;1063538-1327-SE24;1075963-13939-SE23;1075963-15075-SE23;1075963-2687-SE24
85101601,Servicios de enfermería,CLP,10,3,8600.0,16500.0,105000.0,1365000.0,30000000.0,82.73,3488.37,1,1057404-1692-SE23;1057540-462-SE24;1057544-3563-SE23;1057544-5823-SE23;1057544-728-SE23;1057544-8303-SE23
42242002,Dispositivos prostéticos de la extremidad superior,CLP,7,3,1250.0,12500.0,95000.0,1012500.0,1718630.0,81.0,1374.9,1,1002772-1281-SE24;1002772-860-SE24;1003473-749-AG24;1057402-1700-SE24;1057402-1704-SE24
42291613,"Escalpelos, bisturíes, cuchillas o trépanos quirúr",CLP,7,3,65.0,65.0,154.0,5242.0,8926.0,80.65,137.32,1,1057539-3171-SE23;1057548-185-AG24;1549-4565-AG23
42271709,Cánula médico nasal,CLP,7,5,235.0,311.5,22900.0,22900.0,23000.0,73.52,97.87,1,1057418-112-SE24;1057461-102-SE24;1057539-1737-SE24;1057547-3389-AG24;1155-439-SE24
80111606,Personal médico temporal,CLP,53,11,6571.75,8453.0,30000.0,620000.0,109777450.0,73.35,16704.45,1,1023923-118-SE24;1023923-221-SE24;1023923-224-SE24;1023923-226-SE24;1023923-228-SE24;1023923-230-SE24;1023923-231-SE24;1023923-232-SE24;1023923-233-SE24;1023923-234-SE24;1023923-236-SE24;1023923-237-SE24;1057384-9-SE24;1057402-12184-SE23;1057402-1263-SE24;1057402-1265-SE24;1057402-1346-SE24;1057402-1532-SE24;1057402-1625-SE24;1057402-1626-SE24;1057402-1718-SE24;1057402-1888-SE24;1057489-1863-SE24;1057489-2161-SE24;1057492-799-SE24;1057510-1023-SE24;1057543-179-SE24;1057544-1174-SE24;1057544-1175-SE24;1057544-1176-SE24;1057544-1178-SE24;1057544-1183-SE24;1057544-1184-SE24;1057544-1187-SE24;1057544-1189-SE24;1057544-1190-SE24;1057544-1191-SE24;1057544-1210-SE23;1057544-1766-SE23;1057544-3370-SE23;1057544-4413-SE23;1057544-4936-SE23;1057544-6815-SE23;1057544-8720-SE23;1057545-218-SE24;1062448-193-SE24;1099834-24-SE24
44102907,Fundas para proteger del polvo al equipamiento,CLP,5,2,20.0,20.0,20.0,1365.0,2000.0,68.25,100.0,1,1057439-1111-SE24;1079596-26-SE24
42221512,Cánulas o accesorios para catéteres intravenosos o arteriales,CLP,69,15,142.0,620.0,9300.0,42000.0,644400.0,67.74,4538.03,1,1002772-418-SE24;1057049-1167-SE24;1057049-906-SE24;1057404-154-AG24;1057404-155-AG24;1057417-2609-AG24;1057431-424-SE24;1057439-79-SE24;1057473-86-SE24;1057492-603-AG24;1057492-781-SE24;1057498-711-AG24;1057498-712-AG24;1057501-1062-AG24;1057501-1533-SE24;1057501-1660-SE24;1057501-1958-SE24;1057501-1960-SE24;1057501-1961-SE24;1057501-2064-AG24;1057501-2101-SE24;1057501-2160-AG24;1057501-327-SE24;1057501-782-AG24;1057544-1393-SE24;1057544-1545-SE24;1057544-1566-SE24;1057544-1577-SE24;1057544-1579-SE24;1057544-1630-SE24;1057544-1727-SE24;1057547-3491-SE24;1057547-3836-SE24;1058086-404-SE24;1075337-780-SE24;1499-655-SE24
41104102,Lancetas,CLP,3,3,50.0,67.0,84.0,4476.0,8868.0,66.81,177.36,1,1057495-262-SE24;1057500-1005-AG23;1057536-355-AG24
72102304,Mantenimiento o reparación de sistemas de fontaner,CLP,5,4,150000.0,190000.0,1100000.0,12301000.0,14067200.0,64.74,93.78,1,1057417-2823-SE24;1057495-267-SE24;1099402-105-SE24;1230615-3-SE24
42281804,Controles de esterilización,CLP,16,6,178.17,9644.29,168250.0,613787.0,3104063.0,63.64,17421.92,1,1003473-814-SE24;1057402-12880-SE23;1057509-1075-SE24;1057543-1045-SE23;1057543-2257-SE23;1057547-4056-SE24;1057554-1235-AG24
51181813,Estradiol,CLP,3,3,76.0,138.0,200.0,8532.5,16865.0,61.83,221.91,1,1038999-29-AG24;1058095-700-SE24;1058107-30-SE24
44103504,Espirales de encuadernación,CLP,7,3,45.0,100.0,137.0,5972.5,5990.0,59.73,133.11,1,1057299-21-SE24;1057387-95-AG24;1057492-755-AG24
73101701,Servicios de producción de medicamentos o medicina,CLP,53,10,1.0,96.0,420.0,5600.0,1619100.0,58.33,1619100.0,1,1057055-109-SE24;1057055-693-AG23;1057055-844-AG23;1057415-102-SE24;1057415-64-AG24;1057415-656-AG23;1057415-70-AG24;1057472-2287-SE24;1058071-104-SE24;1058071-289-SE24;1058071-323-SE24;1058087-1453-AG23;1058087-153-AG24;1058087-162-AG24;1058087-165-AG24;1058087-168-AG24;1058087-170-AG24;1058087-172-AG24;1058087-173-AG24;1058087-175-AG24;1058087-178-AG24;1058087-188-AG24;1058087-194-AG24;1058087-196-AG24;1058087-84-AG24;1058091-59-SE24;1058091-61-SE24;1058128-499-SE24;1058135-40-AG24;1075963-14386-SE23;1075963-2176-SE24;1075963-226-SE24;1075963-2458-AG24;1155-436-SE24;1237469-122-SE23
41122004,Jeringas de toma de muestras,CLP,4,3,85.0,4663.75,135595.0,265000.0,265000.0,56.82,3117.65,1,1057429-462-AG24;1057492-5352-SE23;1057494-132-SE24
42142402,Cánulas o tubos de succión médicos o accesorios,CLP,49,14,210.0,300.0,3100.0,15550.0,69990.0,51.83,333.29,1,1057049-904-SE24;1057049-935-SE24;1057417-2748-AG24;1057419-92-SE24;1057419-97-SE24;1057431-96-SE24;1057439-1037-AG24;1057461-185-SE24;1057461-449-SE24;1057461-457-SE24;1057461-460-SE24;1057461-462-SE24;1057472-1981-SE24;1057472-2154-SE24;1057491-1334-SE24;1057491-1338-SE24;1057491-1579-SE24;1057539-1355-AG24;1057539-1737-SE24;1057543-362-SE24;1057544-1341-SE24;1057544-1342-SE24;1057544-1351-SE24;1057544-1473-SE24;1057544-1477-SE24;1057544-1586-SE24;1057547-1986-AG24;1057547-3839-SE24;1063538-1468-SE24;1272565-258-AG24
51151812,Clorhidrato de propanolol,CLP,3,3,19.0,206.0,393.0,10196.5,20000.0,49.5,1052.63,1,1058086-1279-SE24;1058128-434-AG24;1062456-16-SE24
83101510,Agua fría,CLP,3,2,840.3,1092.65,1345.0,53172.5,105000.0,48.66,124.96,1,1057389-736-AG24;1069723-2-SE24
51141601,Hidrocloruro de amitriptilina,CLP,3,3,22.0,28.5,35.0,1367.5,2700.0,47.98,122.73,1,1058027-2-SE24;1058131-155-SE24;1211839-359-SE23
42272015,Kits de succión,CLP,15,7,214.0,286.0,1750.0,13700.0,7000000.0,47.9,32710.28,1,1057049-964-SE24;1057494-517-SE24;1057501-2937-SE24;1057544-1048-SE24;1057547-2353-SE24;1057548-231-AG24;1437-221-SE24
42311506,Vendas o apósitos compresores,CLP,23,11,169.0,431.0,4951.0,20642.5,330000.0,47.89,1952.66,1,1002772-1175-AG24;1002772-315-SE24;1057417-2288-AG24;1057461-44-SE24;1057492-171-SE24;1057492-458-SE24;1057492-791-SE24;1057500-595-SE23;1057500-75-SE24;1057539-1473-SE24;1057539-3242-SE23;1057543-359-SE24;1057547-4013-SE24;1057554-1011-AG24;1057554-1153-AG24;1057554-9-AG24;1058086-1123-SE24;1063538-1392-AG24
42132202,Dediles,CLP,6,2,13.5,13.5,329.25,645.0,645.0,47.78,47.78,1,1057544-1437-SE24;1058086-107-SE24
51141722,Fumarato de quetiapina,CLP,8,5,22.0,298.75,1048.5,14217.25,28114.0,47.59,1277.91,1,1038999-25-AG24;1038999-28-AG24;1038999-9-AG24;1058027-2-SE24;1058044-271-SE24;1058095-712-AG24;1058131-120-SE24;1058131-149-SE24
42151681,Sets de anestesia odontológica o accesorios,CLP,4,2,299.0,317.75,7387.0,14900.0,16250.0,46.89,54.35,1,1057390-82-SE24;1057544-979-SE24
51171630,Aceite mineral,CLP,13,6,95.0,300.0,2000.0,14000.0,30000.0,46.67,315.79,1,1057501-2738-SE24;1058034-9-SE24;1058102-61-SE24;1058103-188-SE24;1100719-207-SE24;1549-5492-SE23
26121609,Cable de redes,CLP,6,2,153.0,868.25,14562.5,40211.0,50000.0,46.31,326.8,1,1057415-43-AG24;1057496-275-AG24
41111808,Equipo de examen por rayos X,CLP,7,4,2300.0,2300.0,2300.0,106392.0,3990000.0,46.26,1734.78,1,1057472-1581-SE24;1057491-1274-SE24;1057532-279-SE24;1057535-98-SE24
41104014,Aplicadores de muestras,CLP,3,2,765.0,765.0,765.0,35382.5,70000.0,46.25,91.5,1,1002772-1374-SE24;1057533-41-AG24
41105104,Bombas de jeringa,CLP,3,3,2200.0,23600.0,45000.0,1087833.5,2130667.0,46.09,968.49,1,1057492-802-SE24;1057503-814-SE24;1115456-106-SE23
90101603,Servicios de catering,CLP,18,12,3025.0,10625.0,181230.0,483000.0,3000000.0,45.46,991.74,1,1020-84-SE24;1035685-2-SE24;1035685-8-AG24;1057448-35-AG24;1057500-700-AG23;1057500-899-AG23;1057500-967-AG23;1057539-12229-AG23;1110404-109-AG24;1208105-13-AG24;1208541-6-AG24;1213005-35-SE24;1233604-16-SE24;1233829-59-SE24;1247964-5-AG24;1497-17-AG24
51121710,Losartan potásico,CLP,5,5,12.0,14.0,14.4,632.0,1263.0,45.14,105.25,1,1038999-129-AG23;1057415-100-SE24;1057500-443-SE23;1221016-267-SE23;1237328-109-SE24
42152201,Hojas dentales,CLP,13,2,2230.0,2230.0,5230.0,100000.0,260000.0,44.84,116.59,1,1057417-1525-AG24;1057417-2294-AG24;1057472-2368-SE24
42142702,Catéteres urinarios uretrales,CLP,14,7,120.0,2737.5,78750.0,122000.0,190000.0,44.57,1583.33,1,1057049-930-SE24;1057472-505-SE24;1057492-784-SE24;1057501-1831-SE24;1057501-2017-SE24;1057547-3788-SE24;1057548-32-SE24;1155-4346-SE23
42203406,Dispositivos para la retirada de catéteres o sets vasculares de diagnóstico o intervención,CLP,5,3,1290.0,15000.0,15000.0,650000.0,10850000.0,43.33,8410.85,1,1057417-2339-SE24;1057417-2342-SE24;1057544-1026-SE24;1155-453-SE24
51181517,Clorhidrato de metformina,CLP,18,7,14.0,540.25,7731.0,23239.0,30687.0,43.02,2191.93,1,1038999-16-AG24;1038999-19-AG24;1038999-31-AG24;1057384-76-SE24;1057500-441-SE23;1057500-881-SE23;1058026-11-SE24;1211839-357-SE23;1221016-270-SE23;1557-31-AG24
42295001,Unidades de mantenimiento o accesorios de endoscop,CLP,7,2,70000.0,70000.0,70000.0,3000000.0,3720000.0,42.86,53.14,1,1057480-526-SE24;1057498-714-SE24
42142503,Agujas arteriales,CLP,4,3,16.0,67.75,139.5,2895.5,11000.0,42.74,687.5,1,1057418-101-SE24;1057461-426-SE24;1057512-225-AG24
27112801,Brocas,CLP,11,3,2642.0,9991.0,27280.0,423231.0,648402.0,42.36,245.42,1,1050283-148-SE24;1050283-150-SE24;1050283-193-SE24;1050283-201-SE24;1050283-203-SE24;1075963-906-AG24;1232837-32-AG24
42131601,Delantales o pecheras para el personal sanitario,CLP,5,4,45.0,71.0,144.0,2920.0,16000.0,41.13,355.56,1,1057370-126-AG24;1057491-1452-SE24;1063538-1247-SE24;1075963-2614-SE24
41122601,Portaobjetos,CLP,4,3,17.0,21.5,94.5,874.5,3000.0,40.67,176.47,1,1057491-1482-AG24;1057491-1491-AG24;1057551-74-AG24;1213002-60-AG24
42231703,Tubos de descompresión gástrica,CLP,3,2,9000.0,9000.0,9000.0,349500.0,690000.0,38.83,76.67,1,1057439-514-AG24;1057503-714-AG24
42312009,Grapadoras para uso interno,CLP,6,3,20.0,4500.0,84410.0,174392.5,340000.0,38.75,17000.0,1,1057417-1822-SE24;1057472-2084-SE24;1057472-2092-SE24;1075963-2634-SE24
82101603,Publicidad en Internet,CLP,3,3,700.0,100350.0,200000.0,3881512.5,7563025.0,38.68,10804.32,1,1035685-9-SE24;1057124-49-AG23;1596-23-SE24
41116011,Reactivos de analizadores microbiológicos,CLP,26,5,5396.0,5396.0,8070.0,208385.5,547080.0,38.62,101.39,1,1057417-2416-AG24;1057472-1013-SE24;1057472-12273-SE23;1057491-1173-SE24;1057510-1053-SE24;1057539-8917-AG23
42231901,Sacaleches o sus accesorios,CLP,3,3,300.0,301.5,303.0,11151.5,22000.0,36.99,73.33,1,1057049-977-SE24;1057402-12605-AG23;1057501-1468-SE24
42151627,Espejos o mangos de espejos dentales,CLP,3,2,320.0,1010.0,1700.0,36450.0,71200.0,36.09,222.5,1,1057388-47-SE24;1057388-50-SE24;1057390-76-SE24
42142614,Aparatos de inyección hipodérmica o accesorios,CLP,7,4,83.0,214.0,532.0,7400.0,8100.0,34.58,97.59,1,1057049-919-SE24;1057049-974-SE24;1057498-3973-AG23;1057498-4027-AG23;1057498-845-AG24;1058086-190-SE23;1155-398-SE24
42292908,Dispositivos de sutura quirúrgica,CLP,43,6,625.0,8786.0,78000.0,298500.0,7720000.0,33.97,12352.0,1,1057049-1113-SE24;1057049-964-SE24;1057440-1553-SE24;1057440-1556-SE24;1057440-1605-SE24;1057440-1666-SE24;1057440-1687-SE24;1057472-2039-SE24;1057472-7058-SE23;1057492-4239-SE23;1057509-13685-SE23;1057544-1513-SE24;1057544-1529-SE24;1057544-1546-SE24;1057544-1583-SE24;1057544-349-SE24
42142615,Accesorios para jeringas,CLP,7,6,320.0,477.5,1300.0,15380.0,18000.0,32.21,56.25,1,1057417-2601-AG24;1057420-129-SE24;1057420-152-SE24;1057440-1610-SE24;1057461-435-SE24;1057492-727-SE24;1211839-647-SE23
55121802,Pulseras o tarjetas de identificación o productos similares,CLP,3,3,120.0,560.0,1000.0,18000.0,35000.0,32.14,291.67,1,1004625-4-AG24;1057532-278-AG24;1058339-42-AG24
76101501,Servicios de saneamiento de aseos,CLP,6,4,50.0,68125.0,650000.0,2186175.0,4200000.0,32.09,84000.0,1,1036-33-SE24;1057432-143-SE23;1057551-7-SE24;1171085-65-SE23
42142530,Agujas de tratamiento diagnóstico,CLP,9,7,3500.0,15500.0,22000.0,497200.0,1272000.0,32.08,363.43,1,1057417-2701-AG24;1057472-2184-SE24;1057492-784-SE24;1057501-2522-SE24;1057544-1558-SE24;1063538-171-AG24;1075963-1489-SE24;1075963-1962-SE24
42272224,Kits de circuito de ventilación,CLP,37,5,800.0,3490.0,20000.0,111800.0,140000.0,32.03,175.0,1,1057440-1548-SE24;1057440-564-SE24;1057491-1372-SE24;1057492-4223-SE23;1057492-731-SE24;1063538-1313-SE24;1075963-2750-SE24
42271910,Sets endotraqueales o de traqueotomía,CLP,4,3,2200.0,2200.0,3350.0,70375.0,268000.0,31.99,121.82,1,1057389-715-AG24;1057501-14496-SE23;1171142-3046-AG23
23153025,Pinza mecánica,CLP,4,2,1875.0,2201.25,8133.0,70092.0,238500.0,31.84,127.2,1,1057440-1605-SE24;1057440-1666-SE24;1211839-647-SE23
81111812,Mantenimiento y soporte de hardware,USD,4,3,80.0,220.0,1519.34,6938.01,19436.04,31.54,242.95,1,1057428-179-CM21;1057490-518-SE24;1057490-523-SE24;1057511-244-CM21
50171551,Sal de cocina o de mesa,CLP,8,5,3.0,9.75,237.5,306.25,490.0,31.41,163.33,1,1057402-1915-SE24;1057491-1392-AG24;1057532-272-AG24;1063538-440-SE24;1063538-50-SE24;1173041-7-SE24
42222008,Kits o accesorios de bombas de infusión,CLP,15,6,80.0,127.5,2000.0,3968.0,7300.0,31.12,91.25,1,1002772-1122-SE24;1002772-1197-SE24;1002772-1199-SE24;1002772-1207-SE24;1057490-587-SE24;1057492-2623-SE21;1057495-265-SE24;1057498-83-SE24;1057501-1652-AG24
41116205,Kits de exámenes rápidos,CLP,3,2,4800.0,4900.0,5000.0,151745.0,298490.0,30.97,62.19,1,1057429-192-AG24;1057429-212-AG24;1057494-828-SE24
85121902,Farmacias,CLP,26,7,27.0,433.0,8679.0,13391.75,61900.0,30.93,2292.59,1,1047027-105-SE24;1047027-205-AG24;1047027-207-AG24;1047027-215-AG24;1047027-237-AG24;1047027-243-AG24;1057547-4086-SE24;1058012-448-SE24;1058012-505-SE24;1058012-511-SE24;1058012-535-SE24;1058134-334-SE24;1080098-15-AG24;1216062-143-SE24;1247197-31-SE24;1267885-46-SE24
41106217,Placas de cultivo especializadas para bacterias,CLP,25,4,441.0,592.0,1037.0,18000.0,801000.0,30.41,1816.33,1,1057374-137-SE24;1057417-12357-SE23;1057417-1854-SE24;1057495-235-SE24;1057539-13574-SE23
42242001,Dispositivos prostéticos de la extremidad inferior,CLP,33,3,10000.0,50000.0,188510.0,1503420.0,4962342.0,30.07,496.23,1,1057049-1809-SE24;1057049-1810-SE24;1057049-1811-SE24;1057049-1812-SE24;1057049-1813-SE24;1057049-1814-SE24;1057049-1815-SE24;1057402-1562-SE24;1057402-1614-SE24;1057402-1702-SE24;1057402-1706-SE24;1057402-1900-SE24;1057402-1902-SE24;1057402-2022-SE24;1057547-2425-SE24;1057547-2849-SE24;1057547-2850-SE24;1057547-2851-SE24;1057547-2855-SE24;1057547-2860-SE24;1057547-2878-SE24;1057547-2912-SE24
70111703,Servicios de sembradío o mantenimiento de jardines,CLP,3,3,35000.0,37500.0,40000.0,1120000.0,2200000.0,29.87,62.86,1,1057387-104-SE24;1062018-17-AG24;1469-2687-SE21
91111502,Servicios de lavandería,CLP,14,8,743.0,2031810.0,38023534.84,60182975.0,66284350.0,29.62,89211.78,1,1057049-1831-SE24;1057049-1832-SE24;1057049-1834-SE24;1057049-1913-SE24;1057049-2009-SE24;1057476-256-SE24;1057476-260-SE24;1057490-488-SE24;1057491-1080-SE24;1057492-715-SE24;1057498-801-SE24;1057536-174-SE24;1171142-898-SE24
44121701,Lápiz pasta,CLP,43,14,50.0,241.5,3050.0,7118.0,641994.0,29.47,12839.88,1,1057124-4-AG24;1057299-21-SE24;1057299-23-SE24;1057388-86-AG24;1057402-2016-SE24;1057439-881-AG24;1057490-86-SE24;1057500-946-AG23;1057500-953-AG23;1057509-2522-AG24;1057534-175-SE24;1057552-85-AG24;1079596-26-SE24;1402-47-AG24;1506-11-AG24;1613-7-AG24
24112404,Caja,CLP,27,6,1899.0,12490.0,38890.0,360000.0,3125250.0,28.82,1645.73,1,1057431-536-SE24;1057491-1604-SE24;1057509-1036-SE24;1057509-1039-SE24;1057509-1068-SE24;1057509-1454-SE24;1057509-2714-SE24;1057509-3057-SE24;1057509-590-SE24;1057509-591-SE24;1057509-592-SE24;1057509-866-SE24;1057509-876-SE24;1057509-952-SE24;1057509-954-SE24;1057541-102-AG24;1058102-1205-SE23;1213002-78-AG24;1642-256-AG24
41115830,Analizadores de glucosa,CLP,19,14,92.0,115.0,900.0,3300.0,12431.0,28.7,135.12,1,1057432-72-SE24;1057461-428-SE24;1057492-5376-SE23;1057498-393-SE24;1057501-2719-SE24;1057539-183-SE24;1057544-1447-AG24;1057549-113-SE24;1057554-1273-SE24;1058043-279-AG24;1063538-1066-SE24;1063538-1370-SE24;1075963-2711-SE24;1214102-356-AG24;1641-827-SE24
42142502,Agujas para anestesia,CLP,30,7,52.0,1115.0,6345.0,31997.5,590000.0,28.7,11346.15,1,1002772-652-SE24;1057417-12077-SE23;1057417-12145-SE23;1057417-1776-SE24;1057417-1822-SE24;1057417-1915-SE24;1057417-2398-AG24;1057417-706-SE24;1057461-460-SE24;1057498-796-AG24;1057540-576-SE24;1057540-618-SE24;1057540-640-SE24;1057544-1410-SE24;1057544-1557-SE24;1063538-1396-SE24
42291620,Trocares quirúrgicos para uso general o accesorios,CLP,23,8,650.0,3144.0,21350.0,90000.0,164500.0,28.63,253.08,1,1002772-1142-SE24;1057402-1594-SE24;1057402-1599-SE24;1057417-2715-AG24;1057492-3336-SE23;1057496-409-AG24;1057498-978-SE23;1057503-860-SE24;1075963-2367-SE24
51141703,Olanzapina,CLP,4,4,95.0,191.75,290.5,5438.25,20682.0,28.36,217.71,1,1058035-78-AG24;1058102-261-AG24;1058131-126-SE24;1070620-1200-AG24
82121507,Impresión de papelería o formularios comerciales,CLP,107,13,5.0,106.5,1150.0,2995.0,15000.0,28.12,3000.0,1,1057062-556-AG23;1057472-1736-SE24;1057472-1738-SE24;1057499-932-AG23;1057500-983-AG23;1057501-1006-AG24;1057501-1010-AG24;1057501-675-SE24;1057503-900-SE24;1057513-735-AG23;1057539-1993-AG24;1057551-68-AG24;1057704-2-AG24;1057704-4-AG24;1070329-48-AG24;1070620-2180-SE24;1464-160-SE24;1464-226-SE24;1464-227-SE24
51101511,Amoxicilina,CLP,7,7,115.0,164.5,215.0,4609.0,11019.0,28.02,95.82,1,1058034-6-SE24;1058094-366-SE24;1058095-689-SE24;1058131-130-SE24;1058132-400-SE24;1058134-152-SE24;1514-667-SE24
14111525,Papel multiuso,CLP,28,5,53.0,168.5,1924.5,4687.5,17635.0,27.82,332.74,1,1057299-21-SE24;1057299-23-SE24;1057370-147-SE24;1057430-477-AG24;1057498-8-SE24;1057541-90-AG24
42291609,Pinzas quirúrgicas,CLP,19,13,2100.0,11465.0,164550.0,315000.0,506410.0,27.47,241.15,1,1057049-357-SE24;1057417-1342-AG24;1057434-191-AG24;1057492-4220-SE23;1057498-720-SE24;1057500-57-AG24;1057501-13657-SE23;1057539-2386-SE24;1057544-1588-SE24;1057547-1940-SE24;1075337-663-AG24;1075963-2633-SE24;1171142-815-AG24
53102508,Brazalete,CLP,4,3,56.0,381.5,620.0,10262.5,38800.0,26.9,692.86,1,1057418-112-SE24;1057498-694-AG24;1057539-1355-AG24
44121506,Sobres estándar,CLP,21,7,24.0,79.0,150.0,2122.0,8100.0,26.86,337.5,1,1057124-4-AG24;1057299-23-SE24;1057402-2016-SE24;1057500-922-AG23;1057541-90-AG24;1057552-85-AG24;1079596-26-SE24
42192604,Sistemas de administración de fármacos o accesorio,CLP,21,2,16.56,175.0,1070.0,4538.0,230000.0,25.93,13888.89,1,1058044-300-SE24;1058045-138-SE24;1058045-244-SE24;1058045-245-SE24;1058045-262-SE24;1058045-271-SE24;1058045-274-SE24;1058045-282-SE24
90121502,Agencias de viajes,USD,3,2,3667.88,5160.93,6653.99,129377.42,252100.84,25.07,68.73,1,1076403-246-SE22;1137689-32-SE24;1137689-34-SE24
30221001,Carpas,CLP,4,4,3500.0,525875.0,1147500.0,13171040.0,47899160.0,25.05,13685.47,1,1050283-186-AG24;1134432-51-AG24;1230632-8-SE24;1233629-12-AG24
91111603,Servicios de cocina o preparación de comidas,CLP,7,5,360000.0,3009210.0,28375000.0,75347780.5,145670840.0,25.04,404.64,1,1039-127-AG24;1039-130-AG24;1057414-98-SE24;1057417-2610-SE24;1057492-710-SE24;1057492-714-SE24;1057500-1010-SE23
78121601,Servicios de flete,CLP,9,7,800.0,6048.0,6241.0,150000.0,950000.0,24.8,1187.5,1,1057420-146-SE24;1057511-157-SE24;1057514-46-SE24;1057536-334-AG24;1058062-147-SE24;1058062-148-SE24;1177296-575-SE23;1229788-1-SE24
42293303,Espéculos quirúrgicos,CLP,6,3,90.0,1321.0,16017.0,30522.5,138910.0,23.11,1543.44,1,1057415-76-AG24;1057415-77-AG24;1057440-1605-SE24;1057547-1940-SE24
42152111,Endurecedores de material de impresión dental,CLP,3,3,1450.0,1565.5,1681.0,35840.5,70000.0,22.89,48.28,1,1002772-818-AG24;1057544-1516-SE24;1171142-615-SE24
85111602,Servicios de prevención o control de cáncer o leucemia,CLP,3,3,30.0,40015.0,80000.0,910000.0,1740000.0,22.74,58000.0,1,1058034-11-AG24;1075963-2156-SE24;1077920-87-SE24
43211507,Computadores de escritorio,USD,14,9,18.63,30.57,196.39,694.43,20253.6,22.72,1087.15,1,1002584-444-CC22;1028897-15-CC24;1031849-114-CC24;1057402-1560-CC24;1057428-741-SE22;1057432-489-SE22;1057476-58-CC24;1057490-76-CC23;1057545-203-SE24;1057545-204-SE24
42203403,Juegos o catéteres introductores vasculares intervencionales o diagnósticos,CLP,55,11,2025.0,9000.0,40000.0,200000.0,850000.0,22.22,419.75,1,1002772-1297-SE24;1057439-1123-SE24;1057439-79-SE24;1057461-462-SE24;1057472-1979-SE24;1057472-1980-SE24;1057489-1535-SE24;1057491-755-SE24;1057501-1004-SE24;1057501-1552-SE24;1057501-365-SE24;1057544-1118-SE24;1057544-1369-SE24;1057544-1560-SE24;1057544-1567-SE24;1057544-1630-SE24;1057544-354-SE24;1057547-1937-SE24;1057547-3324-SE24;1057554-1435-SE24;1075963-12132-SE23
42221609,Juegos de administración de tubos arteriales o intravenosos,CLP,5,4,65.0,65.0,630.0,1400.0,1990.0,21.54,30.62,1,1057417-908-SE24;1057431-424-SE24;1057489-1415-SE24;1063538-1267-SE24
51102301,Aciclovir,CLP,3,3,369.0,379.0,389.0,8157.0,15925.0,21.52,43.16,1,1058034-6-SE24;1058045-278-SE24;1058128-475-AG24
92121703,Alarmas,CLF,3,2,2.5,5.15,7.8,110.04,212.28,21.37,84.91,1,1057476-48-SE24;1057476-49-SE24;1074548-29-SE23
42191502,Bandejas o fundas médicas,CLP,3,3,4200.0,4350.0,4500.0,92250.0,180000.0,21.21,42.86,1,1003473-755-AG24;1051765-112-AG24;1057434-191-AG24
15101505,Diesel,CLP,6,3,923.0,343159.75,2476207.5,7279029.5,10217855.0,21.21,11070.27,1,1024-29-SE24;1051425-4-SE24;1057532-315-SE24;1057550-437-SE23
42272209,Circuito de respiración o ventilador,CLP,18,7,750.0,22575.0,69956.0,468024.0,5801160.0,20.73,7734.88,1,1002772-1019-AG24;1002772-889-AG24;1057049-1899-SE24;1057049-1901-SE24;1057049-2069-SE24;1057049-2075-SE24;1057402-10698-SE23;1057492-621-SE24;1057492-752-SE24;1057492-827-SE24;1057498-353-AG24;1057509-2641-SE24;1057509-2767-SE24;1057509-2811-SE24;1057509-3062-SE24;1057539-1737-SE24;1057539-2386-SE24
43211503,"Notebook, laptop o computador portátil excepto Tab",USD,5,3,34.61,39.4,815.64,815.64,49675.63,20.7,1435.3,1,1002584-263-CC21;1002584-32-CC22;1005498-185-SE22;1057545-198-SE24
53131635,Hisopo,CLP,7,4,80.0,95.0,110.0,1925.0,2290.0,20.26,28.62,1,1057439-1055-SE24;1057491-1649-AG24;1057544-8989-SE23;1057544-945-SE24;1057554-1330-AG24
51141531,Ácido valproico,CLP,7,6,53.0,203.0,880.0,4088.5,273100.0,20.14,5152.83,1,1057476-264-AG24;1058097-239-AG24;1058101-26-SE24;1058103-189-SE24;1058103-190-SE24;1221016-270-SE23;1540-497-SE24
12161902,Detergentes surfactantes,CLP,20,14,842.0,1962.75,8455.0,39475.0,88990.0,20.11,105.69,1,1057049-1158-SE24;1057299-88-SE24;1057402-1795-SE24;1057417-1893-AG24;1057440-1651-SE24;1057491-1488-SE24;1057501-2339-AG24;1057501-2982-AG24;1057540-641-SE24;1057544-1622-SE24;1057544-1635-SE24;1057544-320-SE24;1057552-120-AG24;1058086-1185-SE24;1058086-958-SE24;1084156-1133-SE23;1171142-364-AG24;1272228-15-AG24
42152709,Elásticos ortodónticos,CLP,6,3,707.0,707.0,1353.5,14150.0,18200.0,20.01,25.74,1,1057404-1672-AG23;1057417-758-SE24;1057544-979-SE24
41111905,Sondas de medida,CLP,3,2,4890.0,5445.0,6000.0,108000.0,210000.0,19.83,42.94,1,1057417-2687-AG24;1057547-3866-AG24;1057547-4117-AG24
42181904,Unidades de transporte o de señales vitales móviles de multiparámetro o accesorios,CLP,6,5,128.0,106550.0,1215100.0,2100000.0,2108208.0,19.71,16470.38,1,1002772-572-AG24;1057472-1583-SE24;1057472-1584-SE24;1057492-2832-SE23;1057508-86-SE24;1057548-237-AG24
42142801,Dispositivos o tubos de compresión vascular secuencial,CLP,5,5,22990.0,35000.0,64900.0,690000.0,6500000.0,19.71,282.73,1,1057049-938-SE24;1057417-2543-SE24;1057501-6853-AG23;1057510-1025-AG24;1075963-2116-SE24
42203501,Accesorios o desfibriladores implantables o genera,CLP,20,6,30500.0,259400.0,2094700.0,5056000.0,9850000.0,19.49,322.95,1,1057402-1771-SE24;1057402-9711-SE23;1057439-846-SE24;1057472-1272-SE24;1057472-1816-SE24;1057501-156-SE24;1057501-2878-SE24;1057509-2776-AG24;1057544-1149-SE24;1057544-1724-SE24;1057544-269-SE24;1057544-297-SE24
42142608,Jeringas médicas sin agujas,CLP,8,6,21.0,396.75,3550.0,7625.0,8800.0,19.22,419.05,1,1002772-782-SE24;1057419-93-SE24;1057461-113-SE24;1057500-888-AG23;1057503-712-SE24;1209395-52-SE24
44121706,Lápices de madera,CLP,5,4,62.0,146.0,245.0,2784.0,1486037.0,19.07,23968.34,1,1057299-21-SE24;1057439-1111-SE24;1079596-26-SE24;1087105-4-AG24
51121733,Valsartan,CLP,9,6,270.0,1077.0,1897.0,20531.0,60312.0,19.06,223.38,1,1038999-10-AG24;1038999-20-AG24;1057500-880-SE23;1058044-337-SE24;1058102-255-AG24;1221016-269-SE23;1384-226-AG24
52151701,Utensilios para servir domésticos,CLP,13,2,25.0,25.0,55.0,460.0,15790.0,18.4,631.6,1,1057539-2583-SE24;1549-151-SE24
76111501,Servicios de limpieza de edificios,CLF,4,3,1.0,13.36,124.74,243.75,279.0,18.25,279.0,1,1051173-227-SE23;1051173-255-SE22;1074548-18-SE23;1593-40-SE24
14111604,Tarjetas comerciales,CLP,3,3,50000.0,780943.7,1511887.39,14201321.7,26890756.0,18.18,537.82,1,1057541-110-SE24;1057545-191-SE24;1057548-234-SE24
42271718,Accesorios para productos de administración de oxi,CLP,23,8,219.0,3751.5,23000.0,67475.0,346200.0,17.99,1580.82,1,1031860-3-CC24;1031860-4-CC24;1031860-5-CC24;1031860-6-CC24;1057417-1606-SE24;1057417-1959-SE24;1057461-270-SE24;1057472-1298-SE24;1057492-753-SE24;1057492-785-SE24;1057534-185-SE24;1057551-54-AG24;1070620-1935-SE24
43211508,Computadores personales,CLP,20,4,947.9,34699.5,42042.5,617182.5,1655550.0,17.79,1746.54,1,1050283-202-AG24;1057492-841-SE24;1057492-844-SE24;1057508-1127-SE23;1057508-1223-SE21;1057508-1243-SE21;1057508-1353-SE21;1057508-1357-SE21;1057508-177-SE22;1057508-194-SE22;1057508-286-SE22;1057508-37-SE22;1057508-753-SE21;1057508-875-SE21;1057508-922-SE21;1057508-952-SE21;1057508-958-SE21;1057509-27-SE24;1057509-29-SE24
46181504,Guantes protectores,CLP,12,6,240.0,1412.5,4168.0,25065.0,145780.0,17.75,607.42,1,1012651-8-SE24;1037-36-SE24;1057370-126-AG24;1057508-187-AG24;1063538-1222-SE24;1216062-58-AG24
42171610,Inmovilizadores de torso de servicios médicos de urgencia,CLP,5,3,5590.0,5590.0,5590.0,99000.0,545900.0,17.71,97.66,1,1057049-1739-SE24;1057498-780-AG24;1467-8-AG24
78111803,Servicios de autobuses contratados,CLP,4,4,44000.0,77750.0,124500.0,1370000.0,5000000.0,17.62,113.64,1,1038-2-SE24;1057509-3185-SE24;1057512-260-SE24;1126922-1790-AG23
42295513,Productos quirúrgicos de barrera de tisú o de malla,CLP,15,9,12000.0,15145.0,28000.0,264250.0,3500000.0,17.45,291.67,1,1057049-903-SE24;1057439-1206-SE24;1057461-180-SE24;1057472-1418-SE24;1057472-2207-SE24;1057492-805-SE24;1057501-1035-SE24;1057501-1885-SE24;1057503-962-SE24;1499-865-SE24;1627-272-SE24
40161504,Filtros de aceite,CLP,5,4,10085.0,10085.0,25000.0,173000.0,311345.0,17.15,30.87,1,1050283-199-AG24;1057421-126-SE24;1057421-128-SE24;1079576-107-AG24;1230632-26-AG24
42131501,Pecheras para pacientes,CLP,5,4,134.0,205.0,3506.0,3506.0,14800.0,17.1,110.45,1,1057402-12270-SE23;1057402-13062-SE23;1057490-569-SE24;1057498-707-AG24;1641-2974-SE24
42272220,Accesorios del ventilador,CLP,3,3,11882.0,19441.0,27000.0,329174.5,631349.0,16.93,53.13,1,1057049-1635-SE24;1057402-10698-SE23;1057539-12611-SE23
41116003,Reactivos de analizadores de gases sanguíneos,CLP,6,2,700.0,15907.5,103620.0,264165.0,607200.0,16.61,867.43,1,1057510-1051-SE24;1057540-610-SE24
14111537,Papel de etiquetas,CLP,7,5,1363.0,3061.0,7495.0,50587.5,90000.0,16.53,66.03,1,1016414-19-AG24;1057049-1248-SE24;1057402-2061-SE24;1057500-1012-AG23;1057541-117-AG24;1057541-90-AG24
51211501,Allopurinol,CLP,5,4,30.0,43.0,506.0,706.0,822.0,16.42,27.4,1,1038999-129-AG23;1038999-9-AG24;1058026-11-SE24;1058095-775-AG24;1062456-16-SE24
41104308,Sistemas de cultivo ambiental anaeróbico o suminis,CLP,19,4,370.0,600.0,750.0,9745.0,90900.0,16.24,245.68,1,1002772-6487-SE23;1002772-96-SE24;1057489-1267-SE24;1057509-2001-SE24;1057509-2680-SE24;1155-4076-SE23
60121535,Goma de borrar,CLP,7,6,119.0,191.5,279.0,3052.5,7520.0,15.94,63.19,1,1031849-62-CC24;1057299-21-SE24;1057500-922-AG23;1057500-946-AG23;1057552-85-AG24;1271357-26-SE24;1402-47-AG24
42291610,Planas quirúrgicas,CLP,9,6,600.0,1200.0,15900.0,19000.0,26000.0,15.83,43.33,1,1057434-191-AG24;1057501-16672-SE23;1057501-1911-SE24;1070620-5939-AG23;1171142-24-SE24;1380-2840-SE24;1641-1916-SE24;1641-555-SE24
49211806,Tienda de deporte,CLP,3,3,4200.0,1839663.0,3675126.0,28661238.0,53647350.0,15.58,12773.18,1,1028871-10-SE24;1201-15-AG24;1221019-50-SE24
53102306,Pañales para adultos,CLP,16,5,105.0,316.5,1305.0,4925.0,11880.0,15.56,113.14,1,1057388-54-AG24;1057429-76-AG24;1057492-5346-SE23;1057492-5364-SE23;1057500-897-AG23;1057500-911-SE23;1057500-984-SE23;1057500-991-AG23;1267885-58-SE24
41116130,"Reactivos, soluciones o tinturas microbiológicos o bacteriológicos",CLP,177,11,15.0,26394.0,161068.0,407023.0,1690130.0,15.42,112675.33,1,1002772-1107-AG24;1002772-634-SE24;1002772-669-SE24;1057049-1343-SE24;1057049-8977-SE23;1057049-8983-SE23;1057387-44-SE24;1057472-1000-SE24;1057472-1010-SE24;1057472-11268-SE23;1057472-12279-SE23;1057472-1772-SE24;1057472-2021-SE24;1057491-1173-SE24;1057509-908-SE24;1057539-1598-SE24;1057539-2641-AG24;1057544-1475-SE24;1057544-1693-SE24;1057544-1829-SE24;1057547-440-SE24;1063538-1461-AG24;1242123-15-SE24;1242123-18-SE24;1242123-45-SE24
76111501,Servicios de limpieza de edificios,CLP,54,36,13.3,706905.04,2195125.0,10896262.0,681926670.0,15.41,51272681.95,1,1002592-87-SE21;1020-496-SE23;1028897-633-SE22;1035-14-SE24;1035-16-CC24;1040538-13-SE23;1040782-15-SE23;1046-7-AG24;1052231-27-SE24;1057049-2006-SE24;1057387-105-SE24;1057404-183-SE24;1057414-92-SE24;1057417-2015-SE24;1057430-112-SE24;1057473-556-SE23;1057474-11-SE23;1057476-1472-SE23;1057491-1233-SE24;1057494-500-SE24;1057498-808-SE24;1057508-146-SE24;1057539-1217-SE24;1064616-25-SE23;1070997-6-SE24;1077-2-SE24;1078886-200-SE23;1079-3-SE24;1082957-365-SE23;1084156-138-SE24;1091-83-SE24;1114608-3-SE24;1126-138-SE23;1149-15-SE24;1162-31-SE24;1208110-13-SE24;1208983-101-SE23;1208983-137-SE23;1208983-58-SE23;1210674-80-SE23;1230769-5-SE24;1234-11-SE23;1300-76-SE24;1350-12-SE22;1387-1-SE24;1411-135-SE24;1608-14-SE24
42152701,Articuladores dentales o accesorios,CLP,14,2,900.0,1125.0,9000.0,17300.0,119319.0,15.38,132.58,1,1057417-2303-AG24;1057417-2330-AG24;1057417-2503-AG24;1057461-281-AG24
42293603,Sondas quirúrgicas,CLP,85,23,30.0,130.0,580.0,1990.0,205991.0,15.31,6866.37,1,1002772-1049-AG24;1057049-887-SE24;1057049-911-SE24;1057402-2073-SE24;1057404-159-AG24;1057417-1734-AG24;1057417-2182-SE24;1057418-109-SE24;1057418-110-SE24;1057418-111-SE24;1057419-92-SE24;1057419-93-SE24;1057439-1417-AG24;1057440-1642-AG24;1057440-1657-AG24;1057461-437-SE24;1057461-439-SE24;1057461-444-SE24;1057461-448-SE24;1057472-1149-SE24;1057472-1425-SE24;1057472-8477-SE23;1057492-2051-AG23;1057492-4285-SE23;1057501-2035-AG24;1057501-2038-AG24;1057501-2473-AG24;1057501-2876-AG24;1057503-436-SE24;1057503-895-SE24;1057539-1355-AG24;1057539-1737-SE24;1057540-350-AG24;1057544-1576-SE24;1057544-1578-SE24;1057544-1582-SE24;1057551-54-AG24;1057554-1013-AG24;1057554-1154-AG24;1063538-1263-SE24;1075963-2420-SE24;1380-2817-SE24;1549-624-CM22
42311532,Apósitos secos,CLP,33,11,115.0,560.0,4890.0,8400.0,646724.0,15.0,5623.69,1,1002772-6405-AG23;1051765-112-AG24;1057388-63-AG24;1057439-1165-AG24;1057439-1182-AG24;1057439-886-AG24;1057498-2367-SE23;1057498-758-AG24;1057498-767-AG24;1057498-786-AG24;1057498-816-AG24;1057498-817-AG24;1057498-947-AG24;1057539-1104-CM22;1057547-2486-SE24;1057547-3854-SE24;1057547-4215-AG24;1057547-4218-AG24;1063538-1319-SE24;1075963-1976-SE24;1075963-2648-SE24;1075963-2651-SE24;1224957-147-AG24;1272565-287-SE24
50221102,Harina de trigo,CLP,16,6,880.0,1147.58,1230.0,17117.0,27300.0,14.92,31.02,1,1057402-1914-SE24;1057402-1956-SE24;1057402-837-SE24;1057402-926-SE24;1057461-315-SE24;1057491-1441-AG24;1057532-272-AG24;1079445-59-SE24;1173409-20-SE24;1173438-2-SE24;1173453-2-SE24;1250577-22-SE24
42141802,Electrodos de electroterapia o accesorios,CLP,4,3,59.0,989.75,7900.0,14500.0,14500.0,14.65,245.76,1,1057404-1140-AG23;1057498-266-AG24;1058086-1144-SE24
47131805,Limpiadores de uso general,CLP,28,11,675.0,2248.75,4948.5,32367.5,185980.0,14.39,275.53,1,1057370-116-AG24;1057428-76-SE24;1057439-1055-SE24;1057491-1490-SE24;1057500-1004-AG23;1057509-2643-SE24;1057509-2668-SE24;1057534-144-AG24;1057547-3955-SE24;1088-20-AG24;1123-22-AG24;1218462-12-AG23
42311504,Vendas o vendajes para el cuidado de quemaduras,CLP,31,12,125.0,2550.0,10500.0,36471.0,499900.0,14.3,3999.2,1,1002772-1153-SE24;1002772-1225-SE24;1057420-150-SE24;1057440-1467-SE24;1057491-1542-SE24;1057494-438-SE24;1057540-636-SE24;1057544-1367-SE24;1057551-54-AG24;1075337-802-SE24;1209395-52-SE24;1209395-53-SE24;1242131-265-SE24;1549-1260-AG24
43212105,Impresoras de láser,CLP,3,3,648927.73,908222.37,1167517.0,12963394.5,24759272.0,14.27,38.15,1,1057540-587-SE24;14-65-SE24;1497-68-SE22
41104120,Tubos de tasa de sedimentación,CLP,3,2,621.0,829.5,1038.0,11769.0,22500.0,14.19,36.23,1,1057491-1503-AG24;1057501-1914-SE24
51171504,Antiácidos de bicarbonato de sodio,CLP,6,2,60.0,65.0,80.0,920.0,9000.0,14.15,150.0,1,1058095-3-SE24;1058095-3372-SE23;1058095-349-SE24;1549-610-AG24
51141704,Risperidona,CLP,8,7,26.0,3851.0,13098.5,54449.75,392455.0,14.14,15094.42,1,1038999-25-AG24;1058024-407-AG24;1058101-27-SE24;1058103-189-SE24;1058104-61-SE24;1058129-36-AG24;1218395-33-SE24
51121709,Carvedilol,CLP,3,3,26.0,308.0,590.0,4269.5,7949.0,13.86,305.73,1,1038999-179-AG23;1058012-440-SE24;1058095-595-SE24
40151510,Bombas de agua,CLP,6,5,150000.0,175750.0,550000.0,2372500.0,2956800.0,13.5,19.71,0,1057509-3067-AG24;1057551-71-AG24;1213005-44-SE24;1250357-26-SE24;14-476-SE23
42293403,Sujeta implantes quirúrgicos,CLP,3,2,25465.0,3577732.5,7130000.0,47895000.0,88660000.0,13.39,3481.64,1,1057509-2451-SE24;1057509-2706-SE24;1057554-915-SE24
78121501,Transporte en contenedores,CLP,7,3,890.0,2100.0,26600.0,27688.0,28880.0,13.18,32.45,1,1037202-1-SE24;1057417-1253-AG24;1208129-1-AG24
42293505,Sondas de drenaje para la aspiración quirúrgica,CLP,12,9,118.0,435.5,875.0,5725.0,61900.0,13.15,524.58,1,1057049-1215-SE24;1057417-2360-AG24;1057417-2687-AG24;1057419-97-SE24;1057439-1109-SE24;1057461-184-SE24;1057461-418-SE24;1057472-1997-SE24;1057490-587-SE24;1057491-1532-SE24;1171142-789-AG24
72101607,Instalación o reparación de paredes,CLP,9,4,4000.0,87000.0,129000.0,1135000.0,2440350.0,13.05,610.09,1,1028897-111-SE24;1028897-112-SE24;1057124-3-AG24;1057509-2508-SE24;1057536-389-SE24;1057536-466-SE24
78131602,Almacenaje de documentos en carpetas,CLP,4,3,405.0,709517.08,1523363.89,9138655.25,30252101.0,12.88,74696.55,1,1005498-149-SE22;1005498-152-SE21;1037-17-SE24;1057474-41-SE21
81112101,Proveedores de servicio de Internet (ISP),CLP,6,5,29989.9,182500.0,1002500.0,2328716.25,10850000.0,12.76,361.79,1,1028871-274-SE23;1028871-275-SE23;1039-76-SE24;1070620-2301-SE24;1084156-116-SE24;1267925-12-SE24
85121609,Servicios quirúrgicos,CLP,86,6,3450.0,202602.5,399690.0,2580982.5,58212000.0,12.74,16873.04,1,1057417-2524-SE24;1057417-2558-SE24;1057417-2561-SE24;1057417-2602-SE24;1057417-2604-SE24;1057417-2608-SE24;1057417-2612-SE24;1057417-2656-SE24;1057417-2657-SE24;1057417-2661-SE24;1057417-2716-SE24;1057417-2806-SE24;1057509-2553-SE24;1057509-2620-SE24;1057509-2860-SE24;1057509-2862-SE24;1057509-2866-SE24;1057509-2887-SE24;1057509-2901-SE24;1057509-2903-SE24;1057509-2906-SE24;1057509-2908-SE24;1057509-2915-SE24;1057509-2917-SE24;1057509-2920-SE24;1057509-2922-SE24;1057509-2926-SE24;1057509-2927-SE24;1057509-2928-SE24;1057509-2933-SE24;1057509-2937-SE24;1057509-2939-SE24;1057509-2941-SE24;1057509-2947-SE24;1057509-2949-SE24;1057509-2952-SE24;1057509-2954-SE24;1057509-2959-SE24;1057509-2962-SE24;1057509-3040-SE24;1057509-3101-SE24;1057509-3112-SE24;1057539-1374-SE24;1057539-1520-SE24;1057539-2472-SE24;1057544-3787-SE23;1057544-4890-SE22;1057544-6010-SE23;1057544-7740-SE23;1057547-2593-SE24;1057547-3865-SE24;1057547-4319-SE24;1171142-1072-SE24;1171142-801-SE24
72131702,Construcción de obras civiles,CLP,26,12,183500.0,824357.5,2418060.5,10479805.62,2169415720.0,12.71,11822.43,1,1043742-5-SE24;1057049-346-SE24;1057417-2828-SE24;1057439-499-SE24;1057548-246-SE24;1057964-4-SE24;1057964-5-SE24;1057964-6-SE24;1057964-7-SE24;1057971-3-SE23;1110404-6-SE24;1113403-263-SE23;1208094-33-SE24;1221016-59-SE24;1221016-83-SE24;1395-672-SE23
42312201,Sutura,CLP,149,19,600.0,1200.0,2400.0,15000.0,380000.0,12.5,633.33,1,1002772-1128-SE24;1002772-858-SE24;1057389-276-AG24;1057417-12126-SE23;1057417-1822-SE24;1057417-2177-SE24;1057417-2184-SE24;1057417-2682-AG24;1057418-103-SE24;1057418-105-SE24;1057429-327-AG24;1057429-624-AG24;1057439-1100-SE24;1057440-1427-SE24;1057440-1596-SE24;1057472-1255-SE24;1057491-1348-SE24;1057491-1569-SE24;1057492-4159-SE23;1057492-4217-SE23;1057503-860-SE24;1057509-1920-SE24;1057509-2719-SE24;1057534-184-SE24;1057539-2386-SE24;1057544-1478-SE24;1057544-1479-SE24;1057544-1508-SE24;1057544-1509-SE24;1057544-1512-SE24;1057544-1513-SE24;1057544-1532-SE24;1057544-1534-SE24;1057544-1535-SE24;1057544-1536-SE24;1057554-1031-AG24;1057554-1134-AG24;1057554-1165-AG24;1070620-2144-AG24;1380-2782-SE24;1380-2895-SE24;1464-340-AG24
55121505,Fundas de distintivos o accesorios,CLP,4,2,20.0,21.5,135.5,268.0,325.0,12.47,16.25,0,1057402-2016-SE24;1057492-755-AG24
60121124,Papel kraft,CLP,5,4,7.0,29.0,92.0,360.0,2300.0,12.41,328.57,1,1057491-1450-SE24;1057500-1001-AG23;1402-47-AG24;1463-42-AG24
42311604,Hemostáticos de colágeno o colágeno microfibrilar,CLP,7,5,4505.0,12500.0,65245.0,153059.0,245999.0,12.24,54.61,1,1057461-462-SE24;1057491-1525-SE24;1057544-1395-SE24;1057554-1560-SE24;1058086-1074-SE24;1058086-1128-SE24;1058086-1148-AG24
42271611,Monitores de ventilación pulmonar,CLP,16,4,12480.0,131250.0,745000.0,1606111.0,2710000.0,12.24,217.15,1,1057417-2761-AG24;1057489-808-SE24;1057489-809-SE24;1057491-1069-SE24;1057491-1075-SE24;1057491-1254-SE24;1057544-1623-SE24
42142711,Sets de sonda uretral,CLP,16,5,130.0,130.0,575.0,1580.0,30000.0,12.15,230.77,1,1057461-175-SE24;1057472-1151-SE24;1057472-2089-SE24;1057472-2134-SE24;1057503-895-SE24;1063538-1263-SE24;1549-1264-AG24
42221501,Catéteres de línea arterial,CLP,40,13,410.0,14000.0,55250.0,170000.0,1900000.0,12.14,4634.15,1,1002772-1171-SE24;1002772-1190-SE24;1002772-1212-SE24;1057417-2779-AG24;1057439-1134-SE24;1057440-1575-SE24;1057440-1644-AG24;1057472-2113-SE24;1057492-816-SE24;1057495-305-AG24;1057501-1296-SE24;1057501-1569-SE24;1057501-1574-SE24;1057501-1783-SE24;1057501-2097-SE24;1057544-1560-SE24;1057544-1575-SE24;1057544-1584-SE24;1057547-504-SE24;1155-183-SE24;1380-2832-SE24;1641-2734-SE24
42131612,Batas de aislamiento o cobertura para el personal sanitario,CLP,31,10,1.0,1470.0,12990.0,17500.0,82500.0,11.9,82500.0,1,1002772-1125-SE24;1002772-1242-SE24;1002772-1389-SE24;1057389-156-SE24;1057389-706-SE24;1057402-1153-SE24;1057402-1564-SE24;1057402-1615-SE24;1057417-2571-SE24;1057417-2573-SE24;1057439-141-SE24;1057439-150-SE24;1057472-2024-SE24;1057490-563-SE24;1057490-565-SE24;1057490-567-SE24;1057490-568-SE24;1057490-571-SE24;1057490-579-SE24;1057501-15073-AG23;1057534-231-SE24;1057539-2818-AG24
78180103,Servicios de cambio de fluidos de aceite o de la t,CLP,27,10,1.0,99450.0,316000.0,1178733.0,160000000.0,11.85,160000000.0,1,1024-299-SE23;1024-397-SE23;1028897-119-SE24;1028897-120-SE24;1033-30-SE24;1035-44-SE24;1035-46-SE24;1051425-151-SE23;1051425-20-SE23;1057439-419-SE24;1057448-27-AG24;1057448-34-AG24;1057534-200-CC24;1057541-96-AG24;1070-4-SE24;1090-19-SE24;1148-14-SE24;1148-8-SE24;1155683-100-SE24;1227-39-SE24;1432-13-AG24;1503-25-SE24;162-86-SE24
42161803,Unidades de hemofiltración venovenosa continua o productos relacionados,CLP,11,5,352.0,28315.5,76150.0,334687.5,1283061.0,11.82,3645.06,1,1002772-1183-SE24;1057417-2150-SE24;1057494-521-SE24;1057501-1574-SE24;1057501-1783-SE24;1057547-2973-SE24
39121311,Accesorios eléctricos,CLP,5,2,168.0,647.0,874.0,7590.0,10143.0,11.73,60.38,1,1038-46-SE24;1057500-767-AG23
42272011,Catéteres de succión o sus accesorios,CLP,11,5,130.0,240.0,810.0,2805.0,10000.0,11.69,76.92,1,1002772-1184-AG24;1057429-577-AG24;1057492-2157-AG23;1057492-5331-SE23;1057498-790-AG24;1057498-978-SE23;1057501-2355-AG24
42221504,Catéteres intravenosos periféricos para uso genera,CLP,40,9,600.0,12000.0,34000.0,140000.0,535000.0,11.67,891.67,1,1057402-1759-SE24;1057491-1545-SE24;1057491-1547-SE24;1057491-755-SE24;1057492-543-AG24;1057501-2197-SE24;1057501-2258-AG24;1057544-1557-SE24;1057544-1565-SE24;1057544-354-SE24;1057547-410-SE24;1057554-1097-AG24;1380-2893-SE24;1380-2924-AG24;1641-1184-SE24
41115807,Analizadores químicos,CLP,92,9,94.0,33686.25,123813.0,383314.25,45976063.0,11.38,489107.05,1,1002772-5122-SE23;1057472-2053-AG24;1057491-1126-SE24;1057498-810-SE24;1057509-1997-SE24;1057509-2639-SE24;1057509-2647-SE24;1057509-2665-SE24;1057509-2680-SE24;1057509-2682-SE24;1057509-2718-SE24;1057509-2720-SE24;1057509-2731-SE24;1057509-2745-SE24;1057509-2775-SE24;1057509-2804-SE24;1057509-2822-SE24;1057509-2859-SE24;1057509-2910-SE24;1057509-3225-SE24;1057509-908-SE24;1057540-611-SE24;1058086-1165-SE24;1058086-1187-SE24;1070620-2068-AG24;1260049-17-SE24
42292904,Sutura quirúrgica o agarradores de alambre o productos relacionados,CLP,118,10,80.0,970.0,1990.0,10926.0,220000.0,11.26,2750.0,1,1002772-1121-SE24;1002772-1151-SE24;1002772-938-SE24;1003473-743-AG24;1057417-12047-SE23;1057417-1776-SE24;1057417-1822-SE24;1057417-1918-SE24;1057417-706-SE24;1057461-462-SE24;1057491-1349-SE24;1057491-1567-SE24;1057491-1652-AG24;1057491-167-SE24;1057498-718-SE24;1057498-720-SE24;1057501-1158-SE24;1057501-1185-AG24;1057501-2279-AG24;1057534-189-SE24;1075963-2837-SE24;1155-411-SE24
44121615,Corcheteras,CLP,6,5,1460.0,2567.75,5509.5,28631.5,930288.0,11.15,637.18,1,1038-69-AG24;1057124-4-AG24;1057432-104-AG24;1057492-755-AG24;14-114-AG24
42271715,Conectores o tubos de oxígeno médico,CLP,12,4,390.0,490.0,520.0,5459.25,22037.0,11.14,56.51,1,1057049-989-SE24;1057439-150-SE24;1057439-667-SE23;1057461-437-SE24;1063538-1262-SE24
86111604,Capacitación a empleados,CLP,14,6,40000.0,91130.5,261041.5,996000.0,6489958.0,10.93,162.25,1,1028897-105-AG24;1057417-12085-SE23;1057418-134-SE24;1057432-62-CC24;1057432-63-CC24;1057432-70-CC24;1057440-1281-SE24;1211839-231-SE24
80161602,Servicios de inventariado o recepción de materiale,CLP,6,4,2237.0,2923.25,12570.0,31495.0,50504.0,10.77,22.58,1,1057439-1172-AG24;1057495-18-AG24;1057509-1977-SE24;1057554-1204-AG24
30201902,Unidades de laboratorio,CLP,58,9,40.0,7794.5,43000.0,83625.0,1845275.0,10.73,46131.88,1,1057418-101-SE24;1057418-97-SE24;1057418-98-SE24;1057418-99-SE24;1057420-48-AG24;1057439-500-SE24;1057476-252-AG24;1057495-118-SE24;1057495-235-SE24;1057495-99-SE24;1057510-1050-SE24;1057540-623-SE24;1057540-633-SE24;1057549-109-SE24;1075337-594-AG24
42291607,Gasas o curetas quirúrgicas,CLP,12,7,55.0,182.0,530.0,1935.0,117354.0,10.63,2133.71,1,1002772-310-SE24;1051765-112-AG24;1057389-836-SE24;1057404-1491-AG23;1057417-2582-AG24;1057417-2593-AG24;1057491-1313-SE24;1070620-2247-AG24
81141807,Servicio de gasfitería y alcantarillado,CLP,6,2,45000.0,170000.0,515000.0,1805750.0,2240000.0,10.62,49.78,1,1057494-524-SE24;1057494-744-SE24;1057605-55-SE23
30201706,Baños portátiles,CLP,7,5,35990.0,134000.0,230000.0,1397300.0,13900000.0,10.43,386.22,1,1004-15-SE24;1026-3-SE24;1057429-594-AG24;1057492-3108-AG23;1057532-222-AG24;1230632-11-SE24
81111805,Mantenimiento y soporte de sistemas propietarios,CLP,4,2,11990.0,13122.5,13500.0,133374.25,492997.0,10.16,41.12,1,1031866-13-CC24;1057414-78-SE24
85121610,Servicios oftalmológicos,CLP,4,3,3076.0,1733644.0,2310500.0,17482875.0,63000000.0,10.08,20481.14,1,1057508-65-SE24;1057508-66-SE24;1057544-8384-SE23;1237328-70-AG24
42294209,Sistemas de instrumentos de fijación de trauma ortopédico,CLP,9,4,17000.0,117810.0,857000.0,1181700.0,9571439.0,10.03,563.03,1,1002772-1099-SE24;1002772-360-AG24;1057472-2155-SE24;1057472-2156-SE24;1057539-2825-AG24;1057547-2163-SE24;1057547-2179-SE24;1057547-2180-SE24;1057547-3660-SE24
42203405,Globos de Angioplastia,CLP,24,3,65000.0,71900.0,599000.0,715000.0,715000.0,9.94,11.0,0,1057049-900-SE24;1057402-1016-SE24;1057402-1017-SE24;1057402-1020-SE24;1057402-1193-SE24;1057402-1195-SE24;1057402-1196-SE24;1057402-1197-SE24;1057402-1198-SE24;1057402-1199-SE24;1057402-1201-SE24;1057402-1202-SE24;1057402-1203-SE24;1057402-1335-SE24;1057402-1338-SE24;1057402-1345-SE24;1057402-1478-SE24;1057402-1491-SE24;1057402-1497-SE24;1057547-3233-SE24
51241120,Lágrimas artificiales,CLP,5,4,632.0,765.0,4850.0,7527.0,15889.0,9.84,25.14,1,1038999-11-AG24;1057387-111-SE24;1058045-198-SE24;1221016-2-AG24;1221016-267-SE23
51161812,Combinación clorfeniramina-acetaminofeno,CLP,9,7,11.0,185.0,965.0,1807.7,4645.0,9.77,422.27,1,1057387-110-SE24;1057536-263-SE24;1058027-2-SE24;1058034-6-SE24;1058103-185-SE24;1221016-270-SE23;1559-63-SE24
41115803,Analizadores de banco de sangre,CLP,7,2,92.0,124.0,690.0,1196.0,99500.0,9.65,1081.52,1,1057500-980-SE23;1057552-108-SE24
46171503,Juegos de cerraduras,CLP,4,3,6000.0,6750.0,30084.0,64876.0,100000.0,9.61,16.67,0,1028897-112-SE24;1057552-100-AG24;1075963-906-AG24
42281709,Cepillos de limpieza de esterilización,CLP,9,4,4500.0,7500.0,8400.0,72000.0,600000.0,9.6,133.33,1,1057417-688-SE24;1057539-2568-AG24;1057548-230-SE24;1063538-1149-SE24
41116004,Reactivos de analizadores químicos,CLP,302,21,4.0,27359.0,92675.5,259798.5,109243697.1,9.5,27310924.27,1,1002772-1110-SE24;1002772-799-SE24;1057384-181-SE24;1057404-134-SE24;1057404-148-SE23;1057404-172-SE24;1057418-137-SE24;1057418-96-SE24;1057421-106-SE24;1057421-66-SE24;1057439-488-SE24;1057440-1450-AG24;1057440-451-AG24;1057461-419-SE24;1057472-11268-SE23;1057491-1168-SE24;1057491-1183-SE24;1057491-1194-SE24;1057491-1505-SE24;1057495-217-SE24;1057501-1385-SE24;1057501-1453-SE24;1057501-1464-SE24;1057501-1521-AG24;1057501-15600-SE23;1057501-1724-SE24;1057501-1812-SE24;1057501-1884-SE24;1057501-1905-AG24;1057501-1981-AG24;1057501-2041-SE24;1057501-2201-AG24;1057501-2286-AG24;1057501-2288-AG24;1057501-2616-SE24;1057501-2952-SE24;1057506-253-SE24;1057534-192-SE24;1057534-194-SE24;1057534-195-SE24;1057534-196-SE24;1057534-197-SE24;1057534-198-SE24;1057534-199-SE24;1057551-87-AG24;1058086-1165-SE24;1063538-1385-SE24;1063538-302-SE24;1063538-318-SE24;1063538-8016-SE23;1077344-142-SE22;1380-1989-SE24;1380-2775-SE24;1464-329-SE24;1558-6-SE24
78180104,Reparación de tren delantero o trasero,CLP,8,6,1.0,47182.5,296894.5,445465.5,679815.0,9.44,679815.0,1,1051425-276-SE22;1052231-48-SE24;1057404-176-SE24;1057404-177-SE24;1057428-82-SE24;1057480-531-SE24;1084156-47-SE24
42222005,Piezas o accesorios de bomba intravenosa,CLP,8,2,3700.0,34000.0,154000.0,321055.0,1933705.0,9.44,522.62,1,1057490-371-SE24;1057494-3066-SE23
42183028,Accesorios oftalmológicos para retinoscopia,CLP,23,3,724.0,5904.5,19300.0,55627.0,96233.0,9.42,132.92,1,1057501-13196-SE23;1057501-1427-SE24;1057501-1431-SE24;1057501-14856-AG23;1057501-1787-SE24;1057501-2316-SE24;1057501-2324-SE24;1057510-1042-SE24;1063538-1412-AG24
42294525,Sets de instrumentos médicos oftalmológicos,CLP,8,2,3575.0,4913.0,9292.0,45843.0,296099.0,9.33,82.82,1,1057547-2913-SE24;1057547-3794-SE24;1057547-4083-SE24;1171142-791-SE24
44122104,Clips para papel,CLP,23,8,16.0,186.0,418.0,1708.5,5330.0,9.19,333.12,1,1057299-23-SE24;1057402-2016-SE24;1057431-536-SE24;1057439-1111-SE24;1057490-86-SE24;1057500-1001-AG23;1057501-987-AG24;1211839-205-SE24
85122201,Exámenes médicos,CLP,185,34,1.0,19000.0,84970.0,173847.0,60000000.0,9.15,60000000.0,1,1057049-1141-SE24;1057049-1707-SE24;1057049-1709-SE24;1057049-1710-SE24;1057049-1885-SE24;1057049-1958-SE24;1057049-1960-SE24;1057049-1961-SE24;1057049-281-SE24;1057389-762-SE24;1057402-1344-SE24;1057402-1682-SE24;1057402-1901-AG24;1057417-2475-SE24;1057417-2583-SE24;1057417-2588-SE24;1057417-2589-SE24;1057417-2596-SE24;1057417-2597-SE24;1057417-2598-SE24;1057430-365-SE24;1057440-1110-SE24;1057440-1215-SE24;1057440-1233-SE24;1057440-1270-SE24;1057440-1534-SE24;1057440-334-SE24;1057472-2242-SE24;1057472-2243-SE24;1057489-2071-SE24;1057489-2190-SE24;1057489-2191-SE24;1057489-2193-SE24;1057489-2194-SE24;1057490-967-SE23;1057491-1014-SE24;1057491-1020-SE24;1057491-1054-SE24;1057491-1082-SE24;1057491-1352-SE24;1057491-1409-SE24;1057491-1417-SE24;1057491-1418-SE24;1057491-1553-SE24;1057491-1610-SE24;1057491-323-SE24;1057491-834-SE24;1057491-840-SE24;1057491-877-SE24;1057491-9911-SE23;1057492-890-SE24;1057494-971-SE24;1057496-375-SE24;1057498-740-SE24;1057499-149-SE24;1057501-2098-SE24;1057501-2108-SE24;1057509-14393-AG23;1057509-2526-AG24;1057509-2733-SE24;1057509-812-AG24;1057510-1027-SE24;1057510-1068-AG24;1057510-721-SE24;1057532-279-SE24;1057539-1110-SE24;1057539-1940-SE24;1057539-1941-SE24;1057539-2291-SE24;1057539-5203-SE23;1057540-734-SE24;1057544-1046-SE23;1057544-1048-SE23;1057544-1587-SE24;1057547-2275-SE24;1057547-2593-SE24;1057547-3087-SE24;1057547-3479-SE24;1057547-4064-SE24;1057547-4146-SE24;1057547-4192-SE24;1057554-1542-SE24;1063538-1368-SE24;1070620-2080-SE24;1075963-1761-SE24;1075963-2030-AG24;1075963-2140-SE24;1075963-2801-AG24;1155-4133-AG23;1177296-575-SE23;1211839-192-SE24;1260057-176-SE24;1260057-177-SE24;1395-138-SE24;1465-141-SE24;1641-3564-SE24
41116203,Accesorios de monitores o medidores,CLP,15,3,1300.0,42000.0,67500.0,370400.0,5558000.0,8.82,4275.38,1,1057402-1624-SE24;1057472-1295-SE24;1057472-1408-SE24;1057472-226-SE24;1057494-207-SE24;1057494-213-SE24;1057494-829-SE24;1057494-831-SE24
72102103,Servicios de exterminación o fumigación,CLP,10,7,1.0,49250.0,75000.0,431835.0,3318000.0,8.77,3318000.0,1,1057387-121-SE24;1057429-632-SE24;1057434-226-SE24;1062018-18-AG24;1099834-16-AG24;1199-5-SE24;1199-6-SE24;1231-18-SE24
42294216,Sets de instrumentos quirúrgicos de angiografía,CLP,19,3,9500.0,495000.0,570000.0,4290000.0,7180000.0,8.67,755.79,1,1002772-1162-SE24;1057501-1183-SE24;1057501-1296-SE24;1057501-1574-SE24;1057501-1783-SE24;1058086-1153-SE24;1058086-1156-SE24;1058086-1157-SE24;1058086-1160-SE24;1058086-1164-SE24;1058086-1176-SE24;1058086-1178-SE24;1058086-1179-SE24
31162404,Grapas de ferretería,CLP,6,2,1714.0,2220.75,2841.0,19211.25,184949.5,8.65,107.91,1,1050283-210-SE24;1075963-906-AG24
51171910,Pancreatina,CLP,3,3,641.0,751.0,861.0,6460.5,12060.0,8.6,18.81,0,1058024-2367-AG23;1058044-306-SE24;1211839-362-SE23
42171704,Pañales de bebe o lanillas de servicios médicos de,CLP,3,3,310.0,325.5,341.0,2763.0,5185.0,8.49,16.73,0,1057461-399-SE24;1057539-2239-SE24;1057554-1210-SE24
42311505,Vendas o vendajes para uso general,CLP,61,21,6.0,683.0,2590.0,5782.0,130000.0,8.47,21666.67,1,1002772-1137-SE24;1002772-1222-SE24;1057420-142-SE24;1057420-143-SE24;1057420-148-SE24;1057420-154-SE24;1057431-371-SE24;1057439-1017-SE24;1057439-1158-AG24;1057439-1164-AG24;1057461-316-SE24;1057461-329-SE24;1057461-386-SE24;1057461-389-SE24;1057461-44-SE24;1057472-1998-SE24;1057472-2034-SE24;1057491-1466-SE24;1057491-1678-SE24;1057492-728-SE24;1057492-792-SE24;1057495-314-SE24;1057500-57-AG24;1057501-1476-SE24;1057503-1053-SE24;1057534-121-SE24;1057543-363-SE24;1057544-1268-SE24;1057544-1288-SE24;1057544-1294-SE24;1057544-1306-SE24;1057544-1352-SE24;1057544-1361-SE24;1057544-1370-SE24;1057544-1376-SE24;1057544-1391-SE24;1057544-8195-SE23;1057551-74-AG24;1057554-1103-SE24;1057554-1168-AG24;1063538-502-SE24;1075963-2206-SE24;1075963-2387-SE24;1077920-107-SE24;1380-2953-AG24
31201515,Cintas de papel,CLP,7,5,686.0,1175.5,2660.0,9925.0,502007.0,8.44,731.79,1,1057299-21-SE24;1057299-23-SE24;1057430-2720-AG23;1057480-433-AG24;1057491-1252-SE24;1057548-216-AG24
42222102,Carriles o estantes para sistemas de infusión intr,CLP,5,3,135.0,420.0,420.0,3500.0,3720.0,8.33,27.56,1,1057492-4203-SE23;1057503-712-SE24;1075963-2653-SE24
25101703,Ambulancias,CLP,9,5,46000.0,207900.0,664580.0,1730575.0,62555000.0,8.32,1359.89,1,1057049-1910-SE24;1057049-1911-SE24;1057049-1915-SE24;1057492-724-SE24;1057492-725-SE24;1057492-804-SE24;1057547-3274-SE24;1057551-66-SE24;1641-3353-SE24
44111905,Pizarras para plumón y accesorios,CLP,21,5,156.0,188.0,188.0,1544.0,145256.0,8.21,931.13,1,1057490-86-SE24;1057500-89-AG24;1079596-26-SE24;1110404-120-SE24;1261-9-SE24
42281508,Esterilizadores o autoclaves de vapor,CLP,10,4,36856.5,36856.5,152500.0,302229.5,3229159.0,8.2,87.61,1,1057049-1903-SE24;1057491-1070-SE24;1057492-624-SE24;1057492-625-SE24;1057492-626-SE24;1057492-640-SE24;1057492-641-SE24;1057496-212-AG24
42281807,Cintas indicadores de esterilización,CLP,10,4,2200.0,16875.0,35150.0,138246.75,630000.0,8.19,286.36,1,1057428-88-SE24;1057440-1627-SE24;1057498-540-SE24;1057498-606-SE24;1057544-1703-AG24
50192301,Postres preparados,CLP,10,5,387.0,490.0,2720.0,3990.0,4761.0,8.14,12.3,0,1057389-800-SE24;1057429-621-SE24;1063538-440-SE24;1063538-50-SE24;1070620-8-AG24;1079445-59-SE24
50171902,Salsa,CLP,5,3,250.0,260.0,1890.0,2114.0,2591.0,8.13,10.36,0,1057491-1441-AG24;1057532-272-AG24;1057544-114-CM23
46171610,Cámaras de seguridad,CLP,3,3,68066.0,184033.0,300000.0,1494537.5,2689075.0,8.12,39.51,1,1057417-2858-SE24;1057432-550-SE23;1338-12-SE23
92101501,Servicios de vigilancia,CLP,67,31,6667.0,1174991.6,2649167.0,9456250.0,137079828.0,8.05,20560.95,1,1005498-9-SE23;1037-12-SE24;1037-15-SE24;1037-16-SE24;1051765-2-AG24;1057049-1907-SE24;1057387-103-SE24;1057388-81-CC24;1057414-93-SE24;1057421-109-SE24;1057428-52-SE24;1057440-1248-SE24;1057440-1267-SE24;1057461-28-SE24;1057461-338-SE24;1057461-339-SE24;1057461-340-SE24;1057473-98-SE24;1057476-142-SE24;1057494-4758-SE23;1057494-495-SE24;1057494-746-SE24;1057510-1024-SE24;1057531-78-CC24;1057532-252-SE24;1057532-253-SE24;1057534-172-CC24;1057539-1406-SE24;1057539-1431-SE24;1057539-1863-SE24;1057539-2195-SE24;1057539-879-SE24;1057539-880-SE24;1057551-38-SE24;1057553-87-SE24;1069417-162-SE24;1075963-1277-SE24;1075963-2875-SE24;1084170-63-SE23;1091-124-SE24;1099402-84-SE24;1126-12-SE24;1218393-70-SE24;1229788-65-SE24;1230769-4-SE24;1395-819-SE23;1459-23-SE24;1459-26-SE24;1509-418-SE23
42151601,Accesorios o piezas de repuesto para instrumentos dentales,CLP,10,5,69.0,1197.0,2267.0,9573.5,53500.0,8.0,775.36,1,1057390-76-SE24;1057402-473-SE24;1057544-979-SE24;1057547-1198-SE24;1063538-1396-SE24
41116105,Reactivos o soluciones químicos,CLP,91,11,5966.0,35536.0,75000.0,279552.0,7500000.0,7.87,1257.12,1,1002772-1118-SE24;1002772-702-SE24;1002772-703-SE24;1057049-1937-SE24;1057049-420-SE24;1057049-8970-SE23;1057404-1568-SE23;1057417-2749-AG24;1057491-1145-SE24;1057491-1400-AG24;1057491-1477-AG24;1057491-1501-AG24;1057491-1502-AG24;1057491-2887-AG23;1057491-749-SE24;1058086-1180-SE24;1063538-1348-SE24;1075963-2401-SE24;1214102-425-AG24;1214102-426-AG24;1380-1989-SE24;1380-2692-AG24;1380-2720-AG24;1469-247-SE24
42191810,Colchones o accesorios de cuidado del paciente,CLP,4,4,28990.0,100997.5,267000.0,793000.0,1945000.0,7.85,67.09,1,1002772-1108-SE24;1057429-596-AG24;1057492-572-SE24;1078251-7-AG24
42295134,Sets suministros quirúrgicos generales o accesorios,CLP,4,3,230.0,12732.5,24950.0,99750.0,300000.0,7.83,1304.35,1,1057472-1967-SE24;1057539-2789-SE24;1057544-1398-SE24
73152102,Servicio de reparación de equipo de fabricación,CLP,3,2,37000.0,91500.0,146000.0,700360.0,1254720.0,7.65,33.91,1,1057480-552-SE24;1070620-2052-AG24
51141518,Levetiracetam,CLP,6,5,80.0,1852.75,9261.5,14160.0,15972.0,7.64,199.65,1,1057486-141-SE24;1057500-92-AG24;1058094-335-AG24;1058128-397-AG24;1058132-2260-SE23
51101815,Nistatina,CLP,5,4,860.0,1312.0,2175.0,10000.0,11506.0,7.62,13.38,0,1058024-368-AG24;1058034-6-SE24;1062456-68-SE24;1540-162-AG24
42241704,Inmovilizador de rodilla o envoltura artroscópicas,CLP,31,4,4350.0,19250.0,49949.0,145920.5,470250.0,7.58,108.1,1,1057049-1739-SE24;1057472-2164-SE24;1057472-2168-SE24;1057472-2171-SE24;1057472-2172-SE24;1057472-2173-SE24;1057472-2174-SE24;1057547-3719-AG24;1075963-2313-AG24
42294717,Dispositivos de ayuda ventricular,CLP,4,3,21300.0,27817.5,32445.0,209925.0,735000.0,7.55,34.51,1,1057501-1223-SE24;1057501-1259-SE24;1057544-1566-SE24;1070620-1932-SE24
81111811,Soporte técnico y servicios de mesa de ayuda,CLF,5,2,8.0,8.0,9.0,60.0,912.0,7.5,114.0,1,1005498-159-SE23;1057486-28-SE24
72102302,"Instalación, reparación o mantenimiento de sistemas de calefacción",CLP,5,4,35000.0,85000.0,600000.0,636034.0,4560000.0,7.48,130.29,1,1029940-14-SE23;1057379-124-SE24;1057500-486-AG23;1057531-64-CC24
43211508,Computadores personales,USD,5,3,724.42,824.66,1447.0,6150.0,16489.92,7.46,22.76,1,1057432-294-SE21;1057473-232-SE23;1057473-337-SE23;1057544-5755-CC21
50131701,Leche o productos de mantequilla,CLP,46,19,190.0,523.75,1872.5,3900.0,1143378.0,7.45,6017.78,1,1057387-117-SE24;1057389-388-SE24;1057389-800-SE24;1057389-802-SE24;1057402-1911-SE24;1057402-1941-SE24;1057402-2176-AG24;1057418-136-SE24;1057429-358-AG24;1057440-1146-AG24;1057440-1587-AG24;1057448-990-AG23;1057461-315-SE24;1057490-269-SE24;1057491-1389-AG24;1057491-1393-AG24;1057501-1855-AG24;1057532-272-AG24;1057544-114-CM23;1057544-1609-SE23;1057551-31-AG24;1063538-440-SE24;1075337-687-SE24;1079445-59-SE24;1211992-29-AG24;1554-587-AG24
47131604,Escobas,CLP,10,2,220.0,530.0,2800.0,3900.0,7150.0,7.36,32.5,1,1057491-1622-AG24;1251185-41-AG24
42142609,Jeringas médicas con aguja,CLP,17,13,33.0,48.0,66.0,350.0,81740.0,7.29,2476.97,1,1057429-599-AG24;1057434-191-AG24;1057440-1665-SE24;1057461-113-SE24;1057461-437-SE24;1057490-587-SE24;1057491-675-SE24;1057496-408-AG24;1057498-518-AG24;1057501-885-SE24;1057503-768-SE24;1057547-1940-SE24;1063538-1336-SE24;1380-2977-AG24
51201504,Tacrolimo,CLP,3,3,700.0,1000.0,1300.0,7293.0,13286.0,7.29,18.98,0,1057500-878-SE23;1058024-291-AG24;1641-3010-AG24
60123001,Figuras de goma Eva,CLP,4,2,627.0,1098.75,4405.5,7975.0,9235.0,7.26,14.73,0,1002772-747-AG24;1057299-21-SE24
30201903,Unidades dentales,CLP,175,14,69.0,2400.0,5850.0,17250.0,635000.0,7.19,9202.9,1,1057049-1001-SE24;1057049-1008-SE24;1057390-76-SE24;1057402-473-SE24;1057417-1795-SE24;1057417-1996-AG24;1057417-1997-AG24;1057417-2264-AG24;1057417-2328-AG24;1057417-2454-AG24;1057418-836-SE23;1057422-72-SE24;1057439-266-SE24;1057440-665-SE24;1057510-999-AG24;1057511-230-AG24;1057536-357-AG24;1057544-1647-SE24;1057544-979-SE24;1075963-1538-SE24;1214102-360-AG24
83111511,Servicio de comunicación IP,CLP,4,3,870546.22,2141386.55,4715531.5,15267940.0,40473571.0,7.13,46.49,1,1002584-158-SE22;1002584-332-SE20;1057490-520-SE24;1064616-14-SE21
51111610,Metotrexato,CLP,4,3,6900.0,7117.5,27533.36,50478.34,58283.2,7.09,8.45,0,1058090-202-SE24;1058128-537-SE24;1062456-16-SE24
42281602,Soluciones de glutaraldehído,CLP,7,3,3950.0,13390.0,79000.0,94740.0,134038.0,7.08,33.93,1,1057498-791-AG24;1057540-641-SE24;1057544-1641-SE24
50171831,Salsas para cocinar,CLP,20,4,268.0,420.0,798.0,2969.75,3400.0,7.07,12.69,0,1057402-1943-SE24;1057544-114-CM23;1063538-440-SE24;1063538-50-SE24;1079445-59-SE24
42241512,Material de sujeción de yesos y férulas,CLP,5,3,1033.0,1600.0,1600.0,11300.0,11300.0,7.06,10.94,0,1057049-1739-SE24;1057472-1166-SE24;1057544-981-SE24
51121725,Fumarato de bisoprolol,CLP,3,3,119.0,122.0,125.0,857.5,1590.0,7.03,13.36,0,1038999-9-AG24;1058095-689-SE24;1108338-38-SE24
43211501,Servidores,CLP,6,4,200556.0,563558.77,1822916.54,3941250.0,12190000.0,6.99,60.78,1,1050283-177-SE24;1050283-222-SE24;1057432-433-SE23;1057541-101-SE24;1067778-13-SE21;1067778-22-SE20
24101601,Ascensores,CLP,6,3,80000.0,294006.75,1142845.5,2019862.5,4975838.0,6.87,62.2,1,1057494-147-SE24;1057494-148-SE24;1057494-577-SE24;1057494-747-SE24;1171142-345-SE24;1214103-27-SE24
31161502,Tornillos de anclaje,CLP,10,2,6600.0,140200.0,244500.0,962125.0,1020500.0,6.86,154.62,1,1057510-1022-SE24;1232837-32-AG24
51141513,Carbamazepina,CLP,3,2,33.0,57.0,81.0,390.5,700.0,6.85,21.21,1,1058095-689-SE24;1221016-267-SE23
72101506,Servicios de mantenimiento de ascensores,CLP,15,10,90000.0,200000.0,304382.0,1362623.0,104124370.0,6.81,1156.94,1,1029940-138-SE23;1057402-1555-SE24;1057420-162-SE24;1057490-425-SE24;1057491-1516-SE24;1057498-4395-SE23;1059082-1-SE23;1069417-216-SE24;1069417-217-SE24;1100-20-SE23;1233829-57-AG24
42181715,Soluciones o cremas para electrodos,CLP,5,5,1400.0,1982.0,12690.0,13500.0,16500.0,6.81,11.79,0,1057418-112-SE24;1057472-2064-SE24;1057495-256-SE24;1057503-1052-AG24;1057539-1910-AG24
41116002,Reactivos de analizadores de banco de sangre,CLP,46,6,710.0,34600.0,99450.0,233250.0,9686000.0,6.74,13642.25,1,1057417-2516-AG24;1057461-253-SE24;1057461-402-SE24;1057492-693-SE24;1057501-1789-SE24;1057501-2690-AG24;1057501-8716-SE23;1057510-1049-SE24;1057510-1052-SE24;1057510-1056-SE24;1057543-273-SE24;1057543-92-SE24
51171806,Metoclopramida,CLP,7,6,68.0,98.0,300.0,657.0,2250.0,6.7,33.09,1,1038999-28-AG24;1057500-957-SE23;1058034-11-AG24;1058086-1279-SE24;1058090-200-SE24;1058131-167-AG24
43211503,"Notebook, laptop o computador portátil excepto Tablet PC",CLP,7,6,280000.0,443300.0,730000.0,2970193.5,369137647.0,6.7,1318.35,1,1058339-38-SE23;1078251-24-SE24;1155683-82-AG24;1191-8-SE24;1230861-33-AG24;1493-200-SE24
52151503,Cubertería desechable doméstica,CLP,23,7,13.0,18.0,52.0,120.5,29900.0,6.69,2300.0,1,1057402-1800-SE24;1057404-1635-SE23;1057430-594-SE24;1057491-1486-SE24;1057551-39-AG24;1057554-489-SE24;1057554-6401-SE23;1554-619-AG24
42291614,Tijeras quirúrgicas,CLP,8,5,3200.0,19500.0,29700.0,127750.0,420000.0,6.55,131.25,1,1057402-1599-SE24;1057434-191-AG24;1057501-1100-AG24;1057501-13657-SE23;1057547-1940-SE24;1075963-2630-SE24
80141607,Producción de eventos,CLP,14,6,220000.0,422500.0,824159.66,2764617.65,17499189.0,6.54,79.54,1,1057448-1030-SE23;1221019-46-SE24;1230769-2-SE24;1233629-10-SE24;1298357-19-SE24;1493-127-AG24;1493-142-AG24;1493-91-AG24
51142235,Clorhidrato de tramadol,CLP,6,5,50.0,73.31,105.0,476.75,662.0,6.5,13.24,0,1058043-332-SE24;1058045-280-SE24;1058095-689-SE24;1058095-714-SE24;1058128-253-SE24;1221016-267-SE23
44101716,Perforadoras,CLP,7,3,1914.0,3406.5,4562.0,21920.0,38649.0,6.43,20.19,1,1057439-1111-SE24;1057552-85-AG24;1079596-26-SE24
42221604,"Protectores, tapas, cierres, conectores o adaptado",CLP,4,3,33.0,458.25,1675.0,2935.0,3490.0,6.4,105.76,1,1057491-1289-SE24;1057498-840-AG24;1057498-841-AG24;1057539-1355-AG24
12142106,Mezclas de gases inertes,CLP,5,2,276382.0,363100.0,977550.0,2316126.0,5334964.0,6.38,19.3,0,1057492-493-SE24;1057492-498-SE24;1057492-499-SE24;1057492-609-SE24;1057494-57-SE24
12141904,Oxígeno O,CLP,68,19,267.0,5328.0,14274.0,33959.0,9245000.0,6.37,34625.47,1,1021609-53-SE24;1057049-1957-SE24;1057384-100-SE24;1057384-166-SE24;1057384-167-SE24;1057384-168-SE24;1057389-467-CC24;1057389-536-CC24;1057389-679-CC24;1057389-734-CC24;1057389-759-CC24;1057389-794-SE24;1057417-347-SE24;1057420-146-SE24;1057421-80-SE24;1057422-67-SE24;1057422-87-SE24;1057439-667-SE23;1057494-57-SE24;1057494-59-SE24;1057498-2124-SE23;1057501-7227-SE23;1057511-157-SE24;1057512-238-SE24;1057552-130-SE24;1057553-86-SE24;1058024-229-SE24;1058024-248-SE24;1058024-315-SE24;1058024-413-SE24;1058024-426-SE24;1058062-147-SE24;1058062-148-SE24;1229788-1-SE24;1383-74-SE24
14111805,Talones o talonarios,CLP,36,7,45.0,416.25,1725.0,2650.0,46478.0,6.37,1032.84,1,1057402-12244-SE23;1057434-193-AG24;1057490-511-SE24;1057510-1046-SE24;1057532-223-AG24;1057532-263-AG24;1057534-129-AG24;1214102-304-AG24
14121503,Cartulina,CLP,9,3,149.0,199.0,199.0,1252.0,1672.0,6.29,11.22,0,1057500-946-AG23;1057539-2158-AG24;1057552-85-AG24
42271915,Accesorios de traqueotomía,CLP,37,4,685.0,1100.0,2560.0,6900.0,46157.0,6.27,67.38,1,1003473-718-SE24;1057439-1065-SE24;1057492-753-SE24;1057539-2555-AG24
44121802,Líquido corrector,CLP,4,4,456.0,800.25,1125.5,4993.5,15966.0,6.24,35.01,1,1057299-23-SE24;1057419-90-SE24;1057476-64-SE24;1402-47-AG24
44101501,Fotocopiadoras,CLP,8,4,12065.5,85851.5,98006.0,532515.25,7200000.0,6.2,596.74,1,1057421-116-CC24;1099899-120-SE21;1099899-26-SE24;1191-3-SE24;1402-2-AG24
42311518,Almohadillas o parches médicos para los ojos,CLP,5,3,180.0,198.0,820.0,1200.0,68000.0,6.06,377.78,1,1057511-33-SE24;1209395-53-SE24;1514-915-SE24
42152461,Compuestos de recubrimiento para modelos dentales,CLP,3,2,890.0,6975.0,13060.0,42130.0,71200.0,6.04,80.0,1,1057388-47-SE24;1057388-79-AG24;1057536-86-SE24
42242003,Dispositivos de sujeción protésica o accesorios,CLP,365,6,4000.0,50000.0,102300.0,301401.0,2180000.0,6.03,545.0,1,1057417-1048-SE24;1057417-123-SE24;1057417-1232-SE24;1057417-1249-SE24;1057417-1252-SE24;1057417-126-SE24;1057417-1265-SE24;1057417-1281-SE24;1057417-1287-SE24;1057417-1297-SE24;1057417-130-SE24;1057417-1348-SE24;1057417-135-SE24;1057417-1350-SE24;1057417-1351-SE24;1057417-1355-SE24;1057417-1357-SE24;1057417-1360-SE24;1057417-1364-SE24;1057417-1366-SE24;1057417-1369-SE24;1057417-1373-SE24;1057417-141-SE24;1057417-1555-SE24;1057417-1679-SE24;1057417-1744-SE24;1057417-1783-SE24;1057417-1784-SE24;1057417-1856-SE24;1057417-1943-SE24;1057417-1948-SE24;1057417-2010-SE24;1057417-215-SE24;1057417-2256-SE24;1057417-2259-SE24;1057417-2286-SE24;1057417-2302-SE24;1057417-2304-SE24;1057417-2307-SE24;1057417-2308-SE24;1057417-2311-SE24;1057417-2312-SE24;1057417-2368-SE24;1057417-2369-SE24;1057417-2372-SE24;1057417-2375-SE24;1057417-2388-SE24;1057417-2395-SE24;1057417-2397-SE24;1057417-2399-SE24;1057417-2405-SE24;1057417-2415-SE24;1057417-2417-SE24;1057417-2420-SE24;1057417-2423-SE24;1057417-2436-SE24;1057417-2437-SE24;1057417-2441-SE24;1057417-2452-SE24;1057417-2467-SE24;1057417-2484-SE24;1057417-2531-SE24;1057417-2549-SE24;1057417-2550-SE24;1057417-2592-SE24;1057417-2741-SE24;1057417-288-SE24;1057417-379-SE24;1057417-541-SE24;1057417-585-SE24;1057417-593-SE24;1057417-596-SE24;1057417-907-SE24;1057417-93-SE24;1057417-977-SE24;1057440-1561-SE24;1057494-503-SE24;1057494-504-SE24;1057494-505-SE24;1057494-506-SE24;1057494-509-SE24;1057501-15800-SE23;1057501-15813-SE23;1057501-15826-SE23;1075337-725-SE24;1380-2395-SE24;1380-2714-SE24;1380-2819-SE24;1380-2833-SE24
85121808,Laboratorios de rayos X,CLP,5,5,3490.0,15000.0,39000.0,90000.0,6417060.0,6.0,1838.7,1,1057049-2010-SE24;1057430-513-SE24;1057434-214-SE24;1057499-149-SE24;1208069-10-AG24
84131603,Seguros contra accidentes,CLP,10,4,4390.0,9467.5,20683.0,55987.5,6665044.0,5.91,1518.23,1,1048-59-AG24;1057432-130-AG24;1057536-233-SE24;1057536-235-SE24;1393-131-AG24
51191603,Soluciones de nutrición o de nutrición parenteral ,CLP,13,8,3700.0,7700.0,15200.0,45045.0,318000.0,5.85,85.95,1,1047027-137-SE24;1057491-1478-AG24;1058012-336-SE24;1058012-353-SE24;1058024-2244-SE23;1058090-84-AG24;1058128-1482-SE23;1058132-201-SE23;1058134-339-SE24;1058134-340-SE24;1075270-18-CC24
12162201,Ácido ascórbico,CLP,3,2,15.0,4502.5,8990.0,26345.0,43700.0,5.85,2913.33,1,1058034-11-AG24;1058104-37-SE24;1058104-61-SE24
41111604,Reglas,CLP,4,3,110.0,207.5,483.0,1212.0,2670.0,5.84,24.27,1,1057439-1111-SE24;1057439-881-AG24;1057492-755-AG24;1057500-946-AG23
14111533,Cuadernillos o formularios para exámenes,CLP,307,2,8.0,429.0,2209.0,2489.0,41325.0,5.8,5165.62,1,1057417-1338-SE24;1057417-1486-SE24;1057417-360-SE24;1057417-552-SE24;1057490-353-SE24;1057490-411-SE24;1057490-440-SE24;1057490-562-SE24
42311511,Vendas de gasa,CLP,20,9,8.0,145.25,352.5,841.25,2750.0,5.79,343.75,1,1057417-2635-AG24;1057418-110-SE24;1057420-127-SE24;1057420-143-SE24;1057491-1315-SE24;1057492-4969-SE23;1057495-302-AG24;1057543-213-SE24;1057543-394-AG24;1057554-5227-AG23;1058086-1098-SE24
86131502,Pintura,CLP,8,4,3294.0,10747.25,15535.5,61980.25,224538.0,5.77,68.17,1,1050283-190-SE24;1050283-204-SE24;1057299-118-AG24;1116007-20-SE24;1271358-4-SE24
50101545,Verduras deshidratadas,CLP,7,4,1000.0,1120.0,5350.0,6449.0,16624.0,5.76,16.62,0,1057402-1911-SE24;1057402-1941-SE24;1057551-31-AG24;1063538-440-SE24;1063538-50-SE24;1465-137-AG24
92121504,Guardias de seguridad,CLP,7,7,1621200.0,3088817.5,4437308.0,17730000.0,51617511.0,5.74,31.84,1,1050283-192-AG24;1051425-123-SE23;1057489-2302-SE24;1057492-623-SE24;1057494-2639-SE23;1230632-10-SE24;1351-4-SE22
42151805,Discos de acabado o pulido,CLP,4,3,550.0,662.5,1050.0,3800.0,11000.0,5.74,20.0,1,1057390-76-SE24;1057461-180-SE24;1057544-1516-SE24;1057544-979-SE24
42171804,Equipos de cricotirotomía o tubos traqueal de servicios médicos de urgencia,CLP,6,3,1320.0,48542.5,234000.0,278000.0,278000.0,5.73,210.61,1,1057461-181-SE24;1057461-439-SE24;1057498-538-AG24;1070620-1883-AG24
14111610,Cartulina,CLP,14,6,196.0,252.0,393.0,1441.5,3209.0,5.72,16.37,0,1057299-23-SE24;1057370-147-SE24;1057402-2030-SE24;1057500-946-AG23;1057551-35-AG24;1079596-26-SE24
50192303,"Postres, helados o yogurt congelado",CLP,15,7,210.0,280.0,380.0,1585.0,6000.0,5.66,28.57,1,1057389-388-SE24;1057389-802-SE24;1057402-825-SE24;1057418-136-SE24;1057490-269-SE24;1057501-1855-AG24;1057513-56-SE24;1381-34-AG24
46191601,Extintores,CLP,22,8,1.0,4000.0,8750.0,22500.0,404000.0,5.62,404000.0,1,1038-63-SE24;1057049-1689-SE24;1057434-225-AG24;1057500-893-AG23;1057532-286-AG24;1057551-56-SE24;1208092-26-AG24;1211839-112-SE24;1211839-126-SE24;1211839-85-SE24
51151721,Clorhidrato de midodrina,CLP,4,2,634.0,1418.5,4659.0,7956.5,8912.0,5.61,14.06,0,1047027-138-AG24;1221016-270-SE23
78111804,Servicios de taxi,CLP,11,8,795000.0,1735000.0,6020900.0,9703435.5,26081685.0,5.59,32.81,1,1040758-263-AG22;1057049-2005-SE24;1057402-1828-SE24;1057448-30-SE24;1057448-81-SE24;1057492-765-SE24;1057492-767-SE24;1057539-1350-SE24;1208089-35-AG23;1208983-26-SE24;1391-100-SE24
42293401,Guías quirúrgicas,CLP,6,3,24360.0,47550.0,157250.0,265000.0,290000.0,5.57,11.9,0,1057501-1547-SE24;1057501-1783-SE24;1075963-2403-SE24;1075963-2605-SE24;1075963-2606-SE24;1641-3040-SE24
23153007,Artículo de instalación,CLP,9,2,3000.0,18000.0,98000.0,100000.0,10944672.27,5.56,3648.22,1,1028897-127-SE24;1028897-129-SE24;1171142-4134-SE23
42152424,Cementos dentales a base de agua,CLP,3,2,11410.0,11607.5,11805.0,64549.5,117294.0,5.56,10.28,0,1057404-51-AG24;1057540-493-AG24
42221616,Sets de extensión para catéteres intravenosos o arteriales,CLP,3,2,240.0,1620.0,3000.0,8990.0,14980.0,5.55,62.42,1,1002772-1124-SE24;1002772-1127-SE24;1057548-244-SE24
42161501,Sets de transferencia de diálisis peritoneal ambul,CLP,28,4,3326.0,4200.0,11809.0,23220.0,389760.0,5.53,117.19,1,1057402-705-SE24;1057489-1732-SE24;1057489-2171-SE24;1057491-1454-SE24;1057501-2152-SE24;1057501-283-SE24;1057501-332-SE24;1057501-334-SE24
51101557,Doxiciclina,CLP,3,3,207.7,208.7,209.7,1149.85,2090.0,5.51,10.06,0,1038999-28-AG24;1058014-213-SE23;1058133-28-SE24
72102104,Control estructural de plagas,CLP,5,3,50000.0,480000.0,480000.0,2638655.0,3480000.0,5.5,69.6,1,1057494-497-SE24;1057494-811-SE24;1062018-18-AG24;1064967-37-SE22
42132105,Sábanas de hospital,CLP,4,2,690.0,690.0,2220.0,3775.0,3850.0,5.47,5.58,0,1057461-313-SE24;1057461-438-SE24;1057547-1762-SE24
50202304,Jugos y néctar envasados,CLP,18,7,208.0,220.0,244.0,1200.0,1672.0,5.45,8.04,0,1000813-54-AG24;1057429-621-SE24;1057513-56-SE24;1057532-272-AG24;1057544-114-CM23;1057544-1513-SE23;1063538-440-SE24;1063538-50-SE24;1134432-87-AG24
42294219,Sets de instrumentos quirúrgicos ortopédicos,CLP,5,2,42655.0,46455.0,240301.0,250960.0,295000.0,5.4,6.92,0,1057049-1005-SE24;1057472-2202-SE24
14111509,Artículos de papelería,CLP,116,11,26.0,369.75,1251.0,1990.0,719551.0,5.38,27675.04,1,1057299-21-SE24;1057402-2107-SE24;1057439-793-SE24;1057448-1312-AG23;1057476-64-SE24;1057514-60-AG24;1057541-90-AG24;1057544-1702-SE24;1057554-1094-AG24;1211839-122-SE24;1211839-205-SE24;1211839-41-SE24;1430-9-AG24
31161503,Clavo-tornillo,CLP,19,4,19.0,1745.0,3250.0,9395.0,98178.0,5.38,5167.26,1,1000813-43-AG24;1057428-77-SE24;1057428-78-SE24;1116007-20-SE24;1250566-11-AG24
50161511,Chocolate o sucedáneo de chocolate,CLP,3,3,600.0,790.0,980.0,4240.0,7500.0,5.37,12.5,0,1057490-482-SE24;1057532-272-AG24;1213005-42-AG24
30221003,Cafetería,CLP,9,2,1177.0,1177.0,1177.0,6303.0,1493697.4,5.36,1269.07,1,1057500-916-SE23;1057536-387-SE24
51161515,Montelukast sódico,CLP,4,4,126.0,256.5,484.0,1362.0,3444.0,5.31,27.33,1,1058128-156-SE24;1058141-127-AG24;1062456-16-SE24;1100719-164-AG24
41116005,Reactivos de analizadores de coagulación,CLP,24,5,495.0,38662.0,139661.0,204397.5,1600000.0,5.29,3232.32,1,1057472-1335-SE24;1057510-1055-SE24;1063538-1359-SE24;1075963-2147-SE24;1558-6-SE24
42142507,Agujas mariposa,CLP,8,7,37.0,103.0,141.5,542.5,3500.0,5.27,94.59,1,1051765-112-AG24;1057384-141-SE24;1057418-111-SE24;1057419-93-SE24;1057429-616-AG24;1057491-1530-SE24;1549-822-AG24
42271802,Nebulizadores o accesorios,CLP,20,6,585.0,2825.0,4485.0,14885.0,725000.0,5.27,1239.32,1,1002772-1194-SE24;1057049-871-SE24;1057049-895-SE24;1057492-828-SE24;1057503-436-SE24;1057539-1737-SE24;1058086-1099-SE24
42141606,Palanganas médicas para fines múltiples,CLP,4,3,103.0,348.25,440.0,1832.5,5980.0,5.26,58.06,1,1002772-1126-SE24;1002772-310-SE24;1057476-13-SE24;1063538-1325-SE24
42142601,Jeringas médicas de aspiración o irrigación,CLP,15,5,28.0,38.0,72.0,197.5,25000.0,5.2,892.86,1,1057049-1215-SE24;1057440-1416-SE24;1057461-418-SE24;1057472-2130-SE24;1057472-2273-SE24;1057472-9293-SE23;1057492-807-SE24
44111502,Organizadores para cajones de escritorio,CLP,18,3,204.0,650.25,1178.0,3363.5,3473.0,5.17,17.02,0,1057431-536-SE24;1057498-768-AG24;1079596-26-SE24
51142904,Lidocaína,CLP,6,4,290.0,2275.0,6600.0,11750.0,14615.0,5.16,50.4,1,1047027-138-AG24;1047027-197-AG24;1047027-240-AG24;1058132-497-SE24;1380-2794-AG24;1549-69-AG24
44111604,Envolturas de monedas o fajas para billetes,CLP,5,5,658.0,875.0,1872.0,4480.0,4950.0,5.12,7.52,0,1057124-4-AG24;1057370-147-SE24;1057402-2026-SE24;1057431-536-SE24;1057500-767-AG23
43211507,Computadores de escritorio,CLP,27,14,884.45,510104.5,1269000.0,2591846.0,28015690.0,5.08,31675.83,1,1031866-22-CC24;1057417-2587-SE24;1057418-956-CC22;1057419-642-CC22;1057420-806-CC22;1057432-217-SE23;1057432-454-SE23;1057432-756-SE23;1057468-146-SE22;1057468-218-SE22;1057473-354-AG23;1057492-836-CC24;1057500-36-AG24;1057508-1127-SE23;1057508-753-SE21;1057508-834-SE21;1057512-1265-SE23;1057543-1616-SE23;1075270-21-CC23
47131801,Limpiadores de suelos,CLP,4,2,330.0,2302.5,4997.5,11523.75,24990.0,5.0,75.73,1,1051765-113-AG24;1057500-842-AG23
50171833,Paté u otras pastas para untar,CLP,3,3,400.0,477.5,555.0,2377.5,4200.0,4.98,10.5,0,1057476-271-SE24;1057490-269-SE24;1138111-4-AG24
27113201,Conjuntos generales de herramientas,CLP,27,2,32.0,6650.0,12252.0,33088.5,401392.0,4.98,12543.5,1,1057547-3721-SE24;1057547-3723-SE24;1247197-45-SE24;1247197-60-SE24
42203404,Alambres de guía o trampas o accesorios para toma de imágenes vasculares,CLP,8,5,3880.0,14247.5,58500.0,70500.0,75000.0,4.95,19.33,0,1057417-2691-AG24;1057501-2202-SE24;1057544-1449-SE24;1070620-1933-SE24;1070620-2057-SE24;1070620-2063-SE24;1627-288-AG24
26111702,Pilas alcalinas,CLP,29,11,50.0,320.0,613.0,1580.0,18700.0,4.94,374.0,1,1011183-34-AG24;1038-69-AG24;1057124-4-AG24;1057374-136-AG24;1057476-64-SE24;1057490-86-SE24;1057500-53-AG24;1057500-922-AG23;1057506-257-AG24;1211839-201-SE24;1346283-10-AG24;1506-11-AG24
42161601,Kits o sets de administración de hemodiálisis o accesorios,CLP,13,6,367.0,2402.0,4310.0,11837.0,95000.0,4.93,258.86,1,1057472-2065-SE24;1057491-1031-SE24;1057509-1071-SE24;1057509-2316-SE24;1057547-3825-SE24;1063538-1352-SE24;1514-1117-SE24
50101716,Semillas o frutos secos con cáscara,CLP,7,5,490.0,1261.0,3101.0,6135.0,7260.0,4.87,14.82,0,1057402-1913-SE24;1057429-621-SE24;1057501-1873-AG24;1057513-56-SE24;1155683-93-AG24
41116134,"Reactivos, soluciones o tinturas de biología molecular",CLP,42,4,7074.0,140000.0,200000.0,681554.5,5200000.0,4.87,735.09,1,1057049-1879-AG24;1057049-8940-SE23;1057402-1867-AG24;1057417-2720-AG24;1070620-1957-AG24
42295433,Catéteres quirúrgicos urológicos o accesorios,CLP,17,2,3150.0,38000.0,55370.0,185000.0,520000.0,4.87,165.08,1,1057049-255-SE24;1057049-258-SE24;1057049-466-SE24;1070620-1343-AG24
53101802,Abrigos y chaquetas para hombre,CLP,5,2,10312.0,14078.0,18600.0,68235.0,99433.0,4.85,9.64,0,1038-79-AG24;1230771-7-AG24;1421-66-SE24
42142611,Jeringas tuberculinas,CLP,4,3,38.0,38.0,60.0,184.0,490.0,4.84,12.89,0,1057389-716-AG24;1057439-1186-SE24;1057461-426-SE24
42142716,Pesario,CLP,13,2,7000.0,7500.0,36000.0,36000.0,36000.0,4.8,5.14,0,1057472-647-SE24;1057498-755-AG24
42151910,Dispositivos de limpieza dental o accesorios,CLP,21,3,3755.0,3983.0,12000.0,19049.0,300300.0,4.78,79.97,1,1057421-110-AG24;1070620-1735-AG24;1214102-266-AG24
14111703,Toallas de papel,CLP,28,18,133.0,1016.5,2777.5,4825.0,24125.0,4.75,181.39,1,1057062-541-AG23;1057370-116-AG24;1057388-86-AG24;1057389-587-SE24;1057402-1044-SE24;1057402-1875-SE24;1057402-1877-SE24;1057439-1055-SE24;1057461-399-SE24;1057472-416-AG24;1057492-766-SE24;1057500-1004-AG23;1057500-790-AG23;1057500-867-AG23;1057544-1701-SE24;1057545-187-AG24;1084156-1133-SE23;1088-20-AG24;1123-22-AG24;1218462-12-AG23;1251185-41-AG24;1463-61-AG24
12141806,Sodio Na,CLP,4,3,95.0,173.75,480.0,825.0,1020.0,4.75,10.74,0,1058094-260-SE24;1058103-188-SE24;1540-303-SE24
44121707,Lápices de colores,CLP,23,4,266.0,809.0,2032.0,3800.0,48282.0,4.7,181.51,1,1057299-21-SE24;1057299-23-SE24;1057491-763-AG24;1057500-946-AG23;1057536-361-AG24
42294922,Ligadores endoscópicos,CLP,3,3,500.0,39750.0,79000.0,186500.0,294000.0,4.69,588.0,1,1057417-2643-AG24;1057544-1472-SE24;1641-2769-SE24
50101717,Semillas o frutos secos pelados,CLP,10,7,1260.0,1974.5,5192.0,9250.0,14000.0,4.68,11.11,0,1057402-825-SE24;1057422-125-SE24;1057429-621-SE24;1057500-852-AG23;1057513-56-SE24;1063538-440-SE24;1063538-50-SE24;1161266-223-AG24
41104112,Contenedores de recogida de orina,CLP,16,8,56.0,56.0,87.5,260.75,15000.0,4.66,267.86,1,1057049-6904-SE23;1057402-1683-SE24;1057417-326-AG24;1057431-434-SE24;1057533-41-AG24;1057551-12-SE24;1063538-1279-SE24;1211839-647-SE23
42271708,Mascarillas de oxígeno médicas o piezas,CLP,26,9,131.0,1287.5,3800.0,5981.25,13300.0,4.65,101.53,1,1057049-871-SE24;1057419-92-SE24;1057419-96-SE24;1057419-98-SE24;1057428-88-SE24;1057473-78-AG24;1057476-146-AG24;1057492-4883-AG23;1057534-182-SE24;1057539-1355-AG24;1057539-1737-SE24;1514-1092-AG24
72102201,Instalación o servicio de sistemas de energía eléc,CLP,10,6,65000.0,173387.5,562930.0,806250.0,84033613.45,4.65,1292.82,1,1028897-112-SE24;1057421-71-SE24;1057421-72-SE24;1057492-687-SE24;1057498-100-SE24;1057536-303-SE24;1605-408-SE22
25174001,Ventilador,CLP,3,2,68350.0,132341.0,196332.0,612745.0,1029158.0,4.63,15.06,0,1002772-1070-SE24;1057494-823-SE24;1057494-832-SE24
42294935,"Agujas de punción, revestimientos, obturadores o cánulas para endoscopia, o bandejas de procedimiento, kits o productos relacionados",CLP,13,5,1900.0,14500.0,34000.0,67000.0,153110.0,4.62,80.58,1,1057402-1834-AG24;1057429-618-AG24;1057501-1474-SE24;1057501-2092-AG24;1057501-341-AG24;1057503-1056-SE24;1057503-1084-SE24;1057503-1086-SE24;1057503-1098-AG24;1057540-658-SE24;1057540-659-SE24
47131615,Escobillones,CLP,5,5,868.0,1600.0,2050.0,7381.0,783800.0,4.61,903.0,1,1057299-88-SE24;1057402-1795-SE24;1218462-12-AG23;1251185-41-AG24;1272227-37-AG24
47101604,Productos químicos alimentadores de caldera,CLP,6,2,250.0,22312.5,74312.5,102968.75,129675.0,4.61,518.7,1,1057415-49-AG24;1057501-3016-SE24
44122103,Corchetes,CLP,23,7,116.0,437.0,740.0,2000.0,87295.0,4.58,752.54,1,1038-69-AG24;1057124-4-AG24;1057402-2020-SE24;1057439-1111-SE24;1057534-175-SE24;1079596-26-SE24;1390-5-AG24
42294941,Sets de drenaje biliar por endoscopia,CLP,13,4,690.0,16000.0,26500.0,73200.0,690000.0,4.58,1000.0,1,1057461-175-SE24;1057461-184-SE24;1057503-1095-AG24;1057503-1100-AG24;1057503-1102-AG24;1057503-387-AG24;1075963-2405-SE24;1380-2979-AG24
42141501,Algodoneras o fibra,CLP,5,5,153.0,220.0,845.0,1000.0,1200.0,4.55,7.84,0,1051765-112-AG24;1057417-2684-AG24;1057500-57-AG24;1057501-32-SE24;1058086-1182-SE24
82121903,Encuadernación con cola fría o pegamento,CLP,20,3,51.0,1780.75,3500.0,8100.0,34318.0,4.55,672.9,1,1057417-2324-AG24;1057476-64-SE24;1057500-946-AG23
73171507,Servicios de fabricación de aparatos electrodomésticos,CLP,3,2,130000.0,555000.0,980000.0,2512058.5,4044117.0,4.53,31.11,1,1057540-241-SE24;1057540-470-SE24;1260057-49-SE24
81141604,Servicios de transporte,CLP,4,3,390000.0,390000.0,1045000.0,1759750.0,1939000.0,4.51,4.97,0,1016414-7-AG24;1039-91-SE24;1058339-9-AG24
52152007,Pocillos,CLP,4,3,58.0,61.75,81.5,275.0,800.0,4.45,13.79,0,1057402-1800-SE24;1057434-191-AG24;1057490-495-SE24;1057490-508-SE24
42295140,Armarios o baúles para instrumental quirúrgico,CLP,19,2,6500.0,20250.0,40000.0,89000.0,430000.0,4.4,66.15,1,1057049-1234-SE24;1057540-422-SE24;1057540-579-SE24;1057540-622-SE24;1057540-679-SE24;1057540-681-SE24
41116121,"Reactivos, soluciones o tinturas hematológicos",CLP,21,3,20000.0,36000.0,144582.0,156000.0,618000.0,4.33,30.9,1,1057402-1867-AG24;1057417-2720-AG24;1063538-1362-SE24;1063538-1385-SE24;1063538-1406-SE24
51191905,Suplementos vitamínicos,CLP,48,12,14.0,3122.65,8900.0,13450.0,39000.0,4.31,2785.71,1,1038999-129-AG23;1038999-27-SE24;1038999-33-AG24;1038999-6-SE24;1038999-7-SE24;1038999-9-AG24;1057055-279-SE24;1057417-1825-SE24;1057417-1982-SE24;1057501-2025-AG24;1057540-602-SE24;1057551-31-AG24;1058014-213-SE23;1058044-354-SE24;1058095-594-AG24;1058095-690-AG24;1058095-691-AG24;1058132-339-AG24;1058134-358-SE24;1211839-358-SE23;1211839-366-SE23;1221016-267-SE23;1221016-270-SE23
53131609,Protector solar,CLP,9,8,990.0,2100.0,7800.0,9000.0,512400.0,4.29,517.58,1,1028-68-AG24;1052836-27-SE24;1057500-93-AG24;1057501-2398-AG24;1057539-11224-AG23;1058024-325-AG24;1058045-85-SE24;1224957-143-AG24
14111506,Papel para impresora del ordenador,CLP,5,3,4342.0,4899.0,9200.0,20835.0,29500.0,4.25,6.79,0,1057299-23-SE24;1057402-2020-SE24;1079596-26-SE24
42142902,Lentes de gafas,CLP,110,7,150.0,2100.0,5990.0,8865.0,126050.0,4.22,840.33,1,1057049-315-SE24;1057049-316-SE24;1057402-1587-SE24;1057402-1589-SE24;1057402-1644-SE24;1057402-1645-SE24;1057500-62-AG24;1057501-1899-SE24;1057501-2002-SE24;1057540-447-SE23;1070620-1838-SE24;1070620-1954-SE24;1070620-2126-SE24;1070620-2134-SE24;1242126-8-SE24
51151616,Atropina,CLP,3,3,29.0,4657.0,9285.0,19642.5,30000.0,4.22,1034.48,1,1058034-11-AG24;1058090-337-AG23;1058097-233-SE24
42311708,Cintas adhesivas médicas y quirúrgicas para el uso,CLP,9,4,235.0,1204.0,3380.0,5042.0,124000.0,4.19,527.66,1,1057472-5141-SE23;1057489-2326-SE24;1057492-5285-AG23;1057492-747-SE24;1057501-12191-SE23;1057501-1707-SE24
85121612,Servicios ortopédicos,CLP,33,4,3500.0,31151.0,45000.0,128353.0,8311391.0,4.12,2374.68,1,1002772-6401-SE23;1057404-1683-SE23;1057404-1684-SE23;1057404-1703-SE23;1057404-33-SE24;1057404-34-SE24;1057404-86-SE24;1057440-7427-SE22;1057539-1007-SE24;1057539-1034-SE24
44121704,Lápiz pasta,CLP,6,4,100.0,141.75,422.5,584.0,611.0,4.12,6.11,0,1038-69-AG24;1057062-525-AG23;1057476-64-SE24;1057541-90-AG24
78180101,Reparación y pintura carrocerías,CLP,19,5,60000.0,377528.5,670000.0,1539000.0,134453781.5,4.08,2240.9,1,1028897-29-SE24;1028897-30-SE24;1028897-33-SE24;1028897-36-SE24;1028897-90-SE24;1028897-91-SE24;1028897-94-SE24;1057390-113-SE24;1057390-115-SE24;1057390-116-SE24;1057390-118-SE24;1057390-119-SE24;1057473-179-SE22;1087-6-SE24;1208129-96-SE24
42142405,Estuches para sets de instrumental médico o sus accesorios,CLP,6,5,480.0,139875.0,271870.0,571250.0,6900000.0,4.08,14375.0,1,1057429-608-AG24;1057431-572-AG24;1057491-1286-AG24;1057501-1574-SE24;1057547-3343-AG24;1057547-3433-AG24
42295506,Implantes o ajustes maxilofacial oral,CLP,10,2,6722.69,12605.04,31512.6,51471.34,1500000.0,4.08,223.12,1,1057494-439-SE24;1057501-9129-AG23
41116008,Reactivos de analizadores hematológicos,CLP,17,3,23600.0,62700.0,224700.0,254900.0,282600.0,4.07,11.97,0,1057417-2623-AG24;1063538-1347-SE24;1214102-384-AG24;1214102-400-AG24;1214102-402-AG24;1214102-405-AG24;1214102-406-AG24;1214102-407-AG24;1214102-410-AG24;1214102-411-AG24;1214102-414-AG24;1214102-415-AG24;1214102-435-AG24
50202301,Agua,CLP,22,20,350.0,1947.25,2748.5,7905.5,10131415.0,4.06,28946.9,1,1033-9-SE24;1057387-42-SE24;1057422-28-SE24;1057431-343-SE24;1057473-420-AG23;1057491-1393-AG24;1057501-1873-AG24;1057534-201-SE24;1057536-508-SE24;1057545-194-SE24;1058086-1130-SE24;1074548-12-AG23;1076-1-AG24;1079566-63-AG24;1099402-83-SE24;1126922-263-AG24;1134432-87-AG24;1155683-16-AG24;1208097-55-AG23;1211839-186-SE23;1518-2-AG24
47121701,Bolsas de basura,CLP,22,7,273.0,434.0,731.5,1762.5,5300.0,4.06,19.41,0,1038-69-AG24;1051765-113-AG24;1057299-88-SE24;1057402-1022-SE24;1057402-12918-SE23;1057402-1789-SE24;1057544-1620-SE24;1088-20-AG24;1123-22-AG24;1251185-41-AG24
44121618,Tijeras,CLP,20,13,305.0,714.75,1278.0,2893.75,46400.0,4.05,152.13,1,1038-69-AG24;1057124-4-AG24;1057299-21-SE24;1057299-23-SE24;1057419-90-SE24;1057500-946-AG23;1057534-175-SE24;1063538-1200-SE24;1079596-26-SE24;1211839-205-SE24;1213002-78-AG24;1271357-26-SE24;1390-5-AG24;1402-47-AG24
51191604,Solución de Ringer lactado,CLP,7,5,465.0,770.0,940.0,3108.5,4950.0,4.04,10.65,0,1058001-157-SE24;1058024-423-AG24;1058028-5-SE24;1058095-3372-SE23;1058095-3380-SE23;1540-303-SE24
42251617,Cojines de asiento terapéuticos o accesorios,CLP,6,5,8990.0,22953.0,42824.0,92535.25,270000.0,4.03,30.03,1,1057461-424-SE24;1057500-1032-AG23;1057539-2780-AG24;1057544-1204-SE24;1344190-59-SE24
40142122,Tubo de vidrio,CLP,10,2,96.0,6637.5,16000.0,26625.0,32600.0,4.01,339.58,1,1057418-101-SE24;1211839-647-SE23
41104201,Reactivos para depuración del agua,CLP,5,2,75000.0,75000.0,191100.0,297000.0,7570008.0,3.96,100.93,1,1057402-1466-SE24;1057509-2674-SE24
41111804,Equipo de examen ultrasónico,CLP,4,3,900000.0,983928.75,1429690.0,3882160.5,9986217.0,3.95,11.1,0,1057384-198-SE24;1057417-2808-SE24;1057491-1255-SE24;1057491-1272-SE24
50131801,Queso natural,CLP,18,11,1400.0,2332.75,5495.0,9200.0,16300.0,3.94,11.64,0,1057402-1172-SE24;1057418-136-SE24;1057422-125-SE24;1057490-269-SE24;1057491-333-AG24;1057501-1859-AG24;1057513-56-SE24;1057544-114-CM23;1057544-1513-SE23;1079445-59-SE24;1161266-223-AG24;1381-34-AG24
42151504,Barniz dental,CLP,4,3,500.0,19025.0,27576.5,74948.5,209935.0,3.94,419.87,1,1057402-1140-SE24;1057402-1838-SE24;1057512-1372-SE23;1057544-1497-SE24
51191602,Electrolitos de cloruro de sodio,CLP,14,8,229.7,457.5,635.0,1800.0,30000.0,3.93,130.61,1,1057055-19-SE24;1057387-110-SE24;1058026-11-SE24;1058028-5-SE24;1058095-3372-SE23;1058095-427-SE24;1058102-1354-SE23;1058128-152-SE24;1058128-66-SE24;1058141-379-AG24
42294513,Kits de vitrectomía oftalmológica,CLP,15,6,5191.0,35391.5,116585.0,138732.0,452454.0,3.92,87.16,1,1057055-164-AG24;1057439-1187-AG24;1057501-2015-SE24;1057544-1459-SE24;1380-2817-SE24;1380-3115-AG24;1532-233-SE24
43202005,Dispositivos de almacenamiento de memoria flash,CLP,7,3,2495.0,3157.0,3780.0,12383.5,36259.0,3.92,14.53,0,1038-69-AG24;1057539-1319-AG24;1064616-5-AG24
43211711,Escáner,CLP,7,4,9800.0,9800.0,9800.0,37840.0,375833.0,3.86,38.35,1,1057428-82-SE24;1057429-332-SE24;1057429-333-SE24;1057494-807-SE24;1057541-101-SE24
15121501,Aceite de motor,CLP,8,3,9000.0,15383.0,41596.2,59411.75,360000.0,3.86,40.0,1,1024-23-SE24;1057421-126-SE24;1057421-128-SE24;1057428-82-SE24;1070-38-AG24
80111709,Personal médico,CLP,80,7,15039.0,22425.0,31000.0,86250.0,540000000.0,3.85,35906.64,1,1050283-176-SE24;1057384-213-SE24;1057439-486-SE24;1057439-558-SE24;1057439-825-SE24;1057439-827-SE24;1057439-828-SE24;1057491-1114-SE24;1057539-1092-SE24;1057539-1103-SE24;1057539-1106-SE24;1057539-1111-SE24;1057539-1112-SE24;1057539-1114-SE24;1057539-1115-SE24;1057539-1116-SE24;1057539-1119-SE24;1057539-1153-SE24;1057539-1180-SE24;1057539-1192-SE24;1057539-1197-SE24;1057539-1210-SE24;1057539-1219-SE24;1057539-1220-SE24;1057539-1221-SE24;1057539-1222-SE24;1057539-1224-SE24;1057539-1231-SE24;1057539-1232-SE24;1057539-1233-SE24;1057539-1239-SE24;1057539-1242-SE24;1057539-1249-SE24;1057539-1252-SE24;1057539-1254-SE24;1057539-1255-SE24;1057539-1265-SE24;1057539-1266-SE24;1057539-1269-SE24;1057539-1270-SE24;1057539-1278-SE24;1057539-1279-SE24;1057539-1280-SE24;1057539-1377-SE24;1057539-1447-SE24;1057539-1448-SE24;1057539-1450-SE24;1057539-1451-SE24;1057539-1521-SE24;1057539-1550-SE24;1057539-2069-SE24;1057539-2071-SE24;1057539-2072-SE24;1057539-2184-SE24;1057539-486-SE24;1057539-670-SE24;1057539-874-SE24;1057539-893-SE24;1057539-938-SE24;1057539-962-SE24;1057544-499-SE23;1057544-7454-SE23;1060714-380-SE24;1060714-490-SE24;1060714-510-SE24;1060714-514-SE24;1060714-579-SE24;1060714-599-SE24;1060714-631-SE24;1060714-637-SE24
47131503,Paños de gamuza o guantes lavables,CLP,5,4,42.0,418.0,1350.0,1602.0,1915.0,3.83,45.6,1,1057299-88-SE24;1057461-399-SE24;1057491-1470-SE24;1251185-41-AG24
50101636,Fruta estable sin refrigerar,CLP,7,2,794.0,2164.0,7952.0,8297.0,8418.0,3.83,10.6,0,1057490-269-SE24;1057491-1392-AG24
41121701,Tubos de ensayo multipropósito o generales,CLP,15,5,6.0,40.5,91.0,154.5,370000.0,3.82,61666.67,1,1057491-1180-SE24;1057501-2147-AG24;1057551-13-SE24;1057551-358-SE23;1057551-61-SE24;1058086-1183-SE24;1075963-1152-SE24
42172007,Equipos de resucitación o oxígeno de servicios méd,CLP,6,2,3110.0,8133.0,19616.5,31100.0,215000.0,3.82,69.13,1,1057531-59-CC24;1057531-86-CC24;1057547-3392-AG24
51171911,Sucralfato,CLP,4,4,242.0,286.25,482.0,1081.0,2335.0,3.78,9.65,0,1058090-198-SE24;1058094-401-SE24;1058095-471-SE24;1058097-237-SE24
50202303,Jugos y néctar concentrados,CLP,4,2,5.0,209.0,348.5,787.5,1890.0,3.77,378.0,1,1057513-56-SE24;1161266-223-AG24
31201512,Cinta Transparente,CLP,15,9,226.0,354.0,512.0,1332.0,17622.0,3.76,77.97,1,1002592-14-AG24;1038-69-AG24;1057299-23-SE24;1057402-2016-SE24;1057402-2026-SE24;1057440-1547-SE24;1057500-767-AG23;1057500-922-AG23;1057500-946-AG23;1057552-85-AG24;1079505-80-AG24;1390-5-AG24
85101604,Servicios paramédicos,CLP,15,6,3259.0,32000.0,73000.0,120354.5,5038800.0,3.76,1546.12,1,1057419-26-AG24;1057489-2303-SE24;1057509-2924-SE24;1057509-2960-SE24;1057509-3118-SE24;1057544-303-SE24;1057547-4364-SE24;1057554-1166-SE24
42203502,Accesorios o electrodos o indicaciones de marcapas,CLP,4,2,650000.0,713750.0,930900.0,2657600.0,7250000.0,3.72,11.15,0,1057417-1856-SE24;1057544-1098-SE24;1057544-1167-SE24
53102102,Overol y sobretodo para hombre,CLP,4,2,10925.0,10925.0,12062.5,40531.0,122524.0,3.71,11.22,0,1057370-126-AG24;1057508-187-AG24
31231302,Tubería de cobre,CLP,36,2,1416.0,2437.25,4598.5,9016.0,45107.0,3.7,31.86,1,1057547-3791-SE24;1057547-3805-SE24;1057547-3810-SE24;1063538-942-SE24
42291601,Escalpelos quirúrgicos de láser o cuchillos o mangos de cuchillos,CLP,6,5,48.0,2650.0,7000.0,9775.0,45900.0,3.69,956.25,1,1057404-17-AG24;1057554-1186-AG24;1075963-2604-SE24;1171142-1029-AG24;1641-2829-AG24
42231801,Fórmulas suplementarias de adulto para uso general,CLP,32,7,1785.0,2335.0,2800.0,8567.5,48000.0,3.67,26.89,1,1057388-60-AG24;1057389-729-SE24;1057417-2506-AG24;1057431-3525-SE23;1057440-1680-SE24;1057498-557-SE24;1057498-830-SE24;1057509-1319-CC24
50221101,Granos de Cereales,CLP,13,5,185.0,1060.0,2429.0,3886.0,5884.0,3.67,31.81,1,1057513-56-SE24;1057544-114-CM23;1057544-1513-SE23;1063538-440-SE24;1063538-50-SE24;1134432-87-AG24;1465-137-AG24
51142941,Propofol,CLP,6,4,1950.0,3675.0,11095.0,13497.5,31249.0,3.67,16.03,0,1057055-323-SE24;1058044-275-SE24;1058132-474-SE24;1100719-191-SE24
73131801,Servicios de elaboración de leche,CLP,4,2,137.0,4496.75,11218.0,16486.0,16486.0,3.67,120.34,1,1057472-1956-SE24;1057476-620-SE23;1058071-1503-SE23
52161514,Audífonos,CLP,3,3,8900.0,10906.5,12913.0,39951.5,66990.0,3.66,7.53,0,1057062-564-AG23;1057370-126-AG24;1057500-1032-AG23
42295420,"Catéteres, kits de cateterización o bolsas de drenaje para cirugía o endoscopia",CLP,8,4,10500.0,25250.0,29000.0,91750.0,3000000.0,3.63,285.71,1,1057492-840-SE24;1057501-1783-SE24;1057501-1886-SE24;1063538-1464-SE24;1549-487-AG24
42281914,Contenedores desechables de esterilización,CLP,9,5,103.0,2900.0,3483.0,10500.0,84531.0,3.62,820.69,1,1057439-980-AG24;1057492-4958-SE23;1057498-630-AG24;1057498-715-AG24;1057498-785-AG24;1057544-1372-SE24;1075963-2643-SE24
42312010,Grapadoras para cierre de piel,CLP,17,4,2500.0,99120.0,202500.0,357620.0,498490.0,3.61,199.4,1,1057402-1597-SE24;1057402-1599-SE24;1057417-12126-SE23;1057417-1822-SE24;1057498-720-SE24;1057547-3533-AG24
42271707,"Sensores o reguladores de caudal, o componentes",CLP,3,3,19007.0,27003.5,35000.0,97550.0,160100.0,3.61,8.42,0,1057417-2552-AG24;1057509-2774-AG24;1070620-2196-SE24
42261609,Brazaletes o etiquetas de identificación de autops,CLP,6,4,50.0,72.75,156.0,261.75,18490.0,3.6,369.8,1,1057490-553-SE24;1057490-561-SE24;1057492-515-AG23;1057492-842-AG24;1057500-1084-SE23;1057539-1737-SE24
72102305,"Servicios de reparación, mantenimiento o reparación de aire acondicionado",CLP,12,8,247800.0,393500.0,686070.0,1407055.0,5041995.0,3.58,20.35,1,1050283-200-AG24;1057049-1075-SE24;1057417-1908-SE24;1057417-2245-SE24;1057494-195-SE24;1057494-4148-SE23;1057494-737-SE24;1057534-167-AG24;1087105-6-AG24;1563-12-AG24;1611-24-AG24;1613-21-AG24
51121818,Atorvastatina,CLP,8,6,9.0,260.95,581.0,922.5,2990.0,3.54,332.22,1,1038999-129-AG23;1038999-28-AG24;1057387-110-SE24;1057500-443-SE23;1057500-882-SE23;1062456-81-SE24;1211839-359-SE23;1221016-269-SE23
81111508,Implantación de aplicaciones,CLP,3,2,6867.18,4042433.59,8078000.0,14320000.0,20562000.0,3.54,2994.24,1,1057417-2847-SE24;1057432-44-SE24
44121705,Portaminas,CLP,13,6,69.0,172.0,543.0,605.0,1516.0,3.52,21.97,1,1038-69-AG24;1057500-767-AG23;1057500-922-AG23;1057541-90-AG24;1079596-26-SE24;1211839-205-SE24;1402-47-AG24
44121702,Juegos de bolígrafos y lápices,CLP,14,2,776.0,3354.25,7000.0,11750.0,14472.0,3.5,18.65,0,1057490-86-SE24;1079596-26-SE24
51111716,Rituximab,CLP,6,4,175014.0,207473.75,320748.5,721784.0,879800.0,3.48,5.03,0,1057055-152-SE24;1058043-333-SE24;1058102-269-SE24;1380-2942-SE24
50171832,Aliño de ensaladas,CLP,8,6,650.0,720.0,1146.0,2500.0,2904.0,3.47,4.47,0,1057384-139-SE24;1057384-142-SE24;1057402-1913-SE24;1057491-1441-AG24;1063538-440-SE24;1063538-50-SE24;1079445-59-SE24;1465-137-AG24
53131608,Jabones,CLP,13,11,9.42,1150.0,2240.0,3980.0,17003.0,3.46,1804.99,1,1002772-1206-SE24;1057299-88-SE24;1057417-2386-AG24;1057428-82-SE24;1057439-423-AG24;1057503-1048-SE24;1057532-262-AG24;1063538-1208-SE24;1075963-2555-SE24;1123-22-AG24;1272228-15-AG24
51171631,Preparado laxante de polietilenglicol,CLP,6,6,170.0,1738.5,5683.5,6000.0,6500.0,3.45,38.24,1,1057500-958-SE23;1058034-8-SE24;1058095-605-SE24;1058103-188-SE24;1221016-270-SE23;1559-115-SE24
42181709,Papel de registro de electrocardiografía (ECG),CLP,5,4,1585.0,2285.0,3885.0,7885.0,8485.0,3.45,5.35,0,1057418-117-SE24;1057492-752-SE24;1063538-1340-SE24;1075963-2636-SE24
13101905,Melamina (MF),CLP,5,2,8990.0,11590.0,13890.0,39990.0,49990.0,3.45,5.56,0,1000813-43-AG24;1057509-3057-SE24
41121803,Vasos de precipitados de laboratorio,CLP,14,2,79.0,121.0,136.5,417.25,970.0,3.45,12.28,0,1057417-2535-AG24;1057417-2620-AG24;1057491-1493-AG24
39121402,Enchufes eléctricos,CLP,23,8,690.0,2541.0,3710.0,8745.0,218744.0,3.44,317.02,1,1000813-43-AG24;1035685-17-AG24;1038-46-SE24;1057299-105-AG24;1057491-1625-AG24;1057492-729-AG24;1057500-940-AG23;1250374-1-SE24
42151620,Limas o raspadores dentales,CLP,92,5,220.0,3022.5,5575.0,10362.5,56000.0,3.43,254.55,1,1057049-1959-SE24;1057417-1510-AG24;1057417-1813-SE24;1057417-2111-SE24;1057417-754-SE24;1057544-1497-SE24;1057544-1511-SE24;1057544-981-SE24;1057552-31-SE24;1063538-1395-SE24
85101501,Servicios hospitalarios de emergencia o quirúrgico,CLP,8,2,400000.0,463030.0,600000.0,1587325.5,134438123.0,3.43,336.1,1,1057417-2563-SE24;1057417-2564-SE24;1057417-2568-SE24;1057417-2570-SE24;1057417-2576-SE24;1057417-2579-SE24;1057472-2222-SE24
47131810,Productos para lavar platos,CLP,8,7,450.0,894.0,1105.0,3058.5,6840.0,3.42,15.2,0,1051765-113-AG24;1057299-88-SE24;1057402-1820-SE24;1057491-1495-SE24;1057500-1004-AG23;1057532-262-AG24;1070620-7557-AG23;1272228-15-AG24
14111530,Notas de papel autoadhesivo,CLP,9,6,47.0,235.0,381.0,804.0,1915.0,3.42,40.74,1,1057124-4-AG24;1057439-1111-SE24;1057490-86-SE24;1057500-767-AG23;1057500-922-AG23;1390-5-AG24;1402-47-AG24
51102710,Antisépticos basados en alcohol o acetona,CLP,19,9,107.0,1245.0,2600.0,4245.0,17092.0,3.41,159.74,1,1002772-1000-AG24;1057417-1047-SE24;1057417-2613-AG24;1057420-154-SE24;1057491-1541-SE24;1057495-242-SE24;1057495-247-SE24;1057501-1207-AG24;1057501-2730-SE24;1057510-1030-AG24;1057554-1323-SE24;1211839-647-SE23
51142009,Metamizol sódico,CLP,6,5,16.0,48.75,143.5,166.25,190.0,3.41,11.88,0,1057500-957-SE23;1058034-11-AG24;1058034-6-SE24;1058039-4-AG24;1464-65-SE24;1509-48-SE24
47131803,Desinfectantes domésticos,CLP,13,8,145.0,658.0,1527.0,2221.0,584304.0,3.38,4029.68,1,1002772-1001-AG24;1051765-113-AG24;1052231-33-AG24;1057049-1090-SE24;1057491-1600-SE24;1057532-262-AG24;1123-22-AG24;1251185-41-AG24
42272004,Estiletes de intubación,CLP,7,4,1250.0,1375.0,1400.0,4650.0,31500.0,3.38,25.2,1,1057404-17-AG24;1057440-1659-AG24;1057461-437-SE24;1057461-438-SE24;1057461-444-SE24;1057492-4573-AG23;1057492-5244-AG23
30171510,Puertas automáticas,CLP,8,2,40460.0,235620.0,337638.0,793135.0,5219169.0,3.37,129.0,1,1057402-1555-SE24;1057417-2627-SE24
50192401,"Mermeladas, gelatinas, conservas de fruta",CLP,30,7,380.0,890.0,1148.5,2980.0,14786.0,3.35,38.91,1,1057402-1914-SE24;1057402-837-SE24;1057476-27-SE24;1057491-1389-AG24;1057491-1392-AG24;1057513-56-SE24;1057532-272-AG24;1057544-114-CM23;1063538-440-SE24;1063538-50-SE24
50221201,Cereales precocidos y listos para comer,CLP,8,5,590.0,800.0,1427.0,2668.25,4320.0,3.34,7.32,0,1057402-1914-SE24;1057490-269-SE24;1057491-1393-AG24;1057513-56-SE24;1063538-440-SE24;1063538-50-SE24
47131816,Desodorantes,CLP,5,4,1117.0,1121.0,1833.0,3740.0,3741.0,3.34,3.35,0,1057500-1022-AG23;1057500-64-AG24;1123-22-AG24;1218462-12-AG23;1251185-41-AG24
42221803,"Cintas, vendaje, correas o puños para posicionar e",CLP,16,8,158.0,4777.5,5570.5,15900.0,137475.0,3.33,870.09,1,1057417-2067-SE24;1057420-148-SE24;1057461-436-SE24;1057472-2122-SE24;1057491-1606-SE24;1057501-225-SE24;1057554-1180-AG24;1070620-1845-AG24
42294002,Espátulas quirúrgicos,CLP,3,2,33.0,36.0,39.0,119.5,200.0,3.32,6.06,0,1057461-418-SE24;1057461-449-SE24;1213002-60-AG24
91111901,Jardines infantiles o salas cunas,CLF,5,3,12.92,15.5,15.5,51.0,244.58,3.29,18.94,0,1005498-13-SE24;1016414-16-SE24;1057503-835-SE24;1057503-943-SE24
51101805,Cotrimazol,CLP,3,3,221.0,300.5,380.0,990.0,1600.0,3.29,7.24,0,1058027-2-SE24;1058036-111-SE24;1058045-278-SE24
30201904,Unidades quirúrgicas,CLP,7,2,25005.0,131700.0,154400.0,433484.0,730000.0,3.29,29.19,1,1057509-2102-AG24;1057509-2460-AG24;1057509-2737-AG24;1171142-853-AG24
14121504,Papel para embalaje,CLP,3,3,1360.0,2396.0,3432.0,7866.0,12300.0,3.28,9.04,0,1002592-14-AG24;1129-37-AG24;1171142-144-AG23
41101805,Medidores de flujo,CLP,3,2,3500.0,4745.0,5990.0,15495.0,25000.0,3.27,7.14,0,1002772-1130-SE24;1057439-1254-SE24
42211705,Audífonos para personas con discapacidad física,CLP,4,3,199000.0,301845.25,558063.5,982500.0,1590000.0,3.25,7.99,0,1057049-350-SE24;1057049-351-SE24;1057402-929-AG24;1057491-599-SE24
44121708,Marcadores,CLP,45,11,145.0,277.0,330.0,891.0,8614.0,3.22,59.41,1,1031849-62-CC24;1057124-4-AG24;1057299-21-SE24;1057299-23-SE24;1057439-1111-SE24;1057476-64-SE24;1057500-1001-AG23;1057500-922-AG23;1057500-940-AG23;1057500-946-AG23;1057534-175-SE24;1079596-26-SE24;1211839-205-SE24;1402-47-AG24;1506-11-AG24
50201706,Café,CLP,9,7,3360.0,4200.0,5888.0,13500.0,130438.0,3.21,38.82,1,1057388-86-AG24;1057402-1941-SE24;1057551-31-AG24;1079445-59-SE24;1211992-29-AG24;1211992-31-AG24;1323-3-AG24;1593-47-AG24
50181905,Galletas dulces o pastelitos,CLP,28,13,155.0,288.0,568.0,921.25,40000.0,3.2,258.06,1,1057402-1911-SE24;1057402-1914-SE24;1057402-837-SE24;1057490-269-SE24;1057491-1389-AG24;1057500-892-AG23;1057501-1855-AG24;1057513-56-SE24;1057532-272-AG24;1057544-1609-SE23;1063538-440-SE24;1063538-50-SE24;1079445-59-SE24;1134432-87-AG24;1155683-93-AG24;1161266-223-AG24
42131606,Mascarillas de aislamiento o quirófano para el personal sanitario,CLP,4,4,500.0,564.5,788.0,1805.0,4250.0,3.2,8.5,0,1002772-6299-AG23;1057494-523-SE24;1057495-277-AG24;1075963-2199-SE24
42152206,Moldes dentales de laboratorio,CLP,23,3,10.0,8446.0,14399.0,27000.0,121610.0,3.2,12161.0,1,1057402-1926-SE24;1057496-292-SE24;1057496-424-SE24;1380-2548-AG24
41104109,Bolsas de recogida de unidades sanguíneas,CLP,7,2,416.0,10001.0,16002.0,31005.5,44008.0,3.1,105.79,1,1057461-436-SE24;1155-243-SE24
42241705,"Zapatillas y botas yeso, órtesis de pierna o accesorios",CLP,11,3,4350.0,9900.0,16800.0,30345.0,104000.0,3.07,23.91,1,1057049-1739-SE24;1057503-1035-AG24;1075337-609-SE24
24112601,Jarros,CLP,19,5,700.0,2295.0,4990.0,6990.0,28990.0,3.05,41.41,1,1057417-2361-AG24;1057421-95-AG24;1057439-1191-AG24;1057541-79-AG24;1057547-3518-AG24
31201502,Cinta autoadhesiva aislante eléctrica,CLP,3,3,1030.0,4191.5,7353.0,12676.0,17999.0,3.02,17.47,0,1038-46-SE24;1057476-202-AG24;1057495-310-AG24
11111611,Grava,CLP,2,2,21000.0,12544500.0,25068000.0,37591500.0,50115000.0,3.0,2386.43,1,1004-17-SE24;1047296-45-SE24
44103116,Kits para impresoras,CLP,2,2,1.0,32500.75,65000.5,97500.25,130000.0,3.0,130000.0,1,1004625-4-AG24;1057509-2779-AG24
30222602,Campo de deportes,CLP,2,2,350.0,38760491.88,77520633.75,116280775.62,155040917.5,3.0,442974.05,1,1057417-2644-AG24;1191688-249-SE23
44122008,Divisores con uñetas,CLP,6,2,261.0,301.5,605.5,905.0,905.0,3.0,3.47,0,1057554-1197-AG24;1057554-1483-AG24;1079596-26-SE24
41122702,Cintas de etiquetado,CLP,3,3,2568.0,2868.0,3168.0,8584.0,14000.0,2.99,5.45,0,1057417-1213-AG24;1057511-330-AG24;1380-2851-SE24
51102706,Antisépticos de ácido acético,CLP,2,2,33.0,7024.75,14016.5,21008.25,28000.0,2.99,848.48,1,1002772-1064-AG24;1058024-436-AG24
73151905,Servicios de impresión industrial Digital,CLP,2,2,8500.0,1476963.25,2945426.5,4413889.75,5882353.0,2.99,692.04,1,1051425-318-SE22;1087-20-AG24
42201703,Ultrasonido mamográfico o unidades eco,CLP,2,2,18500.0,2691785.0,5365070.0,8038355.0,10711640.0,2.99,579.01,1,1057417-2492-AG24;1057491-1229-SE24
42271602,"Espirómetros, accesorios o suministros",CLP,2,2,1440.0,475830.0,950220.0,1424610.0,1899000.0,2.99,1318.75,1,1057417-2782-AG24;1057890-20-SE23
41121702,Tubos microcentrífugos,CLP,2,2,20.0,4090.0,8160.0,12230.0,16300.0,2.99,815.0,1,1057440-1559-SE24;1057461-428-SE24
42192602,Dosificadores de medicamentos y pastillas o accesorios,CLP,2,2,11330.0,1670997.5,3330665.0,4990332.5,6650000.0,2.99,586.94,1,1057472-1586-SE24;1641-2591-SE24
51121715,Enalapril,CLP,2,2,8.0,1213.5,2419.0,3624.5,4830.0,2.99,603.75,1,1057486-142-SE24;1058104-61-SE24
80111502,Planificación de compensaciones o beneficios,CLP,2,2,3863.95,752897.96,1501931.97,2250965.99,3000000.0,2.99,776.41,1,1057486-71-SE24;1209403-17-SE24
42221602,"Protectores, tapas, sitios de inyección o puertos de administración arterial o intravenosa",CLP,2,2,25.0,3933.0,7841.0,11749.0,15657.0,2.99,626.28,1,1057495-288-AG24;1549-624-CM22
42181516,Unidades de electromiografía (EMG) o accesorios,CLP,2,2,5600.0,604200.0,1202800.0,1801400.0,2400000.0,2.98,428.57,1,1057049-913-SE24;1057472-1589-SE24
42142119,Instrumental para hipotermia,CLP,2,2,1470.0,133952.5,266435.0,398917.5,531400.0,2.98,361.5,1,1057461-452-SE24;1057501-1441-AG24
51161615,Cetirizina,CLP,4,4,1299.0,1357.5,2588.5,4026.5,4706.0,2.97,3.62,0,1038999-28-AG24;1057500-878-SE23;1058104-38-SE24;1221016-267-SE23
42294304,Instrumentos marcadores de biopsia invasiva mínima de pecho,CLP,2,2,1100.0,73325.0,145550.0,217775.0,290000.0,2.97,263.64,1,1057049-929-SE24;1057498-856-AG24
53131624,Toallitas húmedas,CLP,2,2,1025.0,72768.75,144512.5,216256.25,288000.0,2.97,280.98,1,1057388-54-AG24;1057473-89-AG24
12142105,Aire industrial,CLP,2,2,12225.0,726668.75,1441112.5,2155556.25,2870000.0,2.97,234.76,1,1058024-413-SE24;1523-3219-SE23
42231806,Alimento nutritivo médico o espesadores de líquido,CLP,28,7,1000.0,1977.5,2522.5,5850.0,10590.0,2.96,10.59,0,1057049-1185-SE24;1057049-1186-SE24;1057049-1189-SE24;1057049-1191-SE24;1057049-1193-SE24;1057049-88-SE24;1057051-12-CC24;1057051-13-CC24;1057430-442-AG24;1057491-1437-SE24;1057534-207-SE24;1057544-7371-SE23;1058088-877-SE23;1058439-5-CC24
41116109,Reactivos o soluciones de coagulación,CLP,2,2,1778.0,81354.25,160930.5,240506.75,320083.0,2.96,180.02,1,1057374-116-SE24;1070620-1890-AG24
50121537,Pescado congelado,CLP,6,5,1133.0,4471.75,9943.5,13202.75,13437.0,2.95,11.86,0,1057402-1237-SE24;1057429-572-SE24;1057429-621-SE24;1057509-2810-SE24;1057511-322-SE24;1057544-114-CM23
30161710,Suelos laminados,CLP,2,2,24961.0,1064939.25,2104917.5,3144895.75,4184874.0,2.95,167.66,1,1052231-37-SE24;1116007-20-SE24
39121436,Electrodos,CLP,2,2,235.0,8676.25,17117.5,25558.75,34000.0,2.95,144.68,1,1057501-23-AG24;1272565-289-SE24
51141605,Hidrocloruro de paroxetina,CLP,2,2,40.0,1674.75,3309.5,4944.25,6579.0,2.95,164.47,1,1058028-24-SE24;1221016-267-SE23
42221503,Catéteres venosos centrales,CLP,36,14,326.0,22750.0,46000.0,66914.25,2150000.0,2.94,6595.09,1,1057049-1230-SE24;1057049-956-SE24;1057402-12976-SE23;1057417-12077-SE23;1057417-2567-AG24;1057472-2100-SE24;1057492-816-SE24;1057498-2367-SE23;1057501-1296-SE24;1057501-1846-SE24;1057501-2097-SE24;1057501-777-AG24;1057503-1091-AG24;1057503-1118-SE24;1057503-1120-SE24;1057511-329-SE24;1057539-282-SE24;1057544-1319-SE24;1057544-1463-SE24;1057547-4092-SE24;1057547-4150-SE24;1380-2856-SE24;1380-2872-SE24;1549-624-CM22;1549-904-AG24
42271801,Vaporizadores o humedecedores respiratorios,CLP,2,2,5900.0,204425.0,402950.0,601475.0,800000.0,2.94,135.59,1,1057389-744-AG24;1057544-1462-SE24
14111705,Servilletas de papel,CLP,2,2,333.0,10791.75,21250.5,31709.25,42168.0,2.94,126.63,1,1057402-1795-SE24;1057430-500-AG24
52161518,Receptores GPS,CLP,2,2,11734.0,366400.5,721067.0,1075733.5,1430400.0,2.94,121.9,1,1057414-88-SE24;1057550-414-SE22
25174004,Refrigerante de motor,CLP,2,2,3362.0,102508.75,201655.5,300802.25,399949.0,2.93,118.96,1,1057421-129-SE24;1142-49-AG24
78102203,Servicios de entrega o recolección de correo,CLP,3,3,151261.0,453782.0,756303.0,1323151.5,1890000.0,2.92,12.49,0,1040782-1-AG24;1057552-26-AG24;1281-10-AG21
43212108,Impresoras de cinta térmica,CLP,3,2,6535.0,11338.0,16141.0,33065.5,49990.0,2.92,7.65,0,1004625-4-AG24;1057541-101-SE24
51142123,Ketorolaco trometamol,CLP,2,2,39.0,929.25,1819.5,2709.75,3600.0,2.92,92.31,1,1058034-11-AG24;1058101-25-SE24
42221603,Tubería de extensión arterial o intravenosa,CLP,8,6,290.0,365.0,494.5,1062.5,2120.0,2.91,7.31,0,1057049-1222-SE24;1057049-975-SE24;1057492-678-SE24;1057501-2227-SE24;1057503-1121-SE24;1057539-1737-SE24;1058086-1201-SE24
51172106,Clorhidrato de oxibutinina,CLP,2,2,49.0,1069.75,2090.5,3111.25,4132.0,2.91,84.33,1,1038999-179-AG23;1058131-131-SE24
85101503,Servicios de consulta médica,CLP,13,6,11500.0,25000.0,36000.0,72342.0,4096400.0,2.89,356.21,1,1057389-581-SE24;1057417-2565-SE24;1057417-2566-SE24;1057417-2638-SE24;1057417-2722-SE24;1057430-453-SE24;1057430-566-SE24;1057492-410-SE24;1057492-801-SE24;1057544-7510-SE23;1070620-2016-AG24
50192902,Pasta o tallarines naturales estables sin refriger,CLP,22,5,484.0,657.5,1783.0,1900.0,2132.0,2.89,4.4,0,1057402-1914-SE24;1057402-1956-SE24;1057402-837-SE24;1057402-926-SE24;1057501-1874-AG24;1057532-272-AG24;1057544-114-CM23;1063538-440-SE24;1063538-50-SE24
70141605,Servicios integrados de gestión de plagas,CLP,4,4,85000.0,330895.0,556430.0,955050.0,1720200.0,2.89,20.24,1,1057492-751-SE24;1057547-3971-SE24;1096-16-AG24;1171142-806-SE24
51241208,Cremas o ungüentos hidrofílicos,CLP,3,3,650.0,3000.0,5350.0,8675.0,12000.0,2.89,18.46,0,1057418-94-AG24;1057547-4180-AG24;1058131-159-SE24
42231802,Fórmulas suplementarias pediátricas,CLP,26,6,1290.0,3290.0,6610.0,9490.0,16470.0,2.88,12.77,0,1057388-60-AG24;1057440-1492-SE24;1057494-290-CC23;1057509-2869-AG24;1057509-2997-AG24;1057547-3826-CC24;1057554-438-CC24
31181601,Sellos de plástico,CLP,2,2,157.0,2617.75,5078.5,7539.25,10000.0,2.88,63.69,1,1057402-1798-AG24;1380-2722-AG24
50151605,Grasas comestibles de animal,CLP,2,2,40.0,642.5,1245.0,1847.5,2450.0,2.88,61.25,1,1057439-1084-AG24;1173041-7-SE24
42281521,Sets de esterilización,CLP,6,4,33000.0,80011.25,215742.5,230000.0,3290000.0,2.87,99.7,1,1057049-8071-SE23;1057417-2556-SE24;1057492-2184-CM21;1058086-1081-SE24
51212401,Citrato de sildenafil,CLP,2,2,95.0,1496.25,2897.5,4298.75,5700.0,2.87,60.0,1,1038999-28-AG24;1058128-483-SE24
51121759,Olmesartán medoxomilo,CLP,2,2,228.0,3401.0,6574.0,9747.0,12920.0,2.87,56.67,1,1057500-884-SE23;1211839-362-SE23
42203407,Sets de suministro de contrastes para angiografía,CLP,2,2,12500.0,195872.5,379245.0,562617.5,745990.0,2.87,59.68,1,1057501-2511-AG24;1380-3056-SE24
42201801,Película para radiografías cardiológicas,CLP,2,2,3200.0,48789.0,94378.0,139967.0,185556.0,2.87,57.99,1,1057513-101-SE24;1057544-1521-SE24
42271903,Tubos endotraquiales,CLP,17,10,480.0,770.0,1800.0,2200.0,5900.0,2.86,12.29,0,1003473-791-AG24;1057404-157-AG24;1057434-191-AG24;1057495-279-AG24;1057498-596-AG24;1057510-877-AG24;1057551-54-AG24;1057554-1140-AG24;1070620-11665-AG23;1380-2006-AG24
42142108,Almohadillas o compresas de calentar o de refrescar,CLP,2,2,176.0,2607.0,5038.0,7469.0,9900.0,2.86,56.25,1,1057404-151-AG24;1057429-622-AG24
42311603,Celulosa oxidizada,CLP,2,2,9831.0,144907.75,279984.5,415061.25,550138.0,2.86,55.96,1,1057501-15224-SE23;1057544-1314-SE24
80111614,Servicios temporales de ingeniería,CLP,2,2,3161668.0,42682343.38,82203018.75,121723694.12,161244369.5,2.85,51.0,1,1057486-130-SE24;1180885-72-SE23
41104007,Toma muestras de agua,CLP,2,2,221136.0,2772337.0,5323538.0,7874739.0,10425940.0,2.84,47.15,1,1019-94-AG24;1272565-355-SE24
42272012,Tubos o tuberías de succión,CLP,5,2,4900.0,7000.0,7000.0,19900.0,19900.0,2.84,4.06,0,1057049-961-SE24;1057049-966-SE24;1057492-754-SE24
42295451,Kits de preparación quirúrgica,CLP,3,2,883.0,8441.5,16000.0,24000.0,32000.0,2.84,36.24,1,1057492-796-SE24;1057509-2978-SE24
85121504,Servicios médicos de emergencia,CLP,2,2,30000.0,372500.0,715000.0,1057500.0,1400000.0,2.84,46.67,1,1057509-2047-SE24;1057547-1808-AG24
50193001,Comida para bebés,CLP,12,4,1290.0,2915.0,5600.0,8225.0,11600.0,2.82,8.99,0,1031866-18-CC24;1057402-1908-SE24;1057417-1825-SE24;1057491-1389-AG24
43201803,Discos duros,CLP,4,2,10200.0,13665.0,22430.0,38540.0,64040.0,2.82,6.28,0,1057417-2071-AG24;1057494-485-AG24
14111601,"Papel, bolsas o cajas de regalo",CLP,2,2,12.0,124.5,237.0,349.5,462.0,2.81,38.5,1,1057402-12668-AG23;1057472-2041-SE24
50121538,Pescado estable sin refrigerar,CLP,4,2,830.0,845.0,1016.0,2377.0,5962.0,2.81,7.18,0,1057491-1441-AG24;1057532-272-AG24
51161633,Desloratadina,CLP,2,2,28.0,291.0,554.0,817.0,1080.0,2.81,38.57,1,1057499-92-SE24;1221016-269-SE23
14111531,Libros o cuadernos de registro,CLP,39,13,50.0,1768.0,2950.0,4926.5,19540.0,2.79,390.8,1,1038-69-AG24;1057299-21-SE24;1057439-1111-SE24;1057476-64-SE24;1057490-86-SE24;1057500-1001-AG23;1057500-898-AG23;1057534-175-SE24;1067526-22-AG24;1079596-26-SE24;1091-118-AG24;1242121-136-SE24;1271357-26-SE24;1402-47-AG24;1506-11-AG24
51142121,Diclofenaco,CLP,10,9,11.0,151.5,205.0,422.5,746.0,2.79,67.82,1,1057055-299-AG24;1057384-79-SE24;1057500-882-SE23;1058034-11-AG24;1058034-6-SE24;1058039-4-AG24;1058095-794-AG24;1058128-516-AG24;1062456-58-AG24;1509-48-SE24
11162118,Tejido de hilado de papel,CLP,2,2,1550.0,14910.0,28270.0,41630.0,54990.0,2.79,35.48,1,1028871-129-SE24;1272565-283-SE24
41122407,Bisturíes de laboratorio,CLP,2,2,48.0,448.5,849.0,1249.5,1650.0,2.79,34.38,1,1057049-616-SE24;1057503-682-SE24
48101902,Platos y cubiertos de servicio,CLP,2,2,1700.0,16272.5,30845.0,45417.5,59990.0,2.79,35.29,1,1057421-95-AG24;1057500-1032-AG23
51201512,Clorhidrato de micofenolato de mofetilo,CLP,2,2,260.0,2505.0,4750.0,6995.0,9240.0,2.79,35.54,1,1058095-528-AG24;1058132-78-SE24
50171550,Especias o extractos,CLP,8,4,990.0,1400.0,2580.5,3890.0,6490.0,2.78,6.56,0,1057402-1914-SE24;1057402-837-SE24;1057490-275-SE24;1057490-498-SE24;1057513-56-SE24;1057544-1513-SE23
32101622,Memoria flash,CLP,2,2,2759.0,25319.25,47879.5,70439.75,93000.0,2.78,33.71,1,1051173-37-AG24;1057498-768-AG24
73152101,Servicio de mantenimiento de equipo de fabricación,CLP,83,19,12976.0,324391.5,400000.0,898750.0,14400000.0,2.77,1109.74,1,1057384-611-SE23;1057404-9-SE24;1057404-949-SE23;1057419-58-SE24;1057419-59-SE24;1057430-197-SE24;1057434-216-SE24;1057439-470-SE24;1057439-877-AG24;1057439-950-SE24;1057439-952-SE24;1057439-957-SE24;1057439-959-SE24;1057440-512-SE24;1057472-10570-SE23;1057472-11428-SE23;1057472-122-SE24;1057472-1268-AG24;1057472-1308-SE24;1057472-1531-SE24;1057472-1534-SE24;1057472-1547-SE24;1057472-1561-SE24;1057472-1568-SE24;1057472-1578-SE24;1057472-1730-SE24;1057472-1732-SE24;1057472-1786-SE24;1057472-1916-SE24;1057472-2750-SE22;1057472-983-SE24;1057492-615-SE24;1057495-1610-SE23;1057495-1651-AG23;1057495-268-SE24;1057496-388-SE24;1057496-399-SE24;1057500-846-AG23;1057501-15889-SE23;1057501-2116-SE24;1057536-239-SE24;1057536-243-SE24;1057536-324-SE24;1057536-325-SE24;1057539-1980-SE24;1057539-306-SE24;1057539-490-AG23;1057543-2597-SE23;1057554-1460-AG24;1075963-1520-SE24;1075963-1662-SE24;1075963-2042-SE24;1075963-2043-SE24;1075963-2445-SE24;1075963-502-SE24;1075963-641-SE24;1171142-3003-SE23
51181713,Prednisona,CLP,2,2,53.0,459.75,866.5,1273.25,1680.0,2.77,31.7,1,1038999-28-AG24;1047027-199-AG24
52161505,"Televisores convencionales, de plasma y LCD",CLP,4,4,225900.0,245542.5,459234.0,678354.45,714283.8,2.76,3.16,0,1057420-111-AG24;1057509-2814-AG24;1057973-31-SE23;1155683-523-SE23
44121619,Sacapuntas,CLP,4,3,85.71,130.18,232.5,359.0,476.0,2.76,5.55,0,1057439-1111-SE24;1057439-881-AG24;1211839-205-SE24;1271357-26-SE24
42152423,Selladores de orificios o fisuras dentales,CLP,2,2,10390.0,85417.5,160445.0,235472.5,310500.0,2.76,29.88,1,1057440-1415-SE24;1057536-86-SE24
51171605,Lactulosa,CLP,11,8,181.0,1418.0,2654.0,3901.0,10030.0,2.75,55.41,1,1047027-563-SE23;1058026-11-SE24;1058034-6-SE24;1058043-109-SE24;1058094-390-SE24;1058094-399-AG24;1058102-272-SE24;1062456-72-SE24;1171142-1042-AG24;1171142-727-AG24
42272219,Filtros o intercambiadores de humedad o calor del ,CLP,5,4,900.0,1090.0,1725.0,3000.0,276896.0,2.75,307.66,1,1057402-10698-SE23;1057491-1638-AG24;1057501-241-SE24;1057501-356-SE24;1057503-559-AG24
42281523,Filtro de mangas de esterilización,CLP,26,3,1200.0,14575.25,26990.0,40100.0,76500.0,2.75,63.75,1,1002772-1333-AG24;1057544-1632-SE24;1057544-538-SE24;1057551-54-AG24
51101584,Gentamicina,CLP,3,3,820.0,2385.0,3950.0,6531.0,9112.0,2.74,11.11,0,1058045-85-SE24;1058131-127-SE24;1075339-216-AG24
51172101,Clorhidrato de mebeverina,CLP,4,3,27.0,485.25,944.0,1323.5,1544.0,2.73,57.19,1,1057500-884-SE23;1058034-11-AG24;1058034-6-SE24;1058103-201-SE24
42142532,Agujas o kits de pericardiocentesis o accesorios,CLP,6,2,1750.0,40000.0,41000.0,109050.0,137700.0,2.73,78.69,1,1057417-1954-AG24;1057417-2509-AG24;1057417-2630-AG24;1057544-1406-SE24
41104104,Torniquetes,CLP,2,2,341.0,2503.25,4665.5,6827.75,8990.0,2.73,26.36,1,1057439-1179-AG24;1058086-1183-SE24
31161816,Espaciadores y separadores,CLP,2,2,562.0,4171.5,7781.0,11390.5,15000.0,2.73,26.69,1,1057439-881-AG24;1057510-1060-AG24
42311527,Vendajes de película transparente,CLP,9,2,178.0,476.0,910.0,1297.0,7860.0,2.72,44.16,1,1057472-1106-SE24;1057472-1481-SE24;1057500-75-SE24
72102301,"Supervisión de instalación, ajuste o mantenimiento",CLP,4,4,150000.0,237300.0,378200.0,642500.0,1100000.0,2.71,7.33,0,1057480-554-SE24;1057495-1174-AG23;1057551-47-AG24;1283719-8-AG24
41112213,Termómetros de mano,CLP,2,2,1200.0,8147.5,15095.0,22042.5,28990.0,2.71,24.16,1,1057402-13093-SE23;1057422-120-SE24
60123601,Pegamento de purpurina,CLP,2,2,390.0,2653.25,4916.5,7179.75,9443.0,2.71,24.21,1,1116007-20-SE24;1271357-26-SE24
42142516,Agujas con aberturas,CLP,8,2,550.0,2076.0,4081.0,5600.0,11725.0,2.7,21.32,1,1057417-2080-AG24;1057417-2081-AG24;1057417-2605-AG24;1057544-1180-SE24;1057544-1452-SE24
51141633,Oxalato de escitalopram,CLP,2,2,37.0,249.75,462.5,675.25,888.0,2.7,24.0,1,1058090-221-SE24;1221016-267-SE23
30111601,Cemento,CLP,2,2,14737.0,93750.23,172763.45,251776.68,330789.91,2.69,22.45,1,1050283-209-SE24;1172953-32-AG24
52121505,Almohadas,CLP,6,2,2849.0,3576.75,5817.5,9592.75,15958.0,2.68,5.6,0,1057389-791-AG24;1057536-289-AG24
50161509,Productos de edulcorantes o azúcares naturales,CLP,17,12,775.0,1011.0,1303.0,2700.0,425000.0,2.67,548.39,1,1057402-1956-SE24;1057491-1392-AG24;1057500-55-AG24;1057501-1873-AG24;1057513-56-SE24;1057532-272-AG24;1057544-114-CM23;1057544-1609-SE23;1057551-31-AG24;1063538-440-SE24;1063538-50-SE24;1079445-59-SE24;1323-3-AG24;1529-163-AG23
43212102,Impresoras de matriz de puntos,CLP,2,2,167845.0,1000883.75,1833922.5,2666961.25,3500000.0,2.66,20.85,1,1040758-136-AG23;1057428-535-SE23
42151638,Tijeras dentales,CLP,2,2,4800.0,28426.75,52053.5,75680.25,99307.0,2.66,20.69,1,1057388-50-SE24;1062448-172-SE24
42271607,Tubos o accesorios de la función pulmonar,CLP,46,11,19.0,490.0,1030.0,1300.0,35000.0,2.65,1842.11,1,1057049-933-SE24;1057049-967-SE24;1057049-984-SE24;1057419-97-SE24;1057492-495-AG23;1057492-809-SE24;1057494-1276-SE23;1057501-2107-AG24;1057503-228-SE24;1057539-1355-AG24;1057539-1737-SE24;1058086-1113-SE24;1063538-1292-SE24;1075963-2642-SE24;1113159-21-SE24
42171903,Cajas de medicamentos de servicios médicos de urge,CLP,92,11,10.5,6057.0,11024.5,15976.75,1666183.0,2.64,158684.1,1,1038999-1-SE24;1038999-18-SE24;1038999-2-SE24;1038999-21-SE24;1038999-22-SE24;1038999-23-SE24;1038999-24-SE24;1038999-29-AG24;1038999-3-SE24;1038999-5-SE24;1057384-76-SE24;1057536-3333-AG23;1058027-10-SE24;1058027-2-SE24;1058027-5-SE24;1058027-8-SE24;1058043-282-AG24;1058043-299-AG24;1058043-323-AG24;1058043-326-AG24;1058043-329-SE24;1058043-343-SE24;1058043-352-SE24;1058043-355-SE24;1058043-360-SE24;1058045-280-SE24;1058087-148-SE24;1058087-38-AG24;1100719-163-AG24;1211839-359-SE23;1211839-362-SE23;1235188-370-AG23;1382-83-SE24
42272501,Aparatos de anestesia con gas,CLP,4,2,446250.0,736638.75,1174672.0,1943547.25,3226462.0,2.64,7.23,0,1057417-553-SE24;1057494-4516-SE23
44121804,Borradores,CLP,2,2,382.0,2126.5,3871.0,5615.5,7360.0,2.64,19.27,0,1057439-1111-SE24;1079596-26-SE24
56101515,Camas,CLP,2,2,180000.0,967500.0,1755000.0,2542500.0,3330000.0,2.63,18.5,0,1021609-40-SE24;1079596-30-AG24
51161820,Eucaliptol o aceite de eucalipto,CLP,2,2,2380.0,13035.0,23690.0,34345.0,45000.0,2.63,18.91,0,1057500-894-AG23;1057544-981-SE24
52151502,Platos desechables domésticos,CLP,12,5,10.0,50.25,102.0,131.75,25504.0,2.62,2550.4,1,1057415-68-AG24;1057417-1917-AG24;1057491-1440-SE24;1057491-1462-SE24;1057491-1467-SE24;1057551-39-AG24;1057554-489-SE24;1057554-6401-SE23
53101502,Pantalones y short para hombre,CLP,6,3,5978.0,11849.5,21004.0,31052.5,68403.0,2.62,11.44,0,1057388-88-AG24;1230771-7-AG24;1421-66-SE24
47131501,Frazadas o mopas para limpieza del suelo,CLP,6,3,765.0,1275.0,2192.5,3323.75,3828.0,2.61,5.0,0,1057049-1090-SE24;1057402-1795-SE24;1057473-75-AG24
41104017,Porta muestras,CLP,2,2,2100.0,10825.0,19550.0,28275.0,37000.0,2.61,17.62,0,1057440-1273-AG24;1211839-647-SE23
42272006,Introductores,CLP,8,5,22000.0,25000.0,29000.0,65000.0,129000.0,2.6,5.86,0,1057501-1989-SE24;1057503-1047-SE24;1057544-1571-SE24;1057547-3124-SE24;1057547-4252-SE24;1063538-4816-SE23
47131705,Accesorios para urinarios o aseos,CLP,17,4,538.0,1638.0,1800.0,4264.0,13923.0,2.6,25.88,1,1028871-6-SE24;1057491-1649-AG24;1057541-127-AG24;1057551-54-AG24
82101504,Publicidad en periódicos,CLP,3,3,30000.0,74130.0,118260.0,192480.0,266700.0,2.6,8.89,0,1004823-19-AG24;1011183-37-AG24;1084156-139-AG24
78102201,Servicios de entrega postal nacional,CLP,3,3,1000000.0,1250000.0,1500000.0,3250000.0,5000000.0,2.6,5.0,0,1028897-287-AG23;1057448-495-SE23;1057532-231-AG24
80111504,"Formación, capacitación y entrenamiento de personal",CLP,24,3,160000.0,875000.0,1695500.0,2276750.0,40033200.0,2.6,250.21,1,1057500-297-SE23;1057500-366-SE23;1057500-570-SE23;1057500-609-SE23;1057500-621-SE23;1057500-666-SE23;1057500-667-SE23;1057500-678-SE23;1057500-680-SE23;1057500-683-SE23;1057500-695-SE23;1057500-696-SE23;1057500-754-SE23;1057500-755-SE23;1057500-795-SE23;1057508-162-SE24;1057539-11781-AG23
85101706,Servicios sanitarios tradicionales,CLP,3,2,260.0,43755.0,87250.0,113425.0,139600.0,2.59,536.92,1,1057476-37-SE24;1057476-38-SE24;1078886-15-SE24
10151605,Semillas de avena,CLP,6,4,858.0,906.5,1426.0,2334.75,3017.0,2.58,3.52,0,1057513-56-SE24;1057544-1609-SE23;1057551-31-AG24;1063538-440-SE24;1063538-50-SE24
42161509,Unidades de diálisis peritoneal,CLP,18,2,2569.0,5005.0,8162.0,12913.25,22890.0,2.58,8.91,0,1057049-9051-SE23;1057055-294-SE24;1380-1305-SE24;1380-2542-SE24
60121301,Guillotinas,CLP,3,2,10000.0,10639.5,11279.0,27460.0,43641.0,2.58,4.36,0,1057500-89-AG24;1057536-361-AG24
80161504,Servicios administrativos,CLP,2,2,300000.0,1445138.0,2590276.0,3735414.0,4880552.0,2.58,16.27,0,1057509-7352-SE22;1060500-5-SE24
51141921,Clorhidrato de midazolam,CLP,2,2,440.0,2095.0,3750.0,5405.0,7060.0,2.58,16.05,0,1058043-104-AG24;1058101-43-SE24
50121539,Pescado fresco,CLP,10,4,2350.0,3412.5,5925.0,8758.5,10200.0,2.57,4.34,0,1057370-43-SE24;1057430-2786-SE23;1057513-112-SE24;1079445-59-SE24
42151675,Kits de restauración dental,CLP,2,2,2990.0,13992.5,24995.0,35997.5,47000.0,2.57,15.72,0,1051765-112-AG24;1057544-1516-SE24
14111704,Papel higiénico,CLP,17,14,193.0,1750.0,2215.0,4472.0,21690.0,2.56,112.38,1,1057062-541-AG23;1057299-88-SE24;1057402-1044-SE24;1057402-1875-SE24;1057461-399-SE24;1057491-693-SE24;1057491-743-AG24;1057545-187-AG24;1084156-1133-SE23;1088-20-AG24;1123-22-AG24;1218462-12-AG23;1231-22-AG24;1251185-41-AG24;1272228-15-AG24;1525-5-AG24
52151504,Tazas o vasos desechables domésticos,CLP,20,12,17.0,31.25,46.5,80.0,4202.0,2.56,247.18,1,1057388-86-AG24;1057389-803-AG24;1057402-1800-SE24;1057415-68-AG24;1057440-1656-SE24;1057491-1267-AG24;1057500-55-AG24;1057500-854-AG23;1057509-2203-AG24;1057545-187-AG24;1057551-39-AG24;1134432-87-AG24;1211992-29-AG24
51181742,Propionato de clobetasol,CLP,2,2,559.0,2544.25,4529.5,6514.75,8500.0,2.56,15.21,0,1058045-223-SE24;1171142-834-AG24
51141502,Clonazepam,CLP,3,2,16.0,2303.0,4590.0,5865.0,7140.0,2.55,446.25,1,1058097-187-AG24;1211839-359-SE23
47131704,Jabón de uso público o expendedoras de loción,CLP,4,4,1765.0,2925.25,5362.5,7434.75,7500.0,2.54,4.25,0,1057490-574-SE24;1057534-144-AG24;1058106-113-SE24;1272565-269-SE24
51101580,Cefadroxilo,CLP,7,7,72.0,1098.0,2060.0,2778.0,6555.0,2.53,91.04,1,1058026-9-SE24;1058044-303-SE24;1058104-61-SE24;1058128-409-AG24;1058131-168-AG24;1058135-40-AG24;1165649-63-AG24
51141618,Clorhidrato de fluoxetina,CLP,5,5,19.0,55.0,96.0,139.0,2277.0,2.53,119.84,1,1047027-172-SE24;1057384-79-SE24;1058014-213-SE23;1058131-126-SE24;1221016-269-SE23
42292603,Sondas o directores quirúrgicos,CLP,37,4,141.0,550.0,590.0,1390.0,37500.0,2.53,265.96,1,1057492-833-AG24;1057498-180-AG24;1057498-884-AG24;1057498-974-SE23;1057498-977-SE23;1075963-2368-SE24;1549-624-CM22
42231803,Fórmulas suplementarias para enfermedades específi,CLP,25,3,1595.0,3360.0,5739.0,8490.0,11500.0,2.53,7.21,0,1031866-18-CC24;1057501-2158-CC24;1057501-2192-CC24;1057501-2652-CC24;1058544-18-CC23
41116140,"Kits de ensayo parasitológicos o micológicos, o suministros",CLP,2,2,28500.0,121375.0,214250.0,307125.0,400000.0,2.53,14.04,0,1002772-1106-AG24;1057539-2505-SE24
44111808,Regla T,CLP,14,4,78.0,186.02,468.0,468.0,1900.0,2.52,24.36,1,1057500-1001-AG23;1057500-940-AG23;1079596-26-SE24;1211839-205-SE24;1402-47-AG24
42203402,Catéteres o juegos vasculares intervencional o diagnósticos,CLP,17,6,22000.0,125000.0,249990.0,314100.0,980000.0,2.51,44.55,1,1002772-1165-SE24;1002772-1174-SE24;1002772-1179-SE24;1057472-1900-SE24;1057472-1901-SE24;1057489-2380-SE24;1057491-1521-AG24;1057501-2085-SE24;1057501-2207-SE24;1057501-365-SE24;1057501-71-SE24;1155-464-SE24
40101701,Aires acondicionados,CLP,6,5,170000.0,254820.75,342834.5,640756.75,2475000.0,2.51,14.56,0,1035685-5-AG24;1057499-812-SE23;1057544-1055-SE24;1155683-22-AG24;1611-24-AG24
72102402,Servicios de pintura de interiores,CLP,2,2,56000.0,229500.0,403000.0,576500.0,750000.0,2.51,13.39,0,1057390-121-SE24;1091793-60-AG24
51211615,Azul de metileno,CLP,6,6,1950.0,3005.0,4000.0,7500.0,25000.0,2.5,12.82,0,1057439-478-AG24;1058095-2834-SE23;1058102-1180-AG23;1058128-506-SE24;1058132-338-AG24;1549-666-AG24
90111501,Hoteles,CLP,2,2,23000.0,92250.0,161500.0,230750.0,300000.0,2.5,13.04,0,1057062-555-AG23;1082957-56-AG24
46171618,Timbres de puerta,CLP,2,2,990.0,3950.75,6911.5,9872.25,12833.0,2.5,12.96,0,1057299-105-AG24;1057534-240-AG24
43231508,Programas de gestión de inventario,CLP,2,2,64343.0,258341.25,452339.5,646337.75,840336.0,2.5,13.06,0,1057492-679-SE24;1084156-122-SE24
51191802,Cloruro potásico,CLP,3,2,300.0,300.0,300.0,750.0,1200.0,2.5,4.0,0,1058095-3-SE24;1058095-349-SE24;1058102-61-SE24
82121505,Impresión promocional o publicitaria,CLP,4,3,18000.0,18000.0,23000.0,44750.0,95000.0,2.49,5.28,0,1057499-932-AG23;1057704-2-AG24;1057704-4-AG24;1106245-11-AG24
42191809,Compresas de presión alternativa o bombas,CLP,2,2,1200.0,4692.5,8185.0,11677.5,15170.0,2.49,12.64,0,1057498-978-SE23;1058086-1207-SE24
51142618,Clorhidrato de metilfenidato,CLP,2,2,942.0,3725.25,6508.5,9291.75,12075.0,2.49,12.82,0,1058104-61-SE24;1384-200-AG24
51102707,Gluconato de clorhexidina,CLP,18,12,82.0,3051.5,4231.5,7560.0,15000.0,2.48,182.93,1,1051765-112-AG24;1057049-353-SE24;1057420-130-SE24;1057440-1649-SE24;1057495-222-SE24;1057495-231-SE24;1057498-195-AG24;1057501-12945-SE23;1057503-1087-AG24;1057512-232-AG24;1057534-235-SE24;1063538-1395-SE24;1380-2778-SE24
51151824,Mesilato de doxazosina,CLP,2,2,715.0,2732.75,4750.5,6768.25,8786.0,2.48,12.29,0,1058086-118-SE24;1058102-240-SE24
55101519,Publicaciones periódicas,CLP,2,2,109244.0,411933.0,714622.0,1017311.0,1320000.0,2.47,12.08,0,1098-4-AG24;1611-29-SE24
42181905,Cables de control de transductor médico,CLP,4,4,10486.0,11610.25,13442.5,28550.0,69500.0,2.46,6.63,0,1057440-1630-SE24;1057491-1575-SE24;1057495-89-AG24;1075963-2857-SE24
44122011,Carpetas para archivos,CLP,44,13,196.0,375.5,556.5,921.75,17000.0,2.45,86.73,1,1011183-35-AG24;1031849-62-CC24;1057124-4-AG24;1057299-21-SE24;1057299-23-SE24;1057439-1111-SE24;1057492-755-AG24;1057500-1001-AG23;1057500-953-AG23;1057511-245-AG24;1057541-90-AG24;1057552-85-AG24;1079596-26-SE24;1211839-201-SE24;1237328-95-AG24;1506-11-AG24
78131804,Servicios de almacenaje de documentos,CLP,2,2,1934450.0,6632504.75,11330559.5,16028614.25,20726669.0,2.42,10.71,0,1002584-623-SE23;1057414-94-SE24
50111510,Carne de ave o carne fresca,CLP,43,12,590.0,3200.42,4990.0,7675.0,10500.0,2.4,17.8,0,1057370-43-SE24;1057379-125-SE24;1057379-126-SE24;1057384-189-AG24;1057389-786-SE24;1057389-787-SE24;1057476-267-AG24;1057476-271-SE24;1057489-17-SE24;1057490-269-SE24;1057511-322-SE24;1057513-112-SE24;1057554-488-SE24;1057554-6394-SE23;1075337-318-SE24;1079445-59-SE24
50151513,Aceites de plantas y verduras comestibles,CLP,10,7,1524.0,1998.75,3313.5,4805.0,7777.0,2.4,5.1,0,1057402-1943-SE24;1057491-1441-AG24;1057532-272-AG24;1057539-1514-AG24;1057544-114-CM23;1057544-1609-SE23;1063538-440-SE24;1063538-50-SE24;1079445-59-SE24
42312306,Productos médicos mecánicos de desbridamiento,CLP,2,2,450.0,1511.5,2573.0,3634.5,4696.0,2.4,10.44,0,1002772-1007-AG24;1057492-748-SE24
31201517,Cinta para empaquetar,CLP,4,3,212.0,342.5,580.82,819.22,950.0,2.39,4.48,0,1057124-4-AG24;1211839-205-SE24;1514-1122-SE24
42201809,Inyectores de agentes de contraste para los sistem,CLP,9,2,6900.0,7200.0,11200.0,17200.0,27800.0,2.39,4.03,0,1057503-1050-SE24;1057547-4068-SE24
42312312,Bandejas de cuidado o limpieza cutáneos,CLP,5,3,880.0,1010.0,1450.0,2400.0,98000.0,2.38,111.36,1,1057489-2403-SE24;1057495-174-AG24;1057495-186-AG24;1057495-205-AG24;1057544-1364-SE24
42311515,Vendajes hidrocoloides,CLP,8,5,521.0,1498.0,1539.0,3551.5,6000.0,2.37,11.52,0,1057461-316-SE24;1057461-386-SE24;1057461-44-SE24;1057472-1336-SE24;1057501-15865-SE23;1057501-2371-AG24;1057543-379-SE24;1057544-1280-SE24
51181516,Glibenclamida o gliburida,CLP,2,2,71.0,225.51,380.02,534.53,689.04,2.37,9.7,0,1057415-89-AG24;1057500-882-SE23
42181517,Unidades de electroencefalografía (EEG) o accesorios,CLP,3,2,245.0,5065.0,9885.0,11992.5,14100.0,2.37,57.55,1,1057491-1534-SE24;1057491-1535-SE24;1063538-1277-SE24
44122019,Cajas de archivo o accesorios,CLP,2,2,1473.0,4676.25,7879.5,11082.75,14286.0,2.37,9.7,0,1057534-175-SE24;1200-15-AG24
50171549,Hierbas secas,CLP,5,2,1740.0,1740.0,3940.0,4100.0,4100.0,2.36,2.36,0,1057402-1915-SE24;1057402-1956-SE24;1057402-1963-SE24;1063538-440-SE24;1063538-50-SE24
11141604,Papel usado,CLP,3,2,2990.0,3450.5,3911.0,8130.5,12350.0,2.36,4.13,0,1057498-8-SE24;1271358-4-SE24
51181706,Hidrocortisona,CLP,2,2,138.0,431.75,725.5,1019.25,1313.0,2.36,9.51,0,1058128-398-SE24;1464-65-SE24
78111808,Arriendo de vehículos,CLP,82,13,21667.0,680000.0,1000000.0,1596639.0,63072000.0,2.35,2910.97,1,1033-17-SE24;1037-10-SE24;1037-6-SE24;1038-2-SE24;1038-20-SE24;1038-21-SE24;1038-23-SE24;1038-3-SE24;1057384-204-SE24;1057384-205-SE24;1057429-539-AG24;1057429-540-AG24;1057429-674-AG24;1057498-278-SE24;1057536-467-SE24;1057545-102-AG24;1068242-11-SE22;1087-1-SE24;1088-13-SE24;1090-2-SE24;1091-25-SE24;1091-44-SE24;1092-15-SE24;1099834-25-SE24;1099899-2-SE24;1113144-154-SE23;1155683-49-SE24;1155683-50-SE24;1155683-56-SE24;1155683-57-SE24;1218393-5-AG24;1230632-19-SE24;1234-13-SE23;1271359-39-SE24
44121612,Cuchillos cartoneros,CLP,17,8,169.0,466.0,880.0,1097.0,10878.0,2.35,64.37,1,1038-69-AG24;1057124-4-AG24;1057299-21-SE24;1057299-23-SE24;1057439-1111-SE24;1057500-922-AG23;1057552-85-AG24;1079596-26-SE24;1116007-20-SE24
44121904,Rellenos de tinta,CLP,3,2,496.0,1902.0,3308.0,4472.5,5637.0,2.35,11.36,0,1038-69-AG24;1079596-26-SE24
39101601,ampolletas halógenas,CLP,2,2,3782.0,11607.75,19433.5,27259.25,35085.0,2.35,9.28,0,1057370-93-SE24;1057421-129-SE24
51182014,Dutasterida,CLP,2,2,165.0,505.75,846.5,1187.25,1528.0,2.35,9.26,0,1058014-213-SE23;1058131-153-SE24
60124102,Productos de artesanía multicultural,CLP,2,2,627.0,1904.0,3181.0,4458.0,5735.0,2.34,9.15,0,1057299-21-SE24;1216062-58-AG24
31241501,Lentes,CLP,4,2,2479.0,32132.5,46218.5,75290.0,149900.0,2.34,60.47,1,1057500-969-AG23;1057500-994-AG23;1250566-11-AG24
42151624,Piezas de mano dentales o accesorios,CLP,2,2,980.0,2957.5,4935.0,6912.5,8890.0,2.34,9.07,0,1057536-86-SE24;1063538-1396-SE24
70111712,Servicios de fumigación de parques o jardines,CLP,3,2,15000.0,87500.0,160000.0,205000.0,250000.0,2.34,16.67,0,1062018-18-AG24;1075963-1223-SE24;1075963-966-SE24
42311537,Tijeras para vendajes o sus accesorios,CLP,2,2,6500.0,19438.25,32376.5,45314.75,58253.0,2.33,8.96,0,1057402-1234-AG24;1057417-993-AG24
50193104,Bases de sopa,CLP,16,5,107.75,1075.5,1950.0,2500.0,4045.0,2.32,37.54,1,1057402-1914-SE24;1057402-1956-SE24;1057402-837-SE24;1057402-926-SE24;1057513-56-SE24;1057544-1609-SE23;1063538-440-SE24;1063538-50-SE24;1079445-59-SE24
42312502,Fajas de sujeción abdominal,CLP,10,2,1200.0,5987.5,7990.0,13900.0,95000.0,2.32,79.17,1,1057049-870-SE24;1057472-1195-SE24
42294402,Sistemas de visualización coronaria,CLP,2,2,65000.0,190500.0,316000.0,441500.0,567000.0,2.32,8.72,0,1057049-908-SE24;1057501-2384-SE24
42151680,Topes de endodoncia o accesorios,CLP,2,2,3000.0,8775.0,14550.0,20325.0,26100.0,2.32,8.7,0,1057448-1358-AG23;1057514-27-AG24
82151705,Cantantes,CLP,2,2,12605042.0,36816281.5,61027521.0,85238760.5,109450000.0,2.32,8.68,0,1096351-10-SE24;1658-623-SE24
80111701,Servicios de contratación de personal,CLP,34,6,63653.0,2628382.5,4950750.0,6076312.5,364027294.0,2.31,5718.93,1,1057049-1881-SE24;1057492-771-SE24;1057503-1110-SE24;1057540-654-SE24;1057540-656-SE24;1057540-657-SE24;1514-1299-SE24;1641-3068-SE24;1641-3115-SE24;1641-3116-SE24;1641-3122-SE24;1641-3176-SE24;1641-3179-SE24;1641-3188-SE24;1641-3189-SE24;1641-3191-SE24;1641-3194-SE24;1641-3197-SE24;1641-3214-SE24;1641-3221-SE24;1641-3224-SE24;1641-3238-SE24;1641-3268-SE24;1641-3290-SE24;1641-3296-SE24;1641-3468-SE24;1641-3623-SE24;1641-3631-SE24;1641-3632-SE24;1641-3660-SE24;1641-3716-SE24;1641-3742-SE24;1641-3763-SE24;1641-3815-SE24
40161702,Depuradores de agua,CLP,3,2,4200.0,200100.0,396000.0,462000.0,528000.0,2.31,125.71,1,1057490-633-AG22;1057541-356-AG22;1057541-804-AG23
84131503,Seguro de automóviles o camiones,CLP,20,3,293531.0,366914.0,623755.0,843904.0,32978073.0,2.3,112.35,1,1020-64-SE24;1048-394-SE23;1133353-26-SE24
50161814,Dulces con azúcar o sustitutos,CLP,9,3,1260.0,1345.0,1933.0,3085.0,10436.0,2.29,8.28,0,1057388-86-AG24;1057551-31-AG24;1134432-87-AG24
42211508,Dispositivos de movilidad multifuncional o accesor,CLP,2,2,26000.0,73250.0,120500.0,167750.0,215000.0,2.29,8.27,0,1057431-393-SE24;1057496-364-SE24
42161701,Hemafiltros,CLP,18,7,220.0,10890.0,13459.5,24867.0,920000.0,2.28,4181.82,1,1057417-1776-SE24;1057417-706-SE24;1057439-1042-SE24;1057440-1064-AG24;1057472-1377-SE24;1057501-1589-SE24;1057534-232-SE24;1057547-2680-SE24;1057547-3833-SE24
51142148,Hialuronato sódico,CLP,4,4,3500.0,6896.75,11020.5,15759.0,21000.0,2.28,6.0,0,1038999-26-AG24;1057500-882-SE23;1058012-443-SE24;1058095-586-SE24
42182312,Electrodos de electromiografía o sets,CLP,5,2,39000.0,39500.0,80700.0,90000.0,199579.0,2.28,5.12,0,1002772-1114-AG24;1057503-1062-AG24;1057503-1065-AG24
51142106,Ibuprofeno,CLP,5,3,25.0,420.0,610.0,950.0,28875.0,2.26,1155.0,1,1058024-369-AG24;1058024-406-AG24;1058024-433-AG24;1058045-278-SE24;1221016-269-SE23
52161520,Micrófonos,CLP,3,3,91597.0,100378.5,109160.0,226424.5,343689.0,2.26,3.75,0,1069417-211-AG24;1247197-80-SE24;1260-10-AG24
80111711,Desarrolladores de software,CLP,2,2,386000.0,1039500.0,1693000.0,2346500.0,3000000.0,2.26,7.77,0,1057495-298-SE24;1596-52-SE24
41104801,Unidades de frascos o retortas,CLP,2,2,2800.0,7495.0,12190.0,16885.0,21580.0,2.25,7.71,0,1057509-2576-AG24;1272565-253-SE24
51181722,Fluticasona,CLP,5,5,7800.0,19899.0,34271.0,44632.0,50330.0,2.24,6.45,0,1047027-55-AG24;1058024-393-AG24;1058034-6-SE24;1058035-76-AG24;1058135-40-AG24
42221506,Catéteres umbilicales,CLP,4,3,150.0,22530.0,35990.0,50240.0,74990.0,2.23,499.93,1,1057049-901-SE24;1057440-1637-AG24;1057501-1846-SE24
50201709,Café instantáneo,CLP,3,3,4300.0,4414.5,4529.0,9854.5,15180.0,2.23,3.53,0,1057513-56-SE24;1057532-272-AG24;1057544-1609-SE23
51121511,Clorhidrato de amiodarona,CLP,2,2,80.0,207.5,335.0,462.5,590.0,2.23,7.38,0,1058045-278-SE24;1058131-137-SE24
42211602,Cepillos o esponjas o estregadera de baño para personas con discapacidad física,CLP,2,2,950.0,2460.0,3970.0,5480.0,6990.0,2.23,7.36,0,1058086-1146-AG24;1272565-283-SE24
47131603,Esponjas,CLP,5,4,100.0,158.0,203.0,350.0,517.0,2.22,5.17,0,1057370-116-AG24;1057402-1795-SE24;1088-20-AG24;1251185-41-AG24
80111703,Servicios de evaluación de currículum vitae,CLF,5,3,0.08,1.8,3.0,4.0,4.2,2.22,52.5,1,1002584-36-CM23;1098710-145-CM23;1126922-24-CM23
27111508,Sierras,CLP,3,2,38000.0,44000.0,50000.0,97750.0,145500.0,2.22,3.83,0,1057049-8085-SE23;1063538-1221-SE24
60121602,Espejos o paneles acrílicos transparentes,CLP,2,2,6933.0,17699.75,28466.5,39233.25,50000.0,2.22,7.21,0,1057500-891-AG23;1172953-18-AG24
51171816,Ondansetrón,CLP,3,3,30.0,170.0,310.0,376.5,443.0,2.21,14.77,0,1058131-168-AG24;1058134-377-SE24;1509-48-SE24
51111815,Triptorelina,CLP,2,2,13000.0,32750.0,52500.0,72250.0,92000.0,2.21,7.08,0,1058043-331-SE24;1058095-386-SE24
42222306,Sistemas de recogida de residuos de administración,CLP,2,2,25000.0,62587.5,100175.0,137762.5,175350.0,2.2,7.01,0,1057440-1426-SE24;1057472-1454-SE24
40141702,Grifos,CLP,7,2,11475.0,23203.5,30000.0,50810.0,193431.0,2.19,16.86,0,1028897-112-SE24;1057547-3973-SE24
41104403,Incubadores de cultivo de tejidos,CLP,5,2,79440.0,80000.0,115000.0,175000.0,409200.0,2.19,5.15,0,1057491-1258-SE24;1057491-1259-SE24;1057494-132-SE24
42231604,Botones de acceso gástrico,CLP,10,4,9900.0,56642.5,119445.0,123740.0,525000.0,2.18,53.03,1,1057049-961-SE24;1057049-982-SE24;1057440-1526-SE24;1057501-14940-AG23;1057501-2530-AG24;1075963-1747-SE24;1075963-2348-SE24
42312202,Equipos o bandejas o paquetes o juegos de sutura,CLP,7,4,1900.0,4530.0,5490.0,9875.0,425231.0,2.18,223.81,1,1057417-2585-AG24;1057417-2672-AG24;1057491-1540-SE24;1057495-1120-AG23;1057495-252-SE24;1057495-278-AG24;1070620-2209-AG24
30201803,Unidades para contenedores,CLP,7,4,175500.0,180000.0,180000.0,389056.0,7240000.0,2.16,41.25,1,1057501-2910-SE24;1057536-264-SE24;1063538-1417-SE24;1090-10-SE24;1420-4-SE24
42251706,"Andadores, bicicletas o aparatos de ejercicio de marcha o accesorios",CLP,7,3,5750.0,23745.0,47500.0,51200.0,71250.0,2.16,12.39,0,1057448-1342-SE23;1057543-398-AG24;1344190-48-SE24;1344190-50-SE24
51191507,Espironolactona,CLP,3,2,43.33,332.67,622.0,719.5,817.0,2.16,18.85,0,1038999-129-AG23;1038999-28-AG24;1058027-2-SE24
41101802,Generadores de rayos X,CLP,4,2,217000.0,379249.75,606788.0,820807.25,942500.0,2.16,4.34,0,1057049-1864-SE24;1057049-1898-SE24;1057492-673-SE24
78102202,Franqueos,CLP,7,4,291666.67,1250000.0,1797810.0,2693614.5,8483035.0,2.15,29.08,1,1051765-1179-SE23;1051765-131-SE24;1057495-40-SE24;1057500-109-SE24;1057500-24-SE24;1057500-996-SE23;1057532-2191-AG23
12181602,Aceites naturales,CLP,2,2,6990.0,16492.5,25995.0,35497.5,45000.0,2.15,6.44,0,1057404-151-AG24;1057500-894-AG23
73101702,"Servicios de producción de vacunas, sueros o antib",CLP,13,3,619.0,1655.0,1769.0,3535.0,200000.0,2.14,323.1,1,1057539-1919-SE24;1057551-9-SE24;1058095-569-AG24
51171702,Hidrocloruro de loperamida,CLP,3,3,47.0,48.0,49.0,102.5,156.0,2.14,3.32,0,1058138-13-AG24;1062456-68-SE24;1559-310-AG24
50192601,"Papas, arroz, pastas u otros acompañamientos preparados frescos",CLP,13,5,781.0,960.0,1290.0,2049.0,997385.0,2.13,1277.06,1,1057388-633-AG23;1057402-1914-SE24;1057402-1956-SE24;1057402-837-SE24;1057402-926-SE24;1057491-1389-AG24;1057491-1441-AG24;1057551-31-AG24;1079445-59-SE24
12142104,Gas dióxido de carbono CO2,CLP,3,2,9137.0,36337.0,63537.0,77268.5,91000.0,2.13,9.96,0,1057439-667-SE23;1057494-57-SE24
50202311,Bebidas,CLP,11,3,294.0,724.5,944.0,1534.0,5874.0,2.12,19.98,0,1000813-54-AG24;1057513-56-SE24;1161266-223-AG24
42271907,Productos o accesorios de aspirador respiratorio,CLP,3,3,2300.0,3650.0,5000.0,7750.0,10500.0,2.12,4.57,0,1057491-1533-SE24;1057495-138-AG24;1155-456-SE24
27112802,Hojas de sierra,CLP,3,2,5050.0,5915.0,6780.0,12540.0,18300.0,2.12,3.62,0,1057428-77-SE24;1063538-1221-SE24
42202704,Máquinas radioscópicas superficiales para radioterapia o teleterapia,CLP,7,2,689863.0,794931.5,1379725.0,1685057.5,2353879.0,2.12,3.41,0,1057472-2229-SE24;1057489-2040-SE24
12141901,Cloro Cl,CLP,10,8,52.0,618.5,903.5,1305.0,2954.0,2.11,56.81,1,1057299-88-SE24;1057370-116-AG24;1057402-1795-SE24;1057402-1811-SE24;1057439-1055-SE24;1057532-262-AG24;1063538-1423-SE24;1218462-12-AG23;1272228-15-AG24
13101723,Termoplástico,CLP,7,4,23.0,19985.0,37470.0,42245.0,93860.0,2.11,4080.87,1,1057415-43-AG24;1063538-1256-SE24;1070620-1816-AG24;1380-2953-AG24
51101551,Ceftriaxona,CLP,2,2,315.0,708.75,1102.5,1496.25,1890.0,2.11,6.0,0,1058128-523-AG24;1549-1176-AG24
51102714,Solución de cloruro sódico para irrigación,CLP,9,6,250.0,420.0,480.0,880.0,5230.0,2.1,20.92,1,1057390-76-SE24;1058095-3372-SE23;1058095-3380-SE23;1058095-428-SE24;1058134-37-SE24;1499-100-SE24;1509-48-SE24;1641-3043-AG24
42231807,Tetinas o chupetes de biberón o mamadera,CLP,6,3,720.0,1127.5,1850.0,2366.25,3480.0,2.1,4.83,0,1057472-1219-SE24;1057491-1455-SE24;1057501-1236-SE24;1057501-2392-AG24
41104105,Bolsas de recogida o transporte de especímenes,CLP,2,2,3210.0,7157.5,11105.0,15052.5,19000.0,2.1,5.92,0,1002772-1226-AG24;1057404-158-AG24
51201805,Inmunoglobulinas D (Rho),CLP,2,2,37599.0,83938.25,130277.5,176616.75,222956.0,2.1,5.93,0,1047027-247-SE24;1549-1188-SE24
44122105,Clips para carpetas o abrazaderas,CLP,8,2,1101.0,1402.25,1872.0,2939.5,4013.0,2.1,3.64,0,1057490-86-SE24;1390-5-AG24
83101501,Abastecimiento de agua,CLP,2,2,23000.0,50880.5,78761.0,106641.5,134522.0,2.1,5.85,0,1227-36-SE24;1338-12-SE24
44103103,Tóner,CLP,34,13,7500.0,26763.5,38815.0,55900.0,79900.0,2.09,10.65,0,1019-20-AG24;1057049-1833-SE24;1057415-43-AG24;1057420-167-SE24;1057430-408-AG24;1057430-467-AG24;1057440-1594-SE24;1057511-317-SE24;1057544-1729-SE24;1057554-1348-AG24;1062448-170-AG24;1138054-22-SE24;1511-245-SE24;1549-1339-AG24
42191807,Camas de cuidado del paciente o accesorios de uso general,CLP,10,7,16200.0,86700.0,107945.0,181125.0,2657125.0,2.09,164.02,1,1021609-35-SE24;1021609-4-SE24;1057049-1866-SE24;1057461-422-SE24;1057472-1176-SE24;1057514-71-SE24;1062448-146-SE24;1078251-23-SE24
50131702,Productos de mantequilla o leche en conserva,CLP,4,3,1950.0,2212.5,2300.0,4625.0,11600.0,2.09,5.95,0,1057388-86-AG24;1057544-1513-SE23;1063538-440-SE24;1063538-50-SE24
42295507,Implantes ortopédicos o alambres quirúrgicos,CLP,12,3,59450.0,130500.0,164500.0,272500.0,50420168.0,2.09,848.11,1,1057431-3317-SE23;1057431-526-SE24;1057491-1448-SE24;1057491-1636-SE24;1057540-574-AG24
42241509,Componentes de órtesis termoplásticos,CLP,6,3,19000.0,93500.0,141500.0,195875.0,211500.0,2.09,11.13,0,1057491-1476-SE24;1057540-575-AG24;1070620-1865-SE24
12352203,Anticuerpos,CLP,3,3,36225.0,224837.5,413450.0,469725.0,526000.0,2.09,14.52,0,1057491-1706-AG24;1058001-155-SE24;1058086-1118-SE24
24101710,Inmovilizadoras de embalaje,CLP,6,2,345.0,800.0,1670.0,1670.0,1670.0,2.09,4.84,0,1038-69-AG24;1057544-1077-AG24
31261501,Cubiertas y cajas de plástico,CLP,11,4,1650.0,2886.0,5500.0,6009.0,9770.0,2.08,5.92,0,1057440-1247-AG24;1057476-202-AG24;1057492-831-AG24;1069417-202-AG24
51171909,Omeprazol,CLP,3,3,13.3,408.65,804.0,852.0,900.0,2.08,67.67,1,1057415-102-SE24;1058090-158-SE24;1221016-269-SE23
42241707,Soportes para caminar,CLP,5,4,5450.0,11585.0,17300.0,24000.0,26367.0,2.07,4.84,0,1021609-5-SE24;1057402-1761-SE24;1057402-1769-SE24;1057461-422-SE24;1057472-2015-SE24
51191805,Suplemento de potasio,CLP,2,2,4490.0,9667.5,14845.0,20022.5,25200.0,2.07,5.61,0,1058097-228-SE24;1077920-42-SE24
50192901,Pasta o tallarines naturales frescos,CLP,14,6,490.0,924.0,1865.0,1900.0,3376.0,2.06,6.89,0,1057402-1914-SE24;1057402-1956-SE24;1057402-837-SE24;1057402-926-SE24;1057476-27-SE24;1057513-56-SE24;1057544-1609-SE23;1057551-31-AG24;1079445-59-SE24
51142145,Adalimumab,CLP,4,3,78000.0,131766.0,210485.25,271282.62,271283.0,2.06,3.48,0,1058024-418-SE24;1058095-574-SE24;1058095-575-SE24;1058141-255-SE24
39121303,Cajas eléctricas,CLP,6,4,84.0,701.62,859.75,1436.0,2620.0,2.05,31.19,1,1035685-17-AG24;1038-46-SE24;1057495-310-AG24;1250374-1-SE24
47121812,Raspadores de limpieza,CLP,2,2,1024.0,2143.0,3262.0,4381.0,5500.0,2.04,5.37,0,1057299-88-SE24;1057534-206-AG24
41116102,Reactivos o soluciones de banco de sangre,CLP,15,2,35000.0,105650.5,165000.0,215000.0,450000.0,2.04,12.86,0,1070620-1512-AG24;1075963-2699-SE24
51181506,Insulina,CLP,9,7,4300.0,5000.0,8680.0,10140.0,40988.0,2.03,9.53,0,1047027-241-SE24;1058094-272-SE24;1058128-187-SE24;1058128-212-SE24;1058132-2125-SE23;1058141-326-AG24;1075339-8-SE24;1100719-193-SE24
42311526,Vendajes de apósitos,CLP,22,6,350.0,2557.25,4690.0,5196.0,210000.0,2.03,600.0,1,1002772-1016-AG24;1002772-1096-AG24;1002772-1135-SE24;1002772-1189-SE24;1002772-600-AG24;1002772-971-SE24;1002772-975-SE24;1002772-976-SE24;1002772-977-SE24;1057417-2288-AG24;1057472-2205-SE24;1057476-114-AG24;1057491-1353-SE24;1057491-1359-SE24;1057491-1682-SE24;1057503-1053-SE24
51191510,Furosemida,CLP,3,3,11.0,110.0,209.0,223.5,238.0,2.03,21.64,1,1038999-129-AG23;1058103-189-SE24;1221016-267-SE23
42151651,Separadores dentales,CLP,6,2,1696.0,2572.0,5200.0,5200.0,5200.0,2.02,3.07,0,1057390-76-SE24;1057440-1182-AG24
10151803,Semillas o almácigos de canela,CLP,3,2,126.0,534.0,942.0,1080.0,1218.0,2.02,9.67,0,1057513-56-SE24;1057551-31-AG24
42142518,Productos de aspiración para biopsia o accesorios,CLP,3,3,300.0,17650.0,35000.0,35550.0,36100.0,2.01,120.33,1,1057049-983-SE24;1057430-246-AG24;1057503-1071-AG24
42312401,Alginato de calcio para el empaque de heridas,CLP,2,2,850.0,1708.75,2567.5,3426.25,4285.0,2.01,5.04,0,1057420-142-SE24;1057544-1287-SE24
51121602,Dinitrato de Isosorbida,CLP,5,3,14.9,15.0,15.9,30.0,1220.0,2.0,81.88,1,1058045-280-SE24;1058102-277-SE24;1382-83-SE24
43233501,Software de correo electrónico,CLP,3,2,1024394.0,1664032.0,2303670.0,3322601.5,4341533.0,2.0,4.24,0,1031866-11-CC24;1057491-1280-SE24
50192701,Platos combinados frescos,CLP,3,2,1131.0,1131.0,1131.0,2265.5,3400.0,2.0,3.01,0,1057402-1658-SE24;1057402-727-SE24;1063538-50-SE24
42294722,Sets de drenaje ventricular,CLP,2,2,34990.0,69992.5,104995.0,139997.5,175000.0,2.0,5.0,0,1057495-284-AG24;1058086-837-SE24
85122005,Servicios de ortodoncia,CLP,14,2,18000.0,25750.0,28000.0,51500.0,60000.0,2.0,3.33,0,1057539-2296-SE24;1057552-111-SE24
22101513,Excavadoras de cuchara de arrastre,CLP,3,2,90000.0,13280294.0,26470588.0,26470588.0,26470588.0,1.99,294.12,1,1029-10-SE24;1029-9-SE24;1037-8-SE24
40101903,Humidificadores,CLP,2,2,1700.0,3375.0,5050.0,6725.0,8400.0,1.99,4.94,0,1057049-1252-AG24;1057429-600-AG24
47121802,Removedores,CLP,5,3,1153.0,1290.0,2243.0,2537.0,11701.0,1.97,10.15,0,1057299-88-SE24;1057461-399-SE24;1057534-144-AG24
42192404,Carros médicos o accesorios,CLP,3,3,50000.0,109034.0,168068.0,213384.0,258700.0,1.96,5.17,0,1057049-866-AG24;1057388-80-AG24;1057461-87-AG24
30103605,Tablas de madera,CLP,3,2,2000.0,3500.0,5000.0,6870.0,8740.0,1.96,4.37,0,1000813-43-AG24;1250566-11-AG24
42294211,Instrumentos quirúrgicos de especialidad o bandejas de procedimiento,CLP,4,2,64900.0,168025.0,258570.0,329305.0,373000.0,1.96,5.75,0,1057448-410-AG23;1063538-1509-AG24
40161505,Filtros de aire,CLP,4,4,1990.0,14993.5,22164.0,29171.9,41687.6,1.95,20.95,1,1057421-128-SE24;1058345-12-AG24;1079576-107-AG24;1540-365-SE24
42141705,"Almohadillas, cojines o almohadas para posicionar el enfermo",CLP,3,3,10680.0,24840.0,39000.0,48500.0,58000.0,1.95,5.43,0,1002772-1320-AG24;1062448-146-SE24;1070620-1707-SE24
42311903,Drenaje médico de incisión,CLP,2,2,34990.0,66867.5,98745.0,130622.5,162500.0,1.95,4.64,0,1057417-2438-AG24;1113159-23-SE24
42132102,Cubre camillas,CLP,5,5,334.0,379.38,430.0,735.0,1800.0,1.94,5.39,0,1057473-83-SE24;1057492-4266-SE23;1057498-140-SE24;1057500-59-AG24;1057544-5784-SE22
51191902,Suplementos de aminoácidos,CLP,5,3,400.0,2900.0,2900.0,5600.0,7850.0,1.93,19.62,0,1057439-1244-AG24;1057439-518-AG24;1058128-1482-SE23;1075339-120-AG24
72101506,Servicios de mantenimiento de ascensores,CLF,2,2,5.2,9.76,14.32,18.89,23.45,1.93,4.51,0,1057486-676-SE23;1074010-10-SE24
51131502,Gluconato ferroso,CLP,2,2,300.0,562.5,825.0,1087.5,1350.0,1.93,4.5,0,1058132-2622-SE22;1058135-40-AG24
24111503,Bolsas de plástico,CLP,51,17,20.0,1905.0,2890.0,3650.0,74700.0,1.92,3735.0,1,1000813-31-AG24;1057370-116-AG24;1057384-131-AG24;1057389-767-AG24;1057402-1022-SE24;1057402-12918-SE23;1057402-1789-SE24;1057429-151-AG24;1057473-75-AG24;1057500-1022-AG23;1057510-1079-AG24;1057513-93-AG24;1057540-675-AG24;1057544-3675-SE23;1057547-3769-SE24;1155-415-SE24;1161-83-SE24;1272565-283-SE24;1554-619-AG24
50112001,Carnes frescas procesadas y preparadas,CLP,37,12,11.0,3590.0,5100.0,6900.0,13361.0,1.92,1214.64,1,1038-370-AG23;1057370-43-SE24;1057379-125-SE24;1057384-193-AG24;1057389-388-SE24;1057389-802-SE24;1057402-1172-SE24;1057417-2186-AG24;1057418-136-SE24;1057429-137-AG24;1057476-271-SE24;1057501-1859-AG24;1079445-59-SE24
51241204,Ácido bórico,CLP,4,3,1272.0,4401.75,5862.5,8472.5,15050.0,1.92,11.83,0,1057495-248-SE24;1057495-254-SE24;1057500-879-SE23;1058045-85-SE24
56101812,mudadores o accesorios,CLP,2,2,140900.0,260675.0,380450.0,500225.0,620000.0,1.92,4.4,0,1057430-379-AG24;1171166-65-AG24
50101538,Verduras frescas,CLP,522,24,108.0,990.0,1353.0,1890.0,7563025.0,1.91,70028.01,1,1021609-1-SE24;1038-365-AG23;1057384-139-SE24;1057384-142-SE24;1057389-388-SE24;1057389-737-SE24;1057389-741-SE24;1057389-802-SE24;1057402-13113-SE23;1057402-1658-SE24;1057402-1661-SE24;1057402-727-SE24;1057402-730-SE24;1057402-757-SE24;1057402-882-SE24;1057402-885-SE24;1057402-891-SE24;1057417-879-SE24;1057422-125-SE24;1057429-572-SE24;1057429-611-SE24;1057429-621-SE24;1057430-400-SE24;1057439-916-SE24;1057476-177-AG24;1057476-179-AG24;1057476-180-AG24;1057476-182-AG24;1057476-192-AG24;1057490-2015-AG23;1057490-275-SE24;1057490-498-SE24;1057491-1385-SE24;1057491-1386-SE24;1057491-1504-AG24;1057491-1508-AG24;1057491-428-AG24;1057513-56-SE24;1057513-90-SE24;1057539-3011-SE24;1057539-3041-SE24;1057544-1513-SE23;1057544-1609-SE23;1057544-196-CM24;1057551-59-SE24;1057554-784-AG24;1079689-20-AG24;1161266-223-AG24;1376-122-SE24;1465-137-AG24;1540-239-SE24;1622-215-AG24
26111601,Generadores diesel,CLP,3,3,225000.0,469714.5,714429.0,898904.5,1083380.0,1.91,4.82,0,1057402-766-SE24;1214102-443-AG24;1233629-11-AG24
52151640,Colador de pastas,CLP,2,2,4400.0,8072.5,11745.0,15417.5,19090.0,1.91,4.34,0,1057421-95-AG24;1057539-2583-SE24
42295453,"Drenajes quirúrgicos, sets o accesorios",CLP,7,2,10800.0,120700.0,230000.0,230000.0,230000.0,1.91,21.3,1,1057501-1150-AG24;1057501-14663-SE23;1057547-3324-SE24
42311601,Esponjas de gelatina absorbible,CLP,2,2,600.0,1100.0,1600.0,2100.0,2600.0,1.91,4.33,0,1057534-228-SE24;1380-2939-AG24
46171604,Sistemas de alarma,CLP,5,4,390000.0,390000.0,698880.0,742439.0,1000000.0,1.9,2.56,0,1035206-17-AG24;1099899-9-AG24;14-59-AG23;1402-949-AG23
42312301,Absorbedores para limpiar la herida,CLP,11,3,1100.0,68500.0,91000.0,130000.0,320000.0,1.9,290.91,1,1057501-1939-AG24;1057501-2247-AG24;1057501-2248-AG24;1057501-2250-AG24;1057501-2251-AG24;1057501-2252-AG24;1057501-2253-AG24;1057501-2459-AG24;1057503-1053-SE24;1209395-53-SE24
31211502,Pinturas de base acuosa,CLP,2,2,21681.0,39348.99,57016.97,74684.96,92352.94,1.9,4.26,0,1232837-32-AG24;1250374-1-SE24
42295303,Catéteres o conectadores o accesorios quirúrgicos de perfusión,CLP,2,2,129950.0,234962.5,339975.0,444987.5,550000.0,1.89,4.23,0,1057492-737-SE24;1057539-2409-SE24
92101902,Servicios de ambulancia,CLP,10,5,21529.0,438500.0,494250.0,824229.75,11900000.0,1.88,552.74,1,1057384-105-SE24;1057384-92-SE24;1057384-93-SE24;1057491-1074-SE24;1057498-701-SE24;1057544-5924-SE23;1554-669-SE24
42272504,Sets o kits de anestesia,CLP,4,3,5485.0,6085.0,6585.0,11413.75,25000.0,1.88,4.56,0,1002772-1140-SE24;1051765-112-AG24;1058086-1099-SE24
42295412,Cemento quirúrgico de hueso o sistemas de mezclado,CLP,4,2,185000.0,185000.0,232500.0,347000.0,548000.0,1.88,2.96,0,1057491-1343-SE24;1058086-1174-SE24;1058086-1175-SE24
11111606,Pizarra,CLP,2,2,13500.0,23875.0,34250.0,44625.0,55000.0,1.87,4.07,0,1057492-755-AG24;1057509-2522-AG24
42311503,Rodillos de vendas,CLP,5,3,3100.0,6980.0,8400.0,12980.0,14990.0,1.86,4.84,0,1057418-114-SE24;1057544-1244-SE24;1057551-54-AG24
42294943,Unidades de válvula endoscópica,CLP,3,2,63100.0,439550.0,816000.0,816000.0,816000.0,1.86,12.93,0,1057440-1441-SE24;1057544-1545-SE24
48101915,Bandejas de servicio,CLP,3,2,134.0,395.5,657.0,733.5,810.0,1.85,6.04,0,1057402-1800-SE24;1057554-900-SE24
47131502,Paños de limpieza,CLP,6,5,156.0,454.25,641.0,835.25,1647.0,1.84,10.56,0,1057299-88-SE24;1057402-13062-SE23;1057534-144-AG24;1251185-41-AG24;1272565-283-SE24
42201506,Inyectores de agentes de contraste de tomografía i,CLP,4,2,1700.0,6125.0,8550.0,11250.0,16500.0,1.84,9.71,0,1057389-571-SE24;1057540-629-SE24;1057540-630-SE24
90111604,Salones,CLP,2,2,277225.0,479293.25,681361.5,883429.75,1085498.0,1.84,3.92,0,1057536-59-SE24;1057539-12229-AG23
42152802,Limas periodontales,CLP,13,4,2800.0,5450.0,5500.0,9900.0,49700.0,1.82,17.75,0,1057390-76-SE24;1057417-575-AG24;1057540-519-AG24;1057544-979-SE24
60141102,Juegos de mesa,CLP,5,2,5145.0,5145.0,5145.0,9345.0,11243.0,1.82,2.19,0,1057299-23-SE24;1211839-198-AG24
42132205,Guantes quirúrgicos,CLP,38,14,17.0,192.0,225.0,347.0,4886840.0,1.81,287461.18,1,1051765-112-AG24;1057390-82-SE24;1057415-28-SE24;1057418-111-SE24;1057439-1065-SE24;1057461-436-SE24;1057491-1208-AG24;1057491-1341-SE24;1057492-5041-SE23;1057494-535-SE24;1057494-536-SE24;1057534-190-SE24;1057543-375-SE24;1058086-806-SE24;1063538-1315-SE24;1658-647-SE24
85121810,Test de detección de drogas o alcohol,CLP,2,2,1400.0,2360.0,3320.0,4280.0,5240.0,1.81,3.74,0,1057434-191-AG24;1057476-253-SE24
42295129,Dosificadores de medicamentos para quirófano o pro,CLP,2,2,4200000.0,7059613.75,9919227.5,12778841.25,15638455.0,1.81,3.72,0,1057489-2266-SE24;1057547-4002-SE24
42181503,Lubricantes personales o gelatinas del examen,CLP,2,2,10285.0,17213.75,24142.5,31071.25,38000.0,1.81,3.69,0,1057543-364-SE24;1058086-1133-SE24
50202310,Agua mineral,CLP,10,7,335.0,430.0,619.0,775.0,1590.0,1.8,4.75,0,1000813-54-AG24;1048-52-AG24;1057490-269-SE24;1057513-56-SE24;1057544-114-CM23;1155683-93-AG24;1161266-223-AG24
27111502,Cuchillos de afeitar,CLP,3,3,395.0,1092.5,1790.0,1965.5,2141.0,1.8,5.42,0,1057439-1055-SE24;1057461-436-SE24;1057554-1026-AG24
43212109,Impresora de etiquetas de bolsa,CLP,2,2,95665.0,159248.75,222832.5,286416.25,350000.0,1.8,3.66,0,1057299-23-SE24;1214102-334-AG24
51102702,Agua destilada para irrigación,CLP,7,5,478.0,550.5,690.0,985.0,1600.0,1.79,3.35,0,1057049-4322-SE23;1058024-1830-SE23;1058086-1190-SE24;1058095-3372-SE23;1540-303-SE24
47131811,Productos de lavandería,CLP,9,5,780.0,2790.0,3690.0,4990.0,79800.0,1.79,102.31,1,1057299-88-SE24;1057402-1820-SE24;1057402-1984-SE24;1057420-102-SE24;1057439-1055-SE24;1057544-1707-SE24
47131618,Mopas húmedas,CLP,3,3,4600.0,5621.0,6642.0,10086.0,13530.0,1.79,2.94,0,1057049-1090-SE24;1057370-116-AG24;1057544-1617-SE24
82101501,Letreros publicitarios,CLP,4,3,9800.0,9800.0,11900.0,17500.0,28000.0,1.79,2.86,0,1057500-1033-AG23;1057532-269-AG24;1213301-20-SE24
25172113,Sistemas de control de la tracción del vehículo,CLP,2,2,320935.0,531701.25,742467.5,953233.75,1164000.0,1.79,3.63,0,1057494-735-SE24;1232-13-SE24
30101617,Barras de madera,CLP,3,2,1261.0,3261.0,5261.0,5819.5,6378.0,1.78,5.06,0,1038-46-SE24;1250566-11-AG24
42142513,Agujas de procedimiento radiológico,CLP,3,2,18500.0,26750.0,35000.0,47500.0,60000.0,1.78,3.24,0,1057417-2626-AG24;1070620-1754-SE24
51131909,Albúmina humana,CLP,2,2,18899.0,30893.0,42887.0,54881.0,66875.0,1.78,3.54,0,1058086-1147-AG24;1058128-969-SE23
39121011,Fuentes de alimentación continua,CLP,2,2,377500.0,620624.25,863748.5,1106872.75,1349997.0,1.78,3.58,0,1067778-5-SE24;1075963-2773-SE24
50101634,Fruta fresca,CLP,295,21,168.0,1190.0,1450.0,2101.0,42891244.0,1.77,255305.02,1,1057384-139-SE24;1057384-142-SE24;1057389-741-SE24;1057402-1658-SE24;1057402-727-SE24;1057404-64-SE24;1057422-125-SE24;1057429-572-SE24;1057429-611-SE24;1057429-621-SE24;1057476-184-AG24;1057476-185-AG24;1057490-275-SE24;1057490-498-SE24;1057491-1460-AG24;1057491-395-AG24;1057491-428-AG24;1057501-2902-AG24;1057506-267-SE24;1057509-14482-SE23;1057533-92-SE24;1057534-202-SE24;1057534-204-SE24;1057539-2810-SE24;1057539-3023-SE24;1057539-3045-SE24;1057540-607-AG24;1057544-1609-SE23;1079445-59-SE24;1079689-20-AG24;1134432-87-AG24;1161266-223-AG24;1376-122-SE24
31211904,Brochas,CLP,4,4,1300.0,1795.0,2430.0,3175.0,4000.0,1.77,3.08,0,1000813-43-AG24;1028871-119-SE24;1116007-20-SE24;1213002-78-AG24
44101801,Calculadoras o accesorios,CLP,4,4,3332.0,6608.0,8542.5,11663.75,18500.0,1.77,5.55,0,1038-69-AG24;1057124-4-AG24;1274286-9-AG24;1402-47-AG24
42142715,Kits de catéter urinario o accesorios,CLP,2,2,18000.0,29250.0,40500.0,51750.0,63000.0,1.77,3.5,0,1002772-781-SE24;1057049-931-SE24
50202308,Cócteles libre de alcohol,CLP,2,2,240000.0,389750.0,539500.0,689250.0,839000.0,1.77,3.5,0,1028897-123-AG24;1182705-9-AG24
51142018,Inyección de alcohol desnaturalizado,CLP,2,2,1950.0,3164.25,4378.5,5592.75,6807.0,1.77,3.49,0,1057417-1047-SE24;1058095-2834-SE23
60121132,Papel calco,CLP,2,2,1310.0,2107.5,2905.0,3702.5,4500.0,1.76,3.44,0,1057124-4-AG24;1213002-78-AG24
42281704,Detergentes o limpiadores de instrumentos,CLP,11,5,12741.0,30900.0,33806.0,54000.0,65000.0,1.75,5.1,0,1002772-560-SE24;1002772-712-SE24;1057389-766-AG24;1057498-606-SE24;1057501-2339-AG24;1057501-2714-SE24;1057554-1333-AG24
42152457,Kits de cementado dental,CLP,8,2,2500.0,16287.5,19125.5,28450.0,43557.0,1.75,17.42,0,1057390-76-SE24;1057544-1497-SE24;1057544-979-SE24
81111812,Mantenimiento y soporte de hardware,CLP,3,2,6583333.0,10495714.82,14408096.64,18329048.32,22250000.0,1.75,3.38,0,1057494-958-SE24;1057494-960-SE24;1605-477-SE23
44103105,Cartuchos de tinta,CLP,11,4,12900.0,16550.0,17900.0,28795.0,51960.0,1.74,4.03,0,1057532-276-AG24;1057544-1729-SE24;1091793-77-AG24;1216071-21-SE24
25171718,Kits de reparación de frenos,CLP,2,2,150000.0,237290.0,324580.0,411870.0,499160.0,1.74,3.33,0,1057448-36-AG24;1079576-107-AG24
42312113,Bolsas de Ostomía,CLP,8,5,1962.0,2330.75,2820.5,4025.75,257868.0,1.73,131.43,1,1057049-893-SE24;1057404-152-AG24;1057498-457-AG24;1057498-826-AG24;1057547-1804-SE24;1057547-1955-AG24;1057554-1109-SE24
44111509,Portalápiz,CLP,4,4,560.0,953.66,1114.94,1654.0,3181.0,1.73,5.68,0,1057049-1236-AG24;1057124-4-AG24;1057439-881-AG24;1211839-205-SE24
47131605,Cepillos de limpieza,CLP,4,4,95.0,2273.75,3095.5,3943.25,6200.0,1.73,65.26,1,1057299-88-SE24;1057500-64-AG24;1057544-1651-SE24;1080094-60-AG24
44121505,Sobres especiales,CLP,8,3,39.0,111.75,155.5,193.25,741.0,1.73,19.0,0,1057402-2016-SE24;1057439-1111-SE24;1057439-881-AG24;1057500-767-AG23
78180102,Reparación de Transmisión,CLP,3,2,150000.0,334449.5,518899.0,577379.0,635859.0,1.73,4.24,0,1057448-37-AG24;1057448-76-AG24;1501-17-SE24
42131702,Batas quirúrgicas,CLP,2,2,9800.0,15475.0,21150.0,26825.0,32500.0,1.73,3.32,0,1057501-793-SE24;1272565-287-SE24
91111901,Jardines infantiles o salas cunas,CLP,40,12,14667.0,282230.0,400000.0,486000.0,11300000.0,1.72,770.44,1,1036-59-SE24;1051177-10-SE24;1051177-5-SE24;1051177-6-SE24;1051177-7-SE24;1051177-8-SE24;1051765-110-SE24;1051765-111-SE24;1057384-13-SE24;1057384-14-SE24;1057503-929-SE24;1057503-930-SE24;1057503-931-SE24;1057503-932-SE24;1057503-935-SE24;1057510-1039-SE24;1057541-63-SE24;1082957-8-SE24;1121-158-SE23;1155-4434-SE23;1403-84-SE24;1410-88-SE24;1410-89-SE24;1596-40-SE24;1596-57-SE24;1657-28-SE24
47121702,Envases para residuos o forros rígidos,CLP,4,3,3317.0,11884.25,16365.0,20492.5,28000.0,1.72,8.44,0,1028871-129-SE24;1057491-1602-SE24;1057491-1604-SE24;1057541-90-AG24
47131609,Magos para escobas o traperos,CLP,2,2,466.0,730.75,995.5,1260.25,1525.0,1.72,3.27,0,1057299-88-SE24;1251185-41-AG24
78101802,Servicios de transporte regional o nacional en cam,CLP,3,2,6000000.0,12500000.0,19000000.0,21500000.0,24000000.0,1.72,4.0,0,1057545-195-SE23;162-494-SE23
50171901,Conservas,CLP,16,6,400.0,1126.25,1300.0,1930.0,8395.0,1.71,20.99,1,1057402-1943-SE24;1057402-1956-SE24;1057402-1966-SE24;1057402-825-SE24;1057490-269-SE24;1057513-56-SE24;1057544-1513-SE23;1057551-31-AG24;1063538-440-SE24;1063538-50-SE24
42171607,"Collarines para sacar o collarines cervicales, de servicios médicos de urgencia",CLP,8,2,1990.0,1990.0,2300.0,3400.0,6800.0,1.71,3.42,0,1057049-1739-SE24;1214102-378-AG24
42181713,Sistemas de monitorización Holter o de electrocard,CLP,2,2,787916.0,1223937.0,1659958.0,2095979.0,2532000.0,1.71,3.21,0,1057049-1956-SE24;1057472-5654-SE23
60121148,Papel lustre,CLP,2,2,390.0,605.75,821.5,1037.25,1253.0,1.71,3.21,0,1057299-21-SE24;1057500-946-AG23
51161508,Sulfato de salbutamol,CLP,2,2,2805.0,4353.75,5902.5,7451.25,9000.0,1.71,3.21,0,1058035-77-AG24;1058095-707-SE24
42142504,Agujas de biopsia,CLP,24,11,999.0,21375.0,27500.0,36400.0,190000.0,1.7,190.19,1,1002772-1112-SE24;1002772-1113-AG24;1057049-2087-SE24;1057049-981-SE24;1057049-983-SE24;1057402-2085-SE24;1057417-2521-AG24;1057417-2631-AG24;1057417-893-SE24;1057472-1448-SE24;1057491-1266-AG24;1057494-479-SE24;1057501-1588-AG24;1057503-1116-AG24;1057539-2962-SE24;1075963-524-SE24
44121613,Saca corchetes,CLP,5,4,172.0,188.0,250.0,319.0,545.0,1.7,3.17,0,1057299-23-SE24;1057439-1111-SE24;1057541-90-AG24;1079596-26-SE24
51121817,Colestiramina,CLP,2,2,600.0,925.0,1250.0,1575.0,1900.0,1.7,3.17,0,1058024-424-AG24;1559-115-SE24
56101504,Sillas,CLP,6,5,2164.0,50490.0,56054.0,85229.5,102900.0,1.69,47.55,1,1057062-246-AG23;1057501-1723-SE24;1057509-2226-AG24;1070620-1732-AG24;1238167-43-SE23
42231609,Kits de tubos de alimentación por gastrostomía,CLP,2,2,115900.0,176925.0,237950.0,298975.0,360000.0,1.69,3.11,0,1057491-1570-SE24;1155-404-SE24
53131606,Desodorantes,CLP,5,4,1080.0,1522.0,1635.0,2550.0,6500.0,1.68,6.02,0,1057461-399-SE24;1251185-41-AG24;1272228-15-AG24;1272565-283-SE24
73161517,"Servicios de fabricación de equipo de aire acondicionado, ventilación o refrigeración",CLP,4,3,378000.0,441138.75,576092.5,740000.0,890000.0,1.68,2.35,0,1035685-21-AG24;1057388-59-AG24;1057935-3-AG24
25172112,Sistemas de control de la estabilidad del vehículo,CLP,3,3,173301.0,230837.0,288373.0,387884.0,487395.0,1.68,2.81,0,1057536-329-AG24;1209395-63-SE24;1232-14-SE24
25202004,Sistemas de grupo electrógeno de pista (APU),CLP,2,2,1235416.0,1873374.5,2511333.0,3149291.5,3787250.0,1.68,3.07,0,1057489-2245-SE24;1057494-194-SE24
44121605,Dispensador de cinta,CLP,6,3,270.0,917.25,1134.0,1530.0,1644.0,1.67,6.09,0,1031849-62-CC24;1079596-26-SE24;1402-47-AG24
85121805,Laboratorios de análisis de orina,CLP,9,2,19500.0,151180.0,160457.0,252889.0,551738.0,1.67,28.29,1,1075963-1181-SE24;1075963-3116-SE24;1272565-252-SE24
41104107,Tubos o contenedores de almacenamiento de sangre en vacío,CLP,55,14,70.0,119.5,129.0,198.5,8060.0,1.66,115.14,1,1002772-1167-SE24;1002772-1203-SE24;1057049-5152-SE23;1057387-45-SE24;1057461-426-SE24;1057495-192-AG24;1057498-814-AG24;1057500-888-AG23;1057501-2046-SE24;1057533-41-AG24;1057534-63-SE24;1057539-13799-SE23;1057539-1754-SE24;1057539-2823-SE24;1057539-970-SE24;1057545-188-AG24;1272565-253-SE24;1272565-280-SE24;1549-754-SE24
42231505,"Adaptadores, conectores o extensiones de los equipos de alimentación enteral",CLP,6,3,110.0,190.0,290.0,315.0,55000.0,1.66,500.0,1,1057440-1653-AG24;1057509-3251-SE24;1057544-1595-SE24
42312003,Tiras de cierre para heridas o piel,CLP,3,2,321.0,633.0,945.0,1049.5,1154.0,1.66,3.6,0,1057472-1283-SE24;1057501-1587-SE24
51102713,Povidona yodada,CLP,5,5,750.0,1810.0,2201.0,2990.0,3500.0,1.65,4.67,0,1057439-424-AG24;1057494-520-SE24;1057503-483-SE24;1057551-54-AG24;1532-861-SE23
50192603,"Papas, arroz, pastas u otros acompañamientos preparados estables sin refrigerar",CLP,2,2,1040.0,1530.0,2020.0,2510.0,3000.0,1.64,2.88,0,1057422-79-AG24;1057532-272-AG24
51111801,Anastrozol,CLP,2,2,179.8,265.1,350.4,435.7,521.0,1.64,2.9,0,1058044-269-SE24;1070620-2113-AG24
42272213,Mascarillas o correas de presión positiva continua en la vía aérea (CPAP),CLP,2,2,8700.0,12775.0,16850.0,20925.0,25000.0,1.64,2.87,0,1063538-1259-SE24;1075337-764-AG24
50131606,Huevos frescos,CLP,11,9,110.0,162.5,195.0,263.0,27170.0,1.62,247.0,1,1000813-46-AG24;1057389-786-SE24;1057389-787-SE24;1057402-730-SE24;1057402-885-SE24;1057476-271-SE24;1057490-269-SE24;1057513-112-SE24;1079689-21-AG24;1138111-4-AG24;1376-122-SE24
42142712,Sets de extracción de cálculos o accesorios,CLP,2,2,175000.0,253750.0,332500.0,411250.0,490000.0,1.62,2.8,0,1002772-781-SE24;1057548-32-SE24
47131821,Compuestos desengrasantes,CLP,3,2,458.0,847.0,1236.0,1371.5,1507.0,1.62,3.29,0,1051765-113-AG24;1057500-64-AG24
24121806,Latas de aluminio,CLP,2,2,8824.0,12758.0,16692.0,20626.0,24560.0,1.62,2.78,0,1057428-77-SE24;1250566-11-AG24
44122001,Archivadores de fichas,CLP,15,8,599.0,970.0,1370.0,1559.0,3334.0,1.61,5.57,0,1057124-4-AG24;1057299-23-SE24;1057402-1504-SE24;1057439-1111-SE24;1057490-86-SE24;1057534-175-SE24;1079596-26-SE24;1506-11-AG24
51101603,Metronidazol,CLP,4,4,144.0,148.5,174.5,239.25,360.0,1.61,2.5,0,1058043-130-SE24;1058095-655-AG24;1058131-155-SE24;1075339-244-AG24
51161637,Clorhidrato de hidroxizina,CLP,4,3,110.0,1381.25,2006.0,2211.25,2224.0,1.6,20.22,1,1057500-878-SE23;1058134-192-AG24;1058134-355-SE24;1382-83-SE24
49121505,Coolers,CLP,2,2,19800.0,28300.0,36800.0,45300.0,53800.0,1.6,2.72,0,1057500-801-AG23;1340-17-AG24
43231505,Software de gestión de recursos humanos,CLF,2,2,15.0,21.5,28.0,34.5,41.0,1.6,2.73,0,1219102-61-SE23;1562-283-SE23
43211802,Almohadillas de ratón o mousepad,CLP,2,2,3206.0,4557.75,5909.5,7261.25,8613.0,1.59,2.69,0,1038-69-AG24;1057534-175-SE24
50221001,Granos de Legumbres,CLP,14,6,1190.0,1641.0,2210.0,2600.0,18345000.0,1.58,15415.97,1,1038-70-SE24;1057422-79-AG24;1057490-498-SE24;1057532-272-AG24;1057544-114-CM23;1063538-440-SE24;1063538-50-SE24
31201601,Adhesivos químicos,CLP,15,2,107.0,394.5,550.0,624.5,26780.0,1.58,250.28,1,1057389-287-SE24;1232837-32-AG24
42191907,Armarios o baúles de almacenamiento de instrumenta,CLP,4,2,23414.2,28040.0,30935.97,44192.5,79900.0,1.58,3.41,0,1057492-680-SE24;1057503-1089-AG24
11101522,Carbón activado,CLP,2,2,610.0,857.5,1105.0,1352.5,1600.0,1.58,2.62,0,1058132-1287-AG23;1549-610-AG24
41116124,"Reactivos, soluciones o tinturas histológicos",CLP,3,2,144582.0,335491.0,526400.0,526400.0,526400.0,1.57,3.64,0,1002772-776-AG24;1057417-2720-AG24
41111501,Balanzas electrónicas de carga superior,CLP,2,2,76600.0,106950.0,137300.0,167650.0,198000.0,1.57,2.58,0,1057388-670-SE23;1057901-4-AG24
42311531,Coberturas para apósitos,CLP,4,4,480.0,5295.0,7450.0,8248.25,8993.0,1.56,18.74,0,1002772-1095-AG24;1057417-2288-AG24;1057492-3257-AG23;1057544-1292-SE24
12191601,Solventes de alcohol,CLP,4,3,530.0,1332.5,1803.0,2079.0,2298.0,1.56,4.34,0,1057390-76-SE24;1057500-1013-AG23;1175-1350-AG23
42143102,Dispositivos uterinos o accesorios,CLP,3,3,28130.0,63865.0,99600.0,99750.0,99900.0,1.56,3.55,0,1057492-807-SE24;1057547-1940-SE24;1641-2774-AG24
44121604,Timbres y sellos,CLP,15,8,682.0,13027.5,16500.0,20250.0,196145.0,1.55,287.6,1,1028871-141-AG24;1035685-4-AG24;1038-69-AG24;1057422-91-SE24;1057490-436-AG24;1057491-993-AG24;1057499-131-AG24;1057499-86-AG24;1057499-94-AG24;1057508-176-AG24
42311902,Bolsas de drenaje o depósitos para el drenaje médi,CLP,7,4,2856.0,3614.5,4500.0,5618.0,66400.0,1.55,23.25,1,1057402-2083-SE24;1057440-502-SE24;1057539-1970-SE24;1075963-2826-SE24
44103201,Reloj de control,CLP,4,3,120071.0,1442205.5,1882917.0,2228931.25,3266974.0,1.55,27.21,1,1057539-1997-SE24;1057539-1998-SE24;1075337-798-SE24;1084156-144-SE24
42182314,Papel de registro de EEG,CLP,4,3,1850.0,3162.5,3742.5,4885.0,7885.0,1.54,4.26,0,1057049-988-SE24;1057439-602-AG24;1057461-444-SE24
42311519,Correas médicas no adhesivas,CLP,2,2,20000.0,27462.5,34925.0,42387.5,49850.0,1.54,2.49,0,1002772-220-SE24;1057402-1393-AG24
51101582,Tobramicina,CLP,2,2,6650.0,9119.25,11588.5,14057.75,16527.0,1.54,2.49,0,1058094-401-SE24;1058128-504-AG24
41115307,Láser,CLP,10,3,38000.0,183790.0,279160.0,279790.0,3826744.0,1.52,100.7,1,1057440-1077-SE24;1057440-1078-SE24;1057440-669-SE24;1057492-812-SE24;1057547-4103-SE24
43212104,Impresoras de chorro de tinta,CLP,2,2,104700.0,141583.75,178467.5,215351.25,252235.0,1.52,2.41,0,1057501-1405-AG24;1237328-95-AG24
51101503,Cloranfenicol,CLP,5,5,389.0,544.0,804.0,824.0,1150.0,1.51,2.96,0,1057384-76-SE24;1058026-11-SE24;1058027-2-SE24;1058086-118-SE24;1058135-40-AG24
51101507,Penicilina,CLP,2,2,110.0,147.5,185.0,222.5,260.0,1.51,2.36,0,1058131-167-AG24;1058132-485-SE24
31211704,Selladores,CLP,2,2,2084.0,2783.0,3482.0,4181.0,4880.0,1.5,2.34,0,1000813-43-AG24;1038-46-SE24
47121807,Émbolo buzo de desagüe o inodoro,CLP,2,2,1281.0,1708.25,2135.5,2562.75,2990.0,1.5,2.33,0,1057299-88-SE24;1080094-60-AG24
50121804,Plantas acuáticas estables sin refrigerar,CLP,3,2,1500.0,1500.0,1500.0,2255.0,3010.0,1.5,2.01,0,1057402-1661-SE24;1057402-757-SE24;1465-137-AG24
52141501,Refrigeradores domésticos,CLP,2,2,120000.0,160500.0,201000.0,241500.0,282000.0,1.5,2.35,0,1057440-954-AG24;1183926-38-AG24
42141808,Electrodos diatérmicos,CLP,3,2,2160.0,4330.0,6500.0,6500.0,6500.0,1.5,3.01,0,1057492-810-SE24;1057498-978-SE23
50181901,Pan fresco,CLP,73,18,504.0,1750.0,2060.0,2605.0,10168.0,1.49,20.17,1,1051765-130-SE24;1051765-135-SE24;1051765-139-SE24;1057388-494-AG23;1057389-388-SE24;1057389-802-SE24;1057417-1990-SE24;1057429-626-SE24;1057430-151-SE24;1057430-152-SE24;1057461-470-SE24;1057476-4-SE24;1057501-2410-SE24;1057506-36-AG24;1057513-50-SE24;1057532-1794-AG23;1057540-306-SE24;1057540-649-SE24;1057544-1513-SE23;1057547-320-SE24;1057554-1982-SE23;1057554-493-SE24;1079689-3-AG24;1079689-38-SE23;1301-51-AG24;1391-377-SE24;1403-99-SE24
80111707,Personal técnico,CLP,6,3,4000.0,5250.0,6750.0,7837.5,10550.0,1.49,2.64,0,1057512-271-SE24;1057512-273-SE24;1057539-1548-SE24;1057544-5823-SE23
42295305,Torniquetes quirúrgicos o ocluderes vasculares o l,CLP,7,2,10000.0,12650.0,15400.0,18825.0,18900.0,1.49,1.89,0,1057049-895-SE24;1057049-921-SE24;1057544-979-SE24
51142232,Clorhidrato de remifentanilo,CLP,2,2,4400.0,5825.0,7250.0,8675.0,10100.0,1.49,2.3,0,1057055-1566-SE23;1058044-275-SE24
56101703,Escritorios,CLP,2,2,99990.0,132492.5,164995.0,197497.5,230000.0,1.49,2.3,0,1057062-246-AG23;1057532-228-AG24
44121611,Perforadoras,CLP,2,2,2130.0,2816.0,3502.0,4188.0,4874.0,1.49,2.29,0,1057124-4-AG24;1057541-90-AG24
41116127,"Reactivos, soluciones o tinturas inmunológicos o serológicos",CLP,2,2,4356.0,5767.0,7178.0,8589.0,10000.0,1.49,2.3,0,1057417-2625-AG24;1532-219-AG24
41103011,Refrigeradores o congeladores de uso general,CLP,5,3,310004.0,1022500.0,1462850.0,1512605.0,1512605.0,1.48,4.88,0,1057420-111-AG24;1070620-2030-AG24;1070620-2079-AG24;1509-255-SE23
42152103,Adhesivos de cubetas de impresión dental,CLP,2,2,16190.0,21267.5,26345.0,31422.5,36500.0,1.48,2.25,0,1057421-110-AG24;1057536-86-SE24
30141503,Aislamiento de espuma,CLP,2,2,6000.0,7872.0,9744.0,11616.0,13488.0,1.48,2.25,0,1057432-76-AG24;1057500-715-AG23
56101522,Sillón,CLP,2,2,148900.0,194170.0,239440.0,284710.0,329980.0,1.47,2.22,0,1057498-661-AG24;1057500-50-AG24
42312313,Soluciones para la limpieza de heridas,CLP,11,7,1172.0,10283.5,14990.0,14990.0,16990.0,1.46,14.5,0,1002772-1178-SE24;1057417-1776-SE24;1057417-706-SE24;1057461-386-SE24;1057461-44-SE24;1057500-54-AG24;1057551-54-AG24;1058103-188-SE24;1075963-2328-SE24
50193102,Preparado para postres,CLP,7,3,250.0,570.0,593.0,834.0,1055.0,1.46,4.22,0,1057491-1393-AG24;1057510-473-AG24;1057551-31-AG24
31211906,Rodillos de pintar,CLP,2,2,2100.0,2730.0,3360.0,3990.0,4620.0,1.46,2.2,0,1000813-43-AG24;1116007-20-SE24
39111702,Lámparas portátiles,CLP,2,2,11460.0,14842.5,18225.0,21607.5,24990.0,1.46,2.18,0,1028871-129-SE24;1069417-210-AG24
43211902,Monitores o pantallas de visualización en cristal líquido (LCD),CLP,2,2,70990.0,92001.0,113012.0,134023.0,155034.0,1.46,2.18,0,1057500-97-AG24;1155683-523-SE23
14111507,Papel para fotocopiadora o impresora,CLP,18,11,1985.0,3012.5,3717.0,4366.0,535159.0,1.45,269.6,1,1051765-134-AG24;1057062-525-AG23;1057431-536-SE24;1057534-175-SE24;1057544-1715-SE24;1070620-2284-AG24;1087-19-AG24;1271357-62-SE24;1271358-19-SE24;1274286-40-AG24;1390-5-AG24;1398-128-AG24
72102802,"Restauración de edificios, casas, señales o monume",CLP,6,5,850000.0,1079300.0,1315275.0,1567637.5,50420168.0,1.45,59.32,1,1005498-224-SE23;1013353-5-SE24;1070620-1291-AG24;1070620-2089-AG24;1151549-188-AG24;1224957-122-AG24
41121509,Pipetas Pasteur o de transferencia,CLP,3,3,19.0,23.5,28.0,34.0,40.0,1.45,2.11,0,1057500-888-AG23;1057540-182-SE24;1057551-82-AG24
50181903,Galletas simples saladas,CLP,4,3,497.0,694.25,878.0,997.0,1000.0,1.44,2.01,0,1057429-621-SE24;1057513-56-SE24;1057544-114-CM23
51172107,Butilbromuro de hioscina,CLP,3,3,450.0,504.0,558.0,723.5,889.0,1.44,1.98,0,1058034-6-SE24;1058094-366-SE24;1058102-272-SE24
41103509,Frascos lavadores para laboratorios,CLP,2,2,38.0,48.75,59.5,70.25,81.0,1.44,2.13,0,1057404-179-AG24;1057431-550-AG24
42291802,"Abrazaderas, pinzas o fórceps quirúrgicos, o accesorios",CLP,5,5,15600.0,62765.0,78590.0,90000.0,874580.0,1.43,56.06,1,1057049-1234-SE24;1057417-1342-AG24;1057501-2603-SE24;1057509-2451-SE24;1057547-1554-AG24
51131506,Eritropoyetina,CLP,4,4,1050.0,1297.5,1490.0,1850.0,2600.0,1.43,2.48,0,1058102-272-SE24;1058132-417-SE24;1100719-176-SE24;1549-558-SE24
12352310,Siliconas,CLP,8,3,881.0,2989.09,3903.5,4283.5,14920.0,1.43,16.94,0,1038-46-SE24;1057500-946-AG23;1250374-1-SE24;1250566-11-AG24
56112102,Sillas para trabajar,CLP,3,3,44560.0,51530.0,58500.0,73750.0,89000.0,1.43,2.0,0,1057499-119-AG24;1057509-2226-AG24;1532-220-AG24
41114509,Tensiómetros,CLP,2,2,19000.0,24247.5,29495.0,34742.5,39990.0,1.43,2.1,0,1057489-2540-SE24;1057500-1084-SE23
50201711,Té instantáneo,CLP,4,3,2180.0,2180.0,2258.0,3102.0,5400.0,1.42,2.48,0,1057551-31-AG24;1063538-440-SE24;1063538-50-SE24;1079445-59-SE24
42142802,Sostenes o aparatos vasculares o de compresión,CLP,11,3,410.0,16695.0,23490.0,23490.0,460000.0,1.41,1121.95,1,1057439-1169-AG24;1057539-1355-AG24;1057539-1737-SE24;1063538-1258-SE24
53112101,Cubre calzado o botas de goma de caballero,CLP,2,2,7400.0,9300.0,11200.0,13100.0,15000.0,1.41,2.03,0,1037-36-SE24;1057370-126-AG24
47131806,Barniz o ceras de muebles,CLP,4,2,445.0,979.75,1254.0,1382.5,1480.0,1.41,3.33,0,1057049-1090-SE24;1251185-41-AG24
41116103,"Controles de calidad, calibradores o normativas de",CLP,29,2,34465.0,68934.0,83796.0,97026.0,179436.0,1.41,5.21,0,1057461-347-SE24;1057476-127-SE24
25172504,Neumáticos para camionetas o automóviles,CLP,7,4,35000.0,111374.0,125000.0,156302.5,182000.0,1.4,5.2,0,1043-8-AG24;1057419-82-AG24;1067526-42-AG24;1079505-129-AG24;1079505-23-AG24;1079576-107-AG24
50193103,Preparado de salsa de jugo,CLP,2,2,397.0,495.25,593.5,691.75,790.0,1.4,1.99,0,1057491-1389-AG24;1057551-31-AG24
47121501,Carros para limpieza,CLP,2,2,64990.0,81242.5,97495.0,113747.5,130000.0,1.4,2.0,0,1063538-1196-AG24;1110404-78-SE24
42192210,Sillas de ruedas,CLP,6,5,92450.0,100283.5,129392.0,139538.25,219900.0,1.39,2.38,0,1021609-35-SE24;1021609-4-SE24;1057402-1763-SE24;1057448-69-AG24;1057472-1610-SE24;1075963-2795-SE24
52131501,Cortinas,CLP,5,5,9990.0,36000.0,50000.0,50000.0,50877.0,1.39,5.09,0,1028871-129-SE24;1057422-85-AG24;1057501-911-AG24;1057506-137-AG24;1216088-56-AG24
42231804,Fórmulas suplementarias para enfermedades pediátri,CLP,11,3,4125.0,6090.0,7525.0,8435.5,41900.0,1.39,10.16,0,1057491-1563-SE24;1057501-2158-CC24;1057501-2192-CC24;1057501-2209-CC24;1057501-2652-CC24;1057554-438-CC24
42295123,"Máquinas quirúrgicas de succión, extractores de vacío, aspiradoras quirúrgicas ultrasónicas o reguladoras o accesorios",CLP,2,2,14500.0,18025.0,21550.0,25075.0,28600.0,1.39,1.97,0,1003473-715-AG24;1057404-1140-AG23
42151640,Pinzas dentales,CLP,2,2,25280.0,31372.5,37465.0,43557.5,49650.0,1.39,1.96,0,1057388-47-SE24;1057417-1342-AG24
41121513,Pipetas de goteo,CLP,3,2,4750.0,7825.0,10900.0,10900.0,10900.0,1.39,2.29,0,1057418-101-SE24;1211839-647-SE23
44121630,Kit de grapadora,CLP,7,2,16224.0,189500.0,240000.0,263000.0,498490.0,1.39,30.73,1,1075337-823-AG24;1627-272-SE24
60105704,Barras de pegamento libres de ácido,CLP,5,5,459.0,624.0,716.81,863.0,1302.0,1.38,2.84,0,1057299-23-SE24;1057402-2016-SE24;1057439-1111-SE24;1057500-1001-AG23;1211839-205-SE24
43211706,Teclados,CLP,3,3,3460.0,3460.0,3460.0,4780.0,6100.0,1.38,1.76,0,1057415-43-AG24;1057417-2071-AG24;1057440-994-AG24
31162307,Placas de montaje,CLP,4,2,1293.0,19073.25,25000.0,26250.0,30000.0,1.38,23.2,1,1002772-1188-AG24;1469-375-AG24
44121620,Dedo de goma,CLP,2,2,135.0,166.25,197.5,228.75,260.0,1.38,1.93,0,1057476-64-SE24;1057500-53-AG24
50202305,Jugo en polvo,CLP,5,5,125.0,183.0,200.0,251.0,2092.0,1.37,16.74,0,1057402-1963-SE24;1057491-1393-AG24;1057513-56-SE24;1057544-114-CM23;1079445-59-SE24
56101508,Colchones o sets de cama,CLP,4,4,85000.0,99992.5,119495.0,136750.0,145000.0,1.37,1.71,0,1057049-1372-AG24;1057503-1082-SE24;1079596-30-AG24;1208983-33-AG24
47121605,Limpiadores de suelo,CLP,4,4,680.0,949.25,1073.0,1299.75,1878.0,1.37,2.76,0,1057370-116-AG24;1057532-262-AG24;1088-20-AG24;1272228-15-AG24
50181709,Suministros para el horno,CLP,4,3,1750.0,2889.25,3459.5,3971.25,4935.0,1.37,2.82,0,1057513-56-SE24;1057532-272-AG24;1057544-1513-SE23
50193202,Ensaladas congeladas,CLP,5,2,2190.0,2190.0,2367.0,3000.0,4815.0,1.37,2.2,0,1057389-388-SE24;1057389-802-SE24;1079445-59-SE24
44122106,Chinches y tachuelas,CLP,2,2,168.0,206.75,245.5,284.25,323.0,1.37,1.92,0,1057439-881-AG24;1079596-26-SE24
53131501,Enjuague bucal,CLP,2,2,2894.0,3545.5,4197.0,4848.5,5500.0,1.37,1.9,0,1057492-2320-SE23;1058086-1104-SE24
45101903,Perforadoras de papel,CLP,3,3,3730.0,4753.5,5777.0,6452.5,7128.0,1.36,1.91,0,1057439-881-AG24;1057534-175-SE24;1057551-35-AG24
42152205,Unidades de curación de laboratorio dental,CLP,2,2,850.0,1037.5,1225.0,1412.5,1600.0,1.36,1.88,0,1051765-112-AG24;1057420-136-SE24
51191601,Dextrosa,CLP,24,12,470.0,590.0,690.0,797.5,1990.0,1.35,4.23,0,1057055-333-SE24;1057387-110-SE24;1058012-427-SE24;1058028-5-SE24;1058043-130-SE24;1058090-386-SE24;1058095-3372-SE23;1058128-66-SE24;1058131-143-SE24;1058141-358-AG24;1540-303-SE24;1549-653-AG24
42161507,Soluciones de diálisis peritoneal,CLP,45,5,2300.0,4004.0,5401.0,5401.0,50400.0,1.35,21.91,1,1057389-840-SE24;1057501-2151-SE24;1057501-2413-SE24;1057501-330-SE24;1057544-1207-SE24;1058012-160-SE24;1058012-164-SE24;1058012-165-SE24;1058012-167-SE24;1058012-168-SE24;1058012-170-SE24;1058012-172-SE24;1058012-173-SE24;1058012-176-SE24;1058012-178-SE24;1058012-180-SE24;1058012-184-SE24;1058012-185-SE24;1058012-188-SE24;1058012-192-SE24;1380-606-SE24
10141608,Arneses o accesorios,CLP,3,2,12060.0,17280.0,22500.0,23250.0,24000.0,1.35,1.99,0,1002772-1066-AG24;1002772-1069-AG24;1057973-33-SE23
40101604,Ventiladores,CLP,2,2,17900.0,21672.5,25445.0,29217.5,32990.0,1.35,1.84,0,1057049-1268-AG24;1057421-115-AG24
14111514,Bloques para mensajes,CLP,7,2,1161.0,1527.0,1962.0,2063.0,3072.0,1.35,2.65,0,1057476-64-SE24;1079596-26-SE24
30222101,Oficina de correos,CLP,2,2,1900000.0,2300000.0,2700000.0,3100000.0,3500000.0,1.35,1.84,0,1057508-160-AG24;1208107-15-SE23
42272404,Unidad de drenaje de la cavidad pleural o accesorios,CLP,4,4,27500.0,30875.0,34450.0,41425.0,55000.0,1.34,2.0,0,1002772-1202-SE24;1057417-706-SE24;1057429-614-AG24;1057554-853-SE24
47131830,Productos de limpieza de muebles,CLP,2,2,1390.0,1676.75,1963.5,2250.25,2537.0,1.34,1.83,0,1057299-88-SE24;1057473-75-AG24
42151815,Conos para tornos y pulidores odontológicos,CLP,6,2,2160.0,2160.0,2160.0,2902.5,14700.0,1.34,6.81,0,1057390-76-SE24;1057544-981-SE24
42293120,Retractores espinales o neurológicos,CLP,3,2,840336.0,1269168.0,1698000.0,1698000.0,1698000.0,1.34,2.02,0,1057491-1268-SE24;1058086-907-SE24
51172109,Trimebutina,CLP,3,2,551.0,630.0,709.0,840.5,972.0,1.33,1.76,0,1038999-129-AG23;1038999-28-AG24;1058034-6-SE24
60124317,Masa de modelado,CLP,2,2,1000.0,1195.5,1391.0,1586.5,1782.0,1.33,1.78,0,1057299-23-SE24;1057536-361-AG24
30161801,Armarios,CLP,4,2,94173.0,121355.25,134084.0,161554.0,232960.0,1.33,2.47,0,1057448-1232-AG22;1057510-1035-AG24
53131628,Shampoo,CLP,5,4,1050.0,1350.0,1787.0,1787.0,2100.0,1.32,2.0,0,1057388-54-AG24;1057532-262-AG24;1272228-15-AG24;1272565-283-SE24
41112403,Indicadores de presión,CLP,2,2,10000.0,11937.5,13875.0,15812.5,17750.0,1.32,1.77,0,1057418-137-SE24;1075963-2646-SE24
53111601,Zapatos de hombre,CLP,6,4,31504.0,38712.5,42100.0,50611.5,71637.0,1.31,2.27,0,1038-79-AG24;1057534-178-AG24;1057540-516-AG24;1181551-61-AG24
56101532,Mobiliario,CLP,7,3,41927.0,86515.0,106480.0,113240.0,331600.0,1.31,7.91,0,1057299-97-SE24;1175-1120-SE23;1233829-60-AG24
60121201,Pintura de témpera líquida tradicional,CLP,3,2,1231.0,1395.0,1559.0,1829.5,2100.0,1.31,1.71,0,1057299-21-SE24;1057299-23-SE24;1271358-4-SE24
30171511,Puerta de vaivén,CLP,2,2,1156000.0,1365721.25,1575442.5,1785163.75,1994885.0,1.31,1.73,0,1057389-563-SE24;1554-598-SE24
42141607,Orinales de enfermo para uso general,CLP,3,2,225.0,307.5,390.0,402.18,414.35,1.31,1.84,0,1057492-5043-SE23;1057495-111-SE24;1057495-234-SE24
42161629,Filtros transductores de la unidad de hemodiálisis,CLP,5,4,180.0,9900.0,9900.0,12867.0,51165.0,1.3,284.25,1,1002772-1102-SE24;1057501-15871-AG23;1057503-1010-SE24;1057503-35-SE24;1063538-1352-SE24
42131609,Cubre zapatos para el personal sanitario,CLP,5,3,35.0,50.0,51.0,65.0,459.0,1.3,13.11,0,1057472-1320-SE24;1057539-2584-AG24;1063538-1333-SE24
42311510,Vendaje de espuma,CLP,11,6,900.0,4951.0,5230.0,6365.5,11107.0,1.29,12.34,0,1057420-139-SE24;1057461-316-SE24;1057461-386-SE24;1057461-44-SE24;1057500-72-SE24;1057539-1104-CM22;1057539-1127-SE24;1057543-360-SE24;1540-371-SE24
50131609,Mayonesa,CLP,4,4,2034.0,2232.75,2343.0,2875.5,4341.0,1.29,2.13,0,1057422-125-SE24;1057544-114-CM23;1079445-59-SE24;1161266-223-AG24
52141502,Hornos microondas domésticos,CLP,2,2,49985.0,58488.75,66992.5,75496.25,84000.0,1.29,1.68,0,1057415-74-AG24;1534-3-AG24
42203708,Fijadores de revelado de película radiográfica médica,CLP,3,2,4905.0,5287.5,5670.0,6835.0,8000.0,1.29,1.63,0,1057500-57-AG24;1057500-800-AG23;1213002-60-AG24
46181804,Gafas protectoras,CLP,2,2,1500.0,1750.0,2000.0,2250.0,2500.0,1.29,1.67,0,1057500-93-AG24;1057534-206-AG24
30103313,Molduras no metálicas,CLP,8,3,1680.67,2749.74,2958.0,3525.0,6302.52,1.28,3.75,0,1038-46-SE24;1116007-20-SE24;1250374-1-SE24
42152425,Resinas de base para dentaduras,CLP,4,2,5220.0,33504.75,42933.0,42933.0,42933.0,1.28,8.22,0,1057390-76-SE24;1057402-1846-SE24
60121702,Tinta para timbres,CLP,3,2,2506.0,3206.5,3907.0,4096.0,4285.0,1.28,1.71,0,1057499-86-AG24;1057500-1001-AG23
51121743,Besilato de amlodipina,CLP,5,2,10.6,11.0,14.0,14.0,598.0,1.27,56.42,1,1038999-9-AG24;1057500-102-SE24;1057500-103-SE24;1057500-441-SE23;1057500-443-SE23
50171707,Vinagres,CLP,3,2,832.0,1146.0,1460.0,1460.0,1460.0,1.27,1.75,0,1057402-1914-SE24;1057402-1956-SE24;1057513-56-SE24
46171612,Monitores de vídeo,CLP,2,2,52000.0,60247.5,68495.0,76742.5,84990.0,1.27,1.63,0,1057429-26-AG24;1057432-26-SE24
42292202,Compresores quirúrgicos,CLP,4,2,3790.0,19690.0,24990.0,24990.0,24990.0,1.27,6.59,0,1057489-2399-SE24;1058086-695-SE24
50201713,Bolsitas de te,CLP,2,2,2750.0,3187.5,3625.0,4062.5,4500.0,1.27,1.64,0,1057532-272-AG24;1323-3-AG24
91111703,Vestuario,CLP,17,3,15990.0,16640.0,19930.0,20890.0,405000.0,1.26,25.33,1,1050283-205-AG24;1057414-72-SE24;1057548-1260-AG23
30102212,Plancha de cinc,CLP,2,2,8706.0,10029.5,11353.0,12676.5,14000.0,1.26,1.61,0,1000813-43-AG24;1038-46-SE24
39111505,Iluminación empotrada,CLP,4,2,8508.0,14802.0,16901.5,18701.25,24096.0,1.26,2.83,0,1035685-17-AG24;1057500-715-AG23
42204002,Cortinas o máscaras o delantales médicos de resgua,CLP,5,2,60000.0,120000.0,129500.0,151500.0,162500.0,1.26,2.71,0,1057491-1465-SE24;1057492-548-AG24
76121901,Eliminación de residuos médicos,CLP,38,5,800.0,800.0,800.0,1000.0,2500.0,1.25,3.12,0,1057370-91-SE24;1057510-1041-SE24;1057533-112-CC24;1057536-519-SE24;1063536-179-CC23;1063536-19-CC24
51101701,Albendazol,CLP,2,2,1318.0,1506.62,1695.25,1883.88,2072.5,1.25,1.57,0,1057387-110-SE24;1549-614-SE24
51212309,Ioxaglato de meglumina,CLP,2,2,7800.0,8875.0,9950.0,11025.0,12100.0,1.24,1.55,0,1058090-365-SE24;1058095-717-SE24
42221614,Tubería intravenosa con equipo de administración del catéter,CLP,8,4,152.0,192.25,193.0,236.25,23000.0,1.23,151.32,1,1057418-106-SE24;1057472-1960-SE24;1057501-1447-SE24;1057547-3771-SE24
44121801,Cinta correctora,CLP,4,2,697.0,846.25,965.0,1040.75,1061.0,1.23,1.52,0,1038-69-AG24;1057124-4-AG24
41103507,Recintos cerrados con filtro de aire recogedor de partículas de alta eficacia (HEPA),CLP,2,2,170000.0,192500.0,215000.0,237500.0,260000.0,1.23,1.53,0,1041-3-AG24;1057501-1574-SE24
50192403,Miel,CLP,3,2,3800.0,4950.0,6100.0,6100.0,6100.0,1.23,1.61,0,1057532-272-AG24;1063538-440-SE24;1063538-50-SE24
44111506,Taco calendario,CLP,5,5,557.0,2019.0,2239.0,2468.0,1178122.0,1.22,2115.12,1,1024-14-SE24;1038-69-AG24;1057299-23-SE24;1057500-1001-AG23;1057534-175-SE24
27112004,Palas,CLP,5,4,837.0,1909.0,2140.0,2330.0,8997.0,1.22,10.75,0,1057299-88-SE24;1057370-116-AG24;1216062-58-AG24;1218462-12-AG23
55121616,Banderitas autoadhesivas,CLP,4,4,373.0,391.0,418.5,477.25,589.0,1.22,1.58,0,1057490-86-SE24;1057500-922-AG23;1057541-90-AG24;1506-11-AG24
42311520,Cintas médicas no adhesivas,CLP,3,2,9400.0,10450.0,11500.0,12750.0,14000.0,1.22,1.49,0,1057420-117-SE24;1057420-153-SE24;1057439-941-AG24
42181804,Accesorios para sondas o sensores de oxímetros de ,CLP,7,2,5800.0,31950.0,36000.0,39000.0,180000.0,1.22,31.03,1,1057509-1132-SE24;1057509-3045-SE24;1380-2632-SE24
92121703,Alarmas,CLP,2,2,67000.0,75250.0,83500.0,91750.0,100000.0,1.22,1.49,0,1070132-18-SE22;1338-12-SE23
50101539,Verduras congeladas,CLP,60,13,443.0,2085.0,2326.0,2518.0,6632.0,1.21,14.97,0,1057379-127-SE24;1057389-388-SE24;1057389-802-SE24;1057402-13113-SE23;1057402-1658-SE24;1057402-1968-SE24;1057402-727-SE24;1057422-125-SE24;1057429-572-SE24;1057429-611-SE24;1057429-621-SE24;1057440-1202-SE24;1057440-1447-SE24;1057491-330-AG24;1057491-8170-AG23;1057513-56-SE24;1057544-1609-SE23;1057547-2956-SE24;1057554-786-AG24;1070620-8-AG24;1079445-59-SE24
44101707,Corcheteras,CLP,4,4,2488.0,3528.25,3877.0,4271.75,5450.0,1.21,2.19,0,1031849-62-CC24;1057299-23-SE24;1057402-2020-SE24;1506-11-AG24
81111809,Instalación de sistemas,USD,3,3,100.2,107.6,115.0,130.42,145.83,1.21,1.46,0,1057432-35-CM21;1057490-519-SE24;1605-348-SE22
44122016,Sujeta documentos,CLP,2,2,1244.0,1392.0,1540.0,1688.0,1836.0,1.21,1.48,0,1057402-2016-SE24;1540-366-AG24
42295406,"Bastoncillos, esponjas o apósitos de gasa quirúrgicos para laparotomía o especialidades detectables por rayos X",CLP,4,2,299.0,798.5,965.0,965.0,965.0,1.21,3.23,0,1057544-1395-SE24;1063538-1341-SE24
42151625,Instrumentos de higiene dental,CLP,2,2,1187.0,1315.25,1443.5,1571.75,1700.0,1.2,1.43,0,1002772-1227-SE24;1216062-280-AG23
50171548,Hierbas frescas,CLP,2,2,748.0,832.0,916.0,1000.0,1084.0,1.2,1.45,0,1057402-726-SE24;1057513-56-SE24
12191501,Solventes aromáticos,CLP,5,5,1522.0,1650.0,1666.0,1958.0,9972.0,1.19,6.55,0,1057049-1090-SE24;1057299-88-SE24;1057402-1811-SE24;1057461-399-SE24;1084156-1133-SE23
51131604,Warfarina sódica,CLP,4,4,523.0,523.0,549.5,621.0,756.0,1.19,1.45,0,1058085-771-SE24;1058095-624-SE24;1058102-272-SE24;1058128-437-AG24
60101722,Libretas de notas,CLP,3,2,1758.0,2128.5,2499.0,2542.5,2586.0,1.19,1.47,0,1057439-1111-SE24;1057439-881-AG24;1161266-224-AG24
51141916,Lorazepam,CLP,2,2,1029.0,1139.5,1250.0,1360.5,1471.0,1.19,1.43,0,1058103-217-SE24;1382-83-SE24
25101503,Automóviles,CLP,2,2,252006.0,277754.5,303503.0,329251.5,355000.0,1.19,1.41,0,1079516-169-SE24;1091-102-SE24
46171501,Candados,CLP,2,2,14909.0,16369.25,17829.5,19289.75,20750.0,1.18,1.39,0,1057500-842-AG23;1181551-61-AG24
51101807,Fluconazol,CLP,2,2,178.0,196.0,214.0,232.0,250.0,1.18,1.4,0,1058026-11-SE24;1549-5572-AG23
51142108,Ketoprofeno,CLP,2,2,457.0,502.75,548.5,594.25,640.0,1.18,1.4,0,1058034-11-AG24;1058101-29-SE24
53103001,Camisetas de caballero,CLP,10,2,6100.0,6100.0,6650.0,7200.0,8170.0,1.18,1.34,0,1230771-7-AG24;1421-66-SE24
86141501,Asesorías educativas,CLP,5,2,1027179.0,12326154.0,12326154.0,14380513.0,645614212.0,1.17,628.53,1,1002584-379-SE23;1057062-328-SE22
50193105,Mezclas para rebozar o apanar,CLP,3,2,1800.0,2175.0,2550.0,2550.0,2550.0,1.17,1.42,0,1057402-1914-SE24;1057402-837-SE24;1138111-4-AG24
50182001,"Tartas, empanadas o pastas frescas",CLP,2,2,21990.0,23992.5,25995.0,27997.5,30000.0,1.17,1.36,0,1057500-822-AG23;1161266-223-AG24
42261505,Cuchillas y cuchillos para autopsia,CLP,12,5,38.0,38.0,42.0,44.0,2300.0,1.16,60.53,1,1057439-1192-AG24;1057461-437-SE24;1057501-1875-SE24;1057547-2642-SE24;1075337-863-SE24
50101540,Verduras estables sin refrigerar,CLP,16,3,1625.0,1818.75,1864.5,2108.0,8200.0,1.16,5.05,0,1057417-879-SE24;1057490-269-SE24;1057490-275-SE24;1057490-498-SE24;1057544-196-CM24
42203603,Sistemas informatizados de archivado de imágenes (,CLP,2,2,2575000.0,2795437.75,3015875.5,3236313.25,3456751.0,1.16,1.34,0,1057390-136-SE24;1057547-4030-SE24
47131608,Cepillos para aseos,CLP,2,2,850683.0,926368.5,1002054.0,1077739.5,1153425.0,1.16,1.36,0,1224957-132-AG24;1317925-28-AG24
50221202,Cereales en barra,CLP,3,3,150.0,175.0,200.0,201.0,202.0,1.15,1.35,0,1057402-1914-SE24;1134432-87-AG24;1155683-93-AG24
42141502,Palitos con casquillo de fibra,CLP,2,2,132.0,142.75,153.5,164.25,175.0,1.15,1.33,0,1057049-1343-SE24;1057492-5336-SE23
11121801,Cáñamo,CLP,2,2,1990.0,2155.0,2320.0,2485.0,2650.0,1.15,1.33,0,1057402-1820-SE24;1271358-4-SE24
47121804,Cubos o baldes para limpieza,CLP,2,2,3600.0,3900.0,4200.0,4500.0,4800.0,1.15,1.33,0,1057534-206-AG24;1057551-70-AG24
42211803,Bastones para vestir para personas con discapacida,CLP,5,3,3800.0,4890.0,5590.0,5590.0,7700.0,1.14,2.03,0,1057440-1527-SE24;1057532-274-SE24;1057544-1204-SE24
53131602,Bálsamos y otros,CLP,2,2,1350.0,1453.5,1557.0,1660.5,1764.0,1.14,1.31,0,1057049-1090-SE24;1272565-283-SE24
10151802,Semillas o almácigos de vainilla,CLP,2,2,1361.0,1462.0,1563.0,1664.0,1765.0,1.14,1.3,0,1057513-56-SE24;1057551-31-AG24
42281603,Desinfectantes de los instrumentos médicos,CLP,5,3,8190.0,44098.0,47100.0,49828.0,280031.0,1.13,34.19,1,1057049-1165-SE24;1057501-2881-SE24;1057501-2882-SE24;1057536-86-SE24
42152418,Productos dentales de yeso,CLP,2,2,2599.0,2781.75,2964.5,3147.25,3330.0,1.13,1.28,0,1057421-110-AG24;1057544-1497-SE24
51241116,Travoprost,CLP,2,2,13710.0,14696.0,15682.0,16668.0,17654.0,1.13,1.29,0,1058141-299-SE24;1237328-70-AG24
31201610,Colas,CLP,3,2,3562.0,3562.0,3562.0,4031.0,4500.0,1.13,1.26,0,1079596-26-SE24;1213002-78-AG24
44121509,Valijas o bolsas para correspondencia,CLP,3,3,1530000.0,1535567.0,1541134.0,1720567.0,1900000.0,1.12,1.24,0,1037-45-SE24;1039043-14-AG24;1153624-234-AG23
31162003,Clavos de acabado,CLP,5,2,1840.0,1840.0,1924.0,2059.0,2244.0,1.12,1.22,0,1038-46-SE24;1250566-11-AG24
42131504,Batas para pacientes,CLP,4,2,3747.0,3747.0,3798.5,4210.75,5293.0,1.12,1.41,0,1057402-12270-SE23;1057402-13062-SE23;1057402-13070-SE23;1057547-1762-SE24
42151631,Sondas dentales,CLP,2,2,3600.0,3825.0,4050.0,4275.0,4500.0,1.12,1.25,0,1057404-1672-AG23;1057429-581-AG24
43211708,Trackballs y mouse de computador,CLP,2,2,3460.0,3673.25,3886.5,4099.75,4313.0,1.12,1.25,0,1057440-994-AG24;1506-11-AG24
50201710,Té de hierbas,CLP,2,2,876.0,932.0,988.0,1044.0,1100.0,1.12,1.26,0,1057491-1393-AG24;1057501-1873-AG24
46181535,Medias o calcetines de protección,CLP,4,2,3000.0,4792.5,5390.0,5390.0,5390.0,1.12,1.8,0,1057501-1689-SE24;1057554-1171-AG24
91111602,Servicios de mantenimiento de patios y piscinas,CLP,9,4,4000.0,95000.0,105000.0,105000.0,230579832.0,1.11,57644.96,1,1003-33-SE24;1028897-112-SE24;1214102-319-AG24;1576-4-SE22
51241115,Timolol,CLP,2,2,739.0,781.25,823.5,865.75,908.0,1.11,1.23,0,1038999-179-AG23;1237328-70-AG24
39101701,Tubos fluorescentes,CLP,2,2,29887.0,31490.25,33093.5,34696.75,36300.0,1.1,1.21,0,1028897-86-SE24;1057299-105-AG24
42131707,"Trajes, cascos o mascarillas de aislamiento quirúrgico o accesorios",CLP,2,2,14.9,15.68,16.45,17.23,18.0,1.1,1.21,0,1057490-413-AG24;1057547-3925-SE24
51142942,Sevoflurano,CLP,2,2,58000.0,60975.0,63950.0,66925.0,69900.0,1.1,1.21,0,1058102-284-SE24;1540-476-SE24
51151741,Efedrina,CLP,2,2,150.0,158.0,166.0,174.0,182.0,1.1,1.21,0,1058141-344-AG24;1075963-2539-SE24
31201503,Cintas adhesivas de protección,CLP,2,2,1005.0,1048.25,1091.5,1134.75,1178.0,1.08,1.17,0,1057299-23-SE24;1116007-20-SE24
44102001,Lámina para plastificar,CLP,8,4,127.0,10868.25,11133.0,11622.75,15160.0,1.07,119.37,1,1038-69-AG24;1057299-21-SE24;1057299-23-SE24;1057476-202-AG24;1079596-26-SE24
42312109,Placas para bolsas de Ostomía,CLP,3,3,3060.0,3194.0,3328.0,3409.0,3490.0,1.07,1.14,0,1057491-1667-AG24;1057498-706-AG24;1075963-2418-SE24
12162207,Melatonina,CLP,3,3,35.0,35.0,35.0,37.5,40.0,1.07,1.14,0,1058095-491-AG24;1058131-132-SE24;1100719-186-SE24
46181512,Ropa para salas esterilizadas,CLP,2,2,10490.0,10842.5,11195.0,11547.5,11900.0,1.07,1.13,0,1057429-486-AG24;1057431-533-AG24
56101702,Gabinetes de archivos o accesorios,CLP,2,2,140000.0,144997.5,149995.0,154992.5,159990.0,1.07,1.14,0,1057473-33-AG24;1070620-1629-AG24
51142206,Sulfato de morfina,CLP,2,2,10500.0,10900.0,11300.0,11700.0,12100.0,1.07,1.15,0,1057500-960-SE23;1058104-61-SE24
42294903,Agujas de biopsia o de aspiración endoscópica,CLP,2,2,21840.0,22603.25,23366.5,24129.75,24893.0,1.07,1.14,0,1057503-957-AG24;1057543-386-AG24
48101714,Dispensadores de agua caliente o termos,CLP,2,2,43450.0,44962.5,46475.0,47987.5,49500.0,1.07,1.14,0,1057539-2583-SE24;1198-54-AG23
50171552,Mezcla de condimentos,CLP,4,2,1452.0,1863.0,2000.0,2000.0,2000.0,1.07,1.38,0,1138111-4-AG24;1465-137-AG24
43212002,Soportes para monitor,CLP,2,2,14000.0,14450.0,14900.0,15350.0,15800.0,1.06,1.13,0,1002592-12-AG24;1305544-9-AG24
50181906,Pan en conserva,CLP,2,2,3000.0,3097.5,3195.0,3292.5,3390.0,1.06,1.13,0,1057418-136-SE24;1161266-223-AG24
51191704,Soluciones multielectrolíticas,CLP,2,2,150.0,155.0,160.0,165.0,170.0,1.06,1.13,0,1058102-61-SE24;1058132-438-SE24
52121508,Mantas o frazadas,CLP,3,3,7600.0,7700.0,7800.0,8050.0,8300.0,1.05,1.09,0,1057534-205-AG24;1057536-289-AG24;1057547-1762-SE24
51201802,Filgrastim,CLP,3,3,6500.0,6750.0,7000.0,7075.0,7150.0,1.05,1.1,0,1058141-321-SE24;1077920-104-SE24;1549-46-AG23
39111609,"Linternas de queroseno, propano o butano",CLP,2,2,5559.0,5695.0,5831.0,5967.0,6103.0,1.05,1.1,0,1057402-1881-AG24;1181551-61-AG24
51111902,Docetaxel,CLP,2,2,90000.0,92250.0,94500.0,96750.0,99000.0,1.05,1.1,0,1058128-271-SE24;1058141-307-SE24
51101594,Cefepima,CLP,2,2,1563.0,1598.25,1633.5,1668.75,1704.0,1.04,1.09,0,1057055-145-SE24;1058128-573-AG24
42231606,Kits de descompresión del colon,CLP,2,2,480000.0,489607.5,499215.0,508822.5,518430.0,1.04,1.08,0,1057501-2451-AG24;1057544-1467-SE24
51141526,Primidona,CLP,2,2,100.0,102.25,104.5,106.75,109.0,1.04,1.09,0,1075339-10-SE24;1100719-147-AG24
51101702,Mebendazol,CLP,2,2,2500.0,2541.75,2583.5,2625.25,2667.0,1.03,1.07,0,1058034-6-SE24;1058045-85-SE24
51152005,Toxina botulínica,CLP,2,2,293480.0,298244.25,303008.5,307772.75,312537.0,1.03,1.06,0,1058090-168-SE24;1171142-774-SE24
78111502,"Viajes en aviones comerciales, pasajes aéreos",CLP,20,6,4860.0,85000.0,85000.0,85789.0,9480000.0,1.01,1950.62,1,1001-19-SE24;1002-42-SE24;1003-29-SE24;1005498-31-SE24;1006-28-SE24;1019-96-SE24;1070620-2184-SE24;1109692-60-SE24;1116007-22-SE24;1128-12-SE24
42131705,Pantalones quirúrgicos,CLP,2,2,5319.0,5339.25,5359.5,5379.75,5400.0,1.01,1.02,0,1057402-13070-SE23;1057547-1762-SE24
53131622,Condones,CLP,2,2,118.0,118.5,119.0,119.5,120.0,1.01,1.02,0,1057500-1044-SE23;1057545-109-SE24
51141810,Zopiclona,CLP,2,2,98.0,98.25,98.5,98.75,99.0,1.01,1.01,0,1058101-31-SE24;1058131-126-SE24
42161503,Juegos de cateterización o administración de diálisis peritoneal,CLP,28,4,771.0,771.0,771.0,771.0,516890.0,1.0,670.42,1,1002772-871-AG24;1057049-957-SE24;1057402-664-SE24;1057402-666-SE24;1057402-667-SE24;1057402-668-SE24;1057402-670-SE24;1057402-674-SE24;1057402-675-SE24;1057402-677-SE24;1057402-681-SE24;1057402-682-SE24;1057402-683-SE24;1057402-684-SE24;1057402-685-SE24;1057402-686-SE24;1057402-687-SE24;1057402-694-SE24;1057402-695-SE24;1057402-696-SE24;1057402-698-SE24;1057402-699-SE24;1057402-700-SE24;1057402-701-SE24;1057402-702-SE24;1057402-703-SE24;1057402-704-SE24;1057544-1378-SE24
51101567,Ampicilina,CLP,5,4,363.0,370.0,370.0,370.0,660.0,1.0,1.82,0,1047027-229-SE24;1058128-473-SE24;1075963-2125-SE24;1075963-226-SE24;1464-65-SE24
42161504,Adaptadores o abrazadoras o conectores de catéter ,CLP,32,3,119.0,11112.75,11117.0,11117.0,11117.0,1.0,93.42,1,1057389-311-SE24;1057402-664-SE24;1057402-666-SE24;1057402-667-SE24;1057402-670-SE24;1057402-674-SE24;1057402-675-SE24;1057402-677-SE24;1057402-681-SE24;1057402-682-SE24;1057402-683-SE24;1057402-684-SE24;1057402-685-SE24;1057402-686-SE24;1057402-687-SE24;1057402-694-SE24;1057402-695-SE24;1057402-696-SE24;1057402-698-SE24;1057402-699-SE24;1057402-700-SE24;1057402-701-SE24;1057402-702-SE24;1057402-703-SE24;1057402-704-SE24;1057491-1536-SE24
42294504,Instrumentos para la membrana intraocular para cir,CLP,28,3,1650.0,25000.0,25000.0,25000.0,261500.0,1.0,158.48,1,1057472-2278-SE24;1057501-398-SE24;1063538-1542-SE24;1063538-206-SE24
93151607,Servicios de auditoria gubernamentales,CLP,2,2,1000000.0,1000000.0,1000000.0,1000000.0,1000000.0,1.0,1.0,0,1004823-17-SE24;1035685-53-SE24
20102301,Transportes de personal,CLP,5,2,680.0,680.0,680.0,680.0,114000.0,1.0,167.65,1,1051425-316-SE22;1057388-89-SE24;1057388-90-SE24
42294212,Juegos de instrumentos quirúrgicos urológicos,CLP,28,2,23100.0,360000.0,360000.0,360000.0,630000.0,1.0,27.27,1,1057049-256-SE24;1057049-261-SE24;1057049-262-SE24;1057049-265-SE24;1057049-266-SE24;1057049-433-SE24;1057049-435-SE24;1057049-436-SE24;1057049-438-SE24;1057049-439-SE24;1057049-440-SE24;1057049-441-SE24;1057049-442-SE24;1057049-443-SE24;1057049-444-SE24;1057049-445-SE24;1057049-446-SE24;1057049-447-SE24;1057049-448-SE24;1057049-449-SE24;1057417-11959-SE23;1057417-681-SE24
14111806,Formularios o cuestionarios comerciales,CLP,5,2,590.0,1750.0,1750.0,1750.0,1750.0,1.0,2.97,0,1057370-114-AG24;1057512-266-AG24
42152608,Cartuchos de ligamento de ortodoncia,CLP,16,2,4840.0,4840.0,4840.0,4840.0,28000.0,1.0,5.79,0,1057389-750-AG24;1057389-751-AG24;1062448-162-AG24
50171903,Aceitunas,CLP,5,2,3800.0,3800.0,3800.0,3800.0,6750.0,1.0,1.78,0,1057402-1914-SE24;1057402-1956-SE24;1057402-837-SE24;1057402-926-SE24;1161266-223-AG24
11121702,Astillas de madera,CLP,2,2,248.0,248.5,249.0,249.5,250.0,1.0,1.01,0,1057404-156-AG24;1523-143-SE24
42152410,Materiales de impresión alginatos dentales,CLP,2,2,5920.0,5927.5,5935.0,5942.5,5950.0,1.0,1.01,0,1057429-162-AG24;1057544-979-SE24
44121634,Rollos dispensadores de pegamento,CLP,9,2,236.0,425.0,425.0,425.0,5100.0,1.0,21.61,1,1057439-1111-SE24;1079596-26-SE24
50131608,Claras y yemas de huevo,CLP,5,2,210.0,210.0,210.0,210.0,290.0,1.0,1.38,0,1057440-1446-SE24;1057539-2811-SE24;1057539-2812-SE24;1057539-3004-SE24;1057539-3050-SE24
42295117,Manta quirúrgica o armarios para calentar soluciones o accesorios,CLP,6,2,1480.0,10900.0,10900.0,10900.0,14800.0,1.0,10.0,0,1057472-2033-SE24;1057491-1550-SE24
42272016,Espirales para laringe o sus accesorios,CLP,3,2,480.0,480.0,480.0,480.0,480.0,1.0,1.0,0,1057498-486-AG24;1057501-2658-AG24
42294523,Suministros para la cirugía plástica oftalmológica,CLP,12,2,54995.0,89046.0,89046.0,89046.0,89046.0,1.0,1.62,0,1057539-2635-SE24;1057539-2940-SE24;1057544-1465-SE24
51142935,Clorhidrato de levobupivacaína,CLP,2,2,5012.0,5012.0,5012.0,5012.0,5012.0,1.0,1.0,0,1058024-391-AG24;1058037-57-AG24
51181817,Promestrieno,CLP,2,2,15000.0,15000.0,15000.0,15000.0,15000.0,1.0,1.0,0,1058043-111-SE24;1058095-629-SE24
