codigo_oc,nombre_oc,fecha_creacion,tipo,codigo_licitacion,estado,organismo_codigo,organismo_nombre,organismo_rut,comuna,region,proveedor_codigo,proveedor_nombre,proveedor_rut,proveedor_comuna,proveedor_region,item_correlativo,codigo_categoria,categoria,codigo_producto,producto,especificacion_comprador,cantidad,unidad,moneda,precio_neto_unitario,total_linea_derivado,total_item_reportado
1001546-22-AG24,SERVICIO DE DISEÑO Y DIAGRAMACION BOLETIN 2024,2024-03-04T11:23:59.537,AG,,Aceptada,1592385,Primer Tribunal Ambiental con asiento en Antofagasta,61.999.230-k,Antofagasta,Región de Antofagasta ,1621822,MÁXIMO AGUSTÍN TRUJILLO CORREA,9.455.322-9,Viña del Mar,Región de Valparaíso ,1,82141500,"Servicios editoriales, de diseño, publicidad, gráficos y artistas / Diseño gráfico / Diseño",82141501,Servicios de diagramación y diseño gráfico,"Diseño actualizado, diagramación del Boletín de Sentencias 2024",1.0,,CLP,1285125.0,1285125.0,0.0
1000813-35-CM24,LP_ADQUISICIÓN DE VÍVERES PARA PERSONAS (4214) PARA SER USADO POR LA COMISIÓN SUBSISTENCIA (RANCHO DE TROPA) UBICADO EN LA 4TA BRIACO “CHORRILLOS” ,2024-02-14T11:08:24.623,CM,,Recepción Conforme,111870,DIVISION LOGISTICA DEL EJERCITO,61.999.040-4,Punta Arenas,Región de Magallanes y de la Antártica,24100,CONSORCIO INDUSTRIAL DE ALIMENTOS S.A.,80.186.300-0,,,1,0,,0,"JAMON CERDO SAN JORGE SANDWICH PIEZA 3,5K APROX. UNIDAD XII REGION","(2032318) JAMON CERDO SAN JORGE SANDWICH PIEZA 3,5K APROX. UNIDAD XII REGION",60.0,,CLP,13440.0,806400.0,806400.0
1000813-35-CM24,LP_ADQUISICIÓN DE VÍVERES PARA PERSONAS (4214) PARA SER USADO POR LA COMISIÓN SUBSISTENCIA (RANCHO DE TROPA) UBICADO EN LA 4TA BRIACO “CHORRILLOS” ,2024-02-14T11:08:24.623,CM,,Recepción Conforme,111870,DIVISION LOGISTICA DEL EJERCITO,61.999.040-4,Punta Arenas,Región de Magallanes y de la Antártica,24100,CONSORCIO INDUSTRIAL DE ALIMENTOS S.A.,80.186.300-0,,,2,0,,0,SALCHICHA SAN JORGE TRADICIONAL DISPLAY 1K UNIDAD XII REGION,(1480376) SALCHICHA SAN JORGE TRADICIONAL DISPLAY 1K UNIDAD XII REGION,200.0,,CLP,3022.0,604400.0,604400.0
1000813-35-CM24,LP_ADQUISICIÓN DE VÍVERES PARA PERSONAS (4214) PARA SER USADO POR LA COMISIÓN SUBSISTENCIA (RANCHO DE TROPA) UBICADO EN LA 4TA BRIACO “CHORRILLOS” ,2024-02-14T11:08:24.623,CM,,Recepción Conforme,111870,DIVISION LOGISTICA DEL EJERCITO,61.999.040-4,Punta Arenas,Región de Magallanes y de la Antártica,24100,CONSORCIO INDUSTRIAL DE ALIMENTOS S.A.,80.186.300-0,,,3,0,,0,LONGANIZA SAN JORGE CERDO RECETA TRADICIONAL DISPLAY 1K UNIDAD XII REGION,(1480061) LONGANIZA SAN JORGE CERDO RECETA TRADICIONAL DISPLAY 1K UNIDAD XII REGION,200.0,,CLP,3865.0,773000.0,773000.0
1001546-21-CM24,RECARGA COMBUSTIBLE CUPON ELECTRONICO ,2024-02-29T12:06:04.42,CM,,Aceptada,1592385,Primer Tribunal Ambiental con asiento en Antofagasta,61.999.230-k,Antofagasta,Región de Antofagasta ,26741,COPEC S.A.,99.520.000-7,,,1,0,,0,ESTACIÓN DE SERVICIO GASOLINA - REGIÓN ANTOFAGASTA DESCUENTO PESOS POR LITRO,(1944411) ESTACIÓN DE SERVICIO GASOLINA - REGIÓN ANTOFAGASTA DESCUENTO PESOS POR LITRO,1.0,,CLP,2500000.0,2500000.0,2500000.0
1001546-22-AG24,SERVICIO DE DISEÑO Y DIAGRAMACION BOLETIN 2024,2024-03-04T11:23:59.537,AG,,Aceptada,1592385,Primer Tribunal Ambiental con asiento en Antofagasta,61.999.230-k,Antofagasta,Región de Antofagasta ,1621822,MÁXIMO AGUSTÍN TRUJILLO CORREA,9.455.322-9,Viña del Mar,Región de Valparaíso ,1,82141500,"Servicios editoriales, de diseño, publicidad, gráficos y artistas / Diseño gráfico / Diseño",82141501,Servicios de diagramación y diseño gráfico,"Diseño actualizado, diagramación del Boletín de Sentencias 2024",1.0,,CLP,1285125.0,1285125.0,0.0
1002584-115-CM24,VISITA URGENTE STGO-COPIAPÓ DEL 29-02 AL 01-03 DIRECTOR RODRIGO EGAÑA,2024-02-28T11:16:25.98,CM,,Recepción Conforme,1593363,DIRECCION DE EDUCACION PUBLICA,65.154.016-k,Santiago,Región Metropolitana de Santiago,24237,AGENCIA DE VIAJES TURAVION SPA,80.989.400-2,,,1,0,,0,PASAJE AÉREO,(1849200) PASAJE AÉREO,1.0,,CLP,255480.0,255480.0,255480.0
1002584-115-CM24,VISITA URGENTE STGO-COPIAPÓ DEL 29-02 AL 01-03 DIRECTOR RODRIGO EGAÑA,2024-02-28T11:16:25.98,CM,,Recepción Conforme,1593363,DIRECCION DE EDUCACION PUBLICA,65.154.016-k,Santiago,Región Metropolitana de Santiago,24237,AGENCIA DE VIAJES TURAVION SPA,80.989.400-2,,,2,0,,0,TASA DE EMBARQUE,(1849900) TASA DE EMBARQUE,1.0,,CLP,38040.0,38040.0,38040.0
1002584-158-SE22,Servicio Complementario a la OC 1002584-332-SE20,2022-05-12T16:23:10.703,SE,1002584-18-LR20,Recepción Conforme,1593363,DIRECCION DE EDUCACION PUBLICA,65.154.016-k,Santiago,Región Metropolitana de Santiago,21214,TELEFONICA EMPRESAS CHILE SA,78.703.410-1,Providencia,Región Metropolitana de Santiago,1,83111500,Servicios básicos y de información pública / Telecomunicaciones / Telefonía local y de larga distancia,83111511,Servicio de comunicación IP,SERVICIO DE TELECOMUNICACIONES Y DE INFRAESTRUCTURA TECNOLÓGICA PARA LA DIRECCIÓN DE EDUCACIÓN PÚBLICA,1.0,,CLP,40473571.0,40473571.0,40473571.0
1002584-263-CC21,Compra Coordinada Arriendo Computadores 36 meses,2021-10-21T09:35:26.397,CC,1122317-12-LR21,Recepción Conforme,1593363,DIRECCION DE EDUCACION PUBLICA,65.154.016-k,Santiago,Región Metropolitana de Santiago,62706,OPCIONES SA SISTEMAS DE INFORMACION,96.523.180-3,Puerto Montt,Región de los Lagos ,1,43211500,"Tecnologías de la información, telecomunicaciones y radiodifusión / Equipos informáticos y accesorios / Computadores",43211503,"Notebook, laptop o computador portátil excepto Tab","Laptop GAMA 3 / Marca LENOVO Gama 3
Especificaciones de los equipos indicadas en el Punto 1 del contrato, Resolución Exenta N° 1675 de 2021
Compra Coordinada ID 1122317-12-LR21",43.0,,USD,815.6386,35072.4598,35072.4598
1002584-32-CC22,Compra Coordinada Arriendo Computadores 36 meses,2022-02-15T12:04:43.093,CC,1122317-12-LR21,Recepción Conforme,1593363,DIRECCION DE EDUCACION PUBLICA,65.154.016-k,Santiago,Región Metropolitana de Santiago,62706,OPCIONES SA SISTEMAS DE INFORMACION,96.523.180-3,Puerto Montt,Región de los Lagos ,1,43211500,"Tecnologías de la información, telecomunicaciones y radiodifusión / Equipos informáticos y accesorios / Computadores",43211503,"Notebook, laptop o computador portátil excepto Tab",,12.0,,USD,815.64,9787.68,9787.68
1002584-379-SE23,CONTRATACION DIRECTA MACROZONA N° 3 CATASTRO,2023-09-22T11:39:27.947,SE,,Recepción Conforme,1593363,DIRECCION DE EDUCACION PUBLICA,65.154.016-k,Santiago,Región Metropolitana de Santiago,1735186,RISE CONSULTORES SPA,77.063.624-8,San Miguel,Región Metropolitana de Santiago,1,86141500,"Educación, formación, entrenamiento y capacitación / Servicios de orientación y tecnología educativa / Servicios de orientación educacional",86141501,Asesorías educativas,"Servicio de levantamiento de información de la infraestructura educacional Macrozona N°3 ""Metropolitana""",1.0,,CLP,645614212.0,645614212.0,645614212.0
1002592-12-AG24,CDP 127 ADQUISICION DE ALZADORES DE NOTEBOOK ,2024-02-21T11:16:40.93,AG,,Recepción Conforme,1593370,SERVICIO LOCAL DE EDUCACION LAS BARRANCAS,65.154.021-6,Pudahuel,Región Metropolitana de Santiago,1481411,COMERCIALIZADORA MERCADO PUBLICO SPA,76.559.762-5,Providencia,Región Metropolitana de Santiago,1,43212000,"Tecnologías de la información, telecomunicaciones y radiodifusión / Equipos informáticos y accesorios / Accesorios de pantallas o monitores de computador",43212002,Soportes para monitor,alzadores para notebook,65.0,,CLP,15800.0,1027000.0,0.0
1002592-14-AG24,CDP 135 ADQUISICIÓN DE CAJAS DE CARTON Y CINTAS DE EMBALAJE,2024-02-28T08:38:49.833,AG,,Recepción Conforme,1593370,SERVICIO LOCAL DE EDUCACION LAS BARRANCAS,65.154.021-6,Pudahuel,Región Metropolitana de Santiago,1581875,Integramundo spa,76.779.675-7,Renca,Región Metropolitana de Santiago,1,31201500,Artículos de fabricación y producción / Cintas adhesivas y selladores / Cinta adhesiva,31201512,Cinta Transparente,Cintas de Embalaje 120m / Rollo. ,100.0,,CLP,700.0,70000.0,0.0
1002592-14-AG24,CDP 135 ADQUISICIÓN DE CAJAS DE CARTON Y CINTAS DE EMBALAJE,2024-02-28T08:38:49.833,AG,,Recepción Conforme,1593370,SERVICIO LOCAL DE EDUCACION LAS BARRANCAS,65.154.021-6,Pudahuel,Región Metropolitana de Santiago,1581875,Integramundo spa,76.779.675-7,Renca,Región Metropolitana de Santiago,2,14121500,Productos de papel / Papel y cartón para uso industrial / Cartón y papel para embalaje,14121504,Papel para embalaje,Cajas de Cartón 14 c Embalaje 60x40x40 cm. ,500.0,,CLP,1360.0,680000.0,0.0
1002592-87-SE21,CDP 609 SERVICIO DE ASEO ORDEN DE COMPRA DESDE 1002592-12-LQ21,2021-11-05T11:04:00.387,SE,1002592-12-LQ21,Recepción Conforme,1593370,SERVICIO LOCAL DE EDUCACION LAS BARRANCAS,65.154.021-6,Lo Prado,Región Metropolitana de Santiago,1482828,Promarco SpA,76.562.293-k,Las Condes,Región Metropolitana de Santiago,1,76111500,Servicios de limpieza industrial / Servicios de limpieza / Servicios de limpieza de edificios y oficinas en general,76111501,Servicios de limpieza de edificios,"SERVICIO DE ASEO PARA LAS DEPENDENCIAS DE NIVEL CENTRAL 
DEL SERVICIO LOCAL DE EDUCACIÓN 
PÚBLICA BARRANCAS.",36.0,,CLP,3300000.0,118800000.0,118800000.0
1002772-1007-AG24,"GASA LARGA 5X100X5 1 ENVASE S/HRP, AG1002772-227-COT24,(AG,TRANSVERSAL,2204005003,MMC)",2024-02-20T17:12:09.58,AG,,Recepción Conforme,7383,SERVICIO SALUD OCCIDENTE HOSPITAL DR FELIX BULNES CERDA,61.608.205-1,Cerro Navia,Región Metropolitana de Santiago,69994,BIOCLIN S.A.,96.910.280-3,Valparaíso,Región de Valparaíso ,1,42312300,Equipamiento y suministros médicos / Productos para el cuidado de heridas / Productos para la limpieza de heridas y desbridamiento,42312306,Productos médicos mecánicos de desbridamiento,0110020088	GASA LARGA 5 X 100 X 5   1 ENVASE S/HRP (ZONA B),3000.0,,CLP,450.0,1350000.0,0.0
1002772-1016-AG24," APOSITO DE SILICONA 10 X 10 (1-3) 1002772-399-COT24  (AG, Unidad de Hospitalización Domiciliaria, SERVICIO DE MEDICINA 6B, 2204004003, RRC)",2024-02-21T07:55:33.15,AG,,Recepción Conforme,7383,SERVICIO SALUD OCCIDENTE HOSPITAL DR FELIX BULNES CERDA,61.608.205-1,Santiago,Región Metropolitana de Santiago,1709147,MOLNLYCKE HEALTH CARE CHILE SPA,77.057.521-4,Pudahuel,Región Metropolitana de Santiago,1,42311500,"Equipamiento y suministros médicos / Productos para el cuidado de heridas / Vendas, vendajes y productos relacionados",42311526,Vendajes de apósitos,0110013402 APOSITO DE SILICONA 10 X 10,260.0,,CLP,2100.0,546000.0,0.0
1002772-1049-AG24,"SONDA FOLEY 8 FR CON BALON 3 ML,1002772-438-COT24,(UPC PEDIETRICA,2204005003,MMC)",2024-02-22T09:35:07.12,AG,,Recepción Conforme,7383,SERVICIO SALUD OCCIDENTE HOSPITAL DR FELIX BULNES CERDA,61.608.205-1,Cerro Navia,Región Metropolitana de Santiago,39565,Dipromed S.A.,86.397.000-8,Santiago,Región Metropolitana de Santiago,1,42293600,"Equipamiento y suministros médicos / Productos quirúrgicos / Bougies quirúrgicos, sondas, obturadores y productos relacionados",42293603,Sondas quirúrgicas,"0110020334	SONDA FOLEY 8 FR CON BALON 3 ML 100% SILICONA
",200.0,,CLP,1480.0,296000.0,0.0
1002772-1064-AG24,"ACIDO TRUICLOROACETICO 70% 50 ML, 1002772-411-COT24,(AG, CAAE GINE-OBSTE-POLI MAMA,2204003002,MMC)",2024-02-22T10:50:21.837,AG,,Recepción Conforme,7383,SERVICIO SALUD OCCIDENTE HOSPITAL DR FELIX BULNES CERDA,61.608.205-1,Cerro Navia,Región Metropolitana de Santiago,52777,FARMACEUTICA INSUVAL S.A.,77.768.990-8,Concepción,Región del Biobío ,1,51102700,Medicamentos y productos farmacéuticos / Medicamentos anti infecciosos / Antisépticos,51102706,Antisépticos de ácido acético,120040579 ACIDO TRICLOROACETICO 70% 50 ML,3.0,,CLP,28000.0,84000.0,0.0
1002772-1066-AG24,"ARNE SUJETADOR INTERFACE S, 1002772-432-COT24,(AG, UPC PEDIATRICA,2204005003,MMC)",2024-02-22T11:45:18.53,AG,,Recepción Conforme,7383,SERVICIO SALUD OCCIDENTE HOSPITAL DR FELIX BULNES CERDA,61.608.205-1,Cerro Navia,Región Metropolitana de Santiago,30917,ANDOVER ALIANZA MEDICA S A,96.625.550-1,Pudahuel,Región Metropolitana de Santiago,1,10141600,Artículos para plantas y animales / Artículos de talabartería y arreos / Arneses,10141608,Arneses o accesorios,10010236	ARNE SUJETADOR INTERFACE S,40.0,,CLP,22500.0,900000.0,0.0
1002772-1070-SE24,"KIT RECAMBIO TRAQUEOSTOMIA PERCUTANEA CON ASPIRACIÓN SUBGLOTICA 7.0 ID 1002772-63-LQ23 (LC,SDGC,2204005003,RRC)",2024-02-22T14:59:45.653,SE,1002772-63-LQ23,Recepción Conforme,7383,SERVICIO SALUD OCCIDENTE HOSPITAL DR FELIX BULNES CERDA,61.608.205-1,Cerro Navia,Región Metropolitana de Santiago,58733,Medisan Limitada,77.693.540-9,Las Condes,Región Metropolitana de Santiago,1,25174000,Vehículos y equipamiento en general / Componentes para vehículos en general / Sistema de refrigeración del motor,25174001,Ventilador,0140013924 KIT DE RECAMBIO TRAQUEOSTOMÍA PERCUTÁNEA CON ASPIRACION SUBGLOTICA CON CUFF 7.0,24.0,,CLP,68350.0,1640400.0,1640400.0
1002772-1096-AG24,"APOSITO DE FIBRA NO TEJIDO ESTERIL DE PLIVINILO DE ALCOHOL ALTAMENTE ABSORBENTE 10X10 CM. (1002772-551-COT24) (AG,CUID.DELAPIEL,2204004003,MOB)",2024-02-23T09:25:01.74,AG,,Recepción Conforme,7383,SERVICIO SALUD OCCIDENTE HOSPITAL DR FELIX BULNES CERDA,61.608.205-1,Cerro Navia,Región Metropolitana de Santiago,1709147,MOLNLYCKE HEALTH CARE CHILE SPA,77.057.521-4,Pudahuel,Región Metropolitana de Santiago,1,42311500,"Equipamiento y suministros médicos / Productos para el cuidado de heridas / Vendas, vendajes y productos relacionados",42311526,Vendajes de apósitos,10010782 APOSITO DE FIBRA NO TEJIDO DE POLIVINILO DE ALCOHOL ALTAMENTE ABSORBENTE 10X10 CM,200.0,,CLP,3800.0,760000.0,0.0
1002772-1099-SE24,"SUTURA ARTROSCOPIA ALTA RESISTENCIA N° 2 DE 96.5 AZUL CON AGUJA 1/2 CIRCULO 26 MM   1002772-147-LQ23   (LC, UNIDAD DE PABELLON CENTRAL Y ANESTESIA, 2204004003, RRC)",2024-02-23T12:13:14.577,SE,1002772-147-LQ23,Recepción Conforme,7383,SERVICIO SALUD OCCIDENTE HOSPITAL DR FELIX BULNES CERDA,61.608.205-1,Cerro Navia,Región Metropolitana de Santiago,65689,PRODUCTOS MEDICOS PROMEDON CHILE S A,78.566.250-4,Las Condes,Región Metropolitana de Santiago,1,42294200,"Equipamiento y suministros médicos / Productos quirúrgicos / Juegos de instrumentos, sistemas y bandejas quirúrgicos",42294209,Sistemas de instrumentos de fijación de trauma ortopédico,0110013370 SUTURA DE ALTA RESISTENCIA (SEGUN BASES TECNICAS DE LICITACION),48.0,,CLP,32592.0,1564416.0,1564416.0
1002772-1102-SE24,"AISLADOR PRESION LUER LIC 1002772-148-LE23 (LC, NEFROLOGIA,2204005003,CMG)",2024-02-23T14:18:22.773,SE,1002772-148-LE23,Recepción Conforme,7383,SERVICIO SALUD OCCIDENTE HOSPITAL DR FELIX BULNES CERDA,61.608.205-1,Cerro Navia,Región Metropolitana de Santiago,14630,NIPRO MEDICAL CORPORATION (AGENCIA EN CHILE),59.077.290-9,Providencia,Región Metropolitana de Santiago,1,42161600,Equipamiento y suministros médicos / Equipo y suministros para diálisis / Equipo de hemodiálisis extracorpórea y suministros,42161629,Filtros transductores de la unidad de hemodiálisis,20023768 AISLADORES DE PRESION LUER,150.0,,CLP,180.0,27000.0,27000.0
1002772-1113-AG24,"AGUJA DE ENDOSONOGRAFIA FNB25  1002772-594-COT24 (AG, CIRUGIA ADULTO, 2204005001, RRC)",2024-02-26T10:17:14.17,AG,,Recepción Conforme,7383,SERVICIO SALUD OCCIDENTE HOSPITAL DR FELIX BULNES CERDA,61.608.205-1,Santiago,Región Metropolitana de Santiago,65689,PRODUCTOS MEDICOS PROMEDON CHILE S A,78.566.250-4,Las Condes,Región Metropolitana de Santiago,1,42142500,Equipamiento y suministros médicos / Suministros y productos clínicos / Agujas clínicas,42142504,Agujas de biopsia,10010480 AGUJA DE ENDOSONOGRAFIA FNB25,3.0,,CLP,190000.0,570000.0,0.0
1002772-1122-SE24,"BAJADA PARA BOMBA DE INFUSION DOBLE CANAL ID 1002772-94-LQ23 (LC,MEDICINA,2204005003,MOB)",2024-02-26T15:44:59.947,SE,1002772-94-LQ23,Recepción Conforme,7383,SERVICIO SALUD OCCIDENTE HOSPITAL DR FELIX BULNES CERDA,61.608.205-1,Cerro Navia,Región Metropolitana de Santiago,144142,HOSPIRA CHILE LIMITADA,76.236.180-9,Las Condes,Región Metropolitana de Santiago,1,42222000,"Equipamiento y suministros médicos / Productos administrados por vía intravenosa y arterial / Bombas, analizadores, sensores y accesorios de infusión intravenosa",42222008,Kits o accesorios de bombas de infusión,0140010460 BAJADA PARA BOMBA DE INFUSION DOBLE CANAL,150.0,,CLP,4630.0,694500.0,694500.0
1002772-1125-SE24,"BATA QUIRURGICA ESTERIL REFORZADA TALLA XL   1002772-128-LP23 (LC, Unidad de Pabellon Central y Anestesia, 2204005003,RRC)",2024-02-27T07:41:55.47,SE,1002772-128-LP23,Recepción Conforme,7383,SERVICIO SALUD OCCIDENTE HOSPITAL DR FELIX BULNES CERDA,61.608.205-1,Cerro Navia,Región Metropolitana de Santiago,1312302,ARTICULOS MEDICOS Y QUIRURGICOS CHILE S.A.,76.209.836-9,Las Condes,Región Metropolitana de Santiago,1,42131600,Equipamiento y suministros médicos / Vestuario clínico / Vestuario para el personal médico y artículos relacionados,42131612,Batas de aislamiento o cobertura para el personal sanitario,"0110010019
BATA QUIRURGICA ESTERIL REFORZADA TALLA XL",400.0,,CLP,1290.0,516000.0,516000.0
1002772-1127-SE24,"EXTENSOR VENOSO LIBRE DE AGUJA TRANSPARENTE CON 3 PUERTOS  Y VALVULA ANTIRREFLUJO UNIDIRECCIONAL  CON CLAMP ID 1002772-96-LQ23 (LC,UEA,2204005003,MOB)",2024-02-27T08:18:38.757,SE,1002772-96-LQ23,Recepción Conforme,7383,SERVICIO SALUD OCCIDENTE HOSPITAL DR FELIX BULNES CERDA,61.608.205-1,Cerro Navia,Región Metropolitana de Santiago,27002,MEGALABS CHILE S.A,94.544.000-7,Providencia,Región Metropolitana de Santiago,1,42221600,"Equipamiento y suministros médicos / Productos administrados por vía intravenosa y arterial / Tuberías, juegos de administración y productos relacionados intravenosos y arteriales",42221616,Sets de extensión para catéteres intravenosos o arteriales,0110212491 EXTENSOR VENOSO LIBRE DE AGUJA TRANSPARENTE CON 3 PUERTOS Y VALVULA ANTIRREFLUJO UNIDIRECCIONAL CON CLAMP.,50.0,,CLP,14980.0,749000.0,749000.0
1002772-1128-SE24,"SUTURA DE MONOFILAMENTO DE POLIGLECAPRONE 25 CALIBRE 3.0 COLOR DORADO LONGITUD 70 CMS CON AGUJA ESTRIADA DE REVRSO CORTANTE PUNTA DE PRESICION 3/8 DE CIRULO DE 24 MM Y936H    1002772-112-LR22   (LC, UNIDAD PARTO-PABELLON Y PREPARTO, 2204004003, RRC)",2024-02-27T08:29:43.757,SE,1002772-112-LR22,Recepción Conforme,7383,SERVICIO SALUD OCCIDENTE HOSPITAL DR FELIX BULNES CERDA,61.608.205-1,Cerro Navia,Región Metropolitana de Santiago,26963,JOHNSON Y JOHNSON DE CHILE S A,93.745.000-1,Las Condes,Región Metropolitana de Santiago,1,42312200,Equipamiento y suministros médicos / Productos para el cuidado de heridas / Sutura y productos relacionados,42312201,Sutura,"140010100	Sutura de monofilamento de poliglecaprone 3/0, incoloro, 70 cm. Con aguja estriada de reverso cortante, punta de precisión, 3/8 de círculo, 24 mm.",720.0,,CLP,2760.0,1987200.0,1987200.0
1002772-1137-SE24,"APOSITO NO ADHERENTE TRANSPARENTE ( TELFA ) 30 X 30 CM/ APOSITO NO ADHESIVO ESTERIL (TELFA) 10X12 CM   1002772-31-LR23  (LC, U.P.C Adulto, 2204004003, RRC)",2024-02-27T09:16:15.293,SE,1002772-31-LR23,Recepción Conforme,7383,SERVICIO SALUD OCCIDENTE HOSPITAL DR FELIX BULNES CERDA,61.608.205-1,Cerro Navia,Región Metropolitana de Santiago,69350,HOSPITALIA PRODUCTOS MEDICOS LTDA,78.233.420-4,Quilicura,Región Metropolitana de Santiago,1,42311500,"Equipamiento y suministros médicos / Productos para el cuidado de heridas / Vendas, vendajes y productos relacionados",42311505,Vendas o vendajes para uso general,"0110013417 APOSITO TRANSPARENTE NO ADHERENTE INDIVIDUAL ESTERIL DE 10X12 CM (SIMILAR TECNICO TELFA)

",100.0,,CLP,6900.0,690000.0,690000.0
1002772-1137-SE24,"APOSITO NO ADHERENTE TRANSPARENTE ( TELFA ) 30 X 30 CM/ APOSITO NO ADHESIVO ESTERIL (TELFA) 10X12 CM   1002772-31-LR23  (LC, U.P.C Adulto, 2204004003, RRC)",2024-02-27T09:16:15.293,SE,1002772-31-LR23,Recepción Conforme,7383,SERVICIO SALUD OCCIDENTE HOSPITAL DR FELIX BULNES CERDA,61.608.205-1,Cerro Navia,Región Metropolitana de Santiago,69350,HOSPITALIA PRODUCTOS MEDICOS LTDA,78.233.420-4,Quilicura,Región Metropolitana de Santiago,2,42311500,"Equipamiento y suministros médicos / Productos para el cuidado de heridas / Vendas, vendajes y productos relacionados",42311505,Vendas o vendajes para uso general,250010036	APOSITO NO ADHERENTE TRANSPARENTE ( TELFA ) 30 X 30 CM,100.0,,CLP,6900.0,690000.0,690000.0
1002772-1162-SE24,"SET INTRODUCTOR ANGIOGRAFICO 7 FR/8 FR CON AGUJA DE PUNCION  ID 1002772-78-LQ23 (LC,PAB.,2204005003,MOB)",2024-02-27T14:57:00.4,SE,1002772-78-LQ23,Recepción Conforme,7383,SERVICIO SALUD OCCIDENTE HOSPITAL DR FELIX BULNES CERDA,61.608.205-1,Cerro Navia,Región Metropolitana de Santiago,56658,INVERSIONES E INMOBILIARIA MARTIN & RAMIREZ SPA,77.866.770-3,Ñuñoa,Región Metropolitana de Santiago,1,42294200,"Equipamiento y suministros médicos / Productos quirúrgicos / Juegos de instrumentos, sistemas y bandejas quirúrgicos",42294216,Sets de instrumentos quirúrgicos de angiografía,10010144 SET DE INTRODUCTOR ANGIOGRAFICO 7 FRENCH CON AGUJA DE PUNCION FEMORAL,2.0,,CLP,9500.0,19000.0,19000.0
1002772-1162-SE24,"SET INTRODUCTOR ANGIOGRAFICO 7 FR/8 FR CON AGUJA DE PUNCION  ID 1002772-78-LQ23 (LC,PAB.,2204005003,MOB)",2024-02-27T14:57:00.4,SE,1002772-78-LQ23,Recepción Conforme,7383,SERVICIO SALUD OCCIDENTE HOSPITAL DR FELIX BULNES CERDA,61.608.205-1,Cerro Navia,Región Metropolitana de Santiago,56658,INVERSIONES E INMOBILIARIA MARTIN & RAMIREZ SPA,77.866.770-3,Ñuñoa,Región Metropolitana de Santiago,2,42294200,"Equipamiento y suministros médicos / Productos quirúrgicos / Juegos de instrumentos, sistemas y bandejas quirúrgicos",42294216,Sets de instrumentos quirúrgicos de angiografía,"0140033065 SET DE INTRODUCTOR ANGIOGRAFICO 8 FRENCH, CON AGUJA DE PUNCION",2.0,,CLP,9500.0,19000.0,19000.0
1002772-1164-CM24,"LIGADURA ENDOSCOPICA DE POLIGLACTINA 910 CALIBRE 0 18"" 45,72 CMS (ENDOLOOPS VICRYL) (CM,PAB,2204004003,DRU)",2024-02-27T16:16:24.61,CM,,Recepción Conforme,7383,SERVICIO SALUD OCCIDENTE HOSPITAL DR FELIX BULNES CERDA,61.608.205-1,Cerro Navia,Región Metropolitana de Santiago,26963,JOHNSON Y JOHNSON DE CHILE S A,93.745.000-1,,,1,0,,0,SUTURA ENDOLOOP LIGADURA LAPAROSCOPICA DE POLIGLACTINA 910 CALIBRE 0 12 UNIDADES CENTRO,(1943067) SUTURA ENDOLOOP LIGADURA LAPAROSCOPICA DE POLIGLACTINA 910 CALIBRE 0 12 UNIDADES CENTRO,5.0,,CLP,448680.0,2243400.0,2243400.0
1002772-1174-SE24,"MICROCATETER DE ACCESO DISTAL 2 A 2.8 FR CON O SIN MICROGUIA ID 1002772-79-LQ23 (LC,PAB.,2204005003,MOB)",2024-02-28T10:14:09.337,SE,1002772-79-LQ23,Recepción Conforme,7383,SERVICIO SALUD OCCIDENTE HOSPITAL DR FELIX BULNES CERDA,61.608.205-1,Cerro Navia,Región Metropolitana de Santiago,25214,COMERCIALIZADORA TERUMO CHILE LIMITADA,87.590.600-3,Las Condes,Región Metropolitana de Santiago,1,42203400,"Equipamiento y suministros médicos / Productos para imágenes y de medicina nuclear / Artículos para imágenes vasculares, cardiología intervencional y laboratorio de cateterización cardiaca",42203402,Catéteres o juegos vasculares intervencional o diagnósticos,"10010128 MICROCATETER DE ACCESO DISTAL 2 A 2,8F CON O SIN MICROGUIA",1.0,,CLP,270000.0,270000.0,270000.0
1002772-1184-AG24,"CATETER TORAXICO TROCAR 24 FR ID:1002772-537-COT24 (AG,UUA,2204005003,CBO) ",2024-02-28T11:07:49.393,AG,,Recepción Conforme,7383,SERVICIO SALUD OCCIDENTE HOSPITAL DR FELIX BULNES CERDA,61.608.205-1,Cerro Navia,Región Metropolitana de Santiago,27097,CENTRAL DE COMPRAS DEL EXTRASISTEMA S.A.,96.515.660-7,Quilicura,Región Metropolitana de Santiago,1,42272000,"Equipamiento y suministros médicos / Productos de resucitación, anestesia y respiratorios / Suministros de intubación",42272011,Catéteres de succión o sus accesorios,110020117	CATETER TORAXICO TROCAR 24 FR,30.0,,CLP,8490.0,254700.0,0.0
1002772-220-SE24,"CORREAS PAVLIK DIF. MEDIDAS ID 1002772-68-LE22 (LC,CAAEINDI.,2204004006,MOB)",2024-01-15T16:20:55.61,SE,1002772-68-LE22,Recepción Conforme,7383,SERVICIO SALUD OCCIDENTE HOSPITAL DR FELIX BULNES CERDA,61.608.205-1,Cerro Navia,Región Metropolitana de Santiago,91046,TECNOPLANTA,76.114.460-k,Estación Central,Región Metropolitana de Santiago,1,42311500,"Equipamiento y suministros médicos / Productos para el cuidado de heridas / Vendas, vendajes y productos relacionados",42311519,Correas médicas no adhesivas,150010110 CORREAS DE PAVLIK TALLA M,150.0,,CLP,20000.0,3000000.0,3000000.0
1002772-310-SE24,"SET REGIONAL(FUENTE ALUSA,3 GASAS,APLICADOR,2 TOALLAS)(ZONA B)-RIÑONES DESECHABLES ID 1002772-54-LP23 (LC,TRANS.,",2024-01-18T15:31:02.067,SE,1002772-54-LP23,Recepción Conforme,7383,SERVICIO SALUD OCCIDENTE HOSPITAL DR FELIX BULNES CERDA,61.608.205-1,Cerro Navia,Región Metropolitana de Santiago,227926,NEMO CHILE S.A.,76.215.260-6,Recoleta,Región Metropolitana de Santiago,1,42141600,Equipamiento y suministros médicos / Suministros y productos clínicos / Palanganas y bacinillas de cama y orinales y equipos de ingreso,42141606,Palanganas médicas para fines múltiples,110010147 RIÑON DESECHABLE NO ESTERIL,15000.0,,CLP,103.0,1545000.0,1545000.0
1002772-310-SE24,"SET REGIONAL(FUENTE ALUSA,3 GASAS,APLICADOR,2 TOALLAS)(ZONA B)-RIÑONES DESECHABLES ID 1002772-54-LP23 (LC,TRANS.,",2024-01-18T15:31:02.067,SE,1002772-54-LP23,Recepción Conforme,7383,SERVICIO SALUD OCCIDENTE HOSPITAL DR FELIX BULNES CERDA,61.608.205-1,Cerro Navia,Región Metropolitana de Santiago,227926,NEMO CHILE S.A.,76.215.260-6,Recoleta,Región Metropolitana de Santiago,2,42291600,"Equipamiento y suministros médicos / Productos quirúrgicos / Instrumentos quirúrgicos de corte, trampas y productos relacionados",42291607,Gasas o curetas quirúrgicas,"110013416 SET REGIONAL (FUENTE ALUSA, 3 GASAS, APLICADOR Y DOS TOALLAS)",3000.0,,CLP,972.0,2916000.0,2916000.0
1002772-315-SE24,"COMPRESA ESTERIL 45X45 CM PAQUETE 5 UD DOBLE ENVOLTORIO(ZONA B) ID1002772-65-LQ23 (LC,TRANS.,2204004003,IEF)",2024-01-18T16:08:30.813,SE,1002772-65-LQ23,Recepción Conforme,7383,SERVICIO SALUD OCCIDENTE HOSPITAL DR FELIX BULNES CERDA,61.608.205-1,Cerro Navia,Región Metropolitana de Santiago,31590,REUTTER S A,81.210.400-4,Huechuraba,Región Metropolitana de Santiago,1,42311500,"Equipamiento y suministros médicos / Productos para el cuidado de heridas / Vendas, vendajes y productos relacionados",42311506,Vendas o apósitos compresores,0110010239 COMPRESA ESTERIL 45X45 CM CON HILO RADIOPACO,60000.0,,CLP,800.0,48000000.0,48000000.0
1002772-418-SE24,"ADAPTADOR LUER ID 1002772-26-LR23 (LC,TRANS,2204005003,DRU)",2024-01-23T16:09:13.683,SE,1002772-26-LR23,Recepción Conforme,7383,SERVICIO SALUD OCCIDENTE HOSPITAL DR FELIX BULNES CERDA,61.608.205-1,Cerro Navia,Región Metropolitana de Santiago,1383978,SCHONFELDT VIDAMEDICA SPA,76.352.414-0,Quilicura,Región Metropolitana de Santiago,1,42221500,"Equipamiento y suministros médicos / Productos administrados por vía intravenosa y arterial / Accesorios, catéteres y cánulas intravenosas y arteriales",42221512,Cánulas o accesorios para catéteres intravenosos o arteriales,0120020125 ADAPTADOR LUER (1-4),2000.0,,CLP,142.0,284000.0,284000.0
1002772-572-AG24,"CONTROL QUÍMICO INTEGRADOR AUTOCLAVE TIRA MULTIPARAMETRO CLASE 5. ID 1002772-17-COT24 (AG,ESTERI.,2204005003,EEF)",2024-01-31T11:20:04.467,AG,,Recepción Conforme,7383,SERVICIO SALUD OCCIDENTE HOSPITAL DR FELIX BULNES CERDA,61.608.205-1,Santiago,Región Metropolitana de Santiago,1798212,COMERCIAL GBG SPA,77.316.253-0,Pudahuel,Región Metropolitana de Santiago,1,42181900,Equipamiento y suministros médicos / Productos para exámenes y control de pacientes / Unidades de control de cuidado intenso y productos relacionados,42181904,Unidades de transporte o de señales vitales móviles de multiparámetro o accesorios,"0110020552 CONTROL QUIMICO INTEGRADOR AUTOCLAVE TIRA MULTIPARAMETRO CLASE 5

",2000.0,,CLP,128.0,256000.0,0.0
1002772-600-AG24,"TEJIDO TUBULAR 10 CM X 25 MT RO 1002772-249-COT24 (AG, TRANSVERSAL,2204005003, RRC)",2024-02-01T07:48:24.997,AG,,Recepción Conforme,7383,SERVICIO SALUD OCCIDENTE HOSPITAL DR FELIX BULNES CERDA,61.608.205-1,Santiago,Región Metropolitana de Santiago,70166,INDUSTRIAL Y COMERCIAL SAN DIEGO LIMITADA,77.662.300-8,Santiago,Región Metropolitana de Santiago,1,42311500,"Equipamiento y suministros médicos / Productos para el cuidado de heridas / Vendas, vendajes y productos relacionados",42311526,Vendajes de apósitos,"110010234	TEJIDO TUBULAR 10 CM X 25 MT RO
",20.0,,CLP,5034.0,100680.0,0.0
1002772-6401-SE23,"ABDUCTOR DE CADERA FERULA ATLANTA ID 1002772-22-LE22 (LC,TRAUM,2204004006,CMG)",2023-12-21T09:47:36.837,SE,1002772-22-LE22,Recepción Conforme,7383,SERVICIO SALUD OCCIDENTE HOSPITAL DR FELIX BULNES CERDA,61.608.205-1,Cerro Navia,Región Metropolitana de Santiago,91046,TECNOPLANTA,76.114.460-k,Estación Central,Región Metropolitana de Santiago,1,85121600,"Salud, servicios sanitarios y alimentación / Medicina y servicios de salud / Especialidades médicas",85121612,Servicios ortopédicos,"0150010006 FÉRULA ABDUCTORA TIPO ATLANTA DE POLIETILENO, CON MUSLERA ACOLCHADA, CORREAS AJUSTABLE Y BARRA MOVIL",4.0,,CLP,125000.0,500000.0,500000.0
1002772-818-AG24,"BIODENTINE/HIPOCLORITO/RESINA FLUIDA compra agil 1002772-354-cot24 (AG,ODONTOLOGIA,2204004005,CMG)",2024-02-09T14:52:01.5,AG,,Recepción Conforme,7383,SERVICIO SALUD OCCIDENTE HOSPITAL DR FELIX BULNES CERDA,61.608.205-1,Cerro Navia,Región Metropolitana de Santiago,18979,Clan Dent,77.371.920-9,Santiago,Región Metropolitana de Santiago,1,42152100,Equipamiento y suministros médicos / Equipos y suministros odontológicos / Equipo y suministros dentales para impresión,42152111,Endurecedores de material de impresión dental,10010122 ALCOHOL DE QUEMAR LITRO,24.0,,CLP,1681.0,40344.0,0.0
1002772-818-AG24,"BIODENTINE/HIPOCLORITO/RESINA FLUIDA compra agil 1002772-354-cot24 (AG,ODONTOLOGIA,2204004005,CMG)",2024-02-09T14:52:01.5,AG,,Recepción Conforme,7383,SERVICIO SALUD OCCIDENTE HOSPITAL DR FELIX BULNES CERDA,61.608.205-1,Cerro Navia,Región Metropolitana de Santiago,18979,Clan Dent,77.371.920-9,Santiago,Región Metropolitana de Santiago,2,42152100,Equipamiento y suministros médicos / Equipos y suministros odontológicos / Equipo y suministros dentales para impresión,42152105,Cubetas de impresión dental,30030082 HIPOCLORITO 5% 1000 ML  ,10.0,,CLP,2269.0,22690.0,0.0
1002772-818-AG24,"BIODENTINE/HIPOCLORITO/RESINA FLUIDA compra agil 1002772-354-cot24 (AG,ODONTOLOGIA,2204004005,CMG)",2024-02-09T14:52:01.5,AG,,Recepción Conforme,7383,SERVICIO SALUD OCCIDENTE HOSPITAL DR FELIX BULNES CERDA,61.608.205-1,Cerro Navia,Región Metropolitana de Santiago,18979,Clan Dent,77.371.920-9,Santiago,Región Metropolitana de Santiago,3,42151600,Equipamiento y suministros médicos / Equipos y suministros odontológicos / Instrumentos y dispositivos dentales y de sub-especialidad,42151613,Bruñidores dentales,3001000612 FLOW A2 O A3  ( RESINA FLUIDA JERINGA),10.0,,CLP,25304.0,253040.0,0.0
1002772-818-AG24,"BIODENTINE/HIPOCLORITO/RESINA FLUIDA compra agil 1002772-354-cot24 (AG,ODONTOLOGIA,2204004005,CMG)",2024-02-09T14:52:01.5,AG,,Recepción Conforme,7383,SERVICIO SALUD OCCIDENTE HOSPITAL DR FELIX BULNES CERDA,61.608.205-1,Cerro Navia,Región Metropolitana de Santiago,18979,Clan Dent,77.371.920-9,Santiago,Región Metropolitana de Santiago,4,42151900,Equipamiento y suministros médicos / Equipos y suministros odontológicos / Equipo y suministros para higiene dental y cuidado preventivo,42151902,Equipos de profilaxis dental,10010125 MTA/BIODENTINE ,2.0,,CLP,99748.0,199496.0,0.0
1002772-871-AG24,"LINEA ARTERIAL MONITOR 4008 8MM SIN CAMARA ARTERIAL  a compra ágil: 1002772-478-COT24 (AG,NEFROLOGIA,2204005003,CMG)",2024-02-13T16:43:02.04,AG,,Recepción Conforme,7383,SERVICIO SALUD OCCIDENTE HOSPITAL DR FELIX BULNES CERDA,61.608.205-1,Cerro Navia,Región Metropolitana de Santiago,47740,B BRAUN MEDICAL SPA,96.756.540-7,San Bernardo,Región Metropolitana de Santiago,1,42161500,Equipamiento y suministros médicos / Equipo y suministros para diálisis / Equipo de diálisis peritoneal,42161503,Juegos de cateterización o administración de diálisis peritoneal,"0110024009	LINEA ARTERIAL MONITOR 4008 8 MM SIN CAMARA ARTERIAL
",400.0,,CLP,1700.0,680000.0,0.0
1002772-899-AG24,"SONDA FIAPC  1500 A SALIDA AXIAL,ID1002772-307-COT24,(LC,PRODECIMIENTO,2204005003,MMC)",2024-02-15T11:06:37.063,AG,,Recepción Conforme,7383,SERVICIO SALUD OCCIDENTE HOSPITAL DR FELIX BULNES CERDA,61.608.205-1,Cerro Navia,Región Metropolitana de Santiago,1204166,EQUIPOS MEDICOS ZEPEDA Y COMPANIA LIMITADA,76.112.212-6,Providencia,Región Metropolitana de Santiago,1,42294900,"Equipamiento y suministros médicos / Productos quirúrgicos / Instrumentos endoscópicos, suministros, accesorios y productos relacionados",42294928,Sondas endoscópicas,"110212460	SONDA FIAPC 1500 A SALIDA AXIAL
",10.0,,CLP,153110.0,1531100.0,0.0
1002772-971-SE24,"APOSITO TEGADERM I.V. CHG CATETERES CENTRALES 7*8.5 CM/APOSITO TEGADERM I.V. CHG CATETERES CENTRALES 8.5*11.5 CM ID 1002772-99-LQ22(LC,NEFRO,2204004003,DRU)",2024-02-19T11:23:58.313,SE,,Recepción Conforme,7383,SERVICIO SALUD OCCIDENTE HOSPITAL DR FELIX BULNES CERDA,61.608.205-1,Cerro Navia,Región Metropolitana de Santiago,24141,MUNNICH PHARMA MEDICAL SPA,80.447.400-5,,,1,42311500,"Equipamiento y suministros médicos / Productos para el cuidado de heridas / Vendas, vendajes y productos relacionados",42311526,Vendajes de apósitos,140013886 APÓSITO TRANSPARENTE ADHESIVO CON ALMOHADILLA DE GEL TRANSPARENTE IMPREGNADA CON GLUCONATO DE CLORHEXIDINA 2% I.V PARA CATETERES CENTRALES. MEDIDAS DE 8.5*11.5 CM,400.0,,CLP,5196.0,2078400.0,2078400.0
1002772-971-SE24,"APOSITO TEGADERM I.V. CHG CATETERES CENTRALES 7*8.5 CM/APOSITO TEGADERM I.V. CHG CATETERES CENTRALES 8.5*11.5 CM ID 1002772-99-LQ22(LC,NEFRO,2204004003,DRU)",2024-02-19T11:23:58.313,SE,,Recepción Conforme,7383,SERVICIO SALUD OCCIDENTE HOSPITAL DR FELIX BULNES CERDA,61.608.205-1,Cerro Navia,Región Metropolitana de Santiago,24141,MUNNICH PHARMA MEDICAL SPA,80.447.400-5,,,2,42311500,"Equipamiento y suministros médicos / Productos para el cuidado de heridas / Vendas, vendajes y productos relacionados",42311526,Vendajes de apósitos,140013885 APÓSITO TRANSPARENTE ADHESIVO CON ALMOHADILLA DE GEL TRANSPARENTE IMPREGNADA CON GLUCONATO DE CLORHEXIDINA 2% I.V PARA CATETERES CENTRALES. MEDIDAS DE 7*8.5 CM,400.0,,CLP,4690.0,1876000.0,1876000.0
1002772-975-SE24,"APOSITO TEGADERM I.V. CHG CATETERES CENTRALES 7*8.5 CM/APOSITO TEGADERM I.V. CHG CATETERES CENTRALES 8.5*11.5 CM ID 1002772-99-LQ22(LC,UTI ADUL,2204004003,DRU)",2024-02-19T11:40:11.973,SE,,Recepción Conforme,7383,SERVICIO SALUD OCCIDENTE HOSPITAL DR FELIX BULNES CERDA,61.608.205-1,Cerro Navia,Región Metropolitana de Santiago,24141,MUNNICH PHARMA MEDICAL SPA,80.447.400-5,,,1,42311500,"Equipamiento y suministros médicos / Productos para el cuidado de heridas / Vendas, vendajes y productos relacionados",42311526,Vendajes de apósitos,140013886 APÓSITO TRANSPARENTE ADHESIVO CON ALMOHADILLA DE GEL TRANSPARENTE IMPREGNADA CON GLUCONATO DE CLORHEXIDINA 2% I.V PARA CATETERES CENTRALES. MEDIDAS DE 8.5*11.5 CM,400.0,,CLP,5196.0,2078400.0,2078400.0
1002772-975-SE24,"APOSITO TEGADERM I.V. CHG CATETERES CENTRALES 7*8.5 CM/APOSITO TEGADERM I.V. CHG CATETERES CENTRALES 8.5*11.5 CM ID 1002772-99-LQ22(LC,UTI ADUL,2204004003,DRU)",2024-02-19T11:40:11.973,SE,,Recepción Conforme,7383,SERVICIO SALUD OCCIDENTE HOSPITAL DR FELIX BULNES CERDA,61.608.205-1,Cerro Navia,Región Metropolitana de Santiago,24141,MUNNICH PHARMA MEDICAL SPA,80.447.400-5,,,2,42311500,"Equipamiento y suministros médicos / Productos para el cuidado de heridas / Vendas, vendajes y productos relacionados",42311526,Vendajes de apósitos,140013885 APÓSITO TRANSPARENTE ADHESIVO CON ALMOHADILLA DE GEL TRANSPARENTE IMPREGNADA CON GLUCONATO DE CLORHEXIDINA 2% I.V PARA CATETERES CENTRALES. MEDIDAS DE 7*8.5 CM,400.0,,CLP,4690.0,1876000.0,1876000.0
1002772-976-SE24,"APOSITO TEGADERM I.V. CHG CATETERES CENTRALES 7*8.5 CM/APOSITO TEGADERM I.V. CHG CATETERES CENTRALES 8.5*11.5 CM ID 1002772-99-LQ22(LC,CIR.ADUL. 11C Y 10C,2204004003,DRU)",2024-02-19T11:46:46.54,SE,,Recepción Conforme,7383,SERVICIO SALUD OCCIDENTE HOSPITAL DR FELIX BULNES CERDA,61.608.205-1,Cerro Navia,Región Metropolitana de Santiago,24141,MUNNICH PHARMA MEDICAL SPA,80.447.400-5,,,1,42311500,"Equipamiento y suministros médicos / Productos para el cuidado de heridas / Vendas, vendajes y productos relacionados",42311526,Vendajes de apósitos,140013886 APÓSITO TRANSPARENTE ADHESIVO CON ALMOHADILLA DE GEL TRANSPARENTE IMPREGNADA CON GLUCONATO DE CLORHEXIDINA 2% I.V PARA CATETERES CENTRALES. MEDIDAS DE 8.5*11.5 CM,50.0,,CLP,5196.0,259800.0,259800.0
1002772-976-SE24,"APOSITO TEGADERM I.V. CHG CATETERES CENTRALES 7*8.5 CM/APOSITO TEGADERM I.V. CHG CATETERES CENTRALES 8.5*11.5 CM ID 1002772-99-LQ22(LC,CIR.ADUL. 11C Y 10C,2204004003,DRU)",2024-02-19T11:46:46.54,SE,,Recepción Conforme,7383,SERVICIO SALUD OCCIDENTE HOSPITAL DR FELIX BULNES CERDA,61.608.205-1,Cerro Navia,Región Metropolitana de Santiago,24141,MUNNICH PHARMA MEDICAL SPA,80.447.400-5,,,2,42311500,"Equipamiento y suministros médicos / Productos para el cuidado de heridas / Vendas, vendajes y productos relacionados",42311526,Vendajes de apósitos,140013885 APÓSITO TRANSPARENTE ADHESIVO CON ALMOHADILLA DE GEL TRANSPARENTE IMPREGNADA CON GLUCONATO DE CLORHEXIDINA 2% I.V PARA CATETERES CENTRALES. MEDIDAS DE 7*8.5 CM,50.0,,CLP,4690.0,234500.0,234500.0
1003-29-SE24,CAMBIO FECHA TRAMO PASAJE DRV RESERVA NGSRSF,2024-03-04T16:48:58.47,SE,,Aceptada,7248,MINISTERIO DE OBRAS PUBLICAS DIREC CION GRAL DE OO PP DCYF,61.202.000-0,Coyhaique,Región Aysén del General Carlos Ibáñez del Campo,24237,AGENCIA DE VIAJES TURAVION SPA,80.989.400-2,Las Condes,Región Metropolitana de Santiago,1,78111500,"Servicios de transporte, almacenaje y correo / Transporte de pasajeros / Transporte aéreo de pasajeros",78111502,"Viajes en aviones comerciales, pasajes aéreos",CAMBIO FECHA TRAMO BALMACEDA SANTIAGO,1.0,,CLP,69006.0,69006.0,69006.0
1003473-718-SE24,PROG TRANSV 02/24 / 1003473-18-LQ23,2024-02-28T10:25:08.37,SE,1003473-18-LQ23,Aceptada,7452,SERVICIO DE SALUD DEL MAULE HOSPITAL DE CURICO,61.606.903-9,Curicó,Región del Maule ,47654,COMERCIAL MEDTRONIC CHILE LTDA,77.237.150-0,Las Condes,Región Metropolitana de Santiago,1,42271900,"Equipamiento y suministros médicos / Productos de resucitación, anestesia y respiratorios / Productos para el manejo de la vía aérea",42271915,Accesorios de traqueotomía,CANULA TRAQUEOSTOMIA C/B 3,1.0,,CLP,28000.0,28000.0,28000.0
1003473-718-SE24,PROG TRANSV 02/24 / 1003473-18-LQ23,2024-02-28T10:25:08.37,SE,1003473-18-LQ23,Aceptada,7452,SERVICIO DE SALUD DEL MAULE HOSPITAL DE CURICO,61.606.903-9,Curicó,Región del Maule ,47654,COMERCIAL MEDTRONIC CHILE LTDA,77.237.150-0,Las Condes,Región Metropolitana de Santiago,2,42271900,"Equipamiento y suministros médicos / Productos de resucitación, anestesia y respiratorios / Productos para el manejo de la vía aérea",42271915,Accesorios de traqueotomía,CANULA TRAQUEOSTOMIA C/B 4,3.0,,CLP,28000.0,84000.0,84000.0
1003473-718-SE24,PROG TRANSV 02/24 / 1003473-18-LQ23,2024-02-28T10:25:08.37,SE,1003473-18-LQ23,Aceptada,7452,SERVICIO DE SALUD DEL MAULE HOSPITAL DE CURICO,61.606.903-9,Curicó,Región del Maule ,47654,COMERCIAL MEDTRONIC CHILE LTDA,77.237.150-0,Las Condes,Región Metropolitana de Santiago,3,42271900,"Equipamiento y suministros médicos / Productos de resucitación, anestesia y respiratorios / Productos para el manejo de la vía aérea",42271915,Accesorios de traqueotomía,CANULA TRAQUEOSTOMIA S/B 4.5,2.0,,CLP,28000.0,56000.0,56000.0
1003473-731-AG24,PROG.ANATO.PAT FEBRERO 2024/Compra ágil: 1003473-687-COT24,2024-02-28T12:38:39.857,AG,,Aceptada,7452,SERVICIO DE SALUD DEL MAULE HOSPITAL DE CURICO,61.606.903-9,Curicó,Región del Maule ,38137,Crisvert Limitada,79.591.440-4,Santiago,Región Metropolitana de Santiago,1,31211800,"Artículos de fabricación y producción / Pinturas, diluyentes y accesorios para pintado / Disolventes para pinturas",31211803,Diluyentes para pinturas y barnices,XILOL 1 LT,66.0,,CLP,2950.0,194700.0,0.0
1004823-15-CM24,6A ADQUISICION DE RESMAS PARA SER UTILIZADAS EN EL CFT CQ2DEA100130,2024-02-29T13:21:18.443,CM,,Aceptada,1595472,CENTRO DE FORMACION TECNICA DE LA REGION DE COQUIMBO,61.999.280-6,Ovalle,Región de Coquimbo ,49120,PROVEEDORES INTEGRALES PRISA S A,96.556.940-5,,,1,0,,0,PAPEL IMPRESIÓN PRISA RESMA HOJA TAMAÑO CARTA COLOR BLANCO 500 HOJAS UNIDAD REGIÓN IV,(2013846) PAPEL IMPRESIÓN PRISA RESMA HOJA TAMAÑO CARTA COLOR BLANCO 500 HOJAS UNIDAD REGIÓN IV,170.0,,CLP,2540.0,431800.0,431800.0
1004823-15-CM24,6A ADQUISICION DE RESMAS PARA SER UTILIZADAS EN EL CFT CQ2DEA100130,2024-02-29T13:21:18.443,CM,,Aceptada,1595472,CENTRO DE FORMACION TECNICA DE LA REGION DE COQUIMBO,61.999.280-6,Ovalle,Región de Coquimbo ,49120,PROVEEDORES INTEGRALES PRISA S A,96.556.940-5,,,2,0,,0,PAPEL IMPRESIÓN PRISA RESMA HOJA TAMAÑO OFICIO COLOR BLANCO 500 HOJAS UNIDAD REGIÓN IV,(2013863) PAPEL IMPRESIÓN PRISA RESMA HOJA TAMAÑO OFICIO COLOR BLANCO 500 HOJAS UNIDAD REGIÓN IV,160.0,,CLP,3030.0,484800.0,484800.0
1004823-17-SE24,4A Contratación de servicio de auditoria externa estados financieros 2022- 2023 CQ2DEA100130,2024-03-01T13:02:01.29,SE,1004823-1-L124,Aceptada,1595472,CENTRO DE FORMACION TECNICA DE LA REGION DE COQUIMBO,61.999.280-6,Ovalle,Región de Coquimbo ,44021,FORTUNATO Y ASOCIADOS LIMITADA,77.222.100-2,Valparaíso,Región de Valparaíso ,1,93151600,"Organizaciones y consultorías políticas, demográficas, económicas, sociales y de administración pública / Administración y finanzas públicas / Finanzas públicas",93151607,Servicios de auditoria gubernamentales,El CFT de la Región de Coquimbo requiere los servicios de auditoría externa a estados financieros 2022-2023 de la institución,1.0,,CLP,1000000.0,1000000.0,1000000.0
1005498-31-SE24,Remisión de pasajes a México OC 1005498-27-CM24,2024-02-29T11:31:11.497,SE,,Recepción Conforme,7016,COMISION PARA EL MERCADO FINANCIERO,60.810.000-8,Santiago,Región Metropolitana de Santiago,24237,AGENCIA DE VIAJES TURAVION SPA,80.989.400-2,Las Condes,Región Metropolitana de Santiago,1,78111500,"Servicios de transporte, almacenaje y correo / Transporte de pasajeros / Transporte aéreo de pasajeros",78111502,"Viajes en aviones comerciales, pasajes aéreos","Remisión de pasaje a México, OC 1005498-27-CM24",1.0,,CLP,4860.0,4860.0,4860.0
1005498-45-SE23,SERVICIO MAILING MASIVO,2023-03-08T09:47:04.863,SE,,Recepción Conforme,7016,COMISION PARA EL MERCADO FINANCIERO,60.810.000-8,Santiago,Región Metropolitana de Santiago,1173099,MASTERBASE S.A.,76.069.366-9,Pudahuel,Región Metropolitana de Santiago,1,78102200,"Servicios de transporte, almacenaje y correo / Transporte de correo y carga / Servicios postales de pequeños paquetes y mensajería",78102203,Servicios de entrega o recolección de correo,SERVICIO DE MAILING MASIVO POR 12 MESES A CONTAR DEL 1/04/23,12.0,,CLF,7.0728291317,84.8739,84.8739495804
1007793-7-AG24,Evaluación de Director Académico,2024-02-01T12:32:50.873,AG,,Recepción Conforme,1598310,CENTRO DE FORMACION TECNICA ESTATAL DE LA REGION DE LOS LAGOS,61.999.290-3,Llanquihue,Región de los Lagos ,1761287,GROWUP CONSULTORÍA Y GESTIÓN LIMITADA,77.247.272-2,Recoleta,Región Metropolitana de Santiago,1,85121600,"Salud, servicios sanitarios y alimentación / Medicina y servicios de salud / Especialidades médicas",85121608,Servicios psicológicos,"Se requiere evaluación de candidatos en cuánto a:
- Revisión de antecedentes curriculares, educacional y profesional y, Aptitudes específicas para el cargo. Entrevista laboral.
- Test psicotécnico (conductas, capacidades y habilidades)
Se debe entregar informe con los puntajes establecidos.",20.0,,CLP,45000.0,900000.0,0.0
1007793-7-AG24,Evaluación de Director Académico,2024-02-01T12:32:50.873,AG,,Recepción Conforme,1598310,CENTRO DE FORMACION TECNICA ESTATAL DE LA REGION DE LOS LAGOS,61.999.290-3,Llanquihue,Región de los Lagos ,1761287,GROWUP CONSULTORÍA Y GESTIÓN LIMITADA,77.247.272-2,Recoleta,Región Metropolitana de Santiago,2,85121600,"Salud, servicios sanitarios y alimentación / Medicina y servicios de salud / Especialidades médicas",85121608,Servicios psicológicos,"Evaluación de los 5 mejores candidatos (de los 20 anteriores):
-Evaluación Psicolaboral (Test Psicolaborales y entrevistas por competencias) de acuerdo con las bases del concurso.
- Levantamiento de Referencia Laboral al menos 2.
- Presentar Terna para entrevista con Directorio
Se debe entregar un informe con los puntajes establecidos.",5.0,,CLP,65000.0,325000.0,0.0
1011183-33-AG24,17201 ARTICULOS MATADERO BULNES,2024-02-28T16:33:14.86,AG,,Aceptada,6919,SERVICIO AGRICOLA Y GANADERO,61.308.000-7,Bulnes,Región del Ñuble,1402180,JAIME EDUARDO,76.385.998-3,Providencia,Región Metropolitana de Santiago,1,27111500,"Herramientas y maquinaria en general / Herramientas manuales / Herramientas de corte, estaje y punzones",27111503,Cuchillos de diversas aplicaciones,"El Servicio Agrícola y Ganadero de la Oficina Sectorial de Bulnes requiere la
adquisición de 12 guantes anticorte, 34 cuchillo curvo y 10 piedra asentar según
detalle adjunto , EN PDF",56.0,,CLP,19200.0,1075200.0,0.0
1011183-37-AG24,17001 Suministro avisaje Programa SIRSD-S RNR,2024-03-01T15:42:49.667,AG,,Aceptada,6919,SERVICIO AGRICOLA Y GANADERO,61.308.000-7,Chillán,Región del Ñuble,27180,EMPRESA PERIODISTICA LA DISCUSION S A,96.546.100-0,Chillán,Región del Ñuble,1,82101500,"Servicios editoriales, de diseño, publicidad, gráficos y artistas / Publicidad / Publicidad impresa",82101504,Publicidad en periódicos,Contrato suministro publicaciones SIRD-S SAG Ñuble (revisar anexo adjunto),12.0,,CLP,118260.0,1419120.0,0.0
1016414-230-SE23,Servicio de Monitoreo y Reporte de prensa1016414-32-LE23,2023-12-29T14:28:00.253,SE,1016414-32-LE23,Recepción Conforme,1606467,CONSEJO NACIONAL DE TELEVISION,60.909.000-6,Providencia,Región Metropolitana de Santiago,273942,Conecta Research,76.393.130-7,Recoleta,Región Metropolitana de Santiago,1,82111900,"Servicios editoriales, de diseño, publicidad, gráficos y artistas / Escritura y traducciones / Servicios de noticias",82111901,Comunicados de prensa,Servicio de monitoreo y reporte de prensa para el Consejo Nacional de Televisión,1.0,,CLP,5616000.0,5616000.0,5616000.0
1023923-118-SE24,COMPRA SERVICIOS MEDICOS / JOSE ESPEJO CACERES,2024-02-12T09:57:52.263,SE,,Aceptada,7448,SERVICIO DE SALUD HOSPITAL DE SAN FERNANDO,61.602.145-1,San Fernando,Región del Libertador General Bernardo O´Higgins,1789345,JOSÉ FERNANDO ESPEJO CÁCERES,15.916.133-1,San Fernando,Región del Libertador General Bernardo O´Higgins,1,80111600,"Servicios profesionales, administrativos y consultorías de gestión empresarial / Servicios de recursos humanos / Servicios de personal temporal",80111606,Personal médico temporal,TURNOS DE MEDICO EN EL SERVICIO UPC DEL HOSP DE SN  FDO. REALIZADOS DURANTE EL MES ENERO DEL 2024.,141.0,,CLP,28938.6,4080342.6,4080342.5999999996
1028871-119-SE24,P02_13122_FAEP 2.1_RECURSO PEDAGÓGICO_FEBRERO2024,2024-02-27T11:29:49.527,SE,1028871-19-LR23,Recepción Conforme,1622793,SERVICIO LOCAL DE EDUCACIÓN PÚBLICA DE HUASCO,61.999.330-6,Vallenar,Región de Atacama ,1573071,Constructora Amplitud Limitada,76.713.407-K,Providencia,Región Metropolitana de Santiago,1,31211900,"Artículos de fabricación y producción / Pinturas, diluyentes y accesorios para pintado / Accesorios para pintar",31211904,Brochas,,20.0,,CLP,4000.0,80000.0,80000.0
1028871-119-SE24,P02_13122_FAEP 2.1_RECURSO PEDAGÓGICO_FEBRERO2024,2024-02-27T11:29:49.527,SE,1028871-19-LR23,Recepción Conforme,1622793,SERVICIO LOCAL DE EDUCACIÓN PÚBLICA DE HUASCO,61.999.330-6,Vallenar,Región de Atacama ,1573071,Constructora Amplitud Limitada,76.713.407-K,Providencia,Región Metropolitana de Santiago,2,23171600,Maquinaria para fabricación y transformación industrial / Maquinaria y suministros para talleres / Máquinas-herramientas,23171608,Herramientas de corte con láser,,150.0,,CLP,1000.0,150000.0,150000.0
1028871-119-SE24,P02_13122_FAEP 2.1_RECURSO PEDAGÓGICO_FEBRERO2024,2024-02-27T11:29:49.527,SE,1028871-19-LR23,Recepción Conforme,1622793,SERVICIO LOCAL DE EDUCACIÓN PÚBLICA DE HUASCO,61.999.330-6,Vallenar,Región de Atacama ,1573071,Constructora Amplitud Limitada,76.713.407-K,Providencia,Región Metropolitana de Santiago,3,39101600,"Artículos eléctricos y de iluminación / Artículos de iluminación / Ampolletas, focos y lámparas",39101605,ampolletas fluorescentes,,10.0,,CLP,10800.0,108000.0,108000.0
1028871-119-SE24,P02_13122_FAEP 2.1_RECURSO PEDAGÓGICO_FEBRERO2024,2024-02-27T11:29:49.527,SE,1028871-19-LR23,Recepción Conforme,1622793,SERVICIO LOCAL DE EDUCACIÓN PÚBLICA DE HUASCO,61.999.330-6,Vallenar,Región de Atacama ,1573071,Constructora Amplitud Limitada,76.713.407-K,Providencia,Región Metropolitana de Santiago,4,31191500,Artículos de fabricación y producción / Materiales para prensar y abrasivos / Productos abrasivos,31191501,Papeles de lija,,50.0,,CLP,900.0,45000.0,45000.0
1028871-119-SE24,P02_13122_FAEP 2.1_RECURSO PEDAGÓGICO_FEBRERO2024,2024-02-27T11:29:49.527,SE,1028871-19-LR23,Recepción Conforme,1622793,SERVICIO LOCAL DE EDUCACIÓN PÚBLICA DE HUASCO,61.999.330-6,Vallenar,Región de Atacama ,1573071,Constructora Amplitud Limitada,76.713.407-K,Providencia,Región Metropolitana de Santiago,5,31191500,Artículos de fabricación y producción / Materiales para prensar y abrasivos / Productos abrasivos,31191501,Papeles de lija,,50.0,,CLP,900.0,45000.0,45000.0
1028871-41-CM24,P01_RESTO_PASAJE AEREO_ENERO24,2024-01-30T16:50:10.81,CM,,Recepción Conforme,1622793,SERVICIO LOCAL DE EDUCACIÓN PÚBLICA DE HUASCO,61.999.330-6,Vallenar,Región de Atacama ,24237,AGENCIA DE VIAJES TURAVION SPA,80.989.400-2,,,1,0,,0,PASAJE AÉREO,(1849200) PASAJE AÉREO,1.0,,CLP,191980.0,191980.0,191980.0
1028871-41-CM24,P01_RESTO_PASAJE AEREO_ENERO24,2024-01-30T16:50:10.81,CM,,Recepción Conforme,1622793,SERVICIO LOCAL DE EDUCACIÓN PÚBLICA DE HUASCO,61.999.330-6,Vallenar,Región de Atacama ,24237,AGENCIA DE VIAJES TURAVION SPA,80.989.400-2,,,2,0,,0,PASAJE AÉREO,(1849200) PASAJE AÉREO,1.0,,CLP,191980.0,191980.0,191980.0
1028871-41-CM24,P01_RESTO_PASAJE AEREO_ENERO24,2024-01-30T16:50:10.81,CM,,Recepción Conforme,1622793,SERVICIO LOCAL DE EDUCACIÓN PÚBLICA DE HUASCO,61.999.330-6,Vallenar,Región de Atacama ,24237,AGENCIA DE VIAJES TURAVION SPA,80.989.400-2,,,3,0,,0,TASA DE EMBARQUE,(1849900) TASA DE EMBARQUE,1.0,,CLP,73200.0,73200.0,73200.0
1028897-287-AG23,SP01/56 Servicio Despacho Correspondencia para el SLEPCA por 12 meses.RESTO.PIR,2023-04-24T10:22:36.47,AG,,Recepción Conforme,1622818,SERVICIO LOCAL DE EDUCACION COSTA ARAUCANIA,65.154.272-3,Carahue,Región de la Araucanía ,16120,EMPRESA DE CORREOS DE CHILE,60.503.000-9,Santiago,Región Metropolitana de Santiago,1,78102200,"Servicios de transporte, almacenaje y correo / Transporte de correo y carga / Servicios postales de pequeños paquetes y mensajería",78102201,Servicios de entrega postal nacional,"Servicio despacho de correspondencia
 (Courier nacional) para retiro y distribución en todo el territorio Nacional por periodo de 12 meses, 
",1.0,,CLP,1000000.0,1000000.0,0.0
1029-1-SE24,"Trato Directo Servicio Ingeniería ""APOYO ACTIVO""",2024-01-24T16:49:55.223,SE,,Aceptada,7248,MINISTERIO DE OBRAS PUBLICAS DIREC CION GRAL DE OO PP DCYF,61.202.000-0,Talca,Región del Maule ,1931588,APOYO ACTIVO SPA,76.929.401-5,Machalí,Región del Libertador General Bernardo O´Higgins,1,39121000,Artículos eléctricos y de iluminación / Equipamiento y artículos eléctricos / Equipamiento para distribución y transformación eléctrica,39121001,Transformadores de potencia de distribución,"Retiro de Postación, Transformador y tendido eléctrico dañado y reposición por elementos nuevos.",1.0,,CLP,11275522.0,11275522.0,11275522.0
1031849-62-CC24,"WV, SOL PLAN 156 - LOGISTICA, MATERIALES DE OFICINA",2024-02-02T12:16:19.483,CC,1031849-14-R123,Recepción Conforme,7295,DIRECCION SERVICIO DE SALUD TALCAHUANO,61.607.200-5,Talcahuano,Región del Biobío ,67999,COMERCIAL RED OFFICE LIMITADA,77.012.870-6,Conchalí,Región Metropolitana de Santiago,1,60121500,"Instrumentos musicales, juegos, juguetes, artesanías y materiales educativos / Equipos de arte y manualidades, accesorios y suministros / Utensilios de dibujo, suministros y accesorios",60121535,Goma de borrar,GOMA DE BORRAR,100.0,,CLP,119.0,11900.0,11900.0
1031849-62-CC24,"WV, SOL PLAN 156 - LOGISTICA, MATERIALES DE OFICINA",2024-02-02T12:16:19.483,CC,1031849-14-R123,Recepción Conforme,7295,DIRECCION SERVICIO DE SALUD TALCAHUANO,61.607.200-5,Talcahuano,Región del Biobío ,67999,COMERCIAL RED OFFICE LIMITADA,77.012.870-6,Conchalí,Región Metropolitana de Santiago,2,44101700,"Equipos, accesorios y suministros de oficina / Maquinarias, suministros y accesorios de oficina / Accesorios para impresoras, fotocopiadoras y aparatos de fax",44101707,Corcheteras,CORCHETERA ESCRITORIO,50.0,,CLP,2488.0,124400.0,124400.0
1031849-62-CC24,"WV, SOL PLAN 156 - LOGISTICA, MATERIALES DE OFICINA",2024-02-02T12:16:19.483,CC,1031849-14-R123,Recepción Conforme,7295,DIRECCION SERVICIO DE SALUD TALCAHUANO,61.607.200-5,Talcahuano,Región del Biobío ,67999,COMERCIAL RED OFFICE LIMITADA,77.012.870-6,Conchalí,Región Metropolitana de Santiago,3,44122000,"Equipos, accesorios y suministros de oficina / Suministros de oficina / Carpetas de archivo y separadores",44122011,Carpetas para archivos,CARPETA PLASTIFICADA AMARRILLA,100.0,,CLP,356.0,35600.0,35600.0
1031849-62-CC24,"WV, SOL PLAN 156 - LOGISTICA, MATERIALES DE OFICINA",2024-02-02T12:16:19.483,CC,1031849-14-R123,Recepción Conforme,7295,DIRECCION SERVICIO DE SALUD TALCAHUANO,61.607.200-5,Talcahuano,Región del Biobío ,67999,COMERCIAL RED OFFICE LIMITADA,77.012.870-6,Conchalí,Región Metropolitana de Santiago,4,44122000,"Equipos, accesorios y suministros de oficina / Suministros de oficina / Carpetas de archivo y separadores",44122011,Carpetas para archivos,CARPETA PLASTIFICADA AZUL,100.0,,CLP,356.0,35600.0,35600.0
1031849-62-CC24,"WV, SOL PLAN 156 - LOGISTICA, MATERIALES DE OFICINA",2024-02-02T12:16:19.483,CC,1031849-14-R123,Recepción Conforme,7295,DIRECCION SERVICIO DE SALUD TALCAHUANO,61.607.200-5,Talcahuano,Región del Biobío ,67999,COMERCIAL RED OFFICE LIMITADA,77.012.870-6,Conchalí,Región Metropolitana de Santiago,5,44122000,"Equipos, accesorios y suministros de oficina / Suministros de oficina / Carpetas de archivo y separadores",44122011,Carpetas para archivos,CARPETA PLASTIFICADA CELESTE,100.0,,CLP,356.0,35600.0,35600.0
1031849-62-CC24,"WV, SOL PLAN 156 - LOGISTICA, MATERIALES DE OFICINA",2024-02-02T12:16:19.483,CC,1031849-14-R123,Recepción Conforme,7295,DIRECCION SERVICIO DE SALUD TALCAHUANO,61.607.200-5,Talcahuano,Región del Biobío ,67999,COMERCIAL RED OFFICE LIMITADA,77.012.870-6,Conchalí,Región Metropolitana de Santiago,6,44122000,"Equipos, accesorios y suministros de oficina / Suministros de oficina / Carpetas de archivo y separadores",44122011,Carpetas para archivos,CARPETA PLASTIFICADA ROJA,100.0,,CLP,356.0,35600.0,35600.0
1031849-62-CC24,"WV, SOL PLAN 156 - LOGISTICA, MATERIALES DE OFICINA",2024-02-02T12:16:19.483,CC,1031849-14-R123,Recepción Conforme,7295,DIRECCION SERVICIO DE SALUD TALCAHUANO,61.607.200-5,Talcahuano,Región del Biobío ,67999,COMERCIAL RED OFFICE LIMITADA,77.012.870-6,Conchalí,Región Metropolitana de Santiago,7,44122000,"Equipos, accesorios y suministros de oficina / Suministros de oficina / Carpetas de archivo y separadores",44122011,Carpetas para archivos,CARPETA PLASTIFICADA VERDE,100.0,,CLP,356.0,35600.0,35600.0
1031849-62-CC24,"WV, SOL PLAN 156 - LOGISTICA, MATERIALES DE OFICINA",2024-02-02T12:16:19.483,CC,1031849-14-R123,Recepción Conforme,7295,DIRECCION SERVICIO DE SALUD TALCAHUANO,61.607.200-5,Talcahuano,Región del Biobío ,67999,COMERCIAL RED OFFICE LIMITADA,77.012.870-6,Conchalí,Región Metropolitana de Santiago,8,44121700,"Equipos, accesorios y suministros de oficina / Suministros de oficina / Instrumentos de escritura",44121708,Marcadores,DESTACADOR NARANJO,15.0,,CLP,320.0,4800.0,4800.0
1031849-62-CC24,"WV, SOL PLAN 156 - LOGISTICA, MATERIALES DE OFICINA",2024-02-02T12:16:19.483,CC,1031849-14-R123,Recepción Conforme,7295,DIRECCION SERVICIO DE SALUD TALCAHUANO,61.607.200-5,Talcahuano,Región del Biobío ,67999,COMERCIAL RED OFFICE LIMITADA,77.012.870-6,Conchalí,Región Metropolitana de Santiago,9,44121700,"Equipos, accesorios y suministros de oficina / Suministros de oficina / Instrumentos de escritura",44121708,Marcadores,DESTACADOR VERDE,50.0,,CLP,320.0,16000.0,16000.0
1031849-62-CC24,"WV, SOL PLAN 156 - LOGISTICA, MATERIALES DE OFICINA",2024-02-02T12:16:19.483,CC,1031849-14-R123,Recepción Conforme,7295,DIRECCION SERVICIO DE SALUD TALCAHUANO,61.607.200-5,Talcahuano,Región del Biobío ,67999,COMERCIAL RED OFFICE LIMITADA,77.012.870-6,Conchalí,Región Metropolitana de Santiago,10,44121600,"Equipos, accesorios y suministros de oficina / Suministros de oficina / Suministros de escritorio",44121605,Dispensador de cinta,DISPENSADOR CINTA ADHESIVA,50.0,,CLP,1592.0,79600.0,79600.0
1031849-62-CC24,"WV, SOL PLAN 156 - LOGISTICA, MATERIALES DE OFICINA",2024-02-02T12:16:19.483,CC,1031849-14-R123,Recepción Conforme,7295,DIRECCION SERVICIO DE SALUD TALCAHUANO,61.607.200-5,Talcahuano,Región del Biobío ,67999,COMERCIAL RED OFFICE LIMITADA,77.012.870-6,Conchalí,Región Metropolitana de Santiago,11,44121700,"Equipos, accesorios y suministros de oficina / Suministros de oficina / Instrumentos de escritura",44121708,Marcadores,MARCADOR PIZARRA AZUL,50.0,,CLP,479.0,23950.0,23950.0
1031849-62-CC24,"WV, SOL PLAN 156 - LOGISTICA, MATERIALES DE OFICINA",2024-02-02T12:16:19.483,CC,1031849-14-R123,Recepción Conforme,7295,DIRECCION SERVICIO DE SALUD TALCAHUANO,61.607.200-5,Talcahuano,Región del Biobío ,67999,COMERCIAL RED OFFICE LIMITADA,77.012.870-6,Conchalí,Región Metropolitana de Santiago,12,44122000,"Equipos, accesorios y suministros de oficina / Suministros de oficina / Carpetas de archivo y separadores",44122018,Lengüetas o encartes de archivos,SEPARADORES PARA ARCHIVADORES CARTA,100.0,,CLP,358.0,35800.0,35800.0
1031849-62-CC24,"WV, SOL PLAN 156 - LOGISTICA, MATERIALES DE OFICINA",2024-02-02T12:16:19.483,CC,1031849-14-R123,Recepción Conforme,7295,DIRECCION SERVICIO DE SALUD TALCAHUANO,61.607.200-5,Talcahuano,Región del Biobío ,67999,COMERCIAL RED OFFICE LIMITADA,77.012.870-6,Conchalí,Región Metropolitana de Santiago,13,44122000,"Equipos, accesorios y suministros de oficina / Suministros de oficina / Carpetas de archivo y separadores",44122018,Lengüetas o encartes de archivos,SEPARADORES PARA ARCHIVADORES OFICIO,100.0,,CLP,380.0,38000.0,38000.0
1031857-5-CM24,Orden de Compra: 1031857-5-CM24,2024-02-09T12:19:30.37,CM,,Cancelada,7206,SERVICIO DE SALUD AYSEN CARLOS IBANEZ DEL CAMPO,61.607.800-3,Coyhaique,Región Aysén del General Carlos Ibáñez del Campo,28097,EMPRESAS LIPIGAS S A,96.928.510-k,,,1,0,,0,GAS LICUADO GRANEL LITRO XI REGIÓN,(1945009) GAS LICUADO GRANEL LITRO XI REGIÓN,32624.0,,CLP,323.0,10537552.0,10537552.0
1035-16-CC24,Servicio de Vigilancia y porteria CC Agro Ene-Jun ,2024-01-24T17:49:07.59,CC,905-28-LE23,Recepción Conforme,6924,CORP NACIONAL FORESTAL,61.313.000-4,Rancagua,Región del Libertador General Bernardo O´Higgins,20295,GILABERT Y CHAVEZ LIMITADA,78.161.540-4,San Fernando,Región del Libertador General Bernardo O´Higgins,1,76111500,Servicios de limpieza industrial / Servicios de limpieza / Servicios de limpieza de edificios y oficinas en general,76111501,Servicios de limpieza de edificios,"Servicio de Portería y Vigilancia compra compartida Agro 
Corresponde a los meses de Enero a Junio 2024",6.0,,CLP,1452101.0,8712606.0,8712606.0
1035-43-SE24,ORDEN DE COMPRA DESDE 1035-1-L124,2024-02-26T10:30:00.693,SE,1035-1-L124,Recepción Conforme,6924,CORP NACIONAL FORESTAL,61.313.000-4,Rancagua,Región del Libertador General Bernardo O´Higgins,1862757,SOCIEDAD GANADERA Y AGRICOLA LOS SILOS LIMITADA,76.280.807-2,San Vicente de Tagua Tagua,Región del Libertador General Bernardo O´Higgins,1,10151700,"Artículos para plantas y animales / Semillas, bulbos y almácigos / Semillas y almácigos de hierbas y forraje",10151703,Semillas o almácigos de alfalfa,"Fardo de alfalfa de 3 corte,  con despacho a instalaciones de Reserva Nacional Rio de los Cipreses",400.0,,CLP,5040.0,2016000.0,2016000.0
1035685-52-SE24,ORDEN DE COMPRA DESDE 1035685-6-LP24,2024-03-01T09:44:00.99,SE,1035685-6-LP24,Aceptada,1629281,CENTRO DE FORMACION TECNICA ESTATAL DE LA REGION DE LOS RIOS,62.000.400-6,La Unión,Región de Los Ríos,1761904,CONSTRUCTORA EL CIPRÉS LIMITADA,,,,1,80111600,"Servicios profesionales, administrativos y consultorías de gestión empresarial / Servicios de recursos humanos / Servicios de personal temporal",80111618,Servicios temporales de construcción,"INFRAESTRUCTURA DE TRANSICIÓN para 
“MEJORAMIENTO Y HABILITACIÓN SEDE PAILLACO – ETAPA 1”.
CFT ESTATAL DE LA REGIÓN DE LOS RÍOS.",1.0,,CLP,79811200.0,79811200.0,79811200.0
1035685-53-SE24,ORDEN DE COMPRA DESDE 1035685-10-L124,2024-03-01T12:10:00.79,SE,1035685-10-L124,Aceptada,1629281,CENTRO DE FORMACION TECNICA ESTATAL DE LA REGION DE LOS RIOS,62.000.400-6,La Unión,Región de Los Ríos,44021,FORTUNATO Y ASOCIADOS LIMITADA,77.222.100-2,Valparaíso,Región de Valparaíso ,1,93151600,"Organizaciones y consultorías políticas, demográficas, económicas, sociales y de administración pública / Administración y finanzas públicas / Finanzas públicas",93151607,Servicios de auditoria gubernamentales,El CFT de la Región de Los Ríos requiere los servicios de auditoría externa a estados financieros 2022-2023 de la institución,1.0,,CLP,1000000.0,1000000.0,1000000.0
1037-16-SE24,ALARMAS DEPRIF PUERTO MONTT,2024-01-29T12:02:51.073,SE,1037-45-LE23,Recepción Conforme,6924,CORP NACIONAL FORESTAL,61.313.000-4,Puerto Montt,Región de los Lagos ,1801787,SERVICIOS TECNOLÓGICOS ROBERTO ALEJANDRO HURTADO GUZMÁN E.I.R.L.,77.421.207-8,Puerto Montt,Región de los Lagos ,1,92101500,"Servicios de defensa nacional, orden público y seguridad / Orden público y seguridad / Servicios de seguridad y policiales",92101501,Servicios de vigilancia,"SERVICIO DE SISTEMA DE ALARMAS PARA DEPRIF EN PUERTO MONTT, 22 DÍAS ENERO 2024
",22.0,,CLP,6667.0,146674.0,146674.0
1037-16-SE24,ALARMAS DEPRIF PUERTO MONTT,2024-01-29T12:02:51.073,SE,1037-45-LE23,Recepción Conforme,6924,CORP NACIONAL FORESTAL,61.313.000-4,Puerto Montt,Región de los Lagos ,1801787,SERVICIOS TECNOLÓGICOS ROBERTO ALEJANDRO HURTADO GUZMÁN E.I.R.L.,77.421.207-8,Puerto Montt,Región de los Lagos ,2,92101500,"Servicios de defensa nacional, orden público y seguridad / Orden público y seguridad / Servicios de seguridad y policiales",92101501,Servicios de vigilancia,"SERVICIO DE SISTEMA DE ALARMAS PARA DEPRIF EN PUERTO MONTT
PERIODO: FEBERERO-JUNIO 2024",5.0,,CLP,200000.0,1000000.0,1000000.0
1037-38-CM24,PASAJES AEREOS M. MELLA / E. ISLA,2024-02-29T12:12:38.687,CM,,Recepción Conforme,6924,CORP NACIONAL FORESTAL,61.313.000-4,Puerto Montt,Región de los Lagos ,24237,AGENCIA DE VIAJES TURAVION SPA,80.989.400-2,,,1,0,,0,PASAJE AÉREO,(1849200) PASAJE AÉREO,1.0,,CLP,176991.0,176991.0,176991.0
1037-38-CM24,PASAJES AEREOS M. MELLA / E. ISLA,2024-02-29T12:12:38.687,CM,,Recepción Conforme,6924,CORP NACIONAL FORESTAL,61.313.000-4,Puerto Montt,Región de los Lagos ,24237,AGENCIA DE VIAJES TURAVION SPA,80.989.400-2,,,2,0,,0,PASAJE AÉREO,(1849200) PASAJE AÉREO,1.0,,CLP,176991.0,176991.0,176991.0
1037-38-CM24,PASAJES AEREOS M. MELLA / E. ISLA,2024-02-29T12:12:38.687,CM,,Recepción Conforme,6924,CORP NACIONAL FORESTAL,61.313.000-4,Puerto Montt,Región de los Lagos ,24237,AGENCIA DE VIAJES TURAVION SPA,80.989.400-2,,,3,0,,0,TASA DE EMBARQUE,(1849900) TASA DE EMBARQUE,1.0,,CLP,76224.0,76224.0,76224.0
1037-8-SE24,450 HRS. EXCAVADORAS DESDE 1037-47-LE23,2024-01-16T08:42:00.483,SE,1037-47-LE23,Recepción Conforme,6924,CORP NACIONAL FORESTAL,61.313.000-4,Puerto Montt,Región de los Lagos ,203414,CONSTRUCCIONES Y SERVICIOS LANALHUE S.A.,76.431.490-5,Talcahuano,Región del Biobío ,1,22101500,Maquinaria para construcción y edificación / Maquinaria pesada de construcción / Maquinaria pesada,22101513,Excavadoras de cuchara de arrastre,"Servicio de arriendo de 2 excavadoras por 450 horas de trabajo efectivo, según requerimientos técnicos.",450.0,,CLP,90000.0,40500000.0,40500000.0
1037202-1-SE24,reas samu convenio 1057432-112-LR23,2024-02-13T10:04:13.54,SE,,Recepción Conforme,7205,SERVICIO DE SALUD CONCEPCION,61.607.100-9,Concepción,Región del Biobío ,27533,PROCESOS SANITARIOS S P A,96.697.710-8,Talcahuano,Región del Biobío ,1,78121500,"Servicios de transporte, almacenaje y correo / Manejo, manipulación y embalaje de material / Envasado y embalaje",78121501,Transporte en contenedores,,37.0,,CLP,2100.0,77700.0,77700.0
1037202-1-SE24,reas samu convenio 1057432-112-LR23,2024-02-13T10:04:13.54,SE,,Recepción Conforme,7205,SERVICIO DE SALUD CONCEPCION,61.607.100-9,Concepción,Región del Biobío ,27533,PROCESOS SANITARIOS S P A,96.697.710-8,Talcahuano,Región del Biobío ,2,78121500,"Servicios de transporte, almacenaje y correo / Manejo, manipulación y embalaje de material / Envasado y embalaje",78121501,Transporte en contenedores,,43.0,,CLP,2100.0,90300.0,90300.0
1037202-2-SE24,MANTENCIONES FLOTA SAMU,2024-02-13T11:27:24.697,SE,1057432-128-LE23,Recepción Conforme,7205,SERVICIO DE SALUD CONCEPCION,61.607.100-9,Concepción,Región del Biobío ,1066149,S.G.C DIESEL LTDA,76.939.480-k,Concepción,Región del Biobío ,1,25191500,Vehículos y equipamiento en general / Equipo de apoyo al transporte / Equipamiento de apoyo para transporte aéreo,25191513,Kit de mantenimiento de vehículo de soporte en tie,"Convenio de mantenimiento preventivo y reparativo para dotación vehicular de Servicio Salud Concepción por 4 meses,",1.0,,CLP,429285.0,429285.0,429285.0
1037202-2-SE24,MANTENCIONES FLOTA SAMU,2024-02-13T11:27:24.697,SE,1057432-128-LE23,Recepción Conforme,7205,SERVICIO DE SALUD CONCEPCION,61.607.100-9,Concepción,Región del Biobío ,1066149,S.G.C DIESEL LTDA,76.939.480-k,Concepción,Región del Biobío ,2,25191500,Vehículos y equipamiento en general / Equipo de apoyo al transporte / Equipamiento de apoyo para transporte aéreo,25191513,Kit de mantenimiento de vehículo de soporte en tie,"Convenio de mantenimiento preventivo y reparativo para dotación vehicular de Servicio Salud Concepción por 4 meses,",1.0,,CLP,620810.0,620810.0,620810.0
1037202-2-SE24,MANTENCIONES FLOTA SAMU,2024-02-13T11:27:24.697,SE,1057432-128-LE23,Recepción Conforme,7205,SERVICIO DE SALUD CONCEPCION,61.607.100-9,Concepción,Región del Biobío ,1066149,S.G.C DIESEL LTDA,76.939.480-k,Concepción,Región del Biobío ,3,25191500,Vehículos y equipamiento en general / Equipo de apoyo al transporte / Equipamiento de apoyo para transporte aéreo,25191513,Kit de mantenimiento de vehículo de soporte en tie,"Convenio de mantenimiento preventivo y reparativo para dotación vehicular de Servicio Salud Concepción por 4 meses,",1.0,,CLP,134970.0,134970.0,134970.0
1038-21-SE24,SAE 56 arriendo camioneta cabo de hornos,2024-02-01T16:14:02.72,SE,,Recepción Conforme,6924,CORP NACIONAL FORESTAL,61.313.000-4,Punta Arenas,Región de Magallanes y de la Antártica,110377,Naduam Rent a Car S.A.,52.001.001-7,Punta Arenas,Región de Magallanes y de la Antártica,1,78111800,"Servicios de transporte, almacenaje y correo / Transporte de pasajeros / Transporte de pasajeros por carretera",78111808,Arriendo de vehículos,Arriendo de camionetas para incendios forestales mes de   enero   2024,1.0,,CLP,1596639.0,1596639.0,1596639.0
1038-21-SE24,SAE 56 arriendo camioneta cabo de hornos,2024-02-01T16:14:02.72,SE,,Recepción Conforme,6924,CORP NACIONAL FORESTAL,61.313.000-4,Punta Arenas,Región de Magallanes y de la Antártica,110377,Naduam Rent a Car S.A.,52.001.001-7,Punta Arenas,Región de Magallanes y de la Antártica,2,78111800,"Servicios de transporte, almacenaje y correo / Transporte de pasajeros / Transporte de pasajeros por carretera",78111808,Arriendo de vehículos,Arriendo de camionetas para incendios forestales mes de   febrero   2024,1.0,,CLP,1596639.0,1596639.0,1596639.0
1038-21-SE24,SAE 56 arriendo camioneta cabo de hornos,2024-02-01T16:14:02.72,SE,,Recepción Conforme,6924,CORP NACIONAL FORESTAL,61.313.000-4,Punta Arenas,Región de Magallanes y de la Antártica,110377,Naduam Rent a Car S.A.,52.001.001-7,Punta Arenas,Región de Magallanes y de la Antártica,3,78111800,"Servicios de transporte, almacenaje y correo / Transporte de pasajeros / Transporte de pasajeros por carretera",78111808,Arriendo de vehículos,Arriendo de camionetas para incendios forestales mes de     marzo 2024,1.0,,CLP,1596639.0,1596639.0,1596639.0
1038-3-SE24,SAE 53  arriendo camionetas DEPRIF Punta Arenas,2024-01-15T09:51:02.747,SE,,Recepción Conforme,6924,CORP NACIONAL FORESTAL,61.313.000-4,Punta Arenas,Región de Magallanes y de la Antártica,110377,Naduam Rent a Car S.A.,52.001.001-7,Punta Arenas,Región de Magallanes y de la Antártica,1,78111800,"Servicios de transporte, almacenaje y correo / Transporte de pasajeros / Transporte de pasajeros por carretera",78111808,Arriendo de vehículos,Arriendo de camionetas para incendios forestales mes de   enero   2024,3.0,,CLP,1596639.0,4789917.0,4789917.0
1038-3-SE24,SAE 53  arriendo camionetas DEPRIF Punta Arenas,2024-01-15T09:51:02.747,SE,,Recepción Conforme,6924,CORP NACIONAL FORESTAL,61.313.000-4,Punta Arenas,Región de Magallanes y de la Antártica,110377,Naduam Rent a Car S.A.,52.001.001-7,Punta Arenas,Región de Magallanes y de la Antártica,2,78111800,"Servicios de transporte, almacenaje y correo / Transporte de pasajeros / Transporte de pasajeros por carretera",78111808,Arriendo de vehículos,Arriendo de camionetas para incendios forestales mes de   febrero   2024,3.0,,CLP,1596639.0,4789917.0,4789917.0
1038-3-SE24,SAE 53  arriendo camionetas DEPRIF Punta Arenas,2024-01-15T09:51:02.747,SE,,Recepción Conforme,6924,CORP NACIONAL FORESTAL,61.313.000-4,Punta Arenas,Región de Magallanes y de la Antártica,110377,Naduam Rent a Car S.A.,52.001.001-7,Punta Arenas,Región de Magallanes y de la Antártica,3,78111800,"Servicios de transporte, almacenaje y correo / Transporte de pasajeros / Transporte de pasajeros por carretera",78111808,Arriendo de vehículos,Arriendo de camionetas para incendios forestales mes de     marzo 2024,3.0,,CLP,1596639.0,4789917.0,4789917.0
1038-70-SE24,alimentos  unidades  conaf,2024-02-26T10:44:08.033,SE,,Recepción Conforme,6924,CORP NACIONAL FORESTAL,61.313.000-4,Punta Arenas,Región de Magallanes y de la Antártica,67358,UNIMARC,81.537.600-5,Las Condes,Región Metropolitana de Santiago,1,50221000,"Alimentos, bebidas y tabaco / Cereales y Legumbres / Legumbres",50221001,Granos de Legumbres,"alimentos,  perecibles  no perecibles, productos cárneos,  verduras,  frutas, granos ,productos  lácteos y  todo producto  alimenticios
alimentos,  perecibles  no perecibles, productos cárneos,  verduras,  frutas, granos ,productos  lácteos y  todo producto  alimenticio",1.0,,CLP,18345000.0,18345000.0,18345000.0
1038-76-CM24,pasaje   Francia Saavedra   SAE ,2024-02-27T15:10:19.273,CM,,Recepción Conforme,6924,CORP NACIONAL FORESTAL,61.313.000-4,Punta Arenas,Región de Magallanes y de la Antártica,24237,AGENCIA DE VIAJES TURAVION SPA,80.989.400-2,,,1,0,,0,PASAJE AÉREO,(1849200) PASAJE AÉREO,1.0,,CLP,129780.0,129780.0,129780.0
1038-76-CM24,pasaje   Francia Saavedra   SAE ,2024-02-27T15:10:19.273,CM,,Recepción Conforme,6924,CORP NACIONAL FORESTAL,61.313.000-4,Punta Arenas,Región de Magallanes y de la Antártica,24237,AGENCIA DE VIAJES TURAVION SPA,80.989.400-2,,,2,0,,0,TASA DE EMBARQUE,(1849900) TASA DE EMBARQUE,1.0,,CLP,14448.0,14448.0,14448.0
1038999-1-SE24,MEDICAMENTOS,2024-01-16T17:18:34.717,SE,,Recepción Conforme,114398,I MUNICIPALIDAD DE LICANTEN,69.100.500-3,Licantén,Región del Maule ,26786,LABORATORIOS RECALCINE SA,91.637.000-8,Providencia,Región Metropolitana de Santiago,1,42171900,Equipamiento y suministros médicos / Artículos médicos para urgencias y atención en terreno / Contenedores de almacenaje para servicios médicos de urgencia,42171903,Cajas de medicamentos de servicios médicos de urge,ACOTOL X 28 COMPRIMIDOS RECUBIERTOS,60.0,,CLP,8799.0,527940.0,527940.0
1038999-1-SE24,MEDICAMENTOS,2024-01-16T17:18:34.717,SE,,Recepción Conforme,114398,I MUNICIPALIDAD DE LICANTEN,69.100.500-3,Licantén,Región del Maule ,26786,LABORATORIOS RECALCINE SA,91.637.000-8,Providencia,Región Metropolitana de Santiago,2,42171900,Equipamiento y suministros médicos / Artículos médicos para urgencias y atención en terreno / Contenedores de almacenaje para servicios médicos de urgencia,42171903,Cajas de medicamentos de servicios médicos de urge,APEPLUS 1 MG X 90 COMPRIMIDOS,1.0,,CLP,32277.0,32277.0,32277.0
1038999-1-SE24,MEDICAMENTOS,2024-01-16T17:18:34.717,SE,,Recepción Conforme,114398,I MUNICIPALIDAD DE LICANTEN,69.100.500-3,Licantén,Región del Maule ,26786,LABORATORIOS RECALCINE SA,91.637.000-8,Providencia,Región Metropolitana de Santiago,3,42171900,Equipamiento y suministros médicos / Artículos médicos para urgencias y atención en terreno / Contenedores de almacenaje para servicios médicos de urgencia,42171903,Cajas de medicamentos de servicios médicos de urge,CARDIOPLUS 20 MG X 40 COMPRIMIDOS RECUBIERTOS,5.0,,CLP,4720.0,23600.0,23600.0
1038999-1-SE24,MEDICAMENTOS,2024-01-16T17:18:34.717,SE,,Recepción Conforme,114398,I MUNICIPALIDAD DE LICANTEN,69.100.500-3,Licantén,Región del Maule ,26786,LABORATORIOS RECALCINE SA,91.637.000-8,Providencia,Región Metropolitana de Santiago,4,42171900,Equipamiento y suministros médicos / Artículos médicos para urgencias y atención en terreno / Contenedores de almacenaje para servicios médicos de urgencia,42171903,Cajas de medicamentos de servicios médicos de urge,CARDIOPLUS 40 MG X 40 COMPRIMIDOS RECUBIERTOS,5.0,,CLP,7280.0,36400.0,36400.0
1038999-1-SE24,MEDICAMENTOS,2024-01-16T17:18:34.717,SE,,Recepción Conforme,114398,I MUNICIPALIDAD DE LICANTEN,69.100.500-3,Licantén,Región del Maule ,26786,LABORATORIOS RECALCINE SA,91.637.000-8,Providencia,Región Metropolitana de Santiago,5,42171900,Equipamiento y suministros médicos / Artículos médicos para urgencias y atención en terreno / Contenedores de almacenaje para servicios médicos de urgencia,42171903,Cajas de medicamentos de servicios médicos de urge,"CARDIOPLUS 40/12,5 MG X 40 COMPRIMIDOS RECUBIERTOS",15.0,,CLP,7080.0,106200.0,106200.0
1038999-1-SE24,MEDICAMENTOS,2024-01-16T17:18:34.717,SE,,Recepción Conforme,114398,I MUNICIPALIDAD DE LICANTEN,69.100.500-3,Licantén,Región del Maule ,26786,LABORATORIOS RECALCINE SA,91.637.000-8,Providencia,Región Metropolitana de Santiago,6,42171900,Equipamiento y suministros médicos / Artículos médicos para urgencias y atención en terreno / Contenedores de almacenaje para servicios médicos de urgencia,42171903,Cajas de medicamentos de servicios médicos de urge,"CARDIOPLUS 20/12,5 MG X 40 COMPRIMIDOS RECUBIERTOS",15.0,,CLP,8080.0,121200.0,121200.0
1038999-1-SE24,MEDICAMENTOS,2024-01-16T17:18:34.717,SE,,Recepción Conforme,114398,I MUNICIPALIDAD DE LICANTEN,69.100.500-3,Licantén,Región del Maule ,26786,LABORATORIOS RECALCINE SA,91.637.000-8,Providencia,Región Metropolitana de Santiago,7,42171900,Equipamiento y suministros médicos / Artículos médicos para urgencias y atención en terreno / Contenedores de almacenaje para servicios médicos de urgencia,42171903,Cajas de medicamentos de servicios médicos de urge,DIXI 35 X 21 COMPRIMIDOS RECUBIERTOS,6.0,,CLP,13662.0,81972.0,81972.0
1038999-1-SE24,MEDICAMENTOS,2024-01-16T17:18:34.717,SE,,Recepción Conforme,114398,I MUNICIPALIDAD DE LICANTEN,69.100.500-3,Licantén,Región del Maule ,26786,LABORATORIOS RECALCINE SA,91.637.000-8,Providencia,Región Metropolitana de Santiago,8,42171900,Equipamiento y suministros médicos / Artículos médicos para urgencias y atención en terreno / Contenedores de almacenaje para servicios médicos de urgencia,42171903,Cajas de medicamentos de servicios médicos de urge,FEMELLE X 28 COMPRIMIDOS,10.0,,CLP,12500.0,125000.0,125000.0
1038999-1-SE24,MEDICAMENTOS,2024-01-16T17:18:34.717,SE,,Recepción Conforme,114398,I MUNICIPALIDAD DE LICANTEN,69.100.500-3,Licantén,Región del Maule ,26786,LABORATORIOS RECALCINE SA,91.637.000-8,Providencia,Región Metropolitana de Santiago,9,42171900,Equipamiento y suministros médicos / Artículos médicos para urgencias y atención en terreno / Contenedores de almacenaje para servicios médicos de urgencia,42171903,Cajas de medicamentos de servicios médicos de urge,HIPERFLEX UD X 35 SACHET,3.0,,CLP,16690.0,50070.0,50070.0
1038999-1-SE24,MEDICAMENTOS,2024-01-16T17:18:34.717,SE,,Recepción Conforme,114398,I MUNICIPALIDAD DE LICANTEN,69.100.500-3,Licantén,Región del Maule ,26786,LABORATORIOS RECALCINE SA,91.637.000-8,Providencia,Región Metropolitana de Santiago,10,42171900,Equipamiento y suministros médicos / Artículos médicos para urgencias y atención en terreno / Contenedores de almacenaje para servicios médicos de urgencia,42171903,Cajas de medicamentos de servicios médicos de urge,PLURIAMIN X 30 COMPRIMIDOS LIBERACION PROLONGADA,2.0,,CLP,9147.0,18294.0,18294.0
1038999-1-SE24,MEDICAMENTOS,2024-01-16T17:18:34.717,SE,,Recepción Conforme,114398,I MUNICIPALIDAD DE LICANTEN,69.100.500-3,Licantén,Región del Maule ,26786,LABORATORIOS RECALCINE SA,91.637.000-8,Providencia,Región Metropolitana de Santiago,11,42171900,Equipamiento y suministros médicos / Artículos médicos para urgencias y atención en terreno / Contenedores de almacenaje para servicios médicos de urgencia,42171903,Cajas de medicamentos de servicios médicos de urge,PRIMAQUIN 1 MG X 30 COMPRIMIDOS,5.0,,CLP,6275.0,31375.0,31375.0
1038999-1-SE24,MEDICAMENTOS,2024-01-16T17:18:34.717,SE,,Recepción Conforme,114398,I MUNICIPALIDAD DE LICANTEN,69.100.500-3,Licantén,Región del Maule ,26786,LABORATORIOS RECALCINE SA,91.637.000-8,Providencia,Región Metropolitana de Santiago,12,42171900,Equipamiento y suministros médicos / Artículos médicos para urgencias y atención en terreno / Contenedores de almacenaje para servicios médicos de urgencia,42171903,Cajas de medicamentos de servicios médicos de urge,RITMOCOR 150 MG X 40 COMPRIMIDOS,15.0,,CLP,15042.0,225630.0,225630.0
1038999-10-AG24,MEDICAMENTOS,2024-01-26T10:59:56.927,AG,,Recepción Conforme,114398,I MUNICIPALIDAD DE LICANTEN,69.100.500-3,Licantén,Región del Maule ,14555,SALCOBRAND S.A,76.031.071-9,San Bernardo,Región Metropolitana de Santiago,1,51121700,Medicamentos y productos farmacéuticos / Medicamentos cardiovasculares / Medicamentos antihipertensivos,51121733,Valsartan,"VALAXAM D 160/5/12.5MG VALSARTAN 160MG + AMLODIPINO 5MG + HIDROCLOROTIAZIDA 12,5MG CAJA POR 30 COMPRIMIDOS VENCIMIENTO SUPERIOR A UN AÑO",12.0,,CLP,20531.0,246372.0,0.0
1038999-13-AG24,GLIMEPIRIDA,2024-01-30T14:56:25.477,AG,,Recepción Conforme,114398,I MUNICIPALIDAD DE LICANTEN,69.100.500-3,Licantén,Región del Maule ,14555,SALCOBRAND S.A,76.031.071-9,San Bernardo,Región Metropolitana de Santiago,1,51181500,Medicamentos y productos farmacéuticos / Hormonas y antagonistas hormonales / Agentes antidiabéticos y agentes hiperglicémicos,51181504,Glimepirida,GLIMEPIRIDA 4MG CAJA POR 30 COMPRIMIDOS EQUIVALENTE A GLEMAZ,5.0,,CLP,28383.0,141915.0,0.0
1038999-15-AG24,CANDESARTAN,2024-01-30T18:03:20.767,AG,,Recepción Conforme,114398,I MUNICIPALIDAD DE LICANTEN,69.100.500-3,Licantén,Región del Maule ,269948,ETHON PHARMACEUTICALS  COMERCIALIZADORA  IMP EXP Y DIST SPA,76.956.140-4,Rancagua,Región del Libertador General Bernardo O´Higgins,1,51121700,Medicamentos y productos farmacéuticos / Medicamentos cardiovasculares / Medicamentos antihipertensivos,51121735,Candesartán cilexetilo,CANDESARTAN 16MH+ HIDROCLOROTIAZIDA 12.5MG CAJA POR 30 COMPRIMIDOS EQUIVALENTE A BILATEND ,6.0,,CLP,10863.0,65178.0,0.0
1038999-16-AG24,VILDAGLIPTINA,2024-01-31T09:53:45.433,AG,,Recepción Conforme,114398,I MUNICIPALIDAD DE LICANTEN,69.100.500-3,Licantén,Región del Maule ,1423936,GALENICUM HEALTH CHILE SPA,76.285.229-2,Santiago,Región Metropolitana de Santiago,1,51181500,Medicamentos y productos farmacéuticos / Hormonas y antagonistas hormonales / Agentes antidiabéticos y agentes hiperglicémicos,51181517,Clorhidrato de metformina,VILDAGLIPTINA 50MG CAJA POR 56 COMPRIMIDOS ,20.0,,CLP,9464.0,189280.0,0.0
1038999-18-SE24,MEDICAMENTOS,2024-01-31T17:38:41.483,SE,,Recepción Conforme,114398,I MUNICIPALIDAD DE LICANTEN,69.100.500-3,Licantén,Región del Maule ,1418939,LABORATORIOS ANDROMACO S.A.,76.237.266-5,Peñalolén,Región Metropolitana de Santiago,1,42171900,Equipamiento y suministros médicos / Artículos médicos para urgencias y atención en terreno / Contenedores de almacenaje para servicios médicos de urgencia,42171903,Cajas de medicamentos de servicios médicos de urge,ALONDRA 2 MG CAJA POR 30 COMPRIMIDOS RECUBIERTOS,8.0,,CLP,14737.0,117896.0,117896.0
1038999-18-SE24,MEDICAMENTOS,2024-01-31T17:38:41.483,SE,,Recepción Conforme,114398,I MUNICIPALIDAD DE LICANTEN,69.100.500-3,Licantén,Región del Maule ,1418939,LABORATORIOS ANDROMACO S.A.,76.237.266-5,Peñalolén,Región Metropolitana de Santiago,2,42171900,Equipamiento y suministros médicos / Artículos médicos para urgencias y atención en terreno / Contenedores de almacenaje para servicios médicos de urgencia,42171903,Cajas de medicamentos de servicios médicos de urge,BELARA CD CAJA POR 28 COMPRIMIDOS,6.0,,CLP,13000.0,78000.0,78000.0
1038999-18-SE24,MEDICAMENTOS,2024-01-31T17:38:41.483,SE,,Recepción Conforme,114398,I MUNICIPALIDAD DE LICANTEN,69.100.500-3,Licantén,Región del Maule ,1418939,LABORATORIOS ANDROMACO S.A.,76.237.266-5,Peñalolén,Región Metropolitana de Santiago,3,42171900,Equipamiento y suministros médicos / Artículos médicos para urgencias y atención en terreno / Contenedores de almacenaje para servicios médicos de urgencia,42171903,Cajas de medicamentos de servicios médicos de urge,DVIDAMAX 200 UI X 30 CAPSULAS BLANDAS,4.0,,CLP,6339.0,25356.0,25356.0
1038999-18-SE24,MEDICAMENTOS,2024-01-31T17:38:41.483,SE,,Recepción Conforme,114398,I MUNICIPALIDAD DE LICANTEN,69.100.500-3,Licantén,Región del Maule ,1418939,LABORATORIOS ANDROMACO S.A.,76.237.266-5,Peñalolén,Región Metropolitana de Santiago,4,42171900,Equipamiento y suministros médicos / Artículos médicos para urgencias y atención en terreno / Contenedores de almacenaje para servicios médicos de urgencia,42171903,Cajas de medicamentos de servicios médicos de urge,ELCAL-D 500/800 MG CAJA POR 60 CAPSULAS,6.0,,CLP,7866.0,47196.0,47196.0
1038999-18-SE24,MEDICAMENTOS,2024-01-31T17:38:41.483,SE,,Recepción Conforme,114398,I MUNICIPALIDAD DE LICANTEN,69.100.500-3,Licantén,Región del Maule ,1418939,LABORATORIOS ANDROMACO S.A.,76.237.266-5,Peñalolén,Región Metropolitana de Santiago,5,42171900,Equipamiento y suministros médicos / Artículos médicos para urgencias y atención en terreno / Contenedores de almacenaje para servicios médicos de urgencia,42171903,Cajas de medicamentos de servicios médicos de urge,ELCAL-D CAJA POR 60 CAPSULAS,3.0,,CLP,8053.0,24159.0,24159.0
1038999-18-SE24,MEDICAMENTOS,2024-01-31T17:38:41.483,SE,,Recepción Conforme,114398,I MUNICIPALIDAD DE LICANTEN,69.100.500-3,Licantén,Región del Maule ,1418939,LABORATORIOS ANDROMACO S.A.,76.237.266-5,Peñalolén,Región Metropolitana de Santiago,6,42171900,Equipamiento y suministros médicos / Artículos médicos para urgencias y atención en terreno / Contenedores de almacenaje para servicios médicos de urgencia,42171903,Cajas de medicamentos de servicios médicos de urge,FLAPEX E CAJA POR 20 CAPSULAS,4.0,,CLP,3567.0,14268.0,14268.0
1038999-18-SE24,MEDICAMENTOS,2024-01-31T17:38:41.483,SE,,Recepción Conforme,114398,I MUNICIPALIDAD DE LICANTEN,69.100.500-3,Licantén,Región del Maule ,1418939,LABORATORIOS ANDROMACO S.A.,76.237.266-5,Peñalolén,Región Metropolitana de Santiago,7,42171900,Equipamiento y suministros médicos / Artículos médicos para urgencias y atención en terreno / Contenedores de almacenaje para servicios médicos de urgencia,42171903,Cajas de medicamentos de servicios médicos de urge,POEM CAJA POR 28 COMPRIMIDOS,3.0,,CLP,11097.0,33291.0,33291.0
1038999-18-SE24,MEDICAMENTOS,2024-01-31T17:38:41.483,SE,,Recepción Conforme,114398,I MUNICIPALIDAD DE LICANTEN,69.100.500-3,Licantén,Región del Maule ,1418939,LABORATORIOS ANDROMACO S.A.,76.237.266-5,Peñalolén,Región Metropolitana de Santiago,8,42171900,Equipamiento y suministros médicos / Artículos médicos para urgencias y atención en terreno / Contenedores de almacenaje para servicios médicos de urgencia,42171903,Cajas de medicamentos de servicios médicos de urge,TINELLE 3 CAJA POR 91 COMPRIMIDOS,6.0,,CLP,24360.0,146160.0,146160.0
1038999-18-SE24,MEDICAMENTOS,2024-01-31T17:38:41.483,SE,,Recepción Conforme,114398,I MUNICIPALIDAD DE LICANTEN,69.100.500-3,Licantén,Región del Maule ,1418939,LABORATORIOS ANDROMACO S.A.,76.237.266-5,Peñalolén,Región Metropolitana de Santiago,9,42171900,Equipamiento y suministros médicos / Artículos médicos para urgencias y atención en terreno / Contenedores de almacenaje para servicios médicos de urgencia,42171903,Cajas de medicamentos de servicios médicos de urge,VALERIX 2 MG CAJA POR 30 COMPRIMIDOS,1.0,,CLP,13271.0,13271.0,13271.0
1038999-19-AG24,METFORMINA,2024-02-12T11:50:33.173,AG,,Recepción Conforme,114398,I MUNICIPALIDAD DE LICANTEN,69.100.500-3,Licantén,Región del Maule ,256360,FARMACEUTICA CARIBEAN LTDA,76.830.090-9,Renca,Región Metropolitana de Santiago,1,51181500,Medicamentos y productos farmacéuticos / Hormonas y antagonistas hormonales / Agentes antidiabéticos y agentes hiperglicémicos,51181517,Clorhidrato de metformina,"METFORMINA 500 MG LIBERACION PROLONGADA, CAJA POR 30 COMPRIMIDOS LP BIOEQUIVALENTE",15.0,,CLP,2200.0,33000.0,0.0
1038999-19-AG24,METFORMINA,2024-02-12T11:50:33.173,AG,,Recepción Conforme,114398,I MUNICIPALIDAD DE LICANTEN,69.100.500-3,Licantén,Región del Maule ,256360,FARMACEUTICA CARIBEAN LTDA,76.830.090-9,Renca,Región Metropolitana de Santiago,2,51181500,Medicamentos y productos farmacéuticos / Hormonas y antagonistas hormonales / Agentes antidiabéticos y agentes hiperglicémicos,51181517,Clorhidrato de metformina,"METFORMINA 1000 MG LIBERACION PROLONGADA, CAJA POR 30 COMPRIMIDOS LP BIOEQUIVALENTE",15.0,,CLP,2220.0,33300.0,0.0
1038999-19-AG24,METFORMINA,2024-02-12T11:50:33.173,AG,,Recepción Conforme,114398,I MUNICIPALIDAD DE LICANTEN,69.100.500-3,Licantén,Región del Maule ,256360,FARMACEUTICA CARIBEAN LTDA,76.830.090-9,Renca,Región Metropolitana de Santiago,3,51181500,Medicamentos y productos farmacéuticos / Hormonas y antagonistas hormonales / Agentes antidiabéticos y agentes hiperglicémicos,51181517,Clorhidrato de metformina,"METFORMINA 750 MG LIBERACION PROLONGADA, CAJA POR 30 COMPRIMIDOS LP BIOEQUIVALENTE",15.0,,CLP,5998.0,89970.0,0.0
1038999-20-AG24,EXFORGE D Y ENTRESTO,2024-02-12T12:07:08.65,AG,,Recepción Conforme,114398,I MUNICIPALIDAD DE LICANTEN,69.100.500-3,Licantén,Región del Maule ,28150,NOVOFARMA SERVICE S A,96.945.670-2,Quilicura,Región Metropolitana de Santiago,1,51121700,Medicamentos y productos farmacéuticos / Medicamentos cardiovasculares / Medicamentos antihipertensivos,51121733,Valsartan,"AMLODIPINO/VALSARTAN /HIDROCLOROTIAZIDA 5/160/12,5 MG CAJA POR 28 COMPRIMIDOS EQUIVALENTE A EXFORGE D",5.0,,CLP,27524.0,137620.0,0.0
1038999-20-AG24,EXFORGE D Y ENTRESTO,2024-02-12T12:07:08.65,AG,,Recepción Conforme,114398,I MUNICIPALIDAD DE LICANTEN,69.100.500-3,Licantén,Región del Maule ,28150,NOVOFARMA SERVICE S A,96.945.670-2,Quilicura,Región Metropolitana de Santiago,2,51121700,Medicamentos y productos farmacéuticos / Medicamentos cardiovasculares / Medicamentos antihipertensivos,51121733,Valsartan,SACUBITRILO VALSARTAN 200 MG CAJA POR 56 COMPRIMIDOS EQUIVALENTE A ENTRESTO,4.0,,CLP,60312.0,241248.0,0.0
1038999-21-SE24,MEDICAMENTOS,2024-02-12T12:34:20.323,SE,,Recepción Conforme,114398,I MUNICIPALIDAD DE LICANTEN,69.100.500-3,Licantén,Región del Maule ,58908,MERCK S A,80.621.200-8,Providencia,Región Metropolitana de Santiago,1,42171900,Equipamiento y suministros médicos / Artículos médicos para urgencias y atención en terreno / Contenedores de almacenaje para servicios médicos de urgencia,42171903,Cajas de medicamentos de servicios médicos de urge,EUTIROX 75 MCG CAJA POR 50 COMPRIMIDOS,10.0,,CLP,7425.0,74250.0,74250.0
1038999-21-SE24,MEDICAMENTOS,2024-02-12T12:34:20.323,SE,,Recepción Conforme,114398,I MUNICIPALIDAD DE LICANTEN,69.100.500-3,Licantén,Región del Maule ,58908,MERCK S A,80.621.200-8,Providencia,Región Metropolitana de Santiago,2,42171900,Equipamiento y suministros médicos / Artículos médicos para urgencias y atención en terreno / Contenedores de almacenaje para servicios médicos de urgencia,42171903,Cajas de medicamentos de servicios médicos de urge,GLAFORNIL 750 MG XR CAJA POR 30 COMPRIMIDOS,10.0,,CLP,12695.0,126950.0,126950.0
1038999-21-SE24,MEDICAMENTOS,2024-02-12T12:34:20.323,SE,,Recepción Conforme,114398,I MUNICIPALIDAD DE LICANTEN,69.100.500-3,Licantén,Región del Maule ,58908,MERCK S A,80.621.200-8,Providencia,Región Metropolitana de Santiago,3,42171900,Equipamiento y suministros médicos / Artículos médicos para urgencias y atención en terreno / Contenedores de almacenaje para servicios médicos de urgencia,42171903,Cajas de medicamentos de servicios médicos de urge,GIABRI 100 MG CAJA POR 30 COMPRIMIDOS,8.0,,CLP,17220.0,137760.0,137760.0
1038999-22-SE24,MEDICAMENTOS,2024-02-12T15:47:46.323,SE,,Recepción Conforme,114398,I MUNICIPALIDAD DE LICANTEN,69.100.500-3,Licantén,Región del Maule ,89870,ITF-LABOMED FARMACEUTICA LIMITADA,96.884.770-8,Las Condes,Región Metropolitana de Santiago,1,42171900,Equipamiento y suministros médicos / Artículos médicos para urgencias y atención en terreno / Contenedores de almacenaje para servicios médicos de urgencia,42171903,Cajas de medicamentos de servicios médicos de urge,BIOSUL 40 MG CAJA POR 30 CAPSULAS,4.0,,CLP,12915.0,51660.0,51660.0
1038999-22-SE24,MEDICAMENTOS,2024-02-12T15:47:46.323,SE,,Recepción Conforme,114398,I MUNICIPALIDAD DE LICANTEN,69.100.500-3,Licantén,Región del Maule ,89870,ITF-LABOMED FARMACEUTICA LIMITADA,96.884.770-8,Las Condes,Región Metropolitana de Santiago,2,42171900,Equipamiento y suministros médicos / Artículos médicos para urgencias y atención en terreno / Contenedores de almacenaje para servicios médicos de urgencia,42171903,Cajas de medicamentos de servicios médicos de urge,BRONCHO-VAXOM INFANTIL POLVO PARA SUSP ORAL 3.5 MG CAJA POR 30 SOBRES,1.0,,CLP,60599.0,60599.0,60599.0
1038999-22-SE24,MEDICAMENTOS,2024-02-12T15:47:46.323,SE,,Recepción Conforme,114398,I MUNICIPALIDAD DE LICANTEN,69.100.500-3,Licantén,Región del Maule ,89870,ITF-LABOMED FARMACEUTICA LIMITADA,96.884.770-8,Las Condes,Región Metropolitana de Santiago,3,42171900,Equipamiento y suministros médicos / Artículos médicos para urgencias y atención en terreno / Contenedores de almacenaje para servicios médicos de urgencia,42171903,Cajas de medicamentos de servicios médicos de urge,"INDAPRESS 2,5 MG CAJA POR 60 COMPRIMIDOS",2.0,,CLP,27291.0,54582.0,54582.0
1038999-22-SE24,MEDICAMENTOS,2024-02-12T15:47:46.323,SE,,Recepción Conforme,114398,I MUNICIPALIDAD DE LICANTEN,69.100.500-3,Licantén,Región del Maule ,89870,ITF-LABOMED FARMACEUTICA LIMITADA,96.884.770-8,Las Condes,Región Metropolitana de Santiago,4,42171900,Equipamiento y suministros médicos / Artículos médicos para urgencias y atención en terreno / Contenedores de almacenaje para servicios médicos de urgencia,42171903,Cajas de medicamentos de servicios médicos de urge,OLTAN AMLO 40/5 MG CAJA POR 30 COMPRIMIDOS,4.0,,CLP,11636.0,46544.0,46544.0
1038999-22-SE24,MEDICAMENTOS,2024-02-12T15:47:46.323,SE,,Recepción Conforme,114398,I MUNICIPALIDAD DE LICANTEN,69.100.500-3,Licantén,Región del Maule ,89870,ITF-LABOMED FARMACEUTICA LIMITADA,96.884.770-8,Las Condes,Región Metropolitana de Santiago,5,42171900,Equipamiento y suministros médicos / Artículos médicos para urgencias y atención en terreno / Contenedores de almacenaje para servicios médicos de urgencia,42171903,Cajas de medicamentos de servicios médicos de urge,RUPAFIN SOLUCION ORAL 1MG/120ML FRASCO,2.0,,CLP,12570.0,25140.0,25140.0
1038999-22-SE24,MEDICAMENTOS,2024-02-12T15:47:46.323,SE,,Recepción Conforme,114398,I MUNICIPALIDAD DE LICANTEN,69.100.500-3,Licantén,Región del Maule ,89870,ITF-LABOMED FARMACEUTICA LIMITADA,96.884.770-8,Las Condes,Región Metropolitana de Santiago,6,42171900,Equipamiento y suministros médicos / Artículos médicos para urgencias y atención en terreno / Contenedores de almacenaje para servicios médicos de urgencia,42171903,Cajas de medicamentos de servicios médicos de urge,VITESS CAJA POR 60 CAPSULAS,3.0,,CLP,14788.0,44364.0,44364.0
1038999-23-SE24,MEDICAMENTOS,2024-02-12T16:04:17.693,SE,,Recepción Conforme,114398,I MUNICIPALIDAD DE LICANTEN,69.100.500-3,Licantén,Región del Maule ,28150,NOVOFARMA SERVICE S A,96.945.670-2,Quilicura,Región Metropolitana de Santiago,1,42171900,Equipamiento y suministros médicos / Artículos médicos para urgencias y atención en terreno / Contenedores de almacenaje para servicios médicos de urgencia,42171903,Cajas de medicamentos de servicios médicos de urge,ARCALION CAJA POR 30 COMPRIMIDOS,4.0,,CLP,19148.0,76592.0,76592.0
1038999-23-SE24,MEDICAMENTOS,2024-02-12T16:04:17.693,SE,,Recepción Conforme,114398,I MUNICIPALIDAD DE LICANTEN,69.100.500-3,Licantén,Región del Maule ,28150,NOVOFARMA SERVICE S A,96.945.670-2,Quilicura,Región Metropolitana de Santiago,2,42171900,Equipamiento y suministros médicos / Artículos médicos para urgencias y atención en terreno / Contenedores de almacenaje para servicios médicos de urgencia,42171903,Cajas de medicamentos de servicios médicos de urge,DIAMICRON MR CAJA POR 30 COMPRIMIDOS DE LIBERACION PROLONGADA,2.0,,CLP,23002.0,46004.0,46004.0
1038999-23-SE24,MEDICAMENTOS,2024-02-12T16:04:17.693,SE,,Recepción Conforme,114398,I MUNICIPALIDAD DE LICANTEN,69.100.500-3,Licantén,Región del Maule ,28150,NOVOFARMA SERVICE S A,96.945.670-2,Quilicura,Región Metropolitana de Santiago,3,42171900,Equipamiento y suministros médicos / Artículos médicos para urgencias y atención en terreno / Contenedores de almacenaje para servicios médicos de urgencia,42171903,Cajas de medicamentos de servicios médicos de urge,LEVOSULPIRINA 25 MG CAJA POR 20 COMPRIMIDOS,5.0,,CLP,10598.0,52990.0,52990.0
1038999-24-SE24,MEDICAMENTOS,2024-02-12T16:13:45.48,SE,,Recepción Conforme,114398,I MUNICIPALIDAD DE LICANTEN,69.100.500-3,Licantén,Región del Maule ,26786,LABORATORIOS RECALCINE SA,91.637.000-8,Providencia,Región Metropolitana de Santiago,1,42171900,Equipamiento y suministros médicos / Artículos médicos para urgencias y atención en terreno / Contenedores de almacenaje para servicios médicos de urgencia,42171903,Cajas de medicamentos de servicios médicos de urge,ACEBRON 4 MG CAJA POR 20 COMPRIMIDOS,2.0,,CLP,5000.0,10000.0,10000.0
1038999-24-SE24,MEDICAMENTOS,2024-02-12T16:13:45.48,SE,,Recepción Conforme,114398,I MUNICIPALIDAD DE LICANTEN,69.100.500-3,Licantén,Región del Maule ,26786,LABORATORIOS RECALCINE SA,91.637.000-8,Providencia,Región Metropolitana de Santiago,2,42171900,Equipamiento y suministros médicos / Artículos médicos para urgencias y atención en terreno / Contenedores de almacenaje para servicios médicos de urgencia,42171903,Cajas de medicamentos de servicios médicos de urge,ACOTOL X 28 COMPRIMIDOS RECUBIERTOS,40.0,,CLP,8799.0,351960.0,351960.0
1038999-24-SE24,MEDICAMENTOS,2024-02-12T16:13:45.48,SE,,Recepción Conforme,114398,I MUNICIPALIDAD DE LICANTEN,69.100.500-3,Licantén,Región del Maule ,26786,LABORATORIOS RECALCINE SA,91.637.000-8,Providencia,Región Metropolitana de Santiago,3,42171900,Equipamiento y suministros médicos / Artículos médicos para urgencias y atención en terreno / Contenedores de almacenaje para servicios médicos de urgencia,42171903,Cajas de medicamentos de servicios médicos de urge,CICLOMEX 15 CAJA POR 28 COMPRIMIDOS RECUBIERTOS,4.0,,CLP,10952.0,43808.0,43808.0
1038999-24-SE24,MEDICAMENTOS,2024-02-12T16:13:45.48,SE,,Recepción Conforme,114398,I MUNICIPALIDAD DE LICANTEN,69.100.500-3,Licantén,Región del Maule ,26786,LABORATORIOS RECALCINE SA,91.637.000-8,Providencia,Región Metropolitana de Santiago,4,42171900,Equipamiento y suministros médicos / Artículos médicos para urgencias y atención en terreno / Contenedores de almacenaje para servicios médicos de urgencia,42171903,Cajas de medicamentos de servicios médicos de urge,CICLOMEX 20 CD CAJA POR 28 COMPRIMIDOS,8.0,,CLP,8535.0,68280.0,68280.0
1038999-24-SE24,MEDICAMENTOS,2024-02-12T16:13:45.48,SE,,Recepción Conforme,114398,I MUNICIPALIDAD DE LICANTEN,69.100.500-3,Licantén,Región del Maule ,26786,LABORATORIOS RECALCINE SA,91.637.000-8,Providencia,Región Metropolitana de Santiago,5,42171900,Equipamiento y suministros médicos / Artículos médicos para urgencias y atención en terreno / Contenedores de almacenaje para servicios médicos de urgencia,42171903,Cajas de medicamentos de servicios médicos de urge,EGOGYN 400 UI CAJA POR 30 CAPSULAS BLANDAS,5.0,,CLP,2237.0,11185.0,11185.0
1038999-24-SE24,MEDICAMENTOS,2024-02-12T16:13:45.48,SE,,Recepción Conforme,114398,I MUNICIPALIDAD DE LICANTEN,69.100.500-3,Licantén,Región del Maule ,26786,LABORATORIOS RECALCINE SA,91.637.000-8,Providencia,Región Metropolitana de Santiago,6,42171900,Equipamiento y suministros médicos / Artículos médicos para urgencias y atención en terreno / Contenedores de almacenaje para servicios médicos de urgencia,42171903,Cajas de medicamentos de servicios médicos de urge,FEMELLE 20 CAJA POR 28 COMPRIMIDOS,6.0,,CLP,12861.0,77166.0,77166.0
1038999-24-SE24,MEDICAMENTOS,2024-02-12T16:13:45.48,SE,,Recepción Conforme,114398,I MUNICIPALIDAD DE LICANTEN,69.100.500-3,Licantén,Región del Maule ,26786,LABORATORIOS RECALCINE SA,91.637.000-8,Providencia,Región Metropolitana de Santiago,7,42171900,Equipamiento y suministros médicos / Artículos médicos para urgencias y atención en terreno / Contenedores de almacenaje para servicios médicos de urgencia,42171903,Cajas de medicamentos de servicios médicos de urge,FEMELLE 20 FOL CAJA POR 28 COMPRIMIDOS RECUBIERTOS,4.0,,CLP,9688.0,38752.0,38752.0
1038999-24-SE24,MEDICAMENTOS,2024-02-12T16:13:45.48,SE,,Recepción Conforme,114398,I MUNICIPALIDAD DE LICANTEN,69.100.500-3,Licantén,Región del Maule ,26786,LABORATORIOS RECALCINE SA,91.637.000-8,Providencia,Región Metropolitana de Santiago,8,42171900,Equipamiento y suministros médicos / Artículos médicos para urgencias y atención en terreno / Contenedores de almacenaje para servicios médicos de urgencia,42171903,Cajas de medicamentos de servicios médicos de urge,FIBORAN 267 MG CAJA POR 30 CAPSULAS,4.0,,CLP,22227.0,88908.0,88908.0
1038999-24-SE24,MEDICAMENTOS,2024-02-12T16:13:45.48,SE,,Recepción Conforme,114398,I MUNICIPALIDAD DE LICANTEN,69.100.500-3,Licantén,Región del Maule ,26786,LABORATORIOS RECALCINE SA,91.637.000-8,Providencia,Región Metropolitana de Santiago,9,42171900,Equipamiento y suministros médicos / Artículos médicos para urgencias y atención en terreno / Contenedores de almacenaje para servicios médicos de urgencia,42171903,Cajas de medicamentos de servicios médicos de urge,RIBOLAC 200 MG CAJA POR 10 COMPRIMIDOS,3.0,,CLP,6000.0,18000.0,18000.0
1038999-24-SE24,MEDICAMENTOS,2024-02-12T16:13:45.48,SE,,Recepción Conforme,114398,I MUNICIPALIDAD DE LICANTEN,69.100.500-3,Licantén,Región del Maule ,26786,LABORATORIOS RECALCINE SA,91.637.000-8,Providencia,Región Metropolitana de Santiago,10,42171900,Equipamiento y suministros médicos / Artículos médicos para urgencias y atención en terreno / Contenedores de almacenaje para servicios médicos de urgencia,42171903,Cajas de medicamentos de servicios médicos de urge,"TINOX 2,5 MG CAJA POR 30 COMPRIMIDOS",1.0,,CLP,13712.0,13712.0,13712.0
1038999-26-AG24,MEDICAMENTOS,2024-02-12T16:46:44.087,AG,,Recepción Conforme,114398,I MUNICIPALIDAD DE LICANTEN,69.100.500-3,Licantén,Región del Maule ,1426099,DROGUERIA GLOBAL PHARMA SPA,76.389.383-9,Cerrillos,Región Metropolitana de Santiago,1,51141700,Medicamentos y productos farmacéuticos / Medicamentos para el sistema nervioso central / Agentes antipsicóticos,51141707,Clorhidrato de buspirona,BUSPIRONA 5MG CAJA POR 20 COMPRIMIDOS  EQUIVALENTE A PAXON ,6.0,,CLP,9682.0,58092.0,0.0
1038999-26-AG24,MEDICAMENTOS,2024-02-12T16:46:44.087,AG,,Recepción Conforme,114398,I MUNICIPALIDAD DE LICANTEN,69.100.500-3,Licantén,Región del Maule ,1426099,DROGUERIA GLOBAL PHARMA SPA,76.389.383-9,Cerrillos,Región Metropolitana de Santiago,2,51142100,Medicamentos y productos farmacéuticos / Medicamentos para el sistema nervioso central / Fármacos antiinflamatorios no esteroideos (NSAID),51142148,Hialuronato sódico,"HIALURONATO DE SODIO 0,4% SIN PRESERVANTES FRASCO DE 10 ML SOL OFTALMICA ESTERIL EQUIVALENTE A OFTAFILM SP",4.0,,CLP,14012.0,56048.0,0.0
1038999-27-SE24,SIMILAC,2024-02-14T09:08:21.387,SE,,Recepción Conforme,114398,I MUNICIPALIDAD DE LICANTEN,69.100.500-3,Licantén,Región del Maule ,24321,ABBOTT LABORATORIES DE CHILE LTDA,81.378.300-2,Huechuraba,Región Metropolitana de Santiago,1,51191900,Medicamentos y productos farmacéuticos / Agentes que afectan el agua y los electrolitos / Suplementos dietéticos y productos de terapia alimenticia,51191905,Suplementos vitamínicos,SIMILAC 3 5HMO POLVO 800 GR,36.0,,CLP,11200.0,403200.0,403200.0
1038999-28-AG24,MEDICAMENTOS,2024-02-14T09:26:36.5,AG,,Recepción Conforme,114398,I MUNICIPALIDAD DE LICANTEN,69.100.500-3,Licantén,Región del Maule ,256360,FARMACEUTICA CARIBEAN LTDA,76.830.090-9,Renca,Región Metropolitana de Santiago,1,51171800,"Medicamentos y productos farmacéuticos / Medicamentos para el sistema gastrointestinal / Agentes antivértigo, antinauseantes y antieméticos",51171806,Metoclopramida,DOMPERIDONA 10MG CAJA POR 30 COMPRIMIDOS. VENCIMIENTO SUPERIOR A UN AÑO.,6.0,,CLP,429.0,2574.0,0.0
1038999-28-AG24,MEDICAMENTOS,2024-02-14T09:26:36.5,AG,,Recepción Conforme,114398,I MUNICIPALIDAD DE LICANTEN,69.100.500-3,Licantén,Región del Maule ,256360,FARMACEUTICA CARIBEAN LTDA,76.830.090-9,Renca,Región Metropolitana de Santiago,2,51172100,Medicamentos y productos farmacéuticos / Medicamentos para el sistema gastrointestinal / Antiespasmódicos,51172109,Trimebutina,TRIMEBUTINO 100MG CAJA POR 20 COMPRIMIDOS. VENCIMIENTO SUPERIOR A UN AÑO. ,10.0,,CLP,709.0,7090.0,0.0
1038999-28-AG24,MEDICAMENTOS,2024-02-14T09:26:36.5,AG,,Recepción Conforme,114398,I MUNICIPALIDAD DE LICANTEN,69.100.500-3,Licantén,Región del Maule ,256360,FARMACEUTICA CARIBEAN LTDA,76.830.090-9,Renca,Región Metropolitana de Santiago,3,51191500,Medicamentos y productos farmacéuticos / Agentes que afectan el agua y los electrolitos / Diuréticos,51191507,Espironolactona,ESPIRONOLACTONA 25MG CAJA POR 20 COMPRIMIDOS. VENCIMIENTO SUPERIOR A UN AÑO.,20.0,,CLP,817.0,16340.0,0.0
1038999-28-AG24,MEDICAMENTOS,2024-02-14T09:26:36.5,AG,,Recepción Conforme,114398,I MUNICIPALIDAD DE LICANTEN,69.100.500-3,Licantén,Región del Maule ,256360,FARMACEUTICA CARIBEAN LTDA,76.830.090-9,Renca,Región Metropolitana de Santiago,4,51141700,Medicamentos y productos farmacéuticos / Medicamentos para el sistema nervioso central / Agentes antipsicóticos,51141722,Fumarato de quetiapina,QUETIAPINA 25MG CAJA POR 30 COMPRIMIDOS. VENCIMIENTO SUPERIOR A UN AÑO.,8.0,,CLP,929.0,7432.0,0.0
1038999-28-AG24,MEDICAMENTOS,2024-02-14T09:26:36.5,AG,,Recepción Conforme,114398,I MUNICIPALIDAD DE LICANTEN,69.100.500-3,Licantén,Región del Maule ,256360,FARMACEUTICA CARIBEAN LTDA,76.830.090-9,Renca,Región Metropolitana de Santiago,5,51161600,Medicamentos y productos farmacéuticos / Medicamentos para el tracto respiratorio / Antihistamínicos o bloqueadores H15,51161615,Cetirizina,LEVOCETIRIZINA 5MG CAJA POR 30 COMPRIMIDOS. VENCIMIENTO SUPERIOR A UN AÑO.,16.0,,CLP,1299.0,20784.0,0.0
1038999-28-AG24,MEDICAMENTOS,2024-02-14T09:26:36.5,AG,,Recepción Conforme,114398,I MUNICIPALIDAD DE LICANTEN,69.100.500-3,Licantén,Región del Maule ,256360,FARMACEUTICA CARIBEAN LTDA,76.830.090-9,Renca,Región Metropolitana de Santiago,6,51142100,Medicamentos y productos farmacéuticos / Medicamentos para el sistema nervioso central / Fármacos antiinflamatorios no esteroideos (NSAID),51142131,Celecoxib,CELECOXIB 200MG CAJA POR 30 COMPRIMIDOS. VENCIMIENTO SUPERIOR A UN AÑO.,20.0,,CLP,1414.0,28280.0,0.0
1038999-28-AG24,MEDICAMENTOS,2024-02-14T09:26:36.5,AG,,Recepción Conforme,114398,I MUNICIPALIDAD DE LICANTEN,69.100.500-3,Licantén,Región del Maule ,256360,FARMACEUTICA CARIBEAN LTDA,76.830.090-9,Renca,Región Metropolitana de Santiago,7,51181700,Medicamentos y productos farmacéuticos / Hormonas y antagonistas hormonales / Corticosteroides,51181713,Prednisona,PREDNISONA 20MG CAJA POR 20 COMPRIMIDOS. VENCIMIENTO SUPERIOR A UN AÑO ,5.0,,CLP,1680.0,8400.0,0.0
1038999-28-AG24,MEDICAMENTOS,2024-02-14T09:26:36.5,AG,,Recepción Conforme,114398,I MUNICIPALIDAD DE LICANTEN,69.100.500-3,Licantén,Región del Maule ,256360,FARMACEUTICA CARIBEAN LTDA,76.830.090-9,Renca,Región Metropolitana de Santiago,8,51101500,Medicamentos y productos farmacéuticos / Medicamentos anti infecciosos / Antibióticos,51101557,Doxiciclina,DOXICICLINA 100MG CAJA POR 10 COMPRIMIDOS. VENCIMIENTO SUPERIOR A UN AÑO.,10.0,,CLP,2090.0,20900.0,0.0
1038999-28-AG24,MEDICAMENTOS,2024-02-14T09:26:36.5,AG,,Recepción Conforme,114398,I MUNICIPALIDAD DE LICANTEN,69.100.500-3,Licantén,Región del Maule ,256360,FARMACEUTICA CARIBEAN LTDA,76.830.090-9,Renca,Región Metropolitana de Santiago,9,51121800,Medicamentos y productos farmacéuticos / Medicamentos cardiovasculares / Agentes antihiperlipidémicos / hipocolesterolémicos,51121818,Atorvastatina,ROSUVASTATINA 20MG CAJA POR 30 COMPRIMIDOS. VENCIMIENTO SUPERIOR A UN AÑO. ,20.0,,CLP,2990.0,59800.0,0.0
1038999-28-AG24,MEDICAMENTOS,2024-02-14T09:26:36.5,AG,,Recepción Conforme,114398,I MUNICIPALIDAD DE LICANTEN,69.100.500-3,Licantén,Región del Maule ,256360,FARMACEUTICA CARIBEAN LTDA,76.830.090-9,Renca,Región Metropolitana de Santiago,10,51181700,Medicamentos y productos farmacéuticos / Hormonas y antagonistas hormonales / Corticosteroides,51181730,Acetato de prednisolona,PREDNISOLONA ACETATO SOLUCION OFTALMICA. VENCIMIENTO SUPERIOR A UN AÑO ,3.0,,CLP,3300.0,9900.0,0.0
1038999-28-AG24,MEDICAMENTOS,2024-02-14T09:26:36.5,AG,,Recepción Conforme,114398,I MUNICIPALIDAD DE LICANTEN,69.100.500-3,Licantén,Región del Maule ,256360,FARMACEUTICA CARIBEAN LTDA,76.830.090-9,Renca,Región Metropolitana de Santiago,11,51212400,Medicamentos y productos farmacéuticos / Medicamentos varios / Fármacos para tratar la disfunción sexual,51212401,Citrato de sildenafil,TADALAFILO 20 MG CAJA POR 4 COMPRIMIDOS. VENCIMIENTO SUPERIOR A UN AÑO ,3.0,,CLP,5700.0,17100.0,0.0
1038999-28-AG24,MEDICAMENTOS,2024-02-14T09:26:36.5,AG,,Recepción Conforme,114398,I MUNICIPALIDAD DE LICANTEN,69.100.500-3,Licantén,Región del Maule ,256360,FARMACEUTICA CARIBEAN LTDA,76.830.090-9,Renca,Región Metropolitana de Santiago,12,51131700,Medicamentos y productos farmacéuticos / Medicamentos hematólicos / Trombolíticos / inhibidores de agregación de plaquetas,51131708,Cilostazol,CILOSTAZOL 100MG CAJA POR 28 COMPRIMIDOS. EQUIVALENTE A CILOSVITAE. VENCIMIENTO SUPERIOR A UN AÑO.,10.0,,CLP,7857.0,78570.0,0.0
1038999-29-AG24,MEDICAMENTOS,2024-02-14T09:51:25.3,AG,,Recepción Conforme,114398,I MUNICIPALIDAD DE LICANTEN,69.100.500-3,Licantén,Región del Maule ,24141,MUNNICH PHARMA MEDICAL SPA,80.447.400-5,Quilicura,Región Metropolitana de Santiago,1,42171900,Equipamiento y suministros médicos / Artículos médicos para urgencias y atención en terreno / Contenedores de almacenaje para servicios médicos de urgencia,42171903,Cajas de medicamentos de servicios médicos de urgencia,GINEMAXIM: EXTRACTO SECO ESTANDARIZADO DE CIMICIFUGA RACEMOSA SSP 40 MG CAJA POR 60 COMPRIMIDOS,4.0,,CLP,6076.0,24304.0,0.0
1038999-29-AG24,MEDICAMENTOS,2024-02-14T09:51:25.3,AG,,Recepción Conforme,114398,I MUNICIPALIDAD DE LICANTEN,69.100.500-3,Licantén,Región del Maule ,24141,MUNNICH PHARMA MEDICAL SPA,80.447.400-5,Quilicura,Región Metropolitana de Santiago,2,51181800,"Medicamentos y productos farmacéuticos / Hormonas y antagonistas hormonales / Estrógenos, progesteronas y anticonceptivos internos",51181813,Estradiol,EVRA PARCHE TRANSDERMICO Norelgestromin 6MG / Etinilestradiol 600MG CAJA POR 3 PARCHES,3.0,,CLP,16865.0,50595.0,0.0
1038999-3-SE24,MEDICAMENTOS,2024-01-16T18:22:00.07,SE,,Recepción Conforme,114398,I MUNICIPALIDAD DE LICANTEN,69.100.500-3,Licantén,Región del Maule ,28150,NOVOFARMA SERVICE S A,96.945.670-2,Quilicura,Región Metropolitana de Santiago,1,42171900,Equipamiento y suministros médicos / Artículos médicos para urgencias y atención en terreno / Contenedores de almacenaje para servicios médicos de urgencia,42171903,Cajas de medicamentos de servicios médicos de urge,ATROVENT HFA 10 ML,3.0,,CLP,15739.0,47217.0,47217.0
1038999-3-SE24,MEDICAMENTOS,2024-01-16T18:22:00.07,SE,,Recepción Conforme,114398,I MUNICIPALIDAD DE LICANTEN,69.100.500-3,Licantén,Región del Maule ,28150,NOVOFARMA SERVICE S A,96.945.670-2,Quilicura,Región Metropolitana de Santiago,2,42171900,Equipamiento y suministros médicos / Artículos médicos para urgencias y atención en terreno / Contenedores de almacenaje para servicios médicos de urgencia,42171903,Cajas de medicamentos de servicios médicos de urge,"JARDIANCE DUO 12,5/850 MG CAJA POR 60 COMPRIMIDOS",15.0,,CLP,30831.0,462465.0,462465.0
1038999-3-SE24,MEDICAMENTOS,2024-01-16T18:22:00.07,SE,,Recepción Conforme,114398,I MUNICIPALIDAD DE LICANTEN,69.100.500-3,Licantén,Región del Maule ,28150,NOVOFARMA SERVICE S A,96.945.670-2,Quilicura,Región Metropolitana de Santiago,3,42171900,Equipamiento y suministros médicos / Artículos médicos para urgencias y atención en terreno / Contenedores de almacenaje para servicios médicos de urgencia,42171903,Cajas de medicamentos de servicios médicos de urge,"JARDIANCE DUO 12,5/1000 MG CAJA POR 60 COMPRIMIDOS",15.0,,CLP,30831.0,462465.0,462465.0
1038999-3-SE24,MEDICAMENTOS,2024-01-16T18:22:00.07,SE,,Recepción Conforme,114398,I MUNICIPALIDAD DE LICANTEN,69.100.500-3,Licantén,Región del Maule ,28150,NOVOFARMA SERVICE S A,96.945.670-2,Quilicura,Región Metropolitana de Santiago,4,42171900,Equipamiento y suministros médicos / Artículos médicos para urgencias y atención en terreno / Contenedores de almacenaje para servicios médicos de urgencia,42171903,Cajas de medicamentos de servicios médicos de urge,MICARDIS AMLO 80/10 MG CAJA POR 28 COMPRIMIDOS,6.0,,CLP,23464.0,140784.0,140784.0
1038999-3-SE24,MEDICAMENTOS,2024-01-16T18:22:00.07,SE,,Recepción Conforme,114398,I MUNICIPALIDAD DE LICANTEN,69.100.500-3,Licantén,Región del Maule ,28150,NOVOFARMA SERVICE S A,96.945.670-2,Quilicura,Región Metropolitana de Santiago,5,42171900,Equipamiento y suministros médicos / Artículos médicos para urgencias y atención en terreno / Contenedores de almacenaje para servicios médicos de urgencia,42171903,Cajas de medicamentos de servicios médicos de urge,"MICARDIS AMLO 80/12,5 MG CAJA POR 28 COMPRIMIDOS",4.0,,CLP,22540.0,90160.0,90160.0
1038999-3-SE24,MEDICAMENTOS,2024-01-16T18:22:00.07,SE,,Recepción Conforme,114398,I MUNICIPALIDAD DE LICANTEN,69.100.500-3,Licantén,Región del Maule ,28150,NOVOFARMA SERVICE S A,96.945.670-2,Quilicura,Región Metropolitana de Santiago,6,42171900,Equipamiento y suministros médicos / Artículos médicos para urgencias y atención en terreno / Contenedores de almacenaje para servicios médicos de urgencia,42171903,Cajas de medicamentos de servicios médicos de urge,"TRAYENTA DUO RECUB. 2,5MG/1000 MG CAJA POR 60 COMPRIMIDOS",15.0,,CLP,28984.0,434760.0,434760.0
1038999-3-SE24,MEDICAMENTOS,2024-01-16T18:22:00.07,SE,,Recepción Conforme,114398,I MUNICIPALIDAD DE LICANTEN,69.100.500-3,Licantén,Región del Maule ,28150,NOVOFARMA SERVICE S A,96.945.670-2,Quilicura,Región Metropolitana de Santiago,7,42171900,Equipamiento y suministros médicos / Artículos médicos para urgencias y atención en terreno / Contenedores de almacenaje para servicios médicos de urgencia,42171903,Cajas de medicamentos de servicios médicos de urge,"TRAYENTA DUO RECUB. 2,5MG/850 MG CAJA POR 60 COMPRIMIDOS",15.0,,CLP,28984.0,434760.0,434760.0
1038999-30-AG24,MEDICAMENTOS,2024-02-14T10:01:39.95,AG,,Recepción Conforme,114398,I MUNICIPALIDAD DE LICANTEN,69.100.500-3,Licantén,Región del Maule ,27002,MEGALABS CHILE S.A,94.544.000-7,Providencia,Región Metropolitana de Santiago,1,51191500,Medicamentos y productos farmacéuticos / Agentes que afectan el agua y los electrolitos / Diuréticos,51191502,Clortalidona,"COLAGENO HIDROLIZADO 100%, CAJA CON 30 SOBRES CON 10G SABOR NARANJA equivalente a hidrolageno",12.0,,CLP,6710.0,80520.0,0.0
1038999-30-AG24,MEDICAMENTOS,2024-02-14T10:01:39.95,AG,,Recepción Conforme,114398,I MUNICIPALIDAD DE LICANTEN,69.100.500-3,Licantén,Región del Maule ,27002,MEGALABS CHILE S.A,94.544.000-7,Providencia,Región Metropolitana de Santiago,2,51191500,Medicamentos y productos farmacéuticos / Agentes que afectan el agua y los electrolitos / Diuréticos,51191502,Clortalidona,"CLORTALIDONA 50MG X 30 COMPRIMIDOS, EQUIVALENTE A METORENE",6.0,,CLP,7962.0,47772.0,0.0
1038999-31-AG24,MEDICAMENTOS ,2024-02-14T10:12:27.9,AG,,Recepción Conforme,114398,I MUNICIPALIDAD DE LICANTEN,69.100.500-3,Licantén,Región del Maule ,286531,AstraZeneca,76.447.530-5,Las Condes,Región Metropolitana de Santiago,1,51181500,Medicamentos y productos farmacéuticos / Hormonas y antagonistas hormonales / Agentes antidiabéticos y agentes hiperglicémicos,51181517,Clorhidrato de metformina,"DAPAGLIFLOZINA 10MG ENVASADO EN BLISTER, CAJA POR 28 COMPRIMIDOS RECUBIERTOS, EQUIVALENTE A FORXIGA",5.0,,CLP,23800.0,119000.0,0.0
1038999-31-AG24,MEDICAMENTOS ,2024-02-14T10:12:27.9,AG,,Recepción Conforme,114398,I MUNICIPALIDAD DE LICANTEN,69.100.500-3,Licantén,Región del Maule ,286531,AstraZeneca,76.447.530-5,Las Condes,Región Metropolitana de Santiago,2,51181500,Medicamentos y productos farmacéuticos / Hormonas y antagonistas hormonales / Agentes antidiabéticos y agentes hiperglicémicos,51181517,Clorhidrato de metformina,"DAPAGLIFLOZINA 10MG/METFORMINA 1000 MG COMPRIMIDOS DE LIBERACION PROLONGADA X 28 COMPRIMIDOS, EQUIVALENTE A XI GUO XR 10/1000",4.0,,CLP,27104.0,108416.0,0.0
1038999-33-AG24,MEDICAMENTOS ,2024-02-14T10:37:55.027,AG,,Recepción Conforme,114398,I MUNICIPALIDAD DE LICANTEN,69.100.500-3,Licantén,Región del Maule ,1463774,Exeltis SpA,76.383.221-K,La Reina,Región Metropolitana de Santiago,1,51191900,Medicamentos y productos farmacéuticos / Agentes que afectan el agua y los electrolitos / Suplementos dietéticos y productos de terapia alimenticia,51191905,Suplementos vitamínicos,"REGENESIS ULTRA: SUPLEMENTO ALIMENTICIO CON HIERRO 25MG, OMEGA 3 359MG Y VITAMINA D 800 UI CAJA POR 30 CAPSULAS equivalente a regenesis ultra",10.0,,CLP,7500.0,75000.0,0.0
1038999-33-AG24,MEDICAMENTOS ,2024-02-14T10:37:55.027,AG,,Recepción Conforme,114398,I MUNICIPALIDAD DE LICANTEN,69.100.500-3,Licantén,Región del Maule ,1463774,Exeltis SpA,76.383.221-K,La Reina,Región Metropolitana de Santiago,2,51191900,Medicamentos y productos farmacéuticos / Agentes que afectan el agua y los electrolitos / Suplementos dietéticos y productos de terapia alimenticia,51191905,Suplementos vitamínicos,"REGENESIS UP: SUPLEMENTO ALIMENTICIO DE VITAMINAS, MINERALES, OLIGOELEMENTOS, OMEGA 3 (DHA Y EPA) Y TRIPTÓFANO CAJA POR 30 CAPSULAS BLANDAS EQUIVALENTE A REGENESIS UP",4.0,,CLP,7569.0,30276.0,0.0
1038999-6-SE24,SUPLEMENTOS ALIMENTICIO,2024-01-26T09:56:45.083,SE,,Recepción Conforme,114398,I MUNICIPALIDAD DE LICANTEN,69.100.500-3,Licantén,Región del Maule ,24321,ABBOTT LABORATORIES DE CHILE LTDA,81.378.300-2,Huechuraba,Región Metropolitana de Santiago,1,51191900,Medicamentos y productos farmacéuticos / Agentes que afectan el agua y los electrolitos / Suplementos dietéticos y productos de terapia alimenticia,51191905,Suplementos vitamínicos,ENSURE POLVO CHOCOLATE 850 GR,12.0,,CLP,13900.0,166800.0,166800.0
1038999-6-SE24,SUPLEMENTOS ALIMENTICIO,2024-01-26T09:56:45.083,SE,,Recepción Conforme,114398,I MUNICIPALIDAD DE LICANTEN,69.100.500-3,Licantén,Región del Maule ,24321,ABBOTT LABORATORIES DE CHILE LTDA,81.378.300-2,Huechuraba,Región Metropolitana de Santiago,2,51191900,Medicamentos y productos farmacéuticos / Agentes que afectan el agua y los electrolitos / Suplementos dietéticos y productos de terapia alimenticia,51191905,Suplementos vitamínicos,ENSURE POLVO FRUTILLA 850 GR,12.0,,CLP,13900.0,166800.0,166800.0
1038999-6-SE24,SUPLEMENTOS ALIMENTICIO,2024-01-26T09:56:45.083,SE,,Recepción Conforme,114398,I MUNICIPALIDAD DE LICANTEN,69.100.500-3,Licantén,Región del Maule ,24321,ABBOTT LABORATORIES DE CHILE LTDA,81.378.300-2,Huechuraba,Región Metropolitana de Santiago,3,51191900,Medicamentos y productos farmacéuticos / Agentes que afectan el agua y los electrolitos / Suplementos dietéticos y productos de terapia alimenticia,51191905,Suplementos vitamínicos,ENSURE POLVO VAINILLA 850 GR,12.0,,CLP,13900.0,166800.0,166800.0
1038999-6-SE24,SUPLEMENTOS ALIMENTICIO,2024-01-26T09:56:45.083,SE,,Recepción Conforme,114398,I MUNICIPALIDAD DE LICANTEN,69.100.500-3,Licantén,Región del Maule ,24321,ABBOTT LABORATORIES DE CHILE LTDA,81.378.300-2,Huechuraba,Región Metropolitana de Santiago,4,51191900,Medicamentos y productos farmacéuticos / Agentes que afectan el agua y los electrolitos / Suplementos dietéticos y productos de terapia alimenticia,51191905,Suplementos vitamínicos,GLUCERNA TRIPLECARE VAINILLA X 850 GR,24.0,,CLP,15200.0,364800.0,364800.0
1038999-6-SE24,SUPLEMENTOS ALIMENTICIO,2024-01-26T09:56:45.083,SE,,Recepción Conforme,114398,I MUNICIPALIDAD DE LICANTEN,69.100.500-3,Licantén,Región del Maule ,24321,ABBOTT LABORATORIES DE CHILE LTDA,81.378.300-2,Huechuraba,Región Metropolitana de Santiago,5,51191900,Medicamentos y productos farmacéuticos / Agentes que afectan el agua y los electrolitos / Suplementos dietéticos y productos de terapia alimenticia,51191905,Suplementos vitamínicos,ENSURE POLVO ADVANCE VAINILLA 850 GR,12.0,,CLP,15400.0,184800.0,184800.0
1038999-7-SE24,SIMILAC,2024-01-26T10:21:43.65,SE,,Recepción Conforme,114398,I MUNICIPALIDAD DE LICANTEN,69.100.500-3,Licantén,Región del Maule ,24321,ABBOTT LABORATORIES DE CHILE LTDA,81.378.300-2,Huechuraba,Región Metropolitana de Santiago,1,51191900,Medicamentos y productos farmacéuticos / Agentes que afectan el agua y los electrolitos / Suplementos dietéticos y productos de terapia alimenticia,51191905,Suplementos vitamínicos,SIMILAC 3 5HMO POLVO 800 GR,24.0,,CLP,13100.0,314400.0,314400.0
1038999-7-SE24,SIMILAC,2024-01-26T10:21:43.65,SE,,Recepción Conforme,114398,I MUNICIPALIDAD DE LICANTEN,69.100.500-3,Licantén,Región del Maule ,24321,ABBOTT LABORATORIES DE CHILE LTDA,81.378.300-2,Huechuraba,Región Metropolitana de Santiago,2,51191900,Medicamentos y productos farmacéuticos / Agentes que afectan el agua y los electrolitos / Suplementos dietéticos y productos de terapia alimenticia,51191905,Suplementos vitamínicos,SIMILAC TOTAL COMFORT 1&2 POLVO 820 GR,12.0,,CLP,16600.0,199200.0,199200.0
1038999-7-SE24,SIMILAC,2024-01-26T10:21:43.65,SE,,Recepción Conforme,114398,I MUNICIPALIDAD DE LICANTEN,69.100.500-3,Licantén,Región del Maule ,24321,ABBOTT LABORATORIES DE CHILE LTDA,81.378.300-2,Huechuraba,Región Metropolitana de Santiago,3,51191900,Medicamentos y productos farmacéuticos / Agentes que afectan el agua y los electrolitos / Suplementos dietéticos y productos de terapia alimenticia,51191905,Suplementos vitamínicos,SIMILAC TOTAL COMFORT 3 POLVO 820 GR,12.0,,CLP,15200.0,182400.0,182400.0
1038999-9-AG24,MEDICAMENTOS,2024-01-26T10:48:10.14,AG,,Recepción Conforme,114398,I MUNICIPALIDAD DE LICANTEN,69.100.500-3,Licantén,Región del Maule ,1773777,SCM PHARMA SPA,77.337.544-5,Providencia,Región Metropolitana de Santiago,1,51121700,Medicamentos y productos farmacéuticos / Medicamentos cardiovasculares / Medicamentos antihipertensivos,51121743,Besilato de amlodipina,AMLODIPINO 5 MG CAJA POR 30 COMPRIMIDOS GENERICO VENCIMIENTO SUPERIOR A UN AÑO ,10.0,,CLP,598.0,5980.0,0.0
1038999-9-AG24,MEDICAMENTOS,2024-01-26T10:48:10.14,AG,,Recepción Conforme,114398,I MUNICIPALIDAD DE LICANTEN,69.100.500-3,Licantén,Región del Maule ,1773777,SCM PHARMA SPA,77.337.544-5,Providencia,Región Metropolitana de Santiago,2,51211500,Medicamentos y productos farmacéuticos / Medicamentos varios / Medicamentos antigota,51211501,Allopurinol,ALOPURINOL 100MG CAJA POR 20 COMPRIMIDOS GENERICO VENCIMIENTO SUPERIOR A UN AÑO ,15.0,,CLP,706.0,10590.0,0.0
1038999-9-AG24,MEDICAMENTOS,2024-01-26T10:48:10.14,AG,,Recepción Conforme,114398,I MUNICIPALIDAD DE LICANTEN,69.100.500-3,Licantén,Región del Maule ,1773777,SCM PHARMA SPA,77.337.544-5,Providencia,Región Metropolitana de Santiago,3,51141700,Medicamentos y productos farmacéuticos / Medicamentos para el sistema nervioso central / Agentes antipsicóticos,51141722,Fumarato de quetiapina,QUETIAPINA 25 MG CAJA POR 30 COMPRIMIDOS GENERICO VENCIMIENTO SUPERIOR A UN AÑO ,10.0,,CLP,1168.0,11680.0,0.0
1038999-9-AG24,MEDICAMENTOS,2024-01-26T10:48:10.14,AG,,Recepción Conforme,114398,I MUNICIPALIDAD DE LICANTEN,69.100.500-3,Licantén,Región del Maule ,1773777,SCM PHARMA SPA,77.337.544-5,Providencia,Región Metropolitana de Santiago,4,51121700,Medicamentos y productos farmacéuticos / Medicamentos cardiovasculares / Medicamentos antihipertensivos,51121725,Fumarato de bisoprolol,"BISOPROLOL 2,5MG CAJA POR 30 COMPRIMIDOS GENERICO VENCIMIENTO SUPERIOR A UN AÑO ",20.0,,CLP,1590.0,31800.0,0.0
1038999-9-AG24,MEDICAMENTOS,2024-01-26T10:48:10.14,AG,,Recepción Conforme,114398,I MUNICIPALIDAD DE LICANTEN,69.100.500-3,Licantén,Región del Maule ,1773777,SCM PHARMA SPA,77.337.544-5,Providencia,Región Metropolitana de Santiago,5,51191900,Medicamentos y productos farmacéuticos / Agentes que afectan el agua y los electrolitos / Suplementos dietéticos y productos de terapia alimenticia,51191905,Suplementos vitamínicos,CIPROHEPTADINA CLORHIDRATO CON VITAMINAS JARABE 120ML EQUIVALENTE A APETROL VENCIMIENTO SUPERIOR A UN AÑO ,10.0,,CLP,2926.0,29260.0,0.0
1038999-9-AG24,MEDICAMENTOS,2024-01-26T10:48:10.14,AG,,Recepción Conforme,114398,I MUNICIPALIDAD DE LICANTEN,69.100.500-3,Licantén,Región del Maule ,1773777,SCM PHARMA SPA,77.337.544-5,Providencia,Región Metropolitana de Santiago,6,51142000,Medicamentos y productos farmacéuticos / Medicamentos para el sistema nervioso central / Analgésicos no narcóticos / antipiréticos,51142002,Ácido acetilsalicílico,ACIDO ACETILSALICILICO 100MG COMPRIMIDOS CON RECUBRIMIENTO ENTERICO CAJA POR 50 UNIDADES EQUIVALENTE A CARDIOASPIRINA,15.0,,CLP,9142.0,137130.0,0.0
1038999-9-AG24,MEDICAMENTOS,2024-01-26T10:48:10.14,AG,,Recepción Conforme,114398,I MUNICIPALIDAD DE LICANTEN,69.100.500-3,Licantén,Región del Maule ,1773777,SCM PHARMA SPA,77.337.544-5,Providencia,Región Metropolitana de Santiago,7,51191900,Medicamentos y productos farmacéuticos / Agentes que afectan el agua y los electrolitos / Suplementos dietéticos y productos de terapia alimenticia,51191905,Suplementos vitamínicos,BION 3 ADULTO CAJA POR 30 COMPRIMIDOS SUPLEMENTO VITAMINICO CON PROBIOTICOS,15.0,,CLP,11858.0,177870.0,0.0
1038999-9-AG24,MEDICAMENTOS,2024-01-26T10:48:10.14,AG,,Recepción Conforme,114398,I MUNICIPALIDAD DE LICANTEN,69.100.500-3,Licantén,Región del Maule ,1773777,SCM PHARMA SPA,77.337.544-5,Providencia,Región Metropolitana de Santiago,8,51161600,Medicamentos y productos farmacéuticos / Medicamentos para el tracto respiratorio / Antihistamínicos o bloqueadores H16,51161616,Betahistina,BETAHISTINA 24MG CAJA POR 30 COMPRIMIDOS VENCIMIENTO SUPERIO A UN AÑO EQUIVALENTE A BETINA,10.0,,CLP,15819.0,158190.0,0.0
1039-56-CM24,HVH SAE N°36 Pedido Bidones de Agua 20 Lt. Brigadas DPCIF-R.M.,2024-01-30T09:24:24.38,CM,,Recepción Conforme,6924,CORP NACIONAL FORESTAL,61.313.000-4,La Reina,Región Metropolitana de Santiago,1393054,COMERCIAL HUERTOS DEL SUR LIMITADA,76.359.104-2,,,1,0,,0,AGUA PURIFICADA SIN DISPENSADOR YAKU 20 L UNIDAD RM,(1500837) AGUA PURIFICADA SIN DISPENSADOR YAKU 20 L UNIDAD RM,1400.0,,CLP,2949.0,4128600.0,4128600.0
1039-76-SE24,HVH SAE N°35 Internet y TV Cable Brigadas de Incendios forestales DPCIF-R.M.,2024-02-01T14:52:20.18,SE,1039-22-LE23,Recepción Conforme,6924,CORP NACIONAL FORESTAL,61.313.000-4,La Reina,Región Metropolitana de Santiago,1632972,Fernando Raúl,76.728.553-1,Melipilla,Región Metropolitana de Santiago,1,83121700,Servicios básicos y de información pública / Bibliotecas y otros centros de información pública / Comunicación social y de masas,83121703,Servicios relacionados con Internet,Servicio de Instalacición de Interne Para Las  Bases de Brigadas De Incendios Forestales DEPCIF-R.M,1.0,,CLP,294118.0,294118.0,294118.0
1039-76-SE24,HVH SAE N°35 Internet y TV Cable Brigadas de Incendios forestales DPCIF-R.M.,2024-02-01T14:52:20.18,SE,1039-22-LE23,Recepción Conforme,6924,CORP NACIONAL FORESTAL,61.313.000-4,La Reina,Región Metropolitana de Santiago,1632972,Fernando Raúl,76.728.553-1,Melipilla,Región Metropolitana de Santiago,2,83111800,Servicios básicos y de información pública / Telecomunicaciones / Servicios de televisión,83111801,Servicios de televisión por cable,Servicio de Instalacion de TV-Cable Para Las  Bases de Brigadas De Incendios Forestales DEPCIF-R.M,1.0,,CLP,352941.0,352941.0,352941.0
1039-76-SE24,HVH SAE N°35 Internet y TV Cable Brigadas de Incendios forestales DPCIF-R.M.,2024-02-01T14:52:20.18,SE,1039-22-LE23,Recepción Conforme,6924,CORP NACIONAL FORESTAL,61.313.000-4,La Reina,Región Metropolitana de Santiago,1632972,Fernando Raúl,76.728.553-1,Melipilla,Región Metropolitana de Santiago,3,81112100,"Servicios basados en ingeniería, ciencias sociales y tecnología de la información / Servicios informáticos / Servicios para internet",81112101,Proveedores de servicio de Internet (ISP),Servicio de Inetrnet Para 10 Bases de Brigadas de Incendios Foresteles del DPCIF-R.M. Por los Meses de Enero. Febrero y Marzo-2024.,3.0,,CLP,430000.0,1290000.0,1290000.0
1039-76-SE24,HVH SAE N°35 Internet y TV Cable Brigadas de Incendios forestales DPCIF-R.M.,2024-02-01T14:52:20.18,SE,1039-22-LE23,Recepción Conforme,6924,CORP NACIONAL FORESTAL,61.313.000-4,La Reina,Región Metropolitana de Santiago,1632972,Fernando Raúl,76.728.553-1,Melipilla,Región Metropolitana de Santiago,4,43221700,"Tecnologías de la información, telecomunicaciones y radiodifusión / Equipos, plataformas y accesorios de redes multimedia, voz y datos / Equipo fijo de red y componentes",43221703,Antenas de televisión,Servicio de TV-Cable Para 10 Bases de Brigadas de Incendios Foresteles del DPCIF-R.M. Por los Meses de Enero. Febrero y Marzo-2024,3.0,,CLP,225000.0,675000.0,675000.0
1046-7-AG24,Orden de Compra generada por invitación a compra ágil: 1046-5-COT24,2024-03-04T16:51:28.417,AG,,Aceptada,7247,MINISTERIO DE OBRAS PUBLICAS DIREC CION GRAL DE OO PP DCYF,61.202.000-0,Copiapó,Región de Atacama ,1746765,KARLA RAQUEL URZÚA DURÁN,15.869.316-K,Copiapó,Región de Atacama ,1,76111500,Servicios de limpieza industrial / Servicios de limpieza / Servicios de limpieza de edificios y oficinas en general,76111501,Servicios de limpieza de edificios,SERVICIO DE ASEO Y ESTAFETA SEGÚN FORMULARIO ADJUNTO,1.0,,CLP,546219.0,546219.0,0.0
1048-394-SE23,Seguros vehiculos Municipales-Educacion,2023-07-05T16:04:01.39,SE,1048-26-LP23,Recepción Conforme,7066,I MUNICIPALIDAD DE EL TABO,69.073.700-0,El Tabo,Región de Valparaíso ,50708,RENTA NACIONAL CIA DE SEGUROS GENERALES S A,94.510.000-1,Viña del Mar,Región de Valparaíso ,1,84131500,"Servicios financieros, pensiones y seguros / Seguros y jubilación / Seguros para estructuras, propiedades y bienes",84131503,Seguro de automóviles o camiones,Seguros para vehiculos Area municipal,1.0,,CLP,32978073.0,32978073.0,32978073.0
1048-394-SE23,Seguros vehiculos Municipales-Educacion,2023-07-05T16:04:01.39,SE,1048-26-LP23,Recepción Conforme,7066,I MUNICIPALIDAD DE EL TABO,69.073.700-0,El Tabo,Región de Valparaíso ,50708,RENTA NACIONAL CIA DE SEGUROS GENERALES S A,94.510.000-1,Viña del Mar,Región de Valparaíso ,2,84131500,"Servicios financieros, pensiones y seguros / Seguros y jubilación / Seguros para estructuras, propiedades y bienes",84131503,Seguro de automóviles o camiones,Seguros para vehiculos Departamento de educacion,1.0,,CLP,6899305.0,6899305.0,6899305.0
1048-59-AG24,ADQ. SOAP FLOTA VEHICULAR 2024,2024-02-05T10:28:55.033,AG,,Recepción Conforme,7066,I MUNICIPALIDAD DE EL TABO,69.073.700-0,El Tabo,Región de Valparaíso ,1769420,SEGURO SMART CORREDOR DE SEGUROS CARLOS ANTONIO ACEVEDO MUÑOZ E.I.R.L.,77.336.243-2,San Miguel,Región Metropolitana de Santiago,1,84131600,"Servicios financieros, pensiones y seguros / Seguros y jubilación / Seguros de vida, salud y accidentes",84131603,Seguros contra accidentes,Seguros Obligatorios Accidentes personales para Carros de Arrastre.,2.0,,CLP,4390.0,8780.0,0.0
1048-59-AG24,ADQ. SOAP FLOTA VEHICULAR 2024,2024-02-05T10:28:55.033,AG,,Recepción Conforme,7066,I MUNICIPALIDAD DE EL TABO,69.073.700-0,El Tabo,Región de Valparaíso ,1769420,SEGURO SMART CORREDOR DE SEGUROS CARLOS ANTONIO ACEVEDO MUÑOZ E.I.R.L.,77.336.243-2,San Miguel,Región Metropolitana de Santiago,2,84131600,"Servicios financieros, pensiones y seguros / Seguros y jubilación / Seguros de vida, salud y accidentes",84131603,Seguros contra accidentes,"Seguros Obligatorios Accidentes personales para Autos, Jeep, Station Wagon.",5.0,,CLP,7590.0,37950.0,0.0
1048-59-AG24,ADQ. SOAP FLOTA VEHICULAR 2024,2024-02-05T10:28:55.033,AG,,Recepción Conforme,7066,I MUNICIPALIDAD DE EL TABO,69.073.700-0,El Tabo,Región de Valparaíso ,1769420,SEGURO SMART CORREDOR DE SEGUROS CARLOS ANTONIO ACEVEDO MUÑOZ E.I.R.L.,77.336.243-2,San Miguel,Región Metropolitana de Santiago,3,84131600,"Servicios financieros, pensiones y seguros / Seguros y jubilación / Seguros de vida, salud y accidentes",84131603,Seguros contra accidentes,Seguros Obligatorios Accidentes personales para Camionetas.,16.0,,CLP,9290.0,148640.0,0.0
1048-59-AG24,ADQ. SOAP FLOTA VEHICULAR 2024,2024-02-05T10:28:55.033,AG,,Recepción Conforme,7066,I MUNICIPALIDAD DE EL TABO,69.073.700-0,El Tabo,Región de Valparaíso ,1769420,SEGURO SMART CORREDOR DE SEGUROS CARLOS ANTONIO ACEVEDO MUÑOZ E.I.R.L.,77.336.243-2,San Miguel,Región Metropolitana de Santiago,4,84131600,"Servicios financieros, pensiones y seguros / Seguros y jubilación / Seguros de vida, salud y accidentes",84131603,Seguros contra accidentes,Seguros Obligatorios Accidentes personales para Minibus.,1.0,,CLP,22950.0,22950.0,0.0
1048-59-AG24,ADQ. SOAP FLOTA VEHICULAR 2024,2024-02-05T10:28:55.033,AG,,Recepción Conforme,7066,I MUNICIPALIDAD DE EL TABO,69.073.700-0,El Tabo,Región de Valparaíso ,1769420,SEGURO SMART CORREDOR DE SEGUROS CARLOS ANTONIO ACEVEDO MUÑOZ E.I.R.L.,77.336.243-2,San Miguel,Región Metropolitana de Santiago,5,84131600,"Servicios financieros, pensiones y seguros / Seguros y jubilación / Seguros de vida, salud y accidentes",84131603,Seguros contra accidentes,Seguros Obligatorios Accidentes personales para Motos.,2.0,,CLP,43950.0,87900.0,0.0
1050283-101-AG24,"ADQ. DE VESTUARIO INSTITUCIONAL,  compra ágil: 1050283-76-COT24",2024-01-30T18:33:35.343,AG,,Aceptada,135559,I MUNICIPALIDAD DE SAN VICENTE,69.081.000-k,San Vicente de Tagua Tagua,Región del Libertador General Bernardo O´Higgins,1261546,CRISTIAN SIMÓN CÁCERES ARAYA,9.107.810-4,San Vicente de Tagua Tagua,Región del Libertador General Bernardo O´Higgins,1,46181500,"Equipos y suministros de defensa, orden público, protección y seguridad / Seguridad y protección personal / Ropa protectora de seguridad contra materias peligrosas",46181531,Ropa reflectante o accesorios,"ADQ. DE VESTUARIO INSTITUCIONAL, SEGUN ANT ADJUNTOS.",1.0,,CLP,1401940.0,1401940.0,0.0
1050283-186-AG24,CARPA PERMOSOS DE CIRCULACION 1050283-121-COT24,2024-02-27T11:09:24.287,AG,,Aceptada,135559,I MUNICIPALIDAD DE SAN VICENTE,69.081.000-k,San Vicente de Tagua Tagua,Región del Libertador General Bernardo O´Higgins,1385311,JOSÉ PATRICIO PERALTA GUAJARDO,13.100.117-7,San Vicente de Tagua Tagua,Región del Libertador General Bernardo O´Higgins,1,30221000,"Artículos para estructuras, obras y construcciones / Construcciones permanentes / Construcciones comerciales y de recreación",30221001,Carpas,SEGUN TTR ADJUNTOS.,1.0,,CLP,1595000.0,1595000.0,0.0
1050283-192-AG24,"SERVICIO DE VIGILANCIA PARA MODULOS, compra ágil: 1050283-123-COT24",2024-02-28T16:52:11.983,AG,,Cancelada,135559,I MUNICIPALIDAD DE SAN VICENTE,69.081.000-k,San Vicente de Tagua Tagua,Región del Libertador General Bernardo O´Higgins,1858510,INGENIERÍA Y GESTIÓN DE COMPRAS GESCOM LIMITADA,77.694.342-8,Concepción,Región del Biobío ,1,92121500,"Servicios de defensa nacional, orden público y seguridad / Seguridad y protección personal / Guardaespaldas y seguridad personal",92121504,Guardias de seguridad,"GUARDIAS DE SEGURIDAD, SERVICIO DE VIGILANCIA PARA RESGUARDO DE MODULOS VENCIMIENTO PERMISOS DE CIRCULACIÓN 2024, SEGUN LOS TERMINOS TECNICOS ADJUNTOS",1.0,,CLP,1621200.0,1621200.0,0.0
1050283-196-AG24,"ADQ. EQUIPO ALL IN ONE PARA SECRETARIA, PROGRAMA ASISTENCIAL, compra ágil: 1050283-133-COT24",2024-02-29T17:02:47.94,AG,,Aceptada,135559,I MUNICIPALIDAD DE SAN VICENTE,69.081.000-k,San Vicente de Tagua Tagua,Región del Libertador General Bernardo O´Higgins,70829,SERVICIOS COMPUTACIONALES GLOBAL SA,96.661.420-k,Viña del Mar,Región de Valparaíso ,1,41105800,Equipamiento para laboratorios / Equipos e insumos para laboratorio / Productos de transcripción y traducción in vitro,41105803,Sistemas o kits de transcripción o traducción,SEGUN ANTECEDENTES ADJUNTOS.,1.0,,CLP,621848.5,621848.5,0.0
1050283-198-AG24,"ADQ. DE IMPLEMENTOS PARA TALLER MUNICIPAL, compra ágil: 1050283-140-COT24",2024-03-04T10:23:18.303,AG,,Aceptada,135559,I MUNICIPALIDAD DE SAN VICENTE,69.081.000-k,San Vicente de Tagua Tagua,Región del Libertador General Bernardo O´Higgins,1770693,INVERSIONES IDA LIMITADA,77.313.849-4,SANTIAGO,Región del Libertador General Bernardo O´Higgins,1,42191800,Equipamiento y suministros médicos / Equipamiento para instalaciones médicas / Camas para pacientes y accesorios,42191801,Mesas de sobrecama o accesorios,"ADQ. DE IMPLEMENTOS PARA TALLER MUNICIPAL, SEGUN ANTECEDENTES  ADJUNTOS.",1.0,,CLP,1596639.0,1596639.0,0.0
1050283-199-AG24,REPARACION CAMIONETA LHVB-37 OF. DEPORTEScompra ágil: 1050283-135-COT24,2024-03-04T10:27:17.637,AG,,Aceptada,135559,I MUNICIPALIDAD DE SAN VICENTE,69.081.000-k,San Vicente de Tagua Tagua,Región del Libertador General Bernardo O´Higgins,1920892,SOCIEDAD COMERCIAL COLOR AND MAGIC SPA,77.600.388-3,San Fernando,Región del Libertador General Bernardo O´Higgins,1,40161500,"Equipamiento para el acondicionamiento, distribución y filtrado de fluidos / Filtros y purificación industrial / Filtros",40161504,Filtros de aceite,"SE SOLICITA COTIZAR POR SERVICIO DE MANTENCION Y REPARACION DE CAMIONETA NISSAN LHVB-37, SEGUN TTR ADJUNTOS",1.0,,CLP,311345.0,311345.0,0.0
1051173-227-SE23,Ampliación servicio integral de aseo,2023-08-22T14:53:17.1,SE,1051173-6-LR22,Recepción Conforme,6949,MINISTERIO SECRETARIA GENERAL DE LA PRESIDENCIA DE LA REPUBLICA,60.100.003-2,Alhué,Región Metropolitana de Santiago,1482828,Promarco SpA,76.562.293-k,Las Condes,Región Metropolitana de Santiago,1,76111500,Servicios de limpieza industrial / Servicios de limpieza / Servicios de limpieza de edificios y oficinas en general,76111501,Servicios de limpieza de edificios,Ampliación del servicio integral de aseo,1.0,,CLF,232.0,232.0,232.0
1051425-151-SE23,"OC DESDE 1051425-77-LE23, Contrato por servicio especializado de mantención, reparación y habilitación de sistemas para maquinarias marca Volvo y New Holland, pertenecientes a la Dirección de Vialidad región de Ñuble.",2023-12-15T12:20:00.753,SE,1051425-77-LE23,Recepción Conforme,7248,MINISTERIO DE OBRAS PUBLICAS DIREC CION GRAL DE OO PP DCYF,61.202.000-0,Chillán,Región del Ñuble,1615494,Miguel Angel,76.686.138-5,Calama,Región de Antofagasta ,1,78180100,"Servicios de transporte, almacenaje y correo / Servicios de mantención o reparaciones de transportes / Mantención o reparación de vehículos",78180103,Servicios de cambio de fluidos de aceite o de la transmisión,"Contrato por servicio especializado de mantención, reparación y habilitación de sistemas para maquinarias marca Volvo y New Holland, pertenecientes a la Dirección de Vialidad región de Ñuble, según bases de licitación y adjudicación. se pagara en parcialidades según Acta de recepción conforme de I.F.",1.0,,CLP,50420168.0,50420168.0,50420168.0
1051425-20-SE23,"OC DESDE 1051425-79-LP22, Contrato por servicio especializado de mantención, reparación y habilitación de sistemas de vehículos marca Volkswagen, Hino y Hyundai entre otras marcas y modelos pertenecientes a la Dirección de Vialidad región de Ñuble",2023-05-04T11:42:00.857,SE,1051425-79-LP22,Recepción Conforme,7248,MINISTERIO DE OBRAS PUBLICAS DIREC CION GRAL DE OO PP DCYF,61.202.000-0,Chillán,Región del Ñuble,1111418,Cecor S.A.,76.010.151-6,Hualpén,Región del Biobío ,1,78180100,"Servicios de transporte, almacenaje y correo / Servicios de mantención o reparaciones de transportes / Mantención o reparación de vehículos",78180103,Servicios de cambio de fluidos de aceite o de la transmisión,"Contrato por servicio especializado de mantención, reparación y habilitación de sistemas de vehículos marca Volkswagen, Hino y Hyundai entre otras marcas y modelos pertenecientes a la Dirección de Vialidad región de Ñuble, según bases de licitación. El pago según Acta de recepción Conforme de Inspector Fiscal para cada parcialidad.",75630252.0,,CLP,1.0,75630252.0,75630252.0
1051425-316-SE22,"OC DESDE 1051425-98-LP22, Servicio de transporte para funcionarios que laboran en plaza de peaje Chaimávida de la Dirección de Vialidad, ubicada en el sector Queime, comuna de Quillón, región de Ñuble",2022-12-30T11:04:00.56,SE,1051425-98-LP22,Recepción Conforme,7248,MINISTERIO DE OBRAS PUBLICAS DIREC CION GRAL DE OO PP DCYF,61.202.000-0,Chillán,Región del Ñuble,1535615,TRANSPORTES MERINO SPA,76.618.214-3,Chillán,Región del Ñuble,1,20102300,Maquinaria para minería y perforación / Maquinaria para minería / Vehículos subterráneos para minería,20102301,Transportes de personal,"Servicio de transporte para funcionarios que laboran en plaza de peaje Chaimávida de la Dirección de Vialidad, ubicada en el sector Queime, comuna de Quillón, región de Ñuble, según bases de licitación. Inicio 01/01/2023 turno de mañana 7:00, corresponde a 18 meses, 540 días.",540.0,,CLP,114000.0,61560000.0,61560000.0
1051765-118-CM24,CCP CHILLAN VIVERES PARA CENTRAL DE ALIMENTOS ,2024-02-19T16:53:10.057,CM,,Recepción Conforme,6925,DIRECCION GENERAL DE GENDARMERIA DE CHIL,62.000.570-3,Chillán,Región del Ñuble,8095,LILIAN DEL CARMEN VENEGAS BETANCOURT,10.058.624-k,,,1,0,,0,CIRUELA - GRANEL KILO APROX. XVI REGION,(1575619) CIRUELA - GRANEL KILO APROX. XVI REGION,600.0,,CLP,817.0,490200.0,490200.0
1051765-118-CM24,CCP CHILLAN VIVERES PARA CENTRAL DE ALIMENTOS ,2024-02-19T16:53:10.057,CM,,Recepción Conforme,6925,DIRECCION GENERAL DE GENDARMERIA DE CHIL,62.000.570-3,Chillán,Región del Ñuble,8095,LILIAN DEL CARMEN VENEGAS BETANCOURT,10.058.624-k,,,2,0,,0,NARANJA - THOMSON GRANDE KILO APROX. XVI REGION,(1575671) NARANJA - THOMSON GRANDE KILO APROX. XVI REGION,500.0,,CLP,1217.0,608500.0,608500.0
1051765-118-CM24,CCP CHILLAN VIVERES PARA CENTRAL DE ALIMENTOS ,2024-02-19T16:53:10.057,CM,,Recepción Conforme,6925,DIRECCION GENERAL DE GENDARMERIA DE CHIL,62.000.570-3,Chillán,Región del Ñuble,8095,LILIAN DEL CARMEN VENEGAS BETANCOURT,10.058.624-k,,,3,0,,0,CEBOLLA FRESCA - AMARILLA KILO APROX. XVI REGION,(1575811) CEBOLLA FRESCA - AMARILLA KILO APROX. XVI REGION,100.0,,CLP,830.0,83000.0,83000.0
1051765-118-CM24,CCP CHILLAN VIVERES PARA CENTRAL DE ALIMENTOS ,2024-02-19T16:53:10.057,CM,,Recepción Conforme,6925,DIRECCION GENERAL DE GENDARMERIA DE CHIL,62.000.570-3,Chillán,Región del Ñuble,8095,LILIAN DEL CARMEN VENEGAS BETANCOURT,10.058.624-k,,,4,0,,0,ZAPALLO FRESCO - CAMOTE 100 KILO APROX. XVI REGION,(1575935) ZAPALLO FRESCO - CAMOTE 100 KILO APROX. XVI REGION,200.0,,CLP,888.0,177600.0,177600.0
1051765-118-CM24,CCP CHILLAN VIVERES PARA CENTRAL DE ALIMENTOS ,2024-02-19T16:53:10.057,CM,,Recepción Conforme,6925,DIRECCION GENERAL DE GENDARMERIA DE CHIL,62.000.570-3,Chillán,Región del Ñuble,8095,LILIAN DEL CARMEN VENEGAS BETANCOURT,10.058.624-k,,,5,0,,0,ZAPALLO FRESCO - ITALIANO UNIDAD XVI REGION,(1575936) ZAPALLO FRESCO - ITALIANO UNIDAD XVI REGION,500.0,,CLP,402.0,201000.0,201000.0
1051765-122-CM24,CDP San Carlos abarrotes,2024-02-21T10:21:44.45,CM,,Recepción Conforme,6925,DIRECCION GENERAL DE GENDARMERIA DE CHIL,62.000.570-3,San Carlos,Región del Ñuble,1219364,Victor Rosales Comercializadora E.I.R.L,76.100.933-8,,,1,0,,0,ARROZ BONANZA GRADO 2/ BOLSA 1 KILO UNIDAD XVI REGION,(1573023) ARROZ BONANZA GRADO 2/ BOLSA 1 KILO UNIDAD XVI REGION,300.0,,CLP,1320.0,396000.0,396000.0
1051765-122-CM24,CDP San Carlos abarrotes,2024-02-21T10:21:44.45,CM,,Recepción Conforme,6925,DIRECCION GENERAL DE GENDARMERIA DE CHIL,62.000.570-3,San Carlos,Región del Ñuble,1219364,Victor Rosales Comercializadora E.I.R.L,76.100.933-8,,,2,0,,0,MERMELADA WATT´S MORA BOLSA 225 G UNIDAD XVI REGION,(2040150) MERMELADA WATT´S MORA BOLSA 225 G UNIDAD XVI REGION,72.0,,CLP,1045.0,75240.0,75240.0
1051765-122-CM24,CDP San Carlos abarrotes,2024-02-21T10:21:44.45,CM,,Recepción Conforme,6925,DIRECCION GENERAL DE GENDARMERIA DE CHIL,62.000.570-3,San Carlos,Región del Ñuble,1219364,Victor Rosales Comercializadora E.I.R.L,76.100.933-8,,,3,0,,0,MERMELADA WATT´S FRAMBUESA BOLSA 225 G UNIDAD XVI REGION,(2040116) MERMELADA WATT´S FRAMBUESA BOLSA 225 G UNIDAD XVI REGION,72.0,,CLP,1046.0,75312.0,75312.0
1051765-122-CM24,CDP San Carlos abarrotes,2024-02-21T10:21:44.45,CM,,Recepción Conforme,6925,DIRECCION GENERAL DE GENDARMERIA DE CHIL,62.000.570-3,San Carlos,Región del Ñuble,1219364,Victor Rosales Comercializadora E.I.R.L,76.100.933-8,,,4,0,,0,SALSA DE TOMATE SAN REMO BOLSA 200 G UNIDAD XVI REGION,(1574034) SALSA DE TOMATE SAN REMO BOLSA 200 G UNIDAD XVI REGION,240.0,,CLP,440.0,105600.0,105600.0
1051765-13-SE23,"Dirreg Ñuble, Compra Gas Granel Unidades de la Reg",2023-01-04T17:01:26.987,SE,,Recepción Conforme,6925,DIRECCION GENERAL DE GENDARMERIA DE CHIL,62.000.570-3,Chillán,Región del Ñuble,28097,EMPRESAS LIPIGAS S A,96.928.510-k,Las Condes,Región Metropolitana de Santiago,1,15111500,"Combustibles, lubricantes y anticorrosivos / Combustibles gaseosos y aditivos / Combustibles gaseosos",15111510,Gas de petróleo licuefactado,"GAS A GRANEL PARA LAS UNIDADES PENALES: CCP CHILLÁN, CDP YUNGAY, CDP SAN CARLOS Y CET SAN CARLOS DE LA REGIÓN DE ÑUBLE.",1.0,,CLP,27731092.0,27731092.0,27731092.0
1051765-131-SE24,"C.A.I.S Chillán, serv.de courier y retiro de valija",2024-02-23T12:52:01.173,SE,,Recepción Conforme,6925,DIRECCION GENERAL DE GENDARMERIA DE CHIL,62.000.570-3,Chillán,Región del Ñuble,16120,EMPRESA DE CORREOS DE CHILE,60.503.000-9,Santiago,Región Metropolitana de Santiago,1,78102200,"Servicios de transporte, almacenaje y correo / Transporte de correo y carga / Servicios postales de pequeños paquetes y mensajería",78102202,Franqueos,"Servicio de Courier año 2024, desde febrero a diciembre",1.0,,CLP,1500000.0,1500000.0,1500000.0
1051765-139-SE24,"CET San Carlos, pan Central Alimentos",2024-02-29T15:00:18.267,SE,1051765-10-LE23,Recepción Conforme,6925,DIRECCION GENERAL DE GENDARMERIA DE CHIL,62.000.570-3,Chillán,Región del Ñuble,1195776,COMERCIAL Y AGRICOLA MELLA LTDA,76.718.730-0,San Carlos,Región del Ñuble,1,50181900,"Alimentos, bebidas y tabaco / Productos de panadería / Pan, galletas y pastelitos dulces",50181901,Pan fresco,pan corriente,208.0,,CLP,2000.0,416000.0,416000.0
1051765-74-CM24,Adquisición de frutas y verduras mes de febrero para el CDP de Yungay,2024-01-31T16:29:25.623,CM,,Recepción Conforme,6925,DIRECCION GENERAL DE GENDARMERIA DE CHIL,62.000.570-3,Yungay,Región del Ñuble,1551235,felipe alejandro,76.529.001-5,,,1,0,,0,HUEVO PRIMERA 54-61 GR  - COLOR 180 UNIDADES  XVI REGION,(1573523) HUEVO PRIMERA 54-61 GR  - COLOR 180 UNIDADES  XVI REGION,8.0,,CLP,46088.0,368704.0,368704.0
1051765-74-CM24,Adquisición de frutas y verduras mes de febrero para el CDP de Yungay,2024-01-31T16:29:25.623,CM,,Recepción Conforme,6925,DIRECCION GENERAL DE GENDARMERIA DE CHIL,62.000.570-3,Yungay,Región del Ñuble,1551235,felipe alejandro,76.529.001-5,,,2,0,,0,NARANJA - THOMSON PEQUEÑA KILO APROX. XVI REGION,(1575669) NARANJA - THOMSON PEQUEÑA KILO APROX. XVI REGION,180.0,,CLP,1505.0,270900.0,270900.0
1051765-74-CM24,Adquisición de frutas y verduras mes de febrero para el CDP de Yungay,2024-01-31T16:29:25.623,CM,,Recepción Conforme,6925,DIRECCION GENERAL DE GENDARMERIA DE CHIL,62.000.570-3,Yungay,Región del Ñuble,1551235,felipe alejandro,76.529.001-5,,,3,0,,0,CILANTRO FRESCO - PAQUETE APROX. 500 GR UNIDAD XVI REGION,(1575823) CILANTRO FRESCO - PAQUETE APROX. 500 GR UNIDAD XVI REGION,24.0,,CLP,987.0,23688.0,23688.0
1051765-74-CM24,Adquisición de frutas y verduras mes de febrero para el CDP de Yungay,2024-01-31T16:29:25.623,CM,,Recepción Conforme,6925,DIRECCION GENERAL DE GENDARMERIA DE CHIL,62.000.570-3,Yungay,Región del Ñuble,1551235,felipe alejandro,76.529.001-5,,,4,0,,0,LECHUGA FRESCA - ESCAROLA UNIDAD XVI REGION,(1575829) LECHUGA FRESCA - ESCAROLA UNIDAD XVI REGION,120.0,,CLP,1114.0,133680.0,133680.0
1051765-74-CM24,Adquisición de frutas y verduras mes de febrero para el CDP de Yungay,2024-01-31T16:29:25.623,CM,,Recepción Conforme,6925,DIRECCION GENERAL DE GENDARMERIA DE CHIL,62.000.570-3,Yungay,Región del Ñuble,1551235,felipe alejandro,76.529.001-5,,,5,0,,0,REPOLLO FRESCO - BLANCO UNIDAD XVI REGION,(1575922) REPOLLO FRESCO - BLANCO UNIDAD XVI REGION,24.0,,CLP,1525.0,36600.0,36600.0
1051765-74-CM24,Adquisición de frutas y verduras mes de febrero para el CDP de Yungay,2024-01-31T16:29:25.623,CM,,Recepción Conforme,6925,DIRECCION GENERAL DE GENDARMERIA DE CHIL,62.000.570-3,Yungay,Región del Ñuble,1551235,felipe alejandro,76.529.001-5,,,6,0,,0,PEPINO FRESCO - ALASKA UNIDAD XVI REGION,(1575910) PEPINO FRESCO - ALASKA UNIDAD XVI REGION,180.0,,CLP,421.0,75780.0,75780.0
1051765-74-CM24,Adquisición de frutas y verduras mes de febrero para el CDP de Yungay,2024-01-31T16:29:25.623,CM,,Recepción Conforme,6925,DIRECCION GENERAL DE GENDARMERIA DE CHIL,62.000.570-3,Yungay,Región del Ñuble,1551235,felipe alejandro,76.529.001-5,,,7,0,,0,CEBOLLA FRESCA - AMARILLA KILO APROX. XVI REGION,(1575811) CEBOLLA FRESCA - AMARILLA KILO APROX. XVI REGION,200.0,,CLP,833.0,166600.0,166600.0
1051765-74-CM24,Adquisición de frutas y verduras mes de febrero para el CDP de Yungay,2024-01-31T16:29:25.623,CM,,Recepción Conforme,6925,DIRECCION GENERAL DE GENDARMERIA DE CHIL,62.000.570-3,Yungay,Región del Ñuble,1551235,felipe alejandro,76.529.001-5,,,8,0,,0,PAPA FRESCA - KARU TERCERA KILO APROX. XVI REGION,(1575904) PAPA FRESCA - KARU TERCERA KILO APROX. XVI REGION,1400.0,,CLP,840.0,1176000.0,1176000.0
1051765-74-CM24,Adquisición de frutas y verduras mes de febrero para el CDP de Yungay,2024-01-31T16:29:25.623,CM,,Recepción Conforme,6925,DIRECCION GENERAL DE GENDARMERIA DE CHIL,62.000.570-3,Yungay,Región del Ñuble,1551235,felipe alejandro,76.529.001-5,,,9,0,,0,ALIÑO COMPLETO - BOLSA 500 G UNIDAD XVI REGION,(1573895) ALIÑO COMPLETO - BOLSA 500 G UNIDAD XVI REGION,8.0,,CLP,3115.0,24920.0,24920.0
1051765-74-CM24,Adquisición de frutas y verduras mes de febrero para el CDP de Yungay,2024-01-31T16:29:25.623,CM,,Recepción Conforme,6925,DIRECCION GENERAL DE GENDARMERIA DE CHIL,62.000.570-3,Yungay,Región del Ñuble,1551235,felipe alejandro,76.529.001-5,,,10,0,,0,ZAPALLO FRESCO - ITALIANO 100 UNIDADES XVI REGION,(1575937) ZAPALLO FRESCO - ITALIANO 100 UNIDADES XVI REGION,160.0,,CLP,449.0,71840.0,71840.0
1051765-74-CM24,Adquisición de frutas y verduras mes de febrero para el CDP de Yungay,2024-01-31T16:29:25.623,CM,,Recepción Conforme,6925,DIRECCION GENERAL DE GENDARMERIA DE CHIL,62.000.570-3,Yungay,Región del Ñuble,1551235,felipe alejandro,76.529.001-5,,,11,0,,0,PALTA FRESCA - HASS CALIBRE 24 KILO APROX. XVI REGION,(1575848) PALTA FRESCA - HASS CALIBRE 24 KILO APROX. XVI REGION,40.0,,CLP,4983.0,199320.0,199320.0
1051765-74-CM24,Adquisición de frutas y verduras mes de febrero para el CDP de Yungay,2024-01-31T16:29:25.623,CM,,Recepción Conforme,6925,DIRECCION GENERAL DE GENDARMERIA DE CHIL,62.000.570-3,Yungay,Región del Ñuble,1551235,felipe alejandro,76.529.001-5,,,12,0,,0,PIMENTON FRESCO - VERDE 100 UNIDADES XVI REGION,(1575915) PIMENTON FRESCO - VERDE 100 UNIDADES XVI REGION,160.0,,CLP,483.0,77280.0,77280.0
1051765-74-CM24,Adquisición de frutas y verduras mes de febrero para el CDP de Yungay,2024-01-31T16:29:25.623,CM,,Recepción Conforme,6925,DIRECCION GENERAL DE GENDARMERIA DE CHIL,62.000.570-3,Yungay,Región del Ñuble,1551235,felipe alejandro,76.529.001-5,,,13,0,,0,ZANAHORIA FRESCA - GRANEL KILO APROX. XVI REGION,(1575933) ZANAHORIA FRESCA - GRANEL KILO APROX. XVI REGION,80.0,,CLP,801.0,64080.0,64080.0
1051765-74-CM24,Adquisición de frutas y verduras mes de febrero para el CDP de Yungay,2024-01-31T16:29:25.623,CM,,Recepción Conforme,6925,DIRECCION GENERAL DE GENDARMERIA DE CHIL,62.000.570-3,Yungay,Región del Ñuble,1551235,felipe alejandro,76.529.001-5,,,14,0,,0,BROCOLI FRESCO - ENTERO APROX. 1 K UNIDAD XVI REGION,(1575810) BROCOLI FRESCO - ENTERO APROX. 1 K UNIDAD XVI REGION,100.0,,CLP,1268.0,126800.0,126800.0
1051765-74-CM24,Adquisición de frutas y verduras mes de febrero para el CDP de Yungay,2024-01-31T16:29:25.623,CM,,Recepción Conforme,6925,DIRECCION GENERAL DE GENDARMERIA DE CHIL,62.000.570-3,Yungay,Región del Ñuble,1551235,felipe alejandro,76.529.001-5,,,15,0,,0,OREGANO - MOLIDO BOLSA 500 G UNIDAD XVI REGION,(1573991) OREGANO - MOLIDO BOLSA 500 G UNIDAD XVI REGION,2.0,,CLP,4333.0,8666.0,8666.0
1051765-74-CM24,Adquisición de frutas y verduras mes de febrero para el CDP de Yungay,2024-01-31T16:29:25.623,CM,,Recepción Conforme,6925,DIRECCION GENERAL DE GENDARMERIA DE CHIL,62.000.570-3,Yungay,Región del Ñuble,1551235,felipe alejandro,76.529.001-5,,,16,0,,0,AJO FRESCO - ROSADO UNIDAD XVI REGION,(1575803) AJO FRESCO - ROSADO UNIDAD XVI REGION,200.0,,CLP,227.0,45400.0,45400.0
1051765-74-CM24,Adquisición de frutas y verduras mes de febrero para el CDP de Yungay,2024-01-31T16:29:25.623,CM,,Recepción Conforme,6925,DIRECCION GENERAL DE GENDARMERIA DE CHIL,62.000.570-3,Yungay,Región del Ñuble,1551235,felipe alejandro,76.529.001-5,,,17,0,,0,ZAPALLO FRESCO - CAMOTE PRIMERA DE GUARDA XVI REGION,(1807560) ZAPALLO FRESCO - CAMOTE PRIMERA DE GUARDA XVI REGION,100.0,,CLP,2350.0,235000.0,235000.0
1051765-74-CM24,Adquisición de frutas y verduras mes de febrero para el CDP de Yungay,2024-01-31T16:29:25.623,CM,,Recepción Conforme,6925,DIRECCION GENERAL DE GENDARMERIA DE CHIL,62.000.570-3,Yungay,Región del Ñuble,1551235,felipe alejandro,76.529.001-5,,,18,0,,0,DURAZNO - PELADO GRANDE KILO APROX. XVI REGION,(1575609) DURAZNO - PELADO GRANDE KILO APROX. XVI REGION,200.0,,CLP,1492.0,298400.0,298400.0
1051765-74-CM24,Adquisición de frutas y verduras mes de febrero para el CDP de Yungay,2024-01-31T16:29:25.623,CM,,Recepción Conforme,6925,DIRECCION GENERAL DE GENDARMERIA DE CHIL,62.000.570-3,Yungay,Región del Ñuble,1551235,felipe alejandro,76.529.001-5,,,19,0,,0,PLATANO - AMARILLO KILO APROX. XVI REGION,(1575687) PLATANO - AMARILLO KILO APROX. XVI REGION,220.0,,CLP,2099.0,461780.0,461780.0
1051765-74-CM24,Adquisición de frutas y verduras mes de febrero para el CDP de Yungay,2024-01-31T16:29:25.623,CM,,Recepción Conforme,6925,DIRECCION GENERAL DE GENDARMERIA DE CHIL,62.000.570-3,Yungay,Región del Ñuble,1551235,felipe alejandro,76.529.001-5,,,20,0,,0,AJI DE COLOR - BOLSA 500 G UNIDAD XVI REGION,(1573877) AJI DE COLOR - BOLSA 500 G UNIDAD XVI REGION,4.0,,CLP,4322.0,17288.0,17288.0
1051765-86-CM24,ADQUISICIÓN DE FRUTAS Y VERDURAS. CENTRAL ALIMENTOS CCP CHILLÁN Orden de Compra: 1051765-86-CM24,2024-02-05T12:01:35.67,CM,,Recepción Conforme,6925,DIRECCION GENERAL DE GENDARMERIA DE CHIL,62.000.570-3,Chillán,Región del Ñuble,8095,LILIAN DEL CARMEN VENEGAS BETANCOURT,10.058.624-k,,,1,0,,0,CIRUELA - GRANEL KILO APROX. XVI REGION,(1575619) CIRUELA - GRANEL KILO APROX. XVI REGION,900.0,,CLP,817.0,735300.0,735300.0
1051765-86-CM24,ADQUISICIÓN DE FRUTAS Y VERDURAS. CENTRAL ALIMENTOS CCP CHILLÁN Orden de Compra: 1051765-86-CM24,2024-02-05T12:01:35.67,CM,,Recepción Conforme,6925,DIRECCION GENERAL DE GENDARMERIA DE CHIL,62.000.570-3,Chillán,Región del Ñuble,8095,LILIAN DEL CARMEN VENEGAS BETANCOURT,10.058.624-k,,,2,0,,0,REPOLLO FRESCO - BLANCO UNIDAD XVI REGION,(1575922) REPOLLO FRESCO - BLANCO UNIDAD XVI REGION,120.0,,CLP,1416.0,169920.0,169920.0
1051765-86-CM24,ADQUISICIÓN DE FRUTAS Y VERDURAS. CENTRAL ALIMENTOS CCP CHILLÁN Orden de Compra: 1051765-86-CM24,2024-02-05T12:01:35.67,CM,,Recepción Conforme,6925,DIRECCION GENERAL DE GENDARMERIA DE CHIL,62.000.570-3,Chillán,Región del Ñuble,8095,LILIAN DEL CARMEN VENEGAS BETANCOURT,10.058.624-k,,,3,0,,0,DURAZNO - PELUDO GRANDE KILO APROX. XVI REGION,(1575612) DURAZNO - PELUDO GRANDE KILO APROX. XVI REGION,450.0,,CLP,1791.0,805950.0,805950.0
1051765-86-CM24,ADQUISICIÓN DE FRUTAS Y VERDURAS. CENTRAL ALIMENTOS CCP CHILLÁN Orden de Compra: 1051765-86-CM24,2024-02-05T12:01:35.67,CM,,Recepción Conforme,6925,DIRECCION GENERAL DE GENDARMERIA DE CHIL,62.000.570-3,Chillán,Región del Ñuble,8095,LILIAN DEL CARMEN VENEGAS BETANCOURT,10.058.624-k,,,4,0,,0,NARANJA - NAVEL GRANDE KILO APROX. XVI REGION,(1575665) NARANJA - NAVEL GRANDE KILO APROX. XVI REGION,300.0,,CLP,1217.0,365100.0,365100.0
1051765-86-CM24,ADQUISICIÓN DE FRUTAS Y VERDURAS. CENTRAL ALIMENTOS CCP CHILLÁN Orden de Compra: 1051765-86-CM24,2024-02-05T12:01:35.67,CM,,Recepción Conforme,6925,DIRECCION GENERAL DE GENDARMERIA DE CHIL,62.000.570-3,Chillán,Región del Ñuble,8095,LILIAN DEL CARMEN VENEGAS BETANCOURT,10.058.624-k,,,5,0,,0,AJO FRESCO - ROSADO UNIDAD XVI REGION,(1575803) AJO FRESCO - ROSADO UNIDAD XVI REGION,500.0,,CLP,211.0,105500.0,105500.0
1051765-86-CM24,ADQUISICIÓN DE FRUTAS Y VERDURAS. CENTRAL ALIMENTOS CCP CHILLÁN Orden de Compra: 1051765-86-CM24,2024-02-05T12:01:35.67,CM,,Recepción Conforme,6925,DIRECCION GENERAL DE GENDARMERIA DE CHIL,62.000.570-3,Chillán,Región del Ñuble,8095,LILIAN DEL CARMEN VENEGAS BETANCOURT,10.058.624-k,,,6,0,,0,LIMON FRESCO - AMARILLO KILO APROX. XVI REGION,(1575839) LIMON FRESCO - AMARILLO KILO APROX. XVI REGION,200.0,,CLP,1058.0,211600.0,211600.0
1051765-86-CM24,ADQUISICIÓN DE FRUTAS Y VERDURAS. CENTRAL ALIMENTOS CCP CHILLÁN Orden de Compra: 1051765-86-CM24,2024-02-05T12:01:35.67,CM,,Recepción Conforme,6925,DIRECCION GENERAL DE GENDARMERIA DE CHIL,62.000.570-3,Chillán,Región del Ñuble,8095,LILIAN DEL CARMEN VENEGAS BETANCOURT,10.058.624-k,,,7,0,,0,ZANAHORIA FRESCA - GRANEL KILO APROX. XVI REGION,(1575933) ZANAHORIA FRESCA - GRANEL KILO APROX. XVI REGION,550.0,,CLP,708.0,389400.0,389400.0
1051765-86-CM24,ADQUISICIÓN DE FRUTAS Y VERDURAS. CENTRAL ALIMENTOS CCP CHILLÁN Orden de Compra: 1051765-86-CM24,2024-02-05T12:01:35.67,CM,,Recepción Conforme,6925,DIRECCION GENERAL DE GENDARMERIA DE CHIL,62.000.570-3,Chillán,Región del Ñuble,8095,LILIAN DEL CARMEN VENEGAS BETANCOURT,10.058.624-k,,,8,0,,0,ZAPALLO FRESCO - CAMOTE 100 KILO APROX. XVI REGION,(1575935) ZAPALLO FRESCO - CAMOTE 100 KILO APROX. XVI REGION,600.0,,CLP,888.0,532800.0,532800.0
1051765-86-CM24,ADQUISICIÓN DE FRUTAS Y VERDURAS. CENTRAL ALIMENTOS CCP CHILLÁN Orden de Compra: 1051765-86-CM24,2024-02-05T12:01:35.67,CM,,Recepción Conforme,6925,DIRECCION GENERAL DE GENDARMERIA DE CHIL,62.000.570-3,Chillán,Región del Ñuble,8095,LILIAN DEL CARMEN VENEGAS BETANCOURT,10.058.624-k,,,9,0,,0,ZAPALLO FRESCO - ITALIANO UNIDAD XVI REGION,(1575936) ZAPALLO FRESCO - ITALIANO UNIDAD XVI REGION,600.0,,CLP,443.0,265800.0,265800.0
1051765-86-CM24,ADQUISICIÓN DE FRUTAS Y VERDURAS. CENTRAL ALIMENTOS CCP CHILLÁN Orden de Compra: 1051765-86-CM24,2024-02-05T12:01:35.67,CM,,Recepción Conforme,6925,DIRECCION GENERAL DE GENDARMERIA DE CHIL,62.000.570-3,Chillán,Región del Ñuble,8095,LILIAN DEL CARMEN VENEGAS BETANCOURT,10.058.624-k,,,10,0,,0,PAPA FRESCA - KARU PRIMERA KILO APROX. XVI REGION,(1575902) PAPA FRESCA - KARU PRIMERA KILO APROX. XVI REGION,5000.0,,CLP,764.0,3820000.0,3820000.0
1051765-91-CM24,ADQUISICIÓN DE VÍVERES Y ABARROTES. CENTRAL ALIMENTOS CCP CHILLÁN Orden de Compra: 1051765-91-CM24,2024-02-05T15:23:04.27,CM,,Recepción Conforme,6925,DIRECCION GENERAL DE GENDARMERIA DE CHIL,62.000.570-3,Chillán,Región del Ñuble,24647,ARIZTIA COMERCIAL LIMITADA,83.614.800-2,,,1,0,,0,VACUNO MOLIDO CONGELADO - MG 7% BOLSA 1K UNIDAD NACIONAL XVI REGION,(1572004) VACUNO MOLIDO CONGELADO - MG 7% BOLSA 1K UNIDAD NACIONAL XVI REGION,1000.0,,CLP,5278.0,5278000.0,5278000.0
1051765-91-CM24,ADQUISICIÓN DE VÍVERES Y ABARROTES. CENTRAL ALIMENTOS CCP CHILLÁN Orden de Compra: 1051765-91-CM24,2024-02-05T15:23:04.27,CM,,Recepción Conforme,6925,DIRECCION GENERAL DE GENDARMERIA DE CHIL,62.000.570-3,Chillán,Región del Ñuble,24647,ARIZTIA COMERCIAL LIMITADA,83.614.800-2,,,2,0,,0,CORTE PUNTA PALETA - MARINADO BOLSA 1K UNIDAD IMPORTADO XVI REGION,(1571927) CORTE PUNTA PALETA - MARINADO BOLSA 1K UNIDAD IMPORTADO XVI REGION,200.0,,CLP,6188.0,1237600.0,1237600.0
1051765-91-CM24,ADQUISICIÓN DE VÍVERES Y ABARROTES. CENTRAL ALIMENTOS CCP CHILLÁN Orden de Compra: 1051765-91-CM24,2024-02-05T15:23:04.27,CM,,Recepción Conforme,6925,DIRECCION GENERAL DE GENDARMERIA DE CHIL,62.000.570-3,Chillán,Región del Ñuble,24647,ARIZTIA COMERCIAL LIMITADA,83.614.800-2,,,3,0,,0,FILETE DE POLLO CONGELADO - MARINADO BOLSA 1K UNIDAD IMPORTADO XVI REGION,(1572187) FILETE DE POLLO CONGELADO - MARINADO BOLSA 1K UNIDAD IMPORTADO XVI REGION,1000.0,,CLP,4165.0,4165000.0,4165000.0
1051765-91-CM24,ADQUISICIÓN DE VÍVERES Y ABARROTES. CENTRAL ALIMENTOS CCP CHILLÁN Orden de Compra: 1051765-91-CM24,2024-02-05T15:23:04.27,CM,,Recepción Conforme,6925,DIRECCION GENERAL DE GENDARMERIA DE CHIL,62.000.570-3,Chillán,Región del Ñuble,24647,ARIZTIA COMERCIAL LIMITADA,83.614.800-2,,,4,0,,0,TRUTRO CORTO POLLO CONGELADO ARIZTIA MARINADO CAJA 11K APROX. UNIDAD XVI REGION,(1572213) TRUTRO CORTO POLLO CONGELADO ARIZTIA MARINADO CAJA 11K APROX. UNIDAD XVI REGION,100.0,,CLP,3992.0,399200.0,399200.0
1051765-91-CM24,ADQUISICIÓN DE VÍVERES Y ABARROTES. CENTRAL ALIMENTOS CCP CHILLÁN Orden de Compra: 1051765-91-CM24,2024-02-05T15:23:04.27,CM,,Recepción Conforme,6925,DIRECCION GENERAL DE GENDARMERIA DE CHIL,62.000.570-3,Chillán,Región del Ñuble,24647,ARIZTIA COMERCIAL LIMITADA,83.614.800-2,,,5,0,,0,"TRUTRO ENTERO POLLO CONGELADO ARIZTIA MARINADO CAJA 11,5K APROX. UNIDAD XVI REGION","(1572223) TRUTRO ENTERO POLLO CONGELADO ARIZTIA MARINADO CAJA 11,5K APROX. UNIDAD XVI REGION",50.0,,CLP,3891.0,194550.0,194550.0
1051765-91-CM24,ADQUISICIÓN DE VÍVERES Y ABARROTES. CENTRAL ALIMENTOS CCP CHILLÁN Orden de Compra: 1051765-91-CM24,2024-02-05T15:23:04.27,CM,,Recepción Conforme,6925,DIRECCION GENERAL DE GENDARMERIA DE CHIL,62.000.570-3,Chillán,Región del Ñuble,24647,ARIZTIA COMERCIAL LIMITADA,83.614.800-2,,,6,0,,0,PULPA CERDO CONGELADA - SIN MARINAR CAJA 20 K IMPORTADO XVI REGION,(1590584) PULPA CERDO CONGELADA - SIN MARINAR CAJA 20 K IMPORTADO XVI REGION,13.0,,CLP,82446.0,1071798.0,1071798.0
1052231-33-AG24,Materiales y Útiles de Aseo Repol Ñuble,2024-02-08T09:34:54.173,AG,,Recepción Conforme,111880,POLICIA DE INVESTIGACIONES DE CHILE,60.506.000-5,Chillán,Región del Ñuble,27467,DIMERC S A,96.670.840-9,Antofagasta,Región de Antofagasta ,1,47131800,Equipos y suministros de limpieza / Suministros de limpieza / Soluciones de limpieza y desinfección,47131803,Desinfectantes domésticos,"Materiales y útiles de aseo, conforme a planilla adjunta. Incorporar imágenes de los productos y cotización.",1.0,,CLP,584304.0,584304.0,0.0
1057049-1343-SE24,GSP INT 1541/2023 1057049-282-LE23 PAC REACTIVOS DE MICROBIOLOGIA	,2024-02-05T15:52:42.923,SE,1057049-282-LE23,Recepción Conforme,7326,SERV SALUD METROPOLITANO CENTRAL HOSPITAL CLINICO SAN BORJA ARRIARAN,61.608.604-9,Santiago,Región Metropolitana de Santiago,42827,FARMALATINA LTDA,79.728.570-6,Lampa,Región Metropolitana de Santiago,1,42141500,Equipamiento y suministros médicos / Suministros y productos clínicos / Torundas de algodón y aplicadoras de algodón,42141502,Palitos con casquillo de fibra,"244-8097 TORULAS ESTERILES INDIVIDUALES. ENVASE INDIVIDUAL. MANGO DE MADERA O PLÁSTICO, CON PUNTA DE RAYÓN",200.0,,CLP,132.0,26400.0,26400.0
1057049-1343-SE24,GSP INT 1541/2023 1057049-282-LE23 PAC REACTIVOS DE MICROBIOLOGIA	,2024-02-05T15:52:42.923,SE,1057049-282-LE23,Recepción Conforme,7326,SERV SALUD METROPOLITANO CENTRAL HOSPITAL CLINICO SAN BORJA ARRIARAN,61.608.604-9,Santiago,Región Metropolitana de Santiago,42827,FARMALATINA LTDA,79.728.570-6,Lampa,Región Metropolitana de Santiago,2,41116100,"Equipamiento para laboratorios / Instrumentos de medida y experimentación / Kits para ensayos manuales, controles de calidad, calibradores y normativas",41116130,"Reactivos, soluciones o tinturas microbiológicos o","244-5008 TORULAS DRY (FLUJO VAGINAL). Tórula o hisopo plástico simple, estéril, con tubo de polipropileno de medio de transporte con de fondo redondo. Certificación vigente FDA y/o CE.",100.0,,CLP,237.0,23700.0,23700.0
1057049-1372-AG24, TPG Adquisición camarote FUS N°44 1057049-83-COT24,2024-02-07T12:46:40.903,AG,,Recepción Conforme,7326,SERV SALUD METROPOLITANO CENTRAL HOSPITAL CLINICO SAN BORJA ARRIARAN,61.608.604-9,Santiago,Región Metropolitana de Santiago,1870039,SOCIEDAD PRESTADORA DE SERVICIOS  JAYSO SPA,77.069.479-5,Cerrillos,Región Metropolitana de Santiago,1,56101500,Muebles y mobiliario / Muebles de alojamiento / Muebles,56101508,Colchones o sets de cama,65-1129	CAMAROTE C/ESCALERA Y BARANDA,5.0,,CLP,145000.0,725000.0,0.0
1057049-1382-CM24,SMG. PAC CM PROGRAMA INSUMOS FEBRERO,2024-02-07T16:37:59.11,CM,,Recepción Conforme,7326,SERV SALUD METROPOLITANO CENTRAL HOSPITAL CLINICO SAN BORJA ARRIARAN,61.608.604-9,Santiago Centro,Región Metropolitana de Santiago,227926,NEMO CHILE S.A.,76.215.260-6,,,1,0,,0,"ALARGADOR NEMO VENOSO 150 CM NEONATAL MINIVOLUMEN 1,4 CC 80 UNIDADES CENTRO","(1851217) ALARGADOR NEMO VENOSO 150 CM NEONATAL MINIVOLUMEN 1,4 CC 80 UNIDADES CENTRO",25.0,,CLP,36941.0,923525.0,923525.0
1057049-1382-CM24,SMG. PAC CM PROGRAMA INSUMOS FEBRERO,2024-02-07T16:37:59.11,CM,,Recepción Conforme,7326,SERV SALUD METROPOLITANO CENTRAL HOSPITAL CLINICO SAN BORJA ARRIARAN,61.608.604-9,Santiago Centro,Región Metropolitana de Santiago,227926,NEMO CHILE S.A.,76.215.260-6,,,2,0,,0,ALARGADOR NEMO VENOSO 70MM CON REGULADOR DE FLUJO/GOTEO CAJA 45 UNIDADES CENTRO,(1851225) ALARGADOR NEMO VENOSO 70MM CON REGULADOR DE FLUJO/GOTEO CAJA 45 UNIDADES CENTRO,6.0,,CLP,30233.0,181398.0,181398.0
1057049-1382-CM24,SMG. PAC CM PROGRAMA INSUMOS FEBRERO,2024-02-07T16:37:59.11,CM,,Recepción Conforme,7326,SERV SALUD METROPOLITANO CENTRAL HOSPITAL CLINICO SAN BORJA ARRIARAN,61.608.604-9,Santiago Centro,Región Metropolitana de Santiago,227926,NEMO CHILE S.A.,76.215.260-6,,,3,0,,0,ALARGADOR NEMO VENOSO S/VÁLVULA ANTIREFLUJO 10CM C/ LLAVE 3 PASOS 50 UNIDADES CENTRO,(1851253) ALARGADOR NEMO VENOSO S/VÁLVULA ANTIREFLUJO 10CM C/ LLAVE 3 PASOS 50 UNIDADES CENTRO,2.0,,CLP,14040.0,28080.0,28080.0
1057049-1382-CM24,SMG. PAC CM PROGRAMA INSUMOS FEBRERO,2024-02-07T16:37:59.11,CM,,Recepción Conforme,7326,SERV SALUD METROPOLITANO CENTRAL HOSPITAL CLINICO SAN BORJA ARRIARAN,61.608.604-9,Santiago Centro,Región Metropolitana de Santiago,227926,NEMO CHILE S.A.,76.215.260-6,,,4,0,,0,VENDA URGO K2 SISTEMA COMPRESIVO DE 2 VENDAS CON INDICADORES DE PRESIÓN 18-25 CM UNIDAD CENTRO,(1885912) VENDA URGO K2 SISTEMA COMPRESIVO DE 2 VENDAS CON INDICADORES DE PRESIÓN 18-25 CM UNIDAD CENTRO,45.0,,CLP,19240.0,865800.0,865800.0
1057049-1382-CM24,SMG. PAC CM PROGRAMA INSUMOS FEBRERO,2024-02-07T16:37:59.11,CM,,Recepción Conforme,7326,SERV SALUD METROPOLITANO CENTRAL HOSPITAL CLINICO SAN BORJA ARRIARAN,61.608.604-9,Santiago Centro,Región Metropolitana de Santiago,227926,NEMO CHILE S.A.,76.215.260-6,,,5,0,,0,ALARGADOR NEMO CHILE 30 CM CON LLAVE DE TRES PASOS 50 UNIDADES CENTRO,(1930457) ALARGADOR NEMO CHILE 30 CM CON LLAVE DE TRES PASOS 50 UNIDADES CENTRO,4.0,,CLP,19188.0,76752.0,76752.0
1057049-1382-CM24,SMG. PAC CM PROGRAMA INSUMOS FEBRERO,2024-02-07T16:37:59.11,CM,,Recepción Conforme,7326,SERV SALUD METROPOLITANO CENTRAL HOSPITAL CLINICO SAN BORJA ARRIARAN,61.608.604-9,Santiago Centro,Región Metropolitana de Santiago,227926,NEMO CHILE S.A.,76.215.260-6,,,6,0,,0,ALARGADOR NEMO 150 CM CONEXI?N LUER LOCK MACHO-HEMBRA 40 UNIDADES  CENTRO,(1941667) ALARGADOR NEMO 150 CM CONEXI?N LUER LOCK MACHO-HEMBRA 40 UNIDADES  CENTRO,17.0,,CLP,28440.0,483480.0,483480.0
1057049-1635-SE24,SMG. PAC. ID.1057049-41-LE23 INT. 304/2023 PROGRAMA INSUMOS FEBRERO,2024-02-09T10:12:53.947,SE,1057049-41-LE23,Recepción Conforme,7326,SERV SALUD METROPOLITANO CENTRAL HOSPITAL CLINICO SAN BORJA ARRIARAN,61.608.604-9,Santiago,Región Metropolitana de Santiago,1289036,COMERCIAL INTERMEDICA LIMITADA,76.205.137-0,Concepción,Región del Biobío ,1,42272200,"Equipamiento y suministros médicos / Productos de resucitación, anestesia y respiratorios / Ventiladores y accesorios de presión mecánica positiva",42272220,Accesorios del ventilador,877-0115	ARNES REUTILIZABLE P/ BIPAP HARMONY,5.0,,CLP,27000.0,135000.0,135000.0
1057049-1831-SE24,TPG-INT 1712/23 RES EXT 3350/23APRUEBA TD FUS N°1879 SERVICIO DE LAVANDERIA  ESTADO DE PAGO N°9 DEL 13/02/2024 ,2024-02-19T09:35:02.687,SE,,Recepción Conforme,7326,SERV SALUD METROPOLITANO CENTRAL HOSPITAL CLINICO SAN BORJA ARRIARAN,61.608.604-9,Santiago,Región Metropolitana de Santiago,67487,ALBIA S.A.,96.656.430-k,Santiago,Región Metropolitana de Santiago,1,91111500,Servicios de cuidado personal y domésticos / Servicio doméstico y de cuidados / Servicios de lavado,91111502,Servicios de lavandería,"700-8500 Servicio de Lavado y Planchado Ropa Hospitalaria,
ESTADO DE PAGO N° 9 de fecha 13/02/2024
periodo 01-10-2023 al 31-10-2023",1.0,,CLP,60990000.0,60990000.0,60990000.0
1057049-1833-SE24,NCN-PAC - FEBRERO 2024 -B. GENERAL ORDEN DE COMPRA DESDE 1057049-215-LE23	,2024-02-19T10:17:14.33,SE,1057049-215-LE23,Recepción Conforme,7326,SERV SALUD METROPOLITANO CENTRAL HOSPITAL CLINICO SAN BORJA ARRIARAN,61.608.604-9,Santiago,Región Metropolitana de Santiago,1320509,Latin Parts Chile SPA,76.203.708-4,Ñuñoa,Región Metropolitana de Santiago,1,44103100,"Equipos, accesorios y suministros de oficina / Maquinarias, suministros y accesorios de oficina / Suministros para impresora, fax y fotocopiadora",44103103,Tóner,"668-4020	TONER HP CE285 (85A) P1102W
",120.0,,CLP,29354.0,3522480.0,3522480.0
1057049-1834-SE24,TPG-INT 1712/23 RES EXT 3350/23APRUEBA TD FUS N°1879 SERVICIO DE LAVANDERIA  ESTADO DE PAGO N°8 DEL 13/02/2024 ,2024-02-19T10:19:45.44,SE,,Recepción Conforme,7326,SERV SALUD METROPOLITANO CENTRAL HOSPITAL CLINICO SAN BORJA ARRIARAN,61.608.604-9,Santiago,Región Metropolitana de Santiago,67487,ALBIA S.A.,96.656.430-k,Santiago,Región Metropolitana de Santiago,1,91111500,Servicios de cuidado personal y domésticos / Servicio doméstico y de cuidados / Servicios de lavado,91111502,Servicios de lavandería,"700-8500 Servicio de Lavado y Planchado Ropa Hospitalaria,
ESTADO DE PAGO N° 8 de fecha 13/02/2024
periodo 01-09-2023 al 30-09-2023",1.0,,CLP,57761900.0,57761900.0,57761900.0
1057049-1864-SE24,VDH - desde 1057049-403-LQ22 - Res. Ex. N°186 - INT 36 - Mantención preventiva equipos RX mediana complejidad. Memo Nº 50/2024,2024-02-21T10:48:33.387,SE,1057049-403-LQ22,Recepción Conforme,7326,SERV SALUD METROPOLITANO CENTRAL HOSPITAL CLINICO SAN BORJA ARRIARAN,61.608.604-9,Santiago,Región Metropolitana de Santiago,25418,INTERNATIONAL CLINICS S A,88.900.200-k,Huechuraba,Región Metropolitana de Santiago,1,41101800,Equipamiento para laboratorios / Equipos e insumos para laboratorio / Equipo de física de electrones y de estado sólido para laboratorio,41101802,Generadores de rayos X,"837-9586 Servicio mantención preventiva equipo Rx  marca DK Medical . Memo Nº 22/2024, Cuota 13/24",1.0,,CLP,217000.0,217000.0,217000.0
1057049-1864-SE24,VDH - desde 1057049-403-LQ22 - Res. Ex. N°186 - INT 36 - Mantención preventiva equipos RX mediana complejidad. Memo Nº 50/2024,2024-02-21T10:48:33.387,SE,1057049-403-LQ22,Recepción Conforme,7326,SERV SALUD METROPOLITANO CENTRAL HOSPITAL CLINICO SAN BORJA ARRIARAN,61.608.604-9,Santiago,Región Metropolitana de Santiago,25418,INTERNATIONAL CLINICS S A,88.900.200-k,Huechuraba,Región Metropolitana de Santiago,2,41101800,Equipamiento para laboratorios / Equipos e insumos para laboratorio / Equipo de física de electrones y de estado sólido para laboratorio,41101802,Generadores de rayos X,837-9590 Servicio mantención preventiva equipo Rx osteopulmonar marca Shimadzu. Memo Nº 22/2024 Cuota 13/24,1.0,,CLP,942500.0,942500.0,942500.0
1057049-1907-SE24,"TPG ID. 1057049-369-LR22, AFECTA 04/23, INT. 12/23, SERVICIO DE VIGILANCIA, ESTADO DE PAGO NRO. 18 DE 19-02-2024, ENERO 2024",2024-02-26T09:33:16.257,SE,1057049-369-LR22,Recepción Conforme,7326,SERV SALUD METROPOLITANO CENTRAL HOSPITAL CLINICO SAN BORJA ARRIARAN,61.608.604-9,Santiago,Región Metropolitana de Santiago,1145023,INCAR SEGURIDAD LTDA.,76.049.666-9,El Bosque,Región Metropolitana de Santiago,1,92101500,"Servicios de defensa nacional, orden público y seguridad / Orden público y seguridad / Servicios de seguridad y policiales",92101501,Servicios de vigilancia,"704-8100	SERVICIO DE VIGILANCIA 

ESTADO DE PAGO NRO. 018 DE 19-02-2024, ENERO 2024",1.0,,CLP,122986704.0,122986704.0,122986704.0
1057049-1913-SE24,TPG-INT 1712/23 RES EXT 3350/23APRUEBA TD FUS N°1879 SERVICIO DE LAVANDERIA ESTADO DE PAGO N°7 DEL 13/02/2024,2024-02-26T11:10:14.877,SE,,Recepción Conforme,7326,SERV SALUD METROPOLITANO CENTRAL HOSPITAL CLINICO SAN BORJA ARRIARAN,61.608.604-9,Santiago,Región Metropolitana de Santiago,67487,ALBIA S.A.,96.656.430-k,Santiago,Región Metropolitana de Santiago,1,91111500,Servicios de cuidado personal y domésticos / Servicio doméstico y de cuidados / Servicios de lavado,91111502,Servicios de lavandería,"700-8500 Servicio de Lavado y Planchado Ropa Hospitalaria,
ESTADO DE PAGO N° 7 de fecha 13/02/2024
periodo 01-08-2023 al 31-08-2023",1.0,,CLP,66284350.0,66284350.0,66284350.0
1057049-1915-SE24,"TPG. ID. 1057049-3-LQ23, EX 918/2023, INT. 189/2023, SERVICIO DE MANTENCIÓN Y REPARACION DE AMBULANCIAS Y VEHÍCULOS INSTITUCIONALES, ESTADO DE PAGO NRO. 14 DEL 13.02.2024, PERIODO 01/2024",2024-02-26T11:31:37.71,SE,1057049-3-LQ23,Recepción Conforme,7326,SERV SALUD METROPOLITANO CENTRAL HOSPITAL CLINICO SAN BORJA ARRIARAN,61.608.604-9,Santiago,Región Metropolitana de Santiago,1520519,JUAN CARLOS GARCÍA MORALES,7.906.506-4,San Miguel,Región Metropolitana de Santiago,1,25101700,Vehículos y equipamiento en general / Vehículos motorizados / Vehículos de emergencia,25101703,Ambulancias,"866-0015 - SERVICIO DE MANTENCIÓN Y REPARACIÓN DE AMBULANCIAS Y VEHÍCULOS INSTITUCIONALES- 

EX 918/2023, ID. 1057049-3- LQ 23, ESTADO DE PAGO NRO. 14, PERIODO  ENERO/2024",1.0,,CLP,130000.0,130000.0,130000.0
1057049-1934-SE24,TPG INT 1434 RES EXENTA N°2144 TD FUS 1841 ARRIENDO INSTALACIÓN 2 MODULARES PARA SALA DE ESPERA Y DE ONCOLOGÍA MEMO N°12.,2024-02-27T09:07:15.46,SE,,Recepción Conforme,7326,SERV SALUD METROPOLITANO CENTRAL HOSPITAL CLINICO SAN BORJA ARRIARAN,61.608.604-9,Santiago,Región Metropolitana de Santiago,1382075,TECNO FAST S.A.,76.320.186-4,Lampa,Región Metropolitana de Santiago,1,56101900,Muebles y mobiliario / Muebles de alojamiento / Piezas de mobiliario y accesorios,56101905,Paneles modulares,"858-0045 ARRIENDO DE MODULAR CUOTA N°3 y N°4 
PERIODO 30-11-2023 AL 29-12-2023
PERIODO 30-12-2023 AL 29-01-2024",2.0,,CLP,420000.0,840000.0,840000.0
1057049-1938-SE24,CSC - desde 1057049-12-LQ23 - Res. Ex. N°1534 - INT 723 - Servicio Mantención preventiva Equipos de Endoscopia. Memo Nº 51/2024. ,2024-02-27T09:50:47.76,SE,1057049-12-LQ23,Recepción Conforme,7326,SERV SALUD METROPOLITANO CENTRAL HOSPITAL CLINICO SAN BORJA ARRIARAN,61.608.604-9,Santiago,Región Metropolitana de Santiago,1204166,EQUIPOS MEDICOS ZEPEDA Y COMPANIA LIMITADA,76.112.212-6,Providencia,Región Metropolitana de Santiago,1,42294800,"Equipamiento y suministros médicos / Productos quirúrgicos / Endoscopios, accesorios y productos relacionados",42294802,Endoscopios flexibles o accesorios o productos relacionados,841-0014 Servicio mantención preventiva equipos endoscopia. Según Res. Ex. N°1534. Memo Nº 51/2024. Cuota 10 de 24.,1.0,,CLP,1568429.0,1568429.0,1568429.0
1057049-1956-SE24,CSC - desde TD Res. Ex. N°1692 - INT 840 - FUS 898 - Memo 19 -Arriendo 05 grabadoras Holter. ,2024-02-28T09:38:04.963,SE,,Recepción Conforme,7326,SERV SALUD METROPOLITANO CENTRAL HOSPITAL CLINICO SAN BORJA ARRIARAN,61.608.604-9,Santiago,Región Metropolitana de Santiago,1295923,BTL Chile Comercializacion Limitada,76.188.721-1,Ñuñoa,Región Metropolitana de Santiago,1,42181700,Equipamiento y suministros médicos / Productos para exámenes y control de pacientes / Unidades de electrocardiografía (ECG) y productos relacionados,42181713,Sistemas de monitorización Holter o de electrocard,"704-0040 Arriendo 05 grabadoras Holter. Cuotas 2, 3, 4, 5 y 6 de 12. Periodo 12/08/23 - 11/01/24. Según Res. Ex. N°1692 del 06/06/23",5.0,,CLP,787916.0,3939580.0,3939580.0
1057049-1963-SE24,MGC DESDE 1057049-198-LP22 /RE.EX.2353 INT.1478 del 08.09.2022 / MEMO 12 /SERVICIO DE  INMUNOHISTOQUIMICA,2024-02-28T14:41:28.11,SE,1057049-198-LP22,Recepción Conforme,7326,SERV SALUD METROPOLITANO CENTRAL HOSPITAL CLINICO SAN BORJA ARRIARAN,61.608.604-9,Santiago,Región Metropolitana de Santiago,1566571,INSTITUTO DE ANATOMIA PATOLOGICA DRA VIRGINIA MARTINEZ CORTA SPA,76.749.199-9,Providencia,Región Metropolitana de Santiago,1,85121800,"Salud, servicios sanitarios y alimentación / Medicina y servicios de salud / Laboratorios clínicos",85121803,Laboratorios biológicos,"400-0763    SERVICIO INMUNOHISTOQUIMICA 
MEMO   12
MES ENERO 2024",1.0,,CLP,2735275.0,2735275.0,2735275.0
1057049-357-SE24, CSC - desde TD. Res. Ex. N°14 - INT 41 - FUS 2622 - Adquisición 04 pinzas clips vascular.,2024-01-17T10:00:14.58,SE,,Recepción Conforme,7326,SERV SALUD METROPOLITANO CENTRAL HOSPITAL CLINICO SAN BORJA ARRIARAN,61.608.604-9,Santiago,Región Metropolitana de Santiago,47740,B BRAUN MEDICAL SPA,96.756.540-7,San Bernardo,Región Metropolitana de Santiago,1,42291600,"Equipamiento y suministros médicos / Productos quirúrgicos / Instrumentos quirúrgicos de corte, trampas y productos relacionados",42291609,Pinzas quirúrgicas,"Adquisición clips vascular. Segun Res. Ex. N°14 del 12/01/24.
",4.0,,CLP,506410.0,2025640.0,2025640.0
1057049-4322-SE23,"MES INT 895 TD FUS 292, 294, 373, 399, 691, 728 AGUA DESTILADA USO LABORATORIO BIDON 5 LITROS",2023-06-13T16:40:08.28,SE,,Recepción Conforme,7326,SERV SALUD METROPOLITANO CENTRAL HOSPITAL CLINICO SAN BORJA ARRIARAN,61.608.604-9,Santiago,Región Metropolitana de Santiago,139257,EDUARDO AWAD MANZUR,5.398.787-7,Quilicura,Región Metropolitana de Santiago,1,51102700,Medicamentos y productos farmacéuticos / Medicamentos anti infecciosos / Antisépticos,51102702,Agua destilada para irrigación,"221-0190 AGUA DESTILADA, USO LABORATORIO, BIDON 5 LITROS",2909.0,,CLP,1600.0,4654400.0,4654400.0
1057049-8071-SE23,GSP INT 1976/2022 TD RES 3052/29-11-2022 FUS 2446/2022 CASSETTES ESTERILIZACIÓN CON PEROXIDO DE HIDROGENO Y CONTROL BIOLOGICO,2023-11-16T13:57:52.393,SE,,Recepción Conforme,7326,SERV SALUD METROPOLITANO CENTRAL HOSPITAL CLINICO SAN BORJA ARRIARAN,61.608.604-9,Alhué,Región Metropolitana de Santiago,1677356,ADVANCED STERILIZATION PRODUCTS CHILE SpA,76.994.168-1,Las Condes,Región Metropolitana de Santiago,1,42281500,Equipamiento y suministros médicos / Productos para la esterilización médica / Equipos y accesorios de esterilizadores y autoclaves,42281521,Sets de esterilización,245-0228	CASSETTES DE H202 (PEROXIDO DE HIDROGENO) PARA ESTERILIZACION,50.0,,CLP,230000.0,11500000.0,11500000.0
1057049-8071-SE23,GSP INT 1976/2022 TD RES 3052/29-11-2022 FUS 2446/2022 CASSETTES ESTERILIZACIÓN CON PEROXIDO DE HIDROGENO Y CONTROL BIOLOGICO,2023-11-16T13:57:52.393,SE,,Recepción Conforme,7326,SERV SALUD METROPOLITANO CENTRAL HOSPITAL CLINICO SAN BORJA ARRIARAN,61.608.604-9,Alhué,Región Metropolitana de Santiago,1677356,ADVANCED STERILIZATION PRODUCTS CHILE SpA,76.994.168-1,Las Condes,Región Metropolitana de Santiago,2,42281500,Equipamiento y suministros médicos / Productos para la esterilización médica / Equipos y accesorios de esterilizadores y autoclaves,42281521,Sets de esterilización,227-2508 CONTROL BIOLOGICO PARA PEROXIDO DE HIDROGENO (H2O2),3.0,,CLP,230000.0,690000.0,690000.0
1057049-8085-SE23,NCN-FUS 1603 -2023 UNIDAD DE ORTOPEDIA Y TRAUMATOLOGIA INFANTIL INT 1690 RESL EX 2023 ,2023-11-17T10:31:18.79,SE,,Recepción Conforme,7326,SERV SALUD METROPOLITANO CENTRAL HOSPITAL CLINICO SAN BORJA ARRIARAN,61.608.604-9,Alhué,Región Metropolitana de Santiago,21582,STRYKER CORPORATION CHILE Y COMPANIA LIMITADA,78.874.470-6,Providencia,Región Metropolitana de Santiago,1,27111500,"Herramientas y maquinaria en general / Herramientas manuales / Herramientas de corte, estaje y punzones",27111508,Sierras,"
227-5125	Hojas de sierra de Pequeño Fragmento para Motor Cordless de Stryker, distintos tamaños",20.0,,CLP,38000.0,760000.0,760000.0
1057049-8085-SE23,NCN-FUS 1603 -2023 UNIDAD DE ORTOPEDIA Y TRAUMATOLOGIA INFANTIL INT 1690 RESL EX 2023 ,2023-11-17T10:31:18.79,SE,,Recepción Conforme,7326,SERV SALUD METROPOLITANO CENTRAL HOSPITAL CLINICO SAN BORJA ARRIARAN,61.608.604-9,Alhué,Región Metropolitana de Santiago,21582,STRYKER CORPORATION CHILE Y COMPANIA LIMITADA,78.874.470-6,Providencia,Región Metropolitana de Santiago,2,27111500,"Herramientas y maquinaria en general / Herramientas manuales / Herramientas de corte, estaje y punzones",27111508,Sierras,"S/C	Hojas de sierra de Gran Fragmento para Motor System 6 Stryker, distintos tamaños",20.0,,CLP,50000.0,1000000.0,1000000.0
1057049-866-AG24,CSC - desde 1057049-738-COT23 - FUS 1806 - Revisión carro compresero,2024-01-23T10:19:47.863,AG,,Recepción Conforme,7326,SERV SALUD METROPOLITANO CENTRAL HOSPITAL CLINICO SAN BORJA ARRIARAN,61.608.604-9,Santiago,Región Metropolitana de Santiago,1354201,COMERCIALIZADORA RAFMEDICAL ELECTRONICA LIMITADA,76.261.928-8,Santiago,Región Metropolitana de Santiago,1,42192400,Equipamiento y suministros médicos / Equipamiento para instalaciones médicas / Transporte de equipo médico y traslado de productos,42192404,Carros médicos o accesorios,"866-0040 REVISION Y DIAGNOSTICO CARRO COMPRESERO WITEHALL ET-12-MSPSORD, SERIE:18055997",1.0,,CLP,50000.0,50000.0,0.0
1057049-872-SE24,SMG. PAC ID.1057049-407-LE21 INT. 148/2022 PROGRAMA INSUMOS ENERO ,2024-01-23T10:34:06.043,SE,1057049-407-LE21,Recepción Conforme,7326,SERV SALUD METROPOLITANO CENTRAL HOSPITAL CLINICO SAN BORJA ARRIARAN,61.608.604-9,Santiago,Región Metropolitana de Santiago,14630,NIPRO MEDICAL CORPORATION (AGENCIA EN CHILE),59.077.290-9,Providencia,Región Metropolitana de Santiago,1,42142500,Equipamiento y suministros médicos / Suministros y productos clínicos / Agujas clínicas,42142523,Agujas hipodérmicas,224-1242	AGUJA 21 G X 1 DESECH.,3000.0,,CLP,16.0,48000.0,48000.0
1057049-872-SE24,SMG. PAC ID.1057049-407-LE21 INT. 148/2022 PROGRAMA INSUMOS ENERO ,2024-01-23T10:34:06.043,SE,1057049-407-LE21,Recepción Conforme,7326,SERV SALUD METROPOLITANO CENTRAL HOSPITAL CLINICO SAN BORJA ARRIARAN,61.608.604-9,Santiago,Región Metropolitana de Santiago,14630,NIPRO MEDICAL CORPORATION (AGENCIA EN CHILE),59.077.290-9,Providencia,Región Metropolitana de Santiago,2,42142500,Equipamiento y suministros médicos / Suministros y productos clínicos / Agujas clínicas,42142523,Agujas hipodérmicas,224-1247	AGUJA 23GX1 DESCH (0.64X25MM),6000.0,,CLP,16.0,96000.0,96000.0
1057049-872-SE24,SMG. PAC ID.1057049-407-LE21 INT. 148/2022 PROGRAMA INSUMOS ENERO ,2024-01-23T10:34:06.043,SE,1057049-407-LE21,Recepción Conforme,7326,SERV SALUD METROPOLITANO CENTRAL HOSPITAL CLINICO SAN BORJA ARRIARAN,61.608.604-9,Santiago,Región Metropolitana de Santiago,14630,NIPRO MEDICAL CORPORATION (AGENCIA EN CHILE),59.077.290-9,Providencia,Región Metropolitana de Santiago,3,42142500,Equipamiento y suministros médicos / Suministros y productos clínicos / Agujas clínicas,42142523,Agujas hipodérmicas,"224-1252 AGUJA 25GX1 1/2 DESCH. (0.51X25MM)
",800.0,,CLP,16.0,12800.0,12800.0
1057049-872-SE24,SMG. PAC ID.1057049-407-LE21 INT. 148/2022 PROGRAMA INSUMOS ENERO ,2024-01-23T10:34:06.043,SE,1057049-407-LE21,Recepción Conforme,7326,SERV SALUD METROPOLITANO CENTRAL HOSPITAL CLINICO SAN BORJA ARRIARAN,61.608.604-9,Santiago,Región Metropolitana de Santiago,14630,NIPRO MEDICAL CORPORATION (AGENCIA EN CHILE),59.077.290-9,Providencia,Región Metropolitana de Santiago,4,42142500,Equipamiento y suministros médicos / Suministros y productos clínicos / Agujas clínicas,42142523,Agujas hipodérmicas,224-1250 AGUJA 23GX1 1/4 DESCH,2000.0,,CLP,16.0,32000.0,32000.0
1057049-872-SE24,SMG. PAC ID.1057049-407-LE21 INT. 148/2022 PROGRAMA INSUMOS ENERO ,2024-01-23T10:34:06.043,SE,1057049-407-LE21,Recepción Conforme,7326,SERV SALUD METROPOLITANO CENTRAL HOSPITAL CLINICO SAN BORJA ARRIARAN,61.608.604-9,Santiago,Región Metropolitana de Santiago,14630,NIPRO MEDICAL CORPORATION (AGENCIA EN CHILE),59.077.290-9,Providencia,Región Metropolitana de Santiago,5,42142500,Equipamiento y suministros médicos / Suministros y productos clínicos / Agujas clínicas,42142523,Agujas hipodérmicas,224-1253 AGUJA 25G X 5/8 DESECH.,3000.0,,CLP,16.0,48000.0,48000.0
1057049-887-SE24,SMG. PAC ID.1057049-407-LE21 INT. 148/2022 PROGRAMA INSUMOS ENERO ,2024-01-23T12:08:12.443,SE,1057049-407-LE21,Recepción Conforme,7326,SERV SALUD METROPOLITANO CENTRAL HOSPITAL CLINICO SAN BORJA ARRIARAN,61.608.604-9,Santiago,Región Metropolitana de Santiago,65689,PRODUCTOS MEDICOS PROMEDON CHILE S A,78.566.250-4,Las Condes,Región Metropolitana de Santiago,1,42293600,"Equipamiento y suministros médicos / Productos quirúrgicos / Bougies quirúrgicos, sondas, obturadores y productos relacionados",42293603,Sondas quirúrgicas,"922-3462 SONDA DE ALIMENT. 6 FR 100% SILICONA LARGA
DURACION (NEO)",5.0,,CLP,5628.0,28140.0,28140.0
1057049-887-SE24,SMG. PAC ID.1057049-407-LE21 INT. 148/2022 PROGRAMA INSUMOS ENERO ,2024-01-23T12:08:12.443,SE,1057049-407-LE21,Recepción Conforme,7326,SERV SALUD METROPOLITANO CENTRAL HOSPITAL CLINICO SAN BORJA ARRIARAN,61.608.604-9,Santiago,Región Metropolitana de Santiago,65689,PRODUCTOS MEDICOS PROMEDON CHILE S A,78.566.250-4,Las Condes,Región Metropolitana de Santiago,2,42293600,"Equipamiento y suministros médicos / Productos quirúrgicos / Bougies quirúrgicos, sondas, obturadores y productos relacionados",42293603,Sondas quirúrgicas,922-4215	SDA.NASOYEYUNAL 8FR.120CM.C/GUIA,3.0,,CLP,12940.0,38820.0,38820.0
1057049-891-SE24,SMG. PAC ID.1057049-40-LE23 INT. 407/2023 PROGRAMA INSUMOS ENERO ,2024-01-23T12:17:40.627,SE,1057049-40-LE23,Recepción Conforme,7326,SERV SALUD METROPOLITANO CENTRAL HOSPITAL CLINICO SAN BORJA ARRIARAN,61.608.604-9,Santiago,Región Metropolitana de Santiago,1303524,BSN Medical,76.186.732-6,La Reina,Región Metropolitana de Santiago,1,42242100,"Equipamiento y suministros médicos / Productos medicinales para deportes, prostéticos y ortopédicos / Suministros y accesorios de tracción ortopédica",42242104,Suministros de tracción del pie,960-2500	SET TRACCION PARTES BLANDAS PEDIATRICA,5.0,,CLP,15264.0,76320.0,76320.0
1057049-891-SE24,SMG. PAC ID.1057049-40-LE23 INT. 407/2023 PROGRAMA INSUMOS ENERO ,2024-01-23T12:17:40.627,SE,1057049-40-LE23,Recepción Conforme,7326,SERV SALUD METROPOLITANO CENTRAL HOSPITAL CLINICO SAN BORJA ARRIARAN,61.608.604-9,Santiago,Región Metropolitana de Santiago,1303524,BSN Medical,76.186.732-6,La Reina,Región Metropolitana de Santiago,2,42242100,"Equipamiento y suministros médicos / Productos medicinales para deportes, prostéticos y ortopédicos / Suministros y accesorios de tracción ortopédica",42242104,Suministros de tracción del pie,960-2510	SET TRACCION PARTES BLANDAS ADULTO,5.0,,CLP,15264.0,76320.0,76320.0
1057049-8970-SE23,GSP INT 2237/2019 1057049-228-LR19 PAC REACTIVOS MICROBIOLOGIA,2023-12-18T08:34:20.53,SE,1057049-228-LR19,Recepción Conforme,7326,SERV SALUD METROPOLITANO CENTRAL HOSPITAL CLINICO SAN BORJA ARRIARAN,61.608.604-9,Alhué,Región Metropolitana de Santiago,33139,BIOMERIEUX CHILE SPA,96.659.920-0,Las Condes,Región Metropolitana de Santiago,1,41116100,"Equipamiento para laboratorios / Instrumentos de medida y experimentación / Kits para ensayos manuales, controles de calidad, calibradores y normativas",41116105,Reactivos o soluciones químicos,"245-0132	Kit inmunoanálisis de niveles plasmáticos de procalcitonina Caja de 60 test
",1.0,,CLP,1130460.0,1130460.0,1130460.0
1057049-8970-SE23,GSP INT 2237/2019 1057049-228-LR19 PAC REACTIVOS MICROBIOLOGIA,2023-12-18T08:34:20.53,SE,1057049-228-LR19,Recepción Conforme,7326,SERV SALUD METROPOLITANO CENTRAL HOSPITAL CLINICO SAN BORJA ARRIARAN,61.608.604-9,Alhué,Región Metropolitana de Santiago,33139,BIOMERIEUX CHILE SPA,96.659.920-0,Las Condes,Región Metropolitana de Santiago,2,41116100,"Equipamiento para laboratorios / Instrumentos de medida y experimentación / Kits para ensayos manuales, controles de calidad, calibradores y normativas",41116105,Reactivos o soluciones químicos,"245-1706	Tarjeta Susceptibilidad de bacterias gram positivo caja con 20 tarjetas 
",6.0,,CLP,122140.0,732840.0,732840.0
1057049-8970-SE23,GSP INT 2237/2019 1057049-228-LR19 PAC REACTIVOS MICROBIOLOGIA,2023-12-18T08:34:20.53,SE,1057049-228-LR19,Recepción Conforme,7326,SERV SALUD METROPOLITANO CENTRAL HOSPITAL CLINICO SAN BORJA ARRIARAN,61.608.604-9,Alhué,Región Metropolitana de Santiago,33139,BIOMERIEUX CHILE SPA,96.659.920-0,Las Condes,Región Metropolitana de Santiago,3,41116100,"Equipamiento para laboratorios / Instrumentos de medida y experimentación / Kits para ensayos manuales, controles de calidad, calibradores y normativas",41116105,Reactivos o soluciones químicos,"244-0660	Frasco hemocultivo pediatricos caja con 100 botellas 
",2.0,,CLP,495000.0,990000.0,990000.0
1057049-8970-SE23,GSP INT 2237/2019 1057049-228-LR19 PAC REACTIVOS MICROBIOLOGIA,2023-12-18T08:34:20.53,SE,1057049-228-LR19,Recepción Conforme,7326,SERV SALUD METROPOLITANO CENTRAL HOSPITAL CLINICO SAN BORJA ARRIARAN,61.608.604-9,Alhué,Región Metropolitana de Santiago,33139,BIOMERIEUX CHILE SPA,96.659.920-0,Las Condes,Región Metropolitana de Santiago,4,41116100,"Equipamiento para laboratorios / Instrumentos de medida y experimentación / Kits para ensayos manuales, controles de calidad, calibradores y normativas",41116105,Reactivos o soluciones químicos,"244-0004	Portaobjeto (slide) Identificación microbiana por espectrometría de masas caja con 32 slides 
",1.0,,CLP,7500000.0,7500000.0,7500000.0
1057049-8970-SE23,GSP INT 2237/2019 1057049-228-LR19 PAC REACTIVOS MICROBIOLOGIA,2023-12-18T08:34:20.53,SE,1057049-228-LR19,Recepción Conforme,7326,SERV SALUD METROPOLITANO CENTRAL HOSPITAL CLINICO SAN BORJA ARRIARAN,61.608.604-9,Alhué,Región Metropolitana de Santiago,33139,BIOMERIEUX CHILE SPA,96.659.920-0,Las Condes,Región Metropolitana de Santiago,5,41116100,"Equipamiento para laboratorios / Instrumentos de medida y experimentación / Kits para ensayos manuales, controles de calidad, calibradores y normativas",41116105,Reactivos o soluciones químicos,"245-1704	Tarjeta Susceptibilidad de bacterias gram negativo (Urocultivo) caja con 20 tarjetas
",30.0,,CLP,122140.0,3664200.0,3664200.0
1057049-8970-SE23,GSP INT 2237/2019 1057049-228-LR19 PAC REACTIVOS MICROBIOLOGIA,2023-12-18T08:34:20.53,SE,1057049-228-LR19,Recepción Conforme,7326,SERV SALUD METROPOLITANO CENTRAL HOSPITAL CLINICO SAN BORJA ARRIARAN,61.608.604-9,Alhué,Región Metropolitana de Santiago,33139,BIOMERIEUX CHILE SPA,96.659.920-0,Las Condes,Región Metropolitana de Santiago,6,41116100,"Equipamiento para laboratorios / Instrumentos de medida y experimentación / Kits para ensayos manuales, controles de calidad, calibradores y normativas",41116105,Reactivos o soluciones químicos,"244-0661	Frasco hemocultivos adultos caja con 100 botellas
",5.0,,CLP,495000.0,2475000.0,2475000.0
1057049-8970-SE23,GSP INT 2237/2019 1057049-228-LR19 PAC REACTIVOS MICROBIOLOGIA,2023-12-18T08:34:20.53,SE,1057049-228-LR19,Recepción Conforme,7326,SERV SALUD METROPOLITANO CENTRAL HOSPITAL CLINICO SAN BORJA ARRIARAN,61.608.604-9,Alhué,Región Metropolitana de Santiago,33139,BIOMERIEUX CHILE SPA,96.659.920-0,Las Condes,Región Metropolitana de Santiago,7,41116100,"Equipamiento para laboratorios / Instrumentos de medida y experimentación / Kits para ensayos manuales, controles de calidad, calibradores y normativas",41116105,Reactivos o soluciones químicos,"245-1705	Tarjeta Susceptibilidad de bacterias gram negativo (otros) caja con 20 tarjetas
",3.0,,CLP,122140.0,366420.0,366420.0
1057049-8983-SE23,GSP INT 689/2022 1057049-67-LP22 PAC PLACAS COLUMBIA,2023-12-18T10:00:03.897,SE,1057049-67-LP22,Recepción Conforme,7326,SERV SALUD METROPOLITANO CENTRAL HOSPITAL CLINICO SAN BORJA ARRIARAN,61.608.604-9,Alhué,Región Metropolitana de Santiago,22062,VALTEK  S.A.,79.568.850-1,Ñuñoa,Región Metropolitana de Santiago,1,41116100,"Equipamiento para laboratorios / Instrumentos de medida y experimentación / Kits para ensayos manuales, controles de calidad, calibradores y normativas",41116130,"Reactivos, soluciones o tinturas microbiológicos o",245-7759 PLACAS AGAR COLUMBIA 5% SANGRE,700.0,,CLP,460.0,322000.0,322000.0
1057049-8983-SE23,GSP INT 689/2022 1057049-67-LP22 PAC PLACAS COLUMBIA,2023-12-18T10:00:03.897,SE,1057049-67-LP22,Recepción Conforme,7326,SERV SALUD METROPOLITANO CENTRAL HOSPITAL CLINICO SAN BORJA ARRIARAN,61.608.604-9,Alhué,Región Metropolitana de Santiago,22062,VALTEK  S.A.,79.568.850-1,Ñuñoa,Región Metropolitana de Santiago,2,41116100,"Equipamiento para laboratorios / Instrumentos de medida y experimentación / Kits para ensayos manuales, controles de calidad, calibradores y normativas",41116130,"Reactivos, soluciones o tinturas microbiológicos o",245-7765 PLACAS AGAR CROMOGENICO PARA UROPATOGENOS ID3/COLUMBIA CNA 5% SANGRE,1200.0,,CLP,1200.0,1440000.0,1440000.0
1057049-900-SE24,SMG. PAC ID. 1057049-42-LE23 INT. 350/2023 PROGRAMA INSUMOS ENERO,2024-01-23T12:45:59.357,SE,1057049-42-LE23,Recepción Conforme,7326,SERV SALUD METROPOLITANO CENTRAL HOSPITAL CLINICO SAN BORJA ARRIARAN,61.608.604-9,Santiago,Región Metropolitana de Santiago,27097,CENTRAL DE COMPRAS DEL EXTRASISTEMA S.A.,96.515.660-7,Quilicura,Región Metropolitana de Santiago,1,42203400,"Equipamiento y suministros médicos / Productos para imágenes y de medicina nuclear / Artículos para imágenes vasculares, cardiología intervencional y laboratorio de cateterización cardiaca",42203405,Globos de Angioplastia,924-2842	SET MICROPUNCION COOK,6.0,,CLP,65000.0,390000.0,390000.0
1057049-901-SE24,SMG. PAC ID.1057049-431-LP23 INT. 09/2024 PROGRAMA INSUMOS ENERO,2024-01-23T12:48:00.943,SE,1057049-431-LP23,Recepción Conforme,7326,SERV SALUD METROPOLITANO CENTRAL HOSPITAL CLINICO SAN BORJA ARRIARAN,61.608.604-9,Santiago,Región Metropolitana de Santiago,1704622,FRIMED SPA,77.067.168-K,Vitacura,Región Metropolitana de Santiago,1,42221500,"Equipamiento y suministros médicos / Productos administrados por vía intravenosa y arterial / Accesorios, catéteres y cánulas intravenosas y arteriales",42221506,Catéteres umbilicales,"924-0580	KIT CATETER EPICUTANEO 1,9 A 2 FR. DE 1 LUMEN CON INTRODUCTOR PEEL-AWAY",10.0,,CLP,41990.0,419900.0,419900.0
1057049-901-SE24,SMG. PAC ID.1057049-431-LP23 INT. 09/2024 PROGRAMA INSUMOS ENERO,2024-01-23T12:48:00.943,SE,1057049-431-LP23,Recepción Conforme,7326,SERV SALUD METROPOLITANO CENTRAL HOSPITAL CLINICO SAN BORJA ARRIARAN,61.608.604-9,Santiago,Región Metropolitana de Santiago,1704622,FRIMED SPA,77.067.168-K,Vitacura,Región Metropolitana de Santiago,2,42221500,"Equipamiento y suministros médicos / Productos administrados por vía intravenosa y arterial / Accesorios, catéteres y cánulas intravenosas y arteriales",42221506,Catéteres umbilicales,"924-0582	CATETER EPICUTANEO 1,9 FR.DOBLE LUMEN",10.0,,CLP,74990.0,749900.0,749900.0
1057049-903-SE24,SMG. PAC ID. 1057049-54-LP23 INT. 747/2023 PROGRAMA INSUMOS ENERO ,2024-01-23T12:50:16.88,SE,1057049-54-LP23,Recepción Conforme,7326,SERV SALUD METROPOLITANO CENTRAL HOSPITAL CLINICO SAN BORJA ARRIARAN,61.608.604-9,Alhué,Región Metropolitana de Santiago,26963,JOHNSON Y JOHNSON DE CHILE S A,93.745.000-1,Las Condes,Región Metropolitana de Santiago,1,42295500,"Equipamiento y suministros médicos / Productos quirúrgicos / Implantes quirúrgicos, ensanchadores, extensores, alambres quirúrgicos y productos relacionados",42295513,Productos quirúrgicos de barrera de tisú o de malla,265-6820	MALLA VICRYL REABSORVIBLE 30 X 30 CMS.,4.0,,CLP,306760.0,1227040.0,1227040.0
1057049-903-SE24,SMG. PAC ID. 1057049-54-LP23 INT. 747/2023 PROGRAMA INSUMOS ENERO ,2024-01-23T12:50:16.88,SE,1057049-54-LP23,Recepción Conforme,7326,SERV SALUD METROPOLITANO CENTRAL HOSPITAL CLINICO SAN BORJA ARRIARAN,61.608.604-9,Alhué,Región Metropolitana de Santiago,26963,JOHNSON Y JOHNSON DE CHILE S A,93.745.000-1,Las Condes,Región Metropolitana de Santiago,2,42295500,"Equipamiento y suministros médicos / Productos quirúrgicos / Implantes quirúrgicos, ensanchadores, extensores, alambres quirúrgicos y productos relacionados",42295513,Productos quirúrgicos de barrera de tisú o de malla,265-6821	MALLA VICRYL PEDIATRICA 15 X 15 CMS.,4.0,,CLP,120040.0,480160.0,480160.0
1057049-904-SE24,SMG. PAC ID. 1057049-54-LP23 INT. 747/2023 PROGRAMA INSUMOS ENERO ,2024-01-23T12:52:40.23,SE,1057049-54-LP23,Recepción Conforme,7326,SERV SALUD METROPOLITANO CENTRAL HOSPITAL CLINICO SAN BORJA ARRIARAN,61.608.604-9,Santiago,Región Metropolitana de Santiago,47740,B BRAUN MEDICAL SPA,96.756.540-7,San Bernardo,Región Metropolitana de Santiago,1,42142400,Equipamiento y suministros médicos / Suministros y productos clínicos / Productos médicos para vacío y succión,42142402,Cánulas o tubos de succión médicos o accesorios,924-0424	KIT ANESTESIA ESPINAL CONTINUA,20.0,,CLP,29900.0,598000.0,598000.0
1057049-911-SE24,SMG. PAC ID.1057049-61-LE23 INT. 553/2023 PROGRAMA INSUMOS ENERO ,2024-01-23T13:20:05.31,SE,1057049-61-LE23,Recepción Conforme,7326,SERV SALUD METROPOLITANO CENTRAL HOSPITAL CLINICO SAN BORJA ARRIARAN,61.608.604-9,Santiago,Región Metropolitana de Santiago,26931,COMERCIAL LBF LIMITADA,93.366.000-1,Pudahuel,Región Metropolitana de Santiago,1,42293600,"Equipamiento y suministros médicos / Productos quirúrgicos / Bougies quirúrgicos, sondas, obturadores y productos relacionados",42293603,Sondas quirúrgicas,922-4062	SDA. FOLEY 100% SILICONA N 14 SIMPLE,100.0,,CLP,1350.0,135000.0,135000.0
1057049-912-SE24,SMG. PAC. ID.1057049-63-LE22 INT. 603/2022 PROGRAMA INSUMOS ENERO,2024-01-23T13:22:14.457,SE,1057049-63-LE22,Recepción Conforme,7326,SERV SALUD METROPOLITANO CENTRAL HOSPITAL CLINICO SAN BORJA ARRIARAN,61.608.604-9,Santiago,Región Metropolitana de Santiago,44105,Fresenius Kabi Chile Ltda.,77.478.120-k,San Joaquín,Región Metropolitana de Santiago,1,42221600,"Equipamiento y suministros médicos / Productos administrados por vía intravenosa y arterial / Tuberías, juegos de administración y productos relacionados intravenosos y arteriales",42221607,Filtros o pantallas arteriales o intravenosos para uso general,877-0796	FILTRO LEUCOSITARIO PARA GLOBULOS ROJOS,50.0,,CLP,10700.0,535000.0,535000.0
1057049-912-SE24,SMG. PAC. ID.1057049-63-LE22 INT. 603/2022 PROGRAMA INSUMOS ENERO,2024-01-23T13:22:14.457,SE,1057049-63-LE22,Recepción Conforme,7326,SERV SALUD METROPOLITANO CENTRAL HOSPITAL CLINICO SAN BORJA ARRIARAN,61.608.604-9,Santiago,Región Metropolitana de Santiago,44105,Fresenius Kabi Chile Ltda.,77.478.120-k,San Joaquín,Región Metropolitana de Santiago,2,42221600,"Equipamiento y suministros médicos / Productos administrados por vía intravenosa y arterial / Tuberías, juegos de administración y productos relacionados intravenosos y arteriales",42221607,Filtros o pantallas arteriales o intravenosos para uso general,877-0797	FILTRO LEUCOSITARIO PARA PLAQUETAS,150.0,,CLP,10500.0,1575000.0,1575000.0
1057049-919-SE24,SMG. PAC ID.1057049-73-LQ22 INT. 618/2022 PROGRAMA INSUMOS ENERO ,2024-01-23T13:47:12.05,SE,1057049-73-LQ22,Recepción Conforme,7326,SERV SALUD METROPOLITANO CENTRAL HOSPITAL CLINICO SAN BORJA ARRIARAN,61.608.604-9,Santiago,Región Metropolitana de Santiago,61701,COMERCIALIZADORA SMARTVISION LIMITADA,77.911.810-k,Ñuñoa,Región Metropolitana de Santiago,1,42142600,Equipamiento y suministros médicos / Suministros y productos clínicos / Jeringas y accesorios,42142614,Aparatos de inyección hipodérmica o accesorios,924-0418 JERINGA INYECTORA MEDIO CONTRASTE CON CONECTOR 200ML.,800.0,,CLP,8100.0,6480000.0,6480000.0
1057049-921-SE24,SMG. PAC ID. 1057049-74-LQ22 INT. 617/2022 PROGRAMA INSUMOS ENERO ,2024-01-23T13:48:51.66,SE,1057049-74-LQ22,Recepción Conforme,7326,SERV SALUD METROPOLITANO CENTRAL HOSPITAL CLINICO SAN BORJA ARRIARAN,61.608.604-9,Santiago,Región Metropolitana de Santiago,47654,COMERCIAL MEDTRONIC CHILE LTDA,77.237.150-0,Las Condes,Región Metropolitana de Santiago,1,42295300,Equipamiento y suministros médicos / Productos quirúrgicos / Suministros y accesorios para cirugía de corazón abierto y productos relacionados,42295305,Torniquetes quirúrgicos o ocluderes vasculares o ligadores o accesorios,922-0073	ADAPTADOR DE CARDIOPLEGIA EN Y ASIMETRICO de 35 cm,20.0,,CLP,14000.0,280000.0,280000.0
1057049-929-SE24,SMG. PAC ID.1057049-76-LE23 INT. 611/2023 PROGRAMA INSUMOS ENERO ,2024-01-23T14:19:20.757,SE,1057049-76-LE23,Recepción Conforme,7326,SERV SALUD METROPOLITANO CENTRAL HOSPITAL CLINICO SAN BORJA ARRIARAN,61.608.604-9,Santiago,Región Metropolitana de Santiago,1704622,FRIMED SPA,77.067.168-K,Vitacura,Región Metropolitana de Santiago,1,42294300,"Equipamiento y suministros médicos / Productos quirúrgicos / Instrumentos, suministros y equipos de biopsia de mama mínimamente invasiva",42294304,Instrumentos marcadores de biopsia invasiva mínima de pecho,927-2765	MARCADOR LINFATICO MAGTRACE PARA MAPEO DEL GANGLIO CENTINELA 2ML,4.0,,CLP,290000.0,1160000.0,1160000.0
1057049-930-SE24,SMG. PAC. ID.1057049-77-LE22 INT. 681/2022 PROGRAMA INSUMOS ENERO ,2024-01-23T14:22:36.623,SE,1057049-77-LE22,Recepción Conforme,7326,SERV SALUD METROPOLITANO CENTRAL HOSPITAL CLINICO SAN BORJA ARRIARAN,61.608.604-9,Santiago,Región Metropolitana de Santiago,1561523,IQ S. A.,76.585.618-3,Las Condes,Región Metropolitana de Santiago,1,42142700,Equipamiento y suministros médicos / Suministros y productos clínicos / Suministros urológicos,42142702,Catéteres urinarios uretrales,"222-0527	CATETER URETERAL 6 FR.ABIERTO, INCLUYE SISTEMA LUER LOCK",20.0,,CLP,5100.0,102000.0,102000.0
1057049-933-SE24,SMG. PAC ID. 1057049-77-LE23 INT. 495/2023 PROGRAMA INSUMOS ENERO ,2024-01-23T14:28:30.15,SE,1057049-77-LE23,Recepción Conforme,7326,SERV SALUD METROPOLITANO CENTRAL HOSPITAL CLINICO SAN BORJA ARRIARAN,61.608.604-9,Santiago,Región Metropolitana de Santiago,47654,COMERCIAL MEDTRONIC CHILE LTDA,77.237.150-0,Las Condes,Región Metropolitana de Santiago,1,42271600,"Equipamiento y suministros médicos / Productos de resucitación, anestesia y respiratorios / Productos de comprobación y tratamiento de las funciones pulmonares",42271607,Tubos o accesorios de la función pulmonar,222-7375	TUBO ENDOBRONQUIAL 41 FR.IZQUIERDO,7.0,,CLP,32000.0,224000.0,224000.0
1057049-935-SE24,SMG. PAC ID. 1057049-77-LE23 INT. 495/2023 PROGRAMA INSUMOS ENERO ,2024-01-23T14:31:28.373,SE,1057049-77-LE23,Recepción Conforme,7326,SERV SALUD METROPOLITANO CENTRAL HOSPITAL CLINICO SAN BORJA ARRIARAN,61.608.604-9,Santiago,Región Metropolitana de Santiago,47654,COMERCIAL MEDTRONIC CHILE LTDA,77.237.150-0,Las Condes,Región Metropolitana de Santiago,1,42142400,Equipamiento y suministros médicos / Suministros y productos clínicos / Productos médicos para vacío y succión,42142402,Cánulas o tubos de succión médicos o accesorios,"922-0421	CANULA TRAQUEOST. 3,5 C/B.",3.0,,CLP,30000.0,90000.0,90000.0
1057049-935-SE24,SMG. PAC ID. 1057049-77-LE23 INT. 495/2023 PROGRAMA INSUMOS ENERO ,2024-01-23T14:31:28.373,SE,1057049-77-LE23,Recepción Conforme,7326,SERV SALUD METROPOLITANO CENTRAL HOSPITAL CLINICO SAN BORJA ARRIARAN,61.608.604-9,Santiago,Región Metropolitana de Santiago,47654,COMERCIAL MEDTRONIC CHILE LTDA,77.237.150-0,Las Condes,Región Metropolitana de Santiago,2,42142400,Equipamiento y suministros médicos / Suministros y productos clínicos / Productos médicos para vacío y succión,42142402,Cánulas o tubos de succión médicos o accesorios,"922-0422	CANULA TRAQUEOST. 4,0 C/B.",3.0,,CLP,30000.0,90000.0,90000.0
1057049-956-SE24,SMG. PAC ID.1057049-79-LE22 INT. 1008/2022 PROGRAMA INSUMOS ENERO ,2024-01-23T15:54:40.793,SE,1057049-79-LE22,Recepción Conforme,7326,SERV SALUD METROPOLITANO CENTRAL HOSPITAL CLINICO SAN BORJA ARRIARAN,61.608.604-9,Santiago,Región Metropolitana de Santiago,47740,B BRAUN MEDICAL SPA,96.756.540-7,San Bernardo,Región Metropolitana de Santiago,1,42221500,"Equipamiento y suministros médicos / Productos administrados por vía intravenosa y arterial / Accesorios, catéteres y cánulas intravenosas y arteriales",42221503,Catéteres venosos centrales,924-0134	CATETER VENOSO CENTRAL DE 1 LUMEN 18 G,20.0,,CLP,18000.0,360000.0,360000.0
1057049-957-SE24,SMG. PAC ID.1057049-79-LE22 INT. 1008/2022 PROGRAMA INSUMOS ENERO,2024-01-23T15:56:10.047,SE,1057049-79-LE22,Recepción Conforme,7326,SERV SALUD METROPOLITANO CENTRAL HOSPITAL CLINICO SAN BORJA ARRIARAN,61.608.604-9,Santiago,Región Metropolitana de Santiago,69350,HOSPITALIA PRODUCTOS MEDICOS LTDA,78.233.420-4,Quilicura,Región Metropolitana de Santiago,1,42161500,Equipamiento y suministros médicos / Equipo y suministros para diálisis / Equipo de diálisis peritoneal,42161503,Juegos de cateterización o administración de diálisis peritoneal,924-0597	CATETER TUNELIZ. DOBLE LUMEN 33CMS DEL CUFF A LA PTA.,2.0,,CLP,160000.0,320000.0,320000.0
1057049-961-SE24,SMG. PAC ID.1057049-82-LE22 INT. 684/2020 PROGRAMA INSUMOS ENERO ,2024-01-23T16:03:14.063,SE,1057049-82-LE22,Recepción Conforme,7326,SERV SALUD METROPOLITANO CENTRAL HOSPITAL CLINICO SAN BORJA ARRIARAN,61.608.604-9,Santiago,Región Metropolitana de Santiago,1312302,ARTICULOS MEDICOS Y QUIRURGICOS CHILE S.A.,76.209.836-9,Las Condes,Región Metropolitana de Santiago,1,42231600,Equipamiento y suministros médicos / Nutrición clínica / Accesorios o dispositivos de acceso de jejunostomía y gastrostomía,42231604,Botones de acceso gástrico,222-0610	CONEXIÓN GRUESA BOTON MIC-KEY,2.0,,CLP,9900.0,19800.0,19800.0
1057049-961-SE24,SMG. PAC ID.1057049-82-LE22 INT. 684/2020 PROGRAMA INSUMOS ENERO ,2024-01-23T16:03:14.063,SE,1057049-82-LE22,Recepción Conforme,7326,SERV SALUD METROPOLITANO CENTRAL HOSPITAL CLINICO SAN BORJA ARRIARAN,61.608.604-9,Santiago,Región Metropolitana de Santiago,1312302,ARTICULOS MEDICOS Y QUIRURGICOS CHILE S.A.,76.209.836-9,Las Condes,Región Metropolitana de Santiago,2,42272000,"Equipamiento y suministros médicos / Productos de resucitación, anestesia y respiratorios / Suministros de intubación",42272012,Tubos o tuberías de succión,922-3464	SONDA DE ALIMENTACION 100% SILICONA 8 FR,10.0,,CLP,4900.0,49000.0,49000.0
1057055-274-AG24,GSP AG PAC ISOFLURANO 100 ML,2024-02-14T15:10:55.46,AG,,Recepción Conforme,7326,SERV SALUD METROPOLITANO CENTRAL HOSPITAL CLINICO SAN BORJA ARRIARAN,61.608.604-9,Alhué,Región Metropolitana de Santiago,256360,FARMACEUTICA CARIBEAN LTDA,76.830.090-9,Renca,Región Metropolitana de Santiago,1,51142900,"Medicamentos y productos farmacéuticos / Medicamentos para el sistema nervioso central / Fármacos anestésicos, complementos relacionados y analépticos",51142919,Isoflurano,217-3600 ISOFLURANO 100 ML,30.0,,CLP,18991.0,569730.0,0.0
1057299-105-AG24,MATERIALES ELECTRICOS SALA CUNA MESAMAVIDA,2024-02-21T10:48:57.3,AG,,Aceptada,120788,I MUNICIPALIDAD DE LONGAVI,69.130.601-1,Longaví,Región del Maule ,26371,JUAN RUPERTO CANCINO GARRIDO,9.633.707-8,Talca,Región del Maule ,1,39121400,"Artículos eléctricos y de iluminación / Equipamiento y artículos eléctricos / Conectores, enchufes y terminales",39121402,Enchufes eléctricos,ENCHUFES MACHOS 16 AMPERES,3.0,,CLP,790.0,2370.0,0.0
1057299-105-AG24,MATERIALES ELECTRICOS SALA CUNA MESAMAVIDA,2024-02-21T10:48:57.3,AG,,Aceptada,120788,I MUNICIPALIDAD DE LONGAVI,69.130.601-1,Longaví,Región del Maule ,26371,JUAN RUPERTO CANCINO GARRIDO,9.633.707-8,Talca,Región del Maule ,2,46171600,"Equipos y suministros de defensa, orden público, protección y seguridad / Seguridad, vigilancia y detección / Equipo de vigilancia y detección",46171618,Timbres de puerta,BOTON DE TIMBRE SOBREPUESTO,2.0,,CLP,990.0,1980.0,0.0
1057299-105-AG24,MATERIALES ELECTRICOS SALA CUNA MESAMAVIDA,2024-02-21T10:48:57.3,AG,,Aceptada,120788,I MUNICIPALIDAD DE LONGAVI,69.130.601-1,Longaví,Región del Maule ,26371,JUAN RUPERTO CANCINO GARRIDO,9.633.707-8,Talca,Región del Maule ,3,39121500,"Artículos eléctricos y de iluminación / Equipamiento y artículos eléctricos / Interruptores, controles y releés",39121506,Interruptores automáticos por caída de presión,"AUTOMATICOS 30 A, MARCA LEGRAND",2.0,,CLP,2870.0,5740.0,0.0
1057299-105-AG24,MATERIALES ELECTRICOS SALA CUNA MESAMAVIDA,2024-02-21T10:48:57.3,AG,,Aceptada,120788,I MUNICIPALIDAD DE LONGAVI,69.130.601-1,Longaví,Región del Maule ,26371,JUAN RUPERTO CANCINO GARRIDO,9.633.707-8,Talca,Región del Maule ,4,39121400,"Artículos eléctricos y de iluminación / Equipamiento y artículos eléctricos / Conectores, enchufes y terminales",39121402,Enchufes eléctricos,"ENCHUFES DOBLE BTICINO, MODELO MINTZ TIERRA",6.0,,CLP,4710.0,28260.0,0.0
1057299-105-AG24,MATERIALES ELECTRICOS SALA CUNA MESAMAVIDA,2024-02-21T10:48:57.3,AG,,Aceptada,120788,I MUNICIPALIDAD DE LONGAVI,69.130.601-1,Longaví,Región del Maule ,26371,JUAN RUPERTO CANCINO GARRIDO,9.633.707-8,Talca,Región del Maule ,5,39121700,Artículos eléctricos y de iluminación / Equipamiento y artículos eléctricos / Suministros y accesorios eléctricos,39121719,Protectores,"PROTECTOR DIFERENCIAL 2 X 25 30 MA, MARCA LEGRAND",1.0,,CLP,12510.0,12510.0,0.0
1057299-105-AG24,MATERIALES ELECTRICOS SALA CUNA MESAMAVIDA,2024-02-21T10:48:57.3,AG,,Aceptada,120788,I MUNICIPALIDAD DE LONGAVI,69.130.601-1,Longaví,Región del Maule ,26371,JUAN RUPERTO CANCINO GARRIDO,9.633.707-8,Talca,Región del Maule ,6,39101700,Artículos eléctricos y de iluminación / Artículos de iluminación / Tubos fluorescentes,39101701,Tubos fluorescentes,CAJA TUBOS LED 18 W 120 CM,1.0,,CLP,36300.0,36300.0,0.0
1057299-118-AG24,PINTURAS ESC. LA TERCERA ,2024-02-27T15:47:53.347,AG,,Aceptada,120788,I MUNICIPALIDAD DE LONGAVI,69.130.601-1,Longaví,Región del Maule ,1494618,EASY RETAIL S.A. .-,76.568.660-1,,,1,86131500,"Educación, formación, entrenamiento y capacitación / Servicios educativos especializados / Bellas artes",86131502,Pintura,GALONES DE PINTURA LATEX COLOR ROSADO,6.0,,CLP,17171.0,103026.0,0.0
1057299-118-AG24,PINTURAS ESC. LA TERCERA ,2024-02-27T15:47:53.347,AG,,Aceptada,120788,I MUNICIPALIDAD DE LONGAVI,69.130.601-1,Longaví,Región del Maule ,1494618,EASY RETAIL S.A. .-,76.568.660-1,,,2,86131500,"Educación, formación, entrenamiento y capacitación / Servicios educativos especializados / Bellas artes",86131502,Pintura,GALONES DE PINTURA COLOR ROSA FUERTE,6.0,,CLP,18814.0,112884.0,0.0
1057299-97-SE24,"MOBILIARIO SALA CUNA LOS CRISTALES, LONGAVI",2024-02-16T15:17:39.453,SE,1057299-11-LP23,Aceptada,120788,I MUNICIPALIDAD DE LONGAVI,69.130.601-1,Longaví,Región del Maule ,1652948,MARCELO ARTURO ALEJANDRO,76.449.996-4,Linares,Región del Maule ,1,56101500,Muebles y mobiliario / Muebles de alojamiento / Muebles,56101532,Mobiliario,MESA PARVULO CUADRADA VERDE,1.0,,CLP,106480.0,106480.0,106480.0
1057299-97-SE24,"MOBILIARIO SALA CUNA LOS CRISTALES, LONGAVI",2024-02-16T15:17:39.453,SE,1057299-11-LP23,Aceptada,120788,I MUNICIPALIDAD DE LONGAVI,69.130.601-1,Longaví,Región del Maule ,1652948,MARCELO ARTURO ALEJANDRO,76.449.996-4,Linares,Región del Maule ,2,56101500,Muebles y mobiliario / Muebles de alojamiento / Muebles,56101532,Mobiliario,COLCHONES CUNAS ALTAS,4.0,,CLP,86515.0,346060.0,346060.0
1057299-97-SE24,"MOBILIARIO SALA CUNA LOS CRISTALES, LONGAVI",2024-02-16T15:17:39.453,SE,1057299-11-LP23,Aceptada,120788,I MUNICIPALIDAD DE LONGAVI,69.130.601-1,Longaví,Región del Maule ,1652948,MARCELO ARTURO ALEJANDRO,76.449.996-4,Linares,Región del Maule ,3,56101500,Muebles y mobiliario / Muebles de alojamiento / Muebles,56101532,Mobiliario,COLCHONES CUNAS BAJAS,4.0,,CLP,86515.0,346060.0,346060.0
1057299-97-SE24,"MOBILIARIO SALA CUNA LOS CRISTALES, LONGAVI",2024-02-16T15:17:39.453,SE,1057299-11-LP23,Aceptada,120788,I MUNICIPALIDAD DE LONGAVI,69.130.601-1,Longaví,Región del Maule ,1652948,MARCELO ARTURO ALEJANDRO,76.449.996-4,Linares,Región del Maule ,4,56101500,Muebles y mobiliario / Muebles de alojamiento / Muebles,56101532,Mobiliario,MESA PARVULO REDONDA,1.0,,CLP,106480.0,106480.0,106480.0
1057299-97-SE24,"MOBILIARIO SALA CUNA LOS CRISTALES, LONGAVI",2024-02-16T15:17:39.453,SE,1057299-11-LP23,Aceptada,120788,I MUNICIPALIDAD DE LONGAVI,69.130.601-1,Longaví,Región del Maule ,1652948,MARCELO ARTURO ALEJANDRO,76.449.996-4,Linares,Región del Maule ,5,56101500,Muebles y mobiliario / Muebles de alojamiento / Muebles,56101532,Mobiliario,REPISAS RADIO,2.0,,CLP,41927.0,83854.0,83854.0
1057384-13-SE24,ORDEN DE COMPRA DESDE 1057384-123-LE23,2024-01-03T10:10:02.203,SE,1057384-123-LE23,Recepción Conforme,7385,SERVICIO DE SALUD ANTOFAGASTA HOSPITAL M,61.606.203-4,Tocopilla,Región de Antofagasta ,1712167,ISDELBA BIRMANIA LÓPEZ CORTÉS,15.012.054-3,Tocopilla,Región de Antofagasta ,1,91111900,"Servicios de cuidado personal y domésticos / Servicio doméstico y de cuidados / Cuidado de niños, personas enfermas y ancianos",91111901,Jardines infantiles o salas cunas,COMPRA DE SERVICIOS DE DOS TECNICOS DE PARVULO PARA JARDIN MARQUITOS DEL HOSPITAL DE TOCOPILLA ORDEN DE COMPRA PERIODO ENERO A JUNIO 2024,1.0,,CLP,2882369.0,2882369.0,2882369.0
1057384-14-SE24,ORDEN DE COMPRA DESDE 1057384-123-LE23,2024-01-03T10:10:03.22,SE,1057384-123-LE23,Recepción Conforme,7385,SERVICIO DE SALUD ANTOFAGASTA HOSPITAL M,61.606.203-4,Tocopilla,Región de Antofagasta ,1784520,PAOLA MARINA VILLANUEVA CORTÉS,18.919.742-K,Tocopilla,Región de Antofagasta ,1,91111900,"Servicios de cuidado personal y domésticos / Servicio doméstico y de cuidados / Cuidado de niños, personas enfermas y ancianos",91111901,Jardines infantiles o salas cunas,COMPRA DE SERVICIOS DE DOS TECNICOS DE PARVULO PARA JARDIN MARQUITOS DEL HOSPITAL DE TOCOPILLA ORDEN DE COMPRA PERIODO ENERO A JUNIO 2024,1.0,,CLP,2882369.0,2882369.0,2882369.0
1057384-167-SE24,Arriendo de cilindros ,2024-02-28T11:05:59.367,SE,,Recepción Conforme,7385,SERVICIO DE SALUD ANTOFAGASTA HOSPITAL M,61.606.203-4,Tocopilla,Región de Antofagasta ,26727,LINDE GAS CHILE S.A.,90.100.000-K,Mariquina,Región de Los Ríos,1,12141900,Productos químicos industriales / Metales y gases / Elementos no metálicos y gases puros,12141904,Oxígeno O,,1.0,,CLP,486472.0,486472.0,486472.0
1057384-76-SE24,ORDEN DE COMPRA DESDE 1057384-8-LE24,2024-01-26T08:40:00.9,SE,1057384-8-LE24,Recepción Conforme,7385,SERVICIO DE SALUD ANTOFAGASTA HOSPITAL M,61.606.203-4,Tocopilla,Región de Antofagasta ,269948,ETHON PHARMACEUTICALS  COMERCIALIZADORA  IMP EXP Y DIST SPA,76.956.140-4,Rancagua,Región del Libertador General Bernardo O´Higgins,1,51131600,Medicamentos y productos farmacéuticos / Medicamentos hematólicos / Anticoagulantes,51131611,Dalteparina sódica,"DALTEPARINA 5000UI / 0,2ML",100.0,,CLP,7990.0,799000.0,799000.0
1057384-76-SE24,ORDEN DE COMPRA DESDE 1057384-8-LE24,2024-01-26T08:40:00.9,SE,1057384-8-LE24,Recepción Conforme,7385,SERVICIO DE SALUD ANTOFAGASTA HOSPITAL M,61.606.203-4,Tocopilla,Región de Antofagasta ,269948,ETHON PHARMACEUTICALS  COMERCIALIZADORA  IMP EXP Y DIST SPA,76.956.140-4,Rancagua,Región del Libertador General Bernardo O´Higgins,2,42171900,Equipamiento y suministros médicos / Artículos médicos para urgencias y atención en terreno / Contenedores de almacenaje para servicios médicos de urgencia,42171903,Cajas de medicamentos de servicios médicos de urgencia,DISULFIRANO COMPRIMIDOS 500MG,1000.0,,CLP,161.8,161800.0,161800.0
1057384-76-SE24,ORDEN DE COMPRA DESDE 1057384-8-LE24,2024-01-26T08:40:00.9,SE,1057384-8-LE24,Recepción Conforme,7385,SERVICIO DE SALUD ANTOFAGASTA HOSPITAL M,61.606.203-4,Tocopilla,Región de Antofagasta ,269948,ETHON PHARMACEUTICALS  COMERCIALIZADORA  IMP EXP Y DIST SPA,76.956.140-4,Rancagua,Región del Libertador General Bernardo O´Higgins,3,51142000,Medicamentos y productos farmacéuticos / Medicamentos para el sistema nervioso central / Analgésicos no narcóticos / antipiréticos,51142011,Salicilato de magnesio,ASPIRINA 500MG,120.0,,CLP,68.0,8160.0,8160.0
1057384-76-SE24,ORDEN DE COMPRA DESDE 1057384-8-LE24,2024-01-26T08:40:00.9,SE,1057384-8-LE24,Recepción Conforme,7385,SERVICIO DE SALUD ANTOFAGASTA HOSPITAL M,61.606.203-4,Tocopilla,Región de Antofagasta ,269948,ETHON PHARMACEUTICALS  COMERCIALIZADORA  IMP EXP Y DIST SPA,76.956.140-4,Rancagua,Región del Libertador General Bernardo O´Higgins,4,51101500,Medicamentos y productos farmacéuticos / Medicamentos anti infecciosos / Antibióticos,51101503,Cloranfenicol,CLORANFENICOL UNG. OFTALMICO X TUBOS,40.0,,CLP,824.0,32960.0,32960.0
1057384-76-SE24,ORDEN DE COMPRA DESDE 1057384-8-LE24,2024-01-26T08:40:00.9,SE,1057384-8-LE24,Recepción Conforme,7385,SERVICIO DE SALUD ANTOFAGASTA HOSPITAL M,61.606.203-4,Tocopilla,Región de Antofagasta ,269948,ETHON PHARMACEUTICALS  COMERCIALIZADORA  IMP EXP Y DIST SPA,76.956.140-4,Rancagua,Región del Libertador General Bernardo O´Higgins,5,51181500,Medicamentos y productos farmacéuticos / Hormonas y antagonistas hormonales / Agentes antidiabéticos y agentes hiperglicémicos,51181517,Clorhidrato de metformina,METFORMINA CM RECUB. OBLONGO RANURADO 850MG ,20400.0,,CLP,14.5,295800.0,295800.0
1057384-79-SE24,ORDEN DE COMPRA DESDE 1057384-8-LE24,2024-01-26T08:40:01.26,SE,1057384-8-LE24,Recepción Conforme,7385,SERVICIO DE SALUD ANTOFAGASTA HOSPITAL M,61.606.203-4,Tocopilla,Región de Antofagasta ,256360,FARMACEUTICA CARIBEAN LTDA,76.830.090-9,Renca,Región Metropolitana de Santiago,1,51142100,Medicamentos y productos farmacéuticos / Medicamentos para el sistema nervioso central / Fármacos antiinflamatorios no esteroideos (NSAID),51142121,Diclofenaco,DICLOFENACO SODICO AM. 75 MG / 3ML EN AMPOLLAS,200.0,,CLP,205.0,41000.0,41000.0
1057384-79-SE24,ORDEN DE COMPRA DESDE 1057384-8-LE24,2024-01-26T08:40:01.26,SE,1057384-8-LE24,Recepción Conforme,7385,SERVICIO DE SALUD ANTOFAGASTA HOSPITAL M,61.606.203-4,Tocopilla,Región de Antofagasta ,256360,FARMACEUTICA CARIBEAN LTDA,76.830.090-9,Renca,Región Metropolitana de Santiago,2,51141600,Medicamentos y productos farmacéuticos / Medicamentos para el sistema nervioso central / Antidepresivos,51141618,Clorhidrato de fluoxetina,VENLAFAXINA 75 MG,4000.0,,CLP,96.0,384000.0,384000.0
1057384-92-SE24,MANTENCION AMBULANCIA Nº53,2024-01-31T11:43:16.047,SE,,Recepción Conforme,7385,SERVICIO DE SALUD ANTOFAGASTA HOSPITAL M,61.606.203-4,Tocopilla,Región de Antofagasta ,93637,LYNDEY ARMANDO MIRANDA GARCÍA,7.160.894-8,Tocopilla,Región de Antofagasta ,1,92101900,"Servicios de defensa nacional, orden público y seguridad / Orden público y seguridad / Servicios de salvamento",92101902,Servicios de ambulancia,"MANTENCIÓN AMBULANCIA  053 PATENTE NºLJSD.33, POR KILOMETRAJE POR CUMPLIR",1.0,,CLP,438500.0,438500.0,438500.0
1057387-44-SE24,CONVENIO SUMINISTRO REACTIVOS E INSUMOS PARA LABORATORIO CLÍNICO,2024-01-29T18:01:32.35,SE,1057387-17-LE23,Recepción Conforme,7462,SERVICIO SALUD ARAUCANIA HOSPITAL DE COLLIPULLI,61.602.223-7,Collipulli,Región de la Araucanía ,22331,WINKLER LIMITADA,79.722.860-5,Lampa,Región Metropolitana de Santiago,1,41104900,Equipamiento para laboratorios / Equipos e insumos para laboratorio / Equipo y suministros de filtrado para laboratorio,41104924,Filtros microbiológicos,Agar Mac-Conkey,14.0,,CLP,4770.0,66780.0,66780.0
1057387-44-SE24,CONVENIO SUMINISTRO REACTIVOS E INSUMOS PARA LABORATORIO CLÍNICO,2024-01-29T18:01:32.35,SE,1057387-17-LE23,Recepción Conforme,7462,SERVICIO SALUD ARAUCANIA HOSPITAL DE COLLIPULLI,61.602.223-7,Collipulli,Región de la Araucanía ,22331,WINKLER LIMITADA,79.722.860-5,Lampa,Región Metropolitana de Santiago,2,41104900,Equipamiento para laboratorios / Equipos e insumos para laboratorio / Equipo y suministros de filtrado para laboratorio,41104924,Filtros microbiológicos,Agar Bilis Esculina,3.0,,CLP,15500.0,46500.0,46500.0
1057387-44-SE24,CONVENIO SUMINISTRO REACTIVOS E INSUMOS PARA LABORATORIO CLÍNICO,2024-01-29T18:01:32.35,SE,1057387-17-LE23,Recepción Conforme,7462,SERVICIO SALUD ARAUCANIA HOSPITAL DE COLLIPULLI,61.602.223-7,Collipulli,Región de la Araucanía ,22331,WINKLER LIMITADA,79.722.860-5,Lampa,Región Metropolitana de Santiago,3,41104900,Equipamiento para laboratorios / Equipos e insumos para laboratorio / Equipo y suministros de filtrado para laboratorio,41104924,Filtros microbiológicos,Placas agar DNASa ,3.0,,CLP,4770.0,14310.0,14310.0
1057387-44-SE24,CONVENIO SUMINISTRO REACTIVOS E INSUMOS PARA LABORATORIO CLÍNICO,2024-01-29T18:01:32.35,SE,1057387-17-LE23,Recepción Conforme,7462,SERVICIO SALUD ARAUCANIA HOSPITAL DE COLLIPULLI,61.602.223-7,Collipulli,Región de la Araucanía ,22331,WINKLER LIMITADA,79.722.860-5,Lampa,Región Metropolitana de Santiago,4,41104900,Equipamiento para laboratorios / Equipos e insumos para laboratorio / Equipo y suministros de filtrado para laboratorio,41104924,Filtros microbiológicos,Agar Chromo Strep B,14.0,,CLP,33180.0,464520.0,464520.0
1057387-44-SE24,CONVENIO SUMINISTRO REACTIVOS E INSUMOS PARA LABORATORIO CLÍNICO,2024-01-29T18:01:32.35,SE,1057387-17-LE23,Recepción Conforme,7462,SERVICIO SALUD ARAUCANIA HOSPITAL DE COLLIPULLI,61.602.223-7,Collipulli,Región de la Araucanía ,22331,WINKLER LIMITADA,79.722.860-5,Lampa,Región Metropolitana de Santiago,5,41104900,Equipamiento para laboratorios / Equipos e insumos para laboratorio / Equipo y suministros de filtrado para laboratorio,41104924,Filtros microbiológicos,Agar Manitol Sal,4.0,,CLP,6880.0,27520.0,27520.0
1057387-44-SE24,CONVENIO SUMINISTRO REACTIVOS E INSUMOS PARA LABORATORIO CLÍNICO,2024-01-29T18:01:32.35,SE,1057387-17-LE23,Recepción Conforme,7462,SERVICIO SALUD ARAUCANIA HOSPITAL DE COLLIPULLI,61.602.223-7,Collipulli,Región de la Araucanía ,22331,WINKLER LIMITADA,79.722.860-5,Lampa,Región Metropolitana de Santiago,6,41116100,"Equipamiento para laboratorios / Instrumentos de medida y experimentación / Kits para ensayos manuales, controles de calidad, calibradores y normativas",41116130,"Reactivos, soluciones o tinturas microbiológicos o bacteriológicos",Agar Cromogénico Orina,14.0,,CLP,9060.0,126840.0,126840.0
1057387-45-SE24,CONVENIO SUMINISTRO REACTIVOS E INSUMOS PARA LABORATORIO CLÍNICO,2024-01-29T18:02:04.383,SE,1057387-17-LE23,Recepción Conforme,7462,SERVICIO SALUD ARAUCANIA HOSPITAL DE COLLIPULLI,61.602.223-7,Collipulli,Región de la Araucanía ,30766,PV EQUIP  SA,79.895.670-1,Huechuraba,Región Metropolitana de Santiago,1,41104100,Equipamiento para laboratorios / Equipos e insumos para laboratorio / Contenedores para especímenes de laboratorio,41104107,Tubos o contenedores de almacenamiento de sangre en vacío,Torulas stuart medio de transporte,250.0,,CLP,320.0,80000.0,80000.0
1057387-57-CC24,COMPRA OXIGENO MEDICO HOSPITAL COLLIPULLI (FEBRERO),2024-02-06T14:28:30.33,CC,1057390-5-LR23,Recepción Conforme,7462,SERVICIO SALUD ARAUCANIA HOSPITAL DE COLLIPULLI,61.602.223-7,Collipulli,Región de la Araucanía ,1598604,INDURA S.A.,76.150.343-k,Las Condes,Región Metropolitana de Santiago,1,42271700,"Equipamiento y suministros médicos / Productos de resucitación, anestesia y respiratorios / Sistemas y dispositivos de terapia de entrega de oxígeno",42271701,Cilindros de gas médicos o dispositivos relacionad,Oxígeno Medicinal de 0.7m3 (Con Válvula PIN),4.0,,CLP,14274.0,57096.0,57096.0
1057389-388-SE24,Programacion Perecibles Febrero,2024-01-26T14:16:22.947,SE,1057389-18-LP23,Recepción Conforme,7288,SERVICIO SALUD ARAUCANIA NORTE HOSPITAL VICTORIA,61.602.229-6,Victoria,Región de la Araucanía ,90202,colala,77.109.360-4,Curacautín,Región de la Araucanía ,1,50101500,"Alimentos, bebidas y tabaco / Frutas, verduras y frutos secos / Verduras",50101539,Verduras congeladas,VERDURA CONGELADA POROTOS VERDES 500GRS,160.0,,CLP,2490.0,398400.0,398400.0
1057389-388-SE24,Programacion Perecibles Febrero,2024-01-26T14:16:22.947,SE,1057389-18-LP23,Recepción Conforme,7288,SERVICIO SALUD ARAUCANIA NORTE HOSPITAL VICTORIA,61.602.229-6,Victoria,Región de la Araucanía ,90202,colala,77.109.360-4,Curacautín,Región de la Araucanía ,2,50101500,"Alimentos, bebidas y tabaco / Frutas, verduras y frutos secos / Verduras",50101538,Verduras frescas,PAPAS PREFRITAS 1K,120.0,,CLP,5190.0,622800.0,622800.0
1057389-388-SE24,Programacion Perecibles Febrero,2024-01-26T14:16:22.947,SE,1057389-18-LP23,Recepción Conforme,7288,SERVICIO SALUD ARAUCANIA NORTE HOSPITAL VICTORIA,61.602.229-6,Victoria,Región de la Araucanía ,90202,colala,77.109.360-4,Curacautín,Región de la Araucanía ,3,50112000,"Alimentos, bebidas y tabaco / Productos de carne y aves de corral / Carnes procesadas y preparadas",50112001,Carnes frescas procesadas y preparadas,JAMON DE PAVO 150 GR,360.0,,CLP,3590.0,1292400.0,1292400.0
1057389-388-SE24,Programacion Perecibles Febrero,2024-01-26T14:16:22.947,SE,1057389-18-LP23,Recepción Conforme,7288,SERVICIO SALUD ARAUCANIA NORTE HOSPITAL VICTORIA,61.602.229-6,Victoria,Región de la Araucanía ,90202,colala,77.109.360-4,Curacautín,Región de la Araucanía ,4,50101500,"Alimentos, bebidas y tabaco / Frutas, verduras y frutos secos / Verduras",50101539,Verduras congeladas,VERDURA CONGELADA MAIZ 500GRS,160.0,,CLP,2490.0,398400.0,398400.0
1057389-388-SE24,Programacion Perecibles Febrero,2024-01-26T14:16:22.947,SE,1057389-18-LP23,Recepción Conforme,7288,SERVICIO SALUD ARAUCANIA NORTE HOSPITAL VICTORIA,61.602.229-6,Victoria,Región de la Araucanía ,90202,colala,77.109.360-4,Curacautín,Región de la Araucanía ,5,50101500,"Alimentos, bebidas y tabaco / Frutas, verduras y frutos secos / Verduras",50101539,Verduras congeladas,VERDURA CONGELADA ARVEJAS 500GRS,160.0,,CLP,2490.0,398400.0,398400.0
1057389-388-SE24,Programacion Perecibles Febrero,2024-01-26T14:16:22.947,SE,1057389-18-LP23,Recepción Conforme,7288,SERVICIO SALUD ARAUCANIA NORTE HOSPITAL VICTORIA,61.602.229-6,Victoria,Región de la Araucanía ,90202,colala,77.109.360-4,Curacautín,Región de la Araucanía ,6,50131700,"Alimentos, bebidas y tabaco / Productos lácteos y huevos / Productos de leche y mantequilla",50131701,Leche o productos de mantequilla,PROBIOTICOS PACK 6 UNIDADES,100.0,,CLP,2990.0,299000.0,299000.0
1057389-388-SE24,Programacion Perecibles Febrero,2024-01-26T14:16:22.947,SE,1057389-18-LP23,Recepción Conforme,7288,SERVICIO SALUD ARAUCANIA NORTE HOSPITAL VICTORIA,61.602.229-6,Victoria,Región de la Araucanía ,90202,colala,77.109.360-4,Curacautín,Región de la Araucanía ,7,50181900,"Alimentos, bebidas y tabaco / Productos de panadería / Pan, galletas y pastelitos dulces",50181901,Pan fresco,PAN DE MOLDE 350 GRS,120.0,,CLP,2290.0,274800.0,274800.0
1057389-388-SE24,Programacion Perecibles Febrero,2024-01-26T14:16:22.947,SE,1057389-18-LP23,Recepción Conforme,7288,SERVICIO SALUD ARAUCANIA NORTE HOSPITAL VICTORIA,61.602.229-6,Victoria,Región de la Araucanía ,90202,colala,77.109.360-4,Curacautín,Región de la Araucanía ,8,50101500,"Alimentos, bebidas y tabaco / Frutas, verduras y frutos secos / Verduras",50101538,Verduras frescas,PAPAS DUQUESAS 1K,120.0,,CLP,5190.0,622800.0,622800.0
1057389-388-SE24,Programacion Perecibles Febrero,2024-01-26T14:16:22.947,SE,1057389-18-LP23,Recepción Conforme,7288,SERVICIO SALUD ARAUCANIA NORTE HOSPITAL VICTORIA,61.602.229-6,Victoria,Región de la Araucanía ,90202,colala,77.109.360-4,Curacautín,Región de la Araucanía ,9,50192300,"Alimentos, bebidas y tabaco / Alimentos preparados y conservados / Postres y decoraciones",50192303,"Postres, helados o yogurt congelado",HELADO DE PIÑA 1L,28.0,,CLP,2690.0,75320.0,75320.0
1057389-388-SE24,Programacion Perecibles Febrero,2024-01-26T14:16:22.947,SE,1057389-18-LP23,Recepción Conforme,7288,SERVICIO SALUD ARAUCANIA NORTE HOSPITAL VICTORIA,61.602.229-6,Victoria,Región de la Araucanía ,90202,colala,77.109.360-4,Curacautín,Región de la Araucanía ,10,50193200,"Alimentos, bebidas y tabaco / Alimentos preparados y conservados / Ensaladas preparadas",50193202,Ensaladas congeladas,VERDURA CONGELADA PRIMAVERA 500GR,160.0,,CLP,2190.0,350400.0,350400.0
1057389-731-AG24,Mudanza desde Viña del Mar a Victoria,2024-02-22T09:12:15.98,AG,,Recepción Conforme,7288,SERVICIO SALUD ARAUCANIA NORTE HOSPITAL VICTORIA,61.602.229-6,Victoria,Región de la Araucanía ,1843106,TFL TRANSPORTES SPA,77.637.426-1,Viña del Mar,Región de Valparaíso ,1,56121300,"Muebles y mobiliario / Mobiliario y accesorios institucional, escolar y educativo / Accesorios de instalaciones educativas generales",56121302,Transportes de sillas o mesas,"Servicio de mudanza completo ( embalaje, desembalaje, carga, descarga y traslado) en camion cerrado de 5.000 km aprox
desde ciudad de Viña del Mar a Victoria
contar con seguro  por daño de garga general en el proceso de transporte
seguimiento GPS
adjuntar propuesta detallada de servicio ofertado
",1.0,,CLP,1500000.0,1500000.0,0.0
1057389-751-AG24,Bandas de primer molar ,2024-02-26T11:45:10.47,AG,,Recepción Conforme,7288,SERVICIO SALUD ARAUCANIA NORTE HOSPITAL VICTORIA,61.602.229-6,Victoria,Región de la Araucanía ,62868,ORTOTEK LTDA,79.673.350-0,Providencia,Región Metropolitana de Santiago,1,42152600,Equipamiento y suministros médicos / Equipos y suministros odontológicos / Suministros específicos para la operatoria dental,42152608,Cartuchos de ligamento de ortodoncia,bandas de primer molar superior derecho con caja mbt 35+,5.0,,CLP,4840.0,24200.0,0.0
1057389-751-AG24,Bandas de primer molar ,2024-02-26T11:45:10.47,AG,,Recepción Conforme,7288,SERVICIO SALUD ARAUCANIA NORTE HOSPITAL VICTORIA,61.602.229-6,Victoria,Región de la Araucanía ,62868,ORTOTEK LTDA,79.673.350-0,Providencia,Región Metropolitana de Santiago,2,42152600,Equipamiento y suministros médicos / Equipos y suministros odontológicos / Suministros específicos para la operatoria dental,42152608,Cartuchos de ligamento de ortodoncia,bandas de primer molar superior derecho con caja mbt 36,5.0,,CLP,4840.0,24200.0,0.0
1057389-751-AG24,Bandas de primer molar ,2024-02-26T11:45:10.47,AG,,Recepción Conforme,7288,SERVICIO SALUD ARAUCANIA NORTE HOSPITAL VICTORIA,61.602.229-6,Victoria,Región de la Araucanía ,62868,ORTOTEK LTDA,79.673.350-0,Providencia,Región Metropolitana de Santiago,3,42152600,Equipamiento y suministros médicos / Equipos y suministros odontológicos / Suministros específicos para la operatoria dental,42152608,Cartuchos de ligamento de ortodoncia,bandas de primer molar superior derecho con caja mbt 36+,5.0,,CLP,4840.0,24200.0,0.0
1057389-751-AG24,Bandas de primer molar ,2024-02-26T11:45:10.47,AG,,Recepción Conforme,7288,SERVICIO SALUD ARAUCANIA NORTE HOSPITAL VICTORIA,61.602.229-6,Victoria,Región de la Araucanía ,62868,ORTOTEK LTDA,79.673.350-0,Providencia,Región Metropolitana de Santiago,4,42152600,Equipamiento y suministros médicos / Equipos y suministros odontológicos / Suministros específicos para la operatoria dental,42152608,Cartuchos de ligamento de ortodoncia,bandas de primer molar superior derecho con caja mbt 37,5.0,,CLP,4840.0,24200.0,0.0
1057389-751-AG24,Bandas de primer molar ,2024-02-26T11:45:10.47,AG,,Recepción Conforme,7288,SERVICIO SALUD ARAUCANIA NORTE HOSPITAL VICTORIA,61.602.229-6,Victoria,Región de la Araucanía ,62868,ORTOTEK LTDA,79.673.350-0,Providencia,Región Metropolitana de Santiago,5,42152600,Equipamiento y suministros médicos / Equipos y suministros odontológicos / Suministros específicos para la operatoria dental,42152608,Cartuchos de ligamento de ortodoncia,bandas de primer molar superior derecho con caja mbt 37+,5.0,,CLP,4840.0,24200.0,0.0
1057389-751-AG24,Bandas de primer molar ,2024-02-26T11:45:10.47,AG,,Recepción Conforme,7288,SERVICIO SALUD ARAUCANIA NORTE HOSPITAL VICTORIA,61.602.229-6,Victoria,Región de la Araucanía ,62868,ORTOTEK LTDA,79.673.350-0,Providencia,Región Metropolitana de Santiago,6,42152600,Equipamiento y suministros médicos / Equipos y suministros odontológicos / Suministros específicos para la operatoria dental,42152608,Cartuchos de ligamento de ortodoncia,bandas de primer molar superior derecho con caja mbt 38,5.0,,CLP,4840.0,24200.0,0.0
1057389-751-AG24,Bandas de primer molar ,2024-02-26T11:45:10.47,AG,,Recepción Conforme,7288,SERVICIO SALUD ARAUCANIA NORTE HOSPITAL VICTORIA,61.602.229-6,Victoria,Región de la Araucanía ,62868,ORTOTEK LTDA,79.673.350-0,Providencia,Región Metropolitana de Santiago,7,42152600,Equipamiento y suministros médicos / Equipos y suministros odontológicos / Suministros específicos para la operatoria dental,42152608,Cartuchos de ligamento de ortodoncia,bandas de primer molar superior derecho con caja mbt 38+,5.0,,CLP,4840.0,24200.0,0.0
1057389-751-AG24,Bandas de primer molar ,2024-02-26T11:45:10.47,AG,,Recepción Conforme,7288,SERVICIO SALUD ARAUCANIA NORTE HOSPITAL VICTORIA,61.602.229-6,Victoria,Región de la Araucanía ,62868,ORTOTEK LTDA,79.673.350-0,Providencia,Región Metropolitana de Santiago,8,42152600,Equipamiento y suministros médicos / Equipos y suministros odontológicos / Suministros específicos para la operatoria dental,42152608,Cartuchos de ligamento de ortodoncia,bandas de primer molar superior derecho con caja mbt 39,5.0,,CLP,4840.0,24200.0,0.0
1057389-751-AG24,Bandas de primer molar ,2024-02-26T11:45:10.47,AG,,Recepción Conforme,7288,SERVICIO SALUD ARAUCANIA NORTE HOSPITAL VICTORIA,61.602.229-6,Victoria,Región de la Araucanía ,62868,ORTOTEK LTDA,79.673.350-0,Providencia,Región Metropolitana de Santiago,9,42152600,Equipamiento y suministros médicos / Equipos y suministros odontológicos / Suministros específicos para la operatoria dental,42152608,Cartuchos de ligamento de ortodoncia,bandas de primer molar superior derecho con caja mbt 39+,5.0,,CLP,4840.0,24200.0,0.0
1057389-751-AG24,Bandas de primer molar ,2024-02-26T11:45:10.47,AG,,Recepción Conforme,7288,SERVICIO SALUD ARAUCANIA NORTE HOSPITAL VICTORIA,61.602.229-6,Victoria,Región de la Araucanía ,62868,ORTOTEK LTDA,79.673.350-0,Providencia,Región Metropolitana de Santiago,10,42152600,Equipamiento y suministros médicos / Equipos y suministros odontológicos / Suministros específicos para la operatoria dental,42152608,Cartuchos de ligamento de ortodoncia,bandas de primer molar superior derecho con caja mbt 40,5.0,,CLP,4840.0,24200.0,0.0
1057389-751-AG24,Bandas de primer molar ,2024-02-26T11:45:10.47,AG,,Recepción Conforme,7288,SERVICIO SALUD ARAUCANIA NORTE HOSPITAL VICTORIA,61.602.229-6,Victoria,Región de la Araucanía ,62868,ORTOTEK LTDA,79.673.350-0,Providencia,Región Metropolitana de Santiago,11,42152600,Equipamiento y suministros médicos / Equipos y suministros odontológicos / Suministros específicos para la operatoria dental,42152608,Cartuchos de ligamento de ortodoncia,bandas de primer molar superior derecho con caja mbt 40+,5.0,,CLP,4840.0,24200.0,0.0
1057389-784-AG24,Orden de Compra generada por invitación a compra ágil: 1057389-374-COT24,2024-02-29T09:01:47.77,AG,,Recepción Conforme,7288,SERVICIO SALUD ARAUCANIA NORTE HOSPITAL VICTORIA,61.602.229-6,Victoria,Región de la Araucanía ,39078,INVERSIONES Y SERVICIOS BALDER S.A.,79.510.190-k,Ñuñoa,Región Metropolitana de Santiago,1,42181700,Equipamiento y suministros médicos / Productos para exámenes y control de pacientes / Unidades de electrocardiografía (ECG) y productos relacionados,42181708,Electrodos de parche de electrocardiografía (ECG),"PLACA PACIENTE SIN CABLE ADULTO C/REM (BIPOLAR) PARTIDA
",400.0,,CLP,790.0,316000.0,0.0
1057389-786-SE24,Carne Sala Cuna,2024-02-29T09:29:21.33,SE,1057389-47-LQ22,Recepción Conforme,7288,SERVICIO SALUD ARAUCANIA NORTE HOSPITAL VICTORIA,61.602.229-6,Victoria,Región de la Araucanía ,262633,"carniceria,fruteria san daniel",76.631.720-0,Angol,Región de la Araucanía ,1,50111500,"Alimentos, bebidas y tabaco / Productos de carne y aves de corral / Carnes y aves de corral",50111510,Carne de ave o carne fresca,,2.0,,CLP,8990.0,17980.0,17980.0
1057389-786-SE24,Carne Sala Cuna,2024-02-29T09:29:21.33,SE,1057389-47-LQ22,Recepción Conforme,7288,SERVICIO SALUD ARAUCANIA NORTE HOSPITAL VICTORIA,61.602.229-6,Victoria,Región de la Araucanía ,262633,"carniceria,fruteria san daniel",76.631.720-0,Angol,Región de la Araucanía ,2,50111500,"Alimentos, bebidas y tabaco / Productos de carne y aves de corral / Carnes y aves de corral",50111510,Carne de ave o carne fresca,,2.0,,CLP,4990.0,9980.0,9980.0
1057389-786-SE24,Carne Sala Cuna,2024-02-29T09:29:21.33,SE,1057389-47-LQ22,Recepción Conforme,7288,SERVICIO SALUD ARAUCANIA NORTE HOSPITAL VICTORIA,61.602.229-6,Victoria,Región de la Araucanía ,262633,"carniceria,fruteria san daniel",76.631.720-0,Angol,Región de la Araucanía ,3,50131600,"Alimentos, bebidas y tabaco / Productos lácteos y huevos / Huevos y sustitutos",50131606,Huevos frescos,,6.0,,CLP,195.0,1170.0,1170.0
1057389-787-SE24,Carne Funcionarios,2024-02-29T09:38:34.607,SE,1057389-47-LQ22,Recepción Conforme,7288,SERVICIO SALUD ARAUCANIA NORTE HOSPITAL VICTORIA,61.602.229-6,Victoria,Región de la Araucanía ,262633,"carniceria,fruteria san daniel",76.631.720-0,Angol,Región de la Araucanía ,1,50111500,"Alimentos, bebidas y tabaco / Productos de carne y aves de corral / Carnes y aves de corral",50111510,Carne de ave o carne fresca,,120.0,,CLP,1190.0,142800.0,142800.0
1057389-787-SE24,Carne Funcionarios,2024-02-29T09:38:34.607,SE,1057389-47-LQ22,Recepción Conforme,7288,SERVICIO SALUD ARAUCANIA NORTE HOSPITAL VICTORIA,61.602.229-6,Victoria,Región de la Araucanía ,262633,"carniceria,fruteria san daniel",76.631.720-0,Angol,Región de la Araucanía ,2,50111500,"Alimentos, bebidas y tabaco / Productos de carne y aves de corral / Carnes y aves de corral",50111510,Carne de ave o carne fresca,,20.0,,CLP,4990.0,99800.0,99800.0
1057389-787-SE24,Carne Funcionarios,2024-02-29T09:38:34.607,SE,1057389-47-LQ22,Recepción Conforme,7288,SERVICIO SALUD ARAUCANIA NORTE HOSPITAL VICTORIA,61.602.229-6,Victoria,Región de la Araucanía ,262633,"carniceria,fruteria san daniel",76.631.720-0,Angol,Región de la Araucanía ,3,50111500,"Alimentos, bebidas y tabaco / Productos de carne y aves de corral / Carnes y aves de corral",50111510,Carne de ave o carne fresca,,20.0,,CLP,8990.0,179800.0,179800.0
1057389-787-SE24,Carne Funcionarios,2024-02-29T09:38:34.607,SE,1057389-47-LQ22,Recepción Conforme,7288,SERVICIO SALUD ARAUCANIA NORTE HOSPITAL VICTORIA,61.602.229-6,Victoria,Región de la Araucanía ,262633,"carniceria,fruteria san daniel",76.631.720-0,Angol,Región de la Araucanía ,4,50131600,"Alimentos, bebidas y tabaco / Productos lácteos y huevos / Huevos y sustitutos",50131606,Huevos frescos,,210.0,,CLP,195.0,40950.0,40950.0
1057389-787-SE24,Carne Funcionarios,2024-02-29T09:38:34.607,SE,1057389-47-LQ22,Recepción Conforme,7288,SERVICIO SALUD ARAUCANIA NORTE HOSPITAL VICTORIA,61.602.229-6,Victoria,Región de la Araucanía ,262633,"carniceria,fruteria san daniel",76.631.720-0,Angol,Región de la Araucanía ,5,50111500,"Alimentos, bebidas y tabaco / Productos de carne y aves de corral / Carnes y aves de corral",50111510,Carne de ave o carne fresca,,30.0,,CLP,8990.0,269700.0,269700.0
1057389-787-SE24,Carne Funcionarios,2024-02-29T09:38:34.607,SE,1057389-47-LQ22,Recepción Conforme,7288,SERVICIO SALUD ARAUCANIA NORTE HOSPITAL VICTORIA,61.602.229-6,Victoria,Región de la Araucanía ,262633,"carniceria,fruteria san daniel",76.631.720-0,Angol,Región de la Araucanía ,6,50111500,"Alimentos, bebidas y tabaco / Productos de carne y aves de corral / Carnes y aves de corral",50111510,Carne de ave o carne fresca,,10.0,,CLP,6990.0,69900.0,69900.0
1057389-787-SE24,Carne Funcionarios,2024-02-29T09:38:34.607,SE,1057389-47-LQ22,Recepción Conforme,7288,SERVICIO SALUD ARAUCANIA NORTE HOSPITAL VICTORIA,61.602.229-6,Victoria,Región de la Araucanía ,262633,"carniceria,fruteria san daniel",76.631.720-0,Angol,Región de la Araucanía ,7,50111500,"Alimentos, bebidas y tabaco / Productos de carne y aves de corral / Carnes y aves de corral",50111510,Carne de ave o carne fresca,,140.0,,CLP,1790.0,250600.0,250600.0
1057389-787-SE24,Carne Funcionarios,2024-02-29T09:38:34.607,SE,1057389-47-LQ22,Recepción Conforme,7288,SERVICIO SALUD ARAUCANIA NORTE HOSPITAL VICTORIA,61.602.229-6,Victoria,Región de la Araucanía ,262633,"carniceria,fruteria san daniel",76.631.720-0,Angol,Región de la Araucanía ,8,50111500,"Alimentos, bebidas y tabaco / Productos de carne y aves de corral / Carnes y aves de corral",50111510,Carne de ave o carne fresca,,55.0,,CLP,9990.0,549450.0,549450.0
1057390-113-SE24,CONV. MANTENIMIENTO AMBULANCIAS 1057390-15-LQ23/JB-DF85,2024-02-28T10:08:14.557,SE,1057390-15-LQ23,Recepción Conforme,7302,SERVICIO DE SALUD ARAUCANIA NORTE,61.955.100-1,Angol,Región de la Araucanía ,26855,KAUFMANN S A VEHICULOS MOTORIZADOS,92.475.000-6,Antuco,Región del Biobío ,1,78180100,"Servicios de transporte, almacenaje y correo / Servicios de mantención o reparaciones de transportes / Mantención o reparación de vehículos",78180101,Reparación y pintura carrocerías,"Convenio Mantenimiento Preventivo y Correctivo Ambulancias SAMU
NRO. OT: 0204273259
AMBULANCIA SAMU JB-DF85",1.0,,CLP,667260.0,667260.0,667260.0
1057390-115-SE24,CONV. MANTENIMIENTO AMBULANCIAS 1057390-15-LQ23/HZHW45,2024-02-28T11:04:48.137,SE,1057390-15-LQ23,Recepción Conforme,7302,SERVICIO DE SALUD ARAUCANIA NORTE,61.955.100-1,Angol,Región de la Araucanía ,26855,KAUFMANN S A VEHICULOS MOTORIZADOS,92.475.000-6,Antuco,Región del Biobío ,1,78180100,"Servicios de transporte, almacenaje y correo / Servicios de mantención o reparaciones de transportes / Mantención o reparación de vehículos",78180101,Reparación y pintura carrocerías,"Convenio Mantenimiento Preventivo y Correctivo Ambulancias SAMU
NRO. OT: 0204299283
AMBULANCIA SAMU HZ-HW45",1.0,,CLP,405057.0,405057.0,405057.0
1057390-119-SE24,CONV. MANTENIMIENTO AMBULANCIAS 1057390-15-LQ23/HZHR68,2024-02-28T11:47:54.79,SE,1057390-15-LQ23,Recepción Conforme,7302,SERVICIO DE SALUD ARAUCANIA NORTE,61.955.100-1,Angol,Región de la Araucanía ,26855,KAUFMANN S A VEHICULOS MOTORIZADOS,92.475.000-6,Antuco,Región del Biobío ,1,78180100,"Servicios de transporte, almacenaje y correo / Servicios de mantención o reparaciones de transportes / Mantención o reparación de vehículos",78180101,Reparación y pintura carrocerías,"Convenio Mantenimiento Preventivo y Correctivo Ambulancias SAMU
NRO. OT: 0204290889
AMBULANCIA SAMU HZ-HR68",1.0,,CLP,405057.0,405057.0,405057.0
1057390-24-SE24, 1057390-797-SE23	CONVENIO LICENCIA MÉDICA ELECTRÓ,2024-01-18T17:13:13.047,SE,1057390-3-LE23,Recepción Conforme,7302,SERVICIO DE SALUD ARAUCANIA NORTE,61.955.100-1,Angol,Región de la Araucanía ,47799,I-MED S.A.,99.509.000-7,Providencia,Región Metropolitana de Santiago,1,43231500,"Tecnologías de la información, telecomunicaciones y radiodifusión / Software / Software de gestión",43231512,Software de gestión de licencias,Transacciones Licencia Medica Electronica Prestador,296.0,,CLP,97.0,28712.0,28712.0
1057390-24-SE24, 1057390-797-SE23	CONVENIO LICENCIA MÉDICA ELECTRÓ,2024-01-18T17:13:13.047,SE,1057390-3-LE23,Recepción Conforme,7302,SERVICIO DE SALUD ARAUCANIA NORTE,61.955.100-1,Angol,Región de la Araucanía ,47799,I-MED S.A.,99.509.000-7,Providencia,Región Metropolitana de Santiago,2,43231500,"Tecnologías de la información, telecomunicaciones y radiodifusión / Software / Software de gestión",43231512,Software de gestión de licencias,Transaccones Licencia Medica Electronica No Adscrito,397.0,,CLP,83.0,32951.0,32951.0
1057390-24-SE24, 1057390-797-SE23	CONVENIO LICENCIA MÉDICA ELECTRÓ,2024-01-18T17:13:13.047,SE,1057390-3-LE23,Recepción Conforme,7302,SERVICIO DE SALUD ARAUCANIA NORTE,61.955.100-1,Angol,Región de la Araucanía ,47799,I-MED S.A.,99.509.000-7,Providencia,Región Metropolitana de Santiago,3,43231500,"Tecnologías de la información, telecomunicaciones y radiodifusión / Software / Software de gestión",43231512,Software de gestión de licencias,Transacciones Licencia Medica Electronica adscrito,2305.0,,CLP,97.0,223585.0,223585.0
1057390-82-SE24,COMPRA DE INSUMOS DENTALES - ORDEN DE COMPRA DESDE 1057390-102-LE23,2024-02-08T16:28:01.98,SE,1057390-102-LE23,Recepción Conforme,7302,SERVICIO DE SALUD ARAUCANIA NORTE,61.955.100-1,Angol,Región de la Araucanía ,45211,INMED DROGUERIA LTDA.,86.821.000-1,Renca,Región Metropolitana de Santiago,1,42151600,Equipamiento y suministros médicos / Equipos y suministros odontológicos / Instrumentos y dispositivos dentales y de sub-especialidad,42151681,Sets de anestesia odontológica o accesorios,ANESTÉSICO AL  2 % CAJA X 50 CARTUCHOS,30.0,,CLP,14450.0,433500.0,433500.0
1057390-82-SE24,COMPRA DE INSUMOS DENTALES - ORDEN DE COMPRA DESDE 1057390-102-LE23,2024-02-08T16:28:01.98,SE,1057390-102-LE23,Recepción Conforme,7302,SERVICIO DE SALUD ARAUCANIA NORTE,61.955.100-1,Angol,Región de la Araucanía ,45211,INMED DROGUERIA LTDA.,86.821.000-1,Renca,Región Metropolitana de Santiago,2,42151600,Equipamiento y suministros médicos / Equipos y suministros odontológicos / Instrumentos y dispositivos dentales y de sub-especialidad,42151681,Sets de anestesia odontológica o accesorios,ANESTESICO AL  3 % CAJA X 50 CARTUCHOS,20.0,,CLP,16250.0,325000.0,325000.0
1057390-82-SE24,COMPRA DE INSUMOS DENTALES - ORDEN DE COMPRA DESDE 1057390-102-LE23,2024-02-08T16:28:01.98,SE,1057390-102-LE23,Recepción Conforme,7302,SERVICIO DE SALUD ARAUCANIA NORTE,61.955.100-1,Angol,Región de la Araucanía ,45211,INMED DROGUERIA LTDA.,86.821.000-1,Renca,Región Metropolitana de Santiago,3,42132200,Equipamiento y suministros médicos / Vestuario clínico / Guantes médicos y accesorios,42132205,Guantes quirúrgicos,GUANTES DE NITRILO  TALLA  XS /CAJA X 100 UNIDADES,100.0,,CLP,1690.0,169000.0,169000.0
1057402-1016-SE24,CORONARIA.REP.Nº59.ENERO.RECETA.716843.(INS),2024-01-29T16:21:18.52,SE,,Recepción Conforme,7297,HOSPITAL CLINICO DE MAGALLANES DR. LAUTARO NAVARRO AVARIA,61.607.901-8,Punta Arenas,Región de Magallanes y de la Antártica,1096642,"ARTICULOS, EQUIPOS Y PRODUCTOS PARA LA MEDICINA, LABORATORIOS Y LA IND",76.044.959-8,Providencia,Región Metropolitana de Santiago,1,42203400,"Equipamiento y suministros médicos / Productos para imágenes y de medicina nuclear / Artículos para imágenes vasculares, cardiología intervencional y laboratorio de cateterización cardiaca",42203405,Globos de Angioplastia,"222-9161-7	STENT CON DROGA ORSIRO 3.0 X 35
LOTE: 5233872",1.0,,CLP,599000.0,599000.0,599000.0
1057402-1017-SE24,CORONARIA.REP.Nº59.ENERO.RECETA.716835.(INS),2024-01-29T16:24:53.587,SE,,Recepción Conforme,7297,HOSPITAL CLINICO DE MAGALLANES DR. LAUTARO NAVARRO AVARIA,61.607.901-8,Punta Arenas,Región de Magallanes y de la Antártica,1096642,"ARTICULOS, EQUIPOS Y PRODUCTOS PARA LA MEDICINA, LABORATORIOS Y LA IND",76.044.959-8,Providencia,Región Metropolitana de Santiago,1,42203400,"Equipamiento y suministros médicos / Productos para imágenes y de medicina nuclear / Artículos para imágenes vasculares, cardiología intervencional y laboratorio de cateterización cardiaca",42203405,Globos de Angioplastia,"STENT CON DROGA ORSIRO 3.5 X 35
LOTE: 4233194",1.0,,CLP,599000.0,599000.0,599000.0
1057402-10698-SE23,[5074] ADQ. REPUESTOS PARA VENTILADORES MECANICOS PARA TRANSPORTE- UEH,2023-10-31T15:32:17.05,SE,,Recepción Conforme,7297,HOSPITAL CLINICO DE MAGALLANES DR. LAUTARO NAVARRO AVARIA,61.607.901-8,Punta Arenas,Región de Magallanes y de la Antártica,1388847,RMH,76.348.242-1,Las Condes,Región Metropolitana de Santiago,1,42272200,"Equipamiento y suministros médicos / Productos de resucitación, anestesia y respiratorios / Ventiladores y accesorios de presión mecánica positiva",42272209,Circuito de respiración o ventilador,"CIRCUITO REUTILIZABLE DE 2M, CON MEDICIÓN DE FLUJO, PARA MEDUMAT STANDARD 2",4.0,,CLP,561711.0,2246844.0,2246844.0
1057402-10698-SE23,[5074] ADQ. REPUESTOS PARA VENTILADORES MECANICOS PARA TRANSPORTE- UEH,2023-10-31T15:32:17.05,SE,,Recepción Conforme,7297,HOSPITAL CLINICO DE MAGALLANES DR. LAUTARO NAVARRO AVARIA,61.607.901-8,Punta Arenas,Región de Magallanes y de la Antártica,1388847,RMH,76.348.242-1,Las Condes,Región Metropolitana de Santiago,2,42272200,"Equipamiento y suministros médicos / Productos de resucitación, anestesia y respiratorios / Ventiladores y accesorios de presión mecánica positiva",42272219,Filtros o intercambiadores de humedad o calor del ,SET DE 05 FILTROS DE HIGIENE PARA MEDUMAT STANDARD 2,1.0,,CLP,276896.0,276896.0,276896.0
1057402-10698-SE23,[5074] ADQ. REPUESTOS PARA VENTILADORES MECANICOS PARA TRANSPORTE- UEH,2023-10-31T15:32:17.05,SE,,Recepción Conforme,7297,HOSPITAL CLINICO DE MAGALLANES DR. LAUTARO NAVARRO AVARIA,61.607.901-8,Punta Arenas,Región de Magallanes y de la Antártica,1388847,RMH,76.348.242-1,Las Condes,Región Metropolitana de Santiago,3,42272200,"Equipamiento y suministros médicos / Productos de resucitación, anestesia y respiratorios / Ventiladores y accesorios de presión mecánica positiva",42272220,Accesorios del ventilador,BATERÍA RECARGABLE PARA MEDUCORE Y MEDUMAT STANDARD 2,3.0,,CLP,631349.0,1894047.0,1894047.0
1057402-12065-SE23,[5074] Mantención Preventiva y Correctiva a la Red de Extinción de Incendio,2023-12-01T13:52:00.88,SE,1057402-269-LE23,Recepción Conforme,7297,HOSPITAL CLINICO DE MAGALLANES DR. LAUTARO NAVARRO AVARIA,61.607.901-8,Punta Arenas,Región de Magallanes y de la Antártica,1309209,Consultores de Ingenieria APROCIN Ltda,76.195.624-8,Punta Arenas,Región de Magallanes y de la Antártica,1,80111600,"Servicios profesionales, administrativos y consultorías de gestión empresarial / Servicios de recursos humanos / Servicios de personal temporal",80111613,Mano de obra temporal,Mantención preventiva y correctiva red extinción HCM . ,1.0,,CLP,23955750.4,23955750.4,23955750.4
1057402-1234-AG24,MAT.CURACION.FEB.TIJERA.CORTE.VENDA.(INS),2024-02-02T15:26:46.737,AG,,Recepción Conforme,7297,HOSPITAL CLINICO DE MAGALLANES DR. LAUTARO NAVARRO AVARIA,61.607.901-8,Punta Arenas,Región de Magallanes y de la Antártica,1712522,PHARMA - HEALTH SPA,77.132.294-8,Quilpué,Región de Valparaíso ,1,42311500,"Equipamiento y suministros médicos / Productos para el cuidado de heridas / Vendas, vendajes y productos relacionados",42311537,Tijeras para vendajes o sus accesorios,345-9930	TIJERA PARA VENDAS,5.0,,CLP,6500.0,32500.0,0.0
1057402-12880-SE23,ESTERILIZACION/DIC.VARIOS.MUNNICH(INS),2023-12-21T16:07:27.883,SE,,Recepción Conforme,7297,HOSPITAL CLINICO DE MAGALLANES DR. LAUTARO NAVARRO AVARIA,61.607.901-8,Punta Arenas,Región de Magallanes y de la Antártica,24141,MUNNICH PHARMA MEDICAL SPA,80.447.400-5,,,1,42281800,Equipamiento y suministros médicos / Productos para la esterilización médica / Controles e indicadores de esterilización,42281804,Controles de esterilización,224-6942-2 	INTEGRADOR QUIMICO P/VAPOR CLASE 5 1234B,9000.0,,CLP,178.17,1603530.0,1603530.0
1057402-12880-SE23,ESTERILIZACION/DIC.VARIOS.MUNNICH(INS),2023-12-21T16:07:27.883,SE,,Recepción Conforme,7297,HOSPITAL CLINICO DE MAGALLANES DR. LAUTARO NAVARRO AVARIA,61.607.901-8,Punta Arenas,Región de Magallanes y de la Antártica,24141,MUNNICH PHARMA MEDICAL SPA,80.447.400-5,,,2,42281800,Equipamiento y suministros médicos / Productos para la esterilización médica / Controles e indicadores de esterilización,42281804,Controles de esterilización,224-9088 	CONTROL BIOLOGICO LECTURA EXTRA RAPIDA,150.0,,CLP,5192.16,778824.0,778824.0
1057402-12880-SE23,ESTERILIZACION/DIC.VARIOS.MUNNICH(INS),2023-12-21T16:07:27.883,SE,,Recepción Conforme,7297,HOSPITAL CLINICO DE MAGALLANES DR. LAUTARO NAVARRO AVARIA,61.607.901-8,Punta Arenas,Región de Magallanes y de la Antártica,24141,MUNNICH PHARMA MEDICAL SPA,80.447.400-5,,,3,42281800,Equipamiento y suministros médicos / Productos para la esterilización médica / Controles e indicadores de esterilización,42281804,Controles de esterilización,224-6942 	CONTROL BIOLOG. OXIDO ETILENO LECTURA RAPIDA 1294,100.0,,CLP,3745.64,374564.0,374564.0
1057402-12880-SE23,ESTERILIZACION/DIC.VARIOS.MUNNICH(INS),2023-12-21T16:07:27.883,SE,,Recepción Conforme,7297,HOSPITAL CLINICO DE MAGALLANES DR. LAUTARO NAVARRO AVARIA,61.607.901-8,Punta Arenas,Región de Magallanes y de la Antártica,24141,MUNNICH PHARMA MEDICAL SPA,80.447.400-5,,,4,42281800,Equipamiento y suministros médicos / Productos para la esterilización médica / Controles e indicadores de esterilización,42281804,Controles de esterilización,224-9087 	CONTROL BIOLOGICO LECTURA RAPIDA,100.0,,CLP,5192.16,519216.0,519216.0
1057402-12880-SE23,ESTERILIZACION/DIC.VARIOS.MUNNICH(INS),2023-12-21T16:07:27.883,SE,,Recepción Conforme,7297,HOSPITAL CLINICO DE MAGALLANES DR. LAUTARO NAVARRO AVARIA,61.607.901-8,Punta Arenas,Región de Magallanes y de la Antártica,24141,MUNNICH PHARMA MEDICAL SPA,80.447.400-5,,,5,42281800,Equipamiento y suministros médicos / Productos para la esterilización médica / Controles e indicadores de esterilización,42281804,Controles de esterilización,224-0030 	CARTRIDGE OXIDO ESTERIGAS,36.0,,CLP,11128.33,400619.88,400619.88
1057402-1393-AG24,PEDIDO C.R. REHABILITACIÓN/ARNES PARA SILLA DE RUEDAS (PROT),2024-02-09T09:00:05.943,AG,,Recepción Conforme,7297,HOSPITAL CLINICO DE MAGALLANES DR. LAUTARO NAVARRO AVARIA,61.607.901-8,Punta Arenas,Región de Magallanes y de la Antártica,22463,ORTOMEDICA LIFANTE S.A,79.785.840-4,Providencia,Región Metropolitana de Santiago,1,42311500,"Equipamiento y suministros médicos / Productos para el cuidado de heridas / Vendas, vendajes y productos relacionados",42311519,Correas médicas no adhesivas,1600-3171 ARNES DE SUJECIÓN PARA SILLA DE RUEDAS NEUROLOGICA,6.0,,CLP,49850.0,299100.0,0.0
1057402-1497-SE24,CORONARIA.REP.Nº63.FEBRERO.RECETA.750524.(INS),2024-02-13T15:10:22.18,SE,,Recepción Conforme,7297,HOSPITAL CLINICO DE MAGALLANES DR. LAUTARO NAVARRO AVARIA,61.607.901-8,Punta Arenas,Región de Magallanes y de la Antártica,1096642,"ARTICULOS, EQUIPOS Y PRODUCTOS PARA LA MEDICINA, LABORATORIOS Y LA IND",76.044.959-8,Providencia,Región Metropolitana de Santiago,1,42203400,"Equipamiento y suministros médicos / Productos para imágenes y de medicina nuclear / Artículos para imágenes vasculares, cardiología intervencional y laboratorio de cateterización cardiaca",42203405,Globos de Angioplastia,"222-9503-2	STENT CON DROGA ORSIRO 3.0 X 40	
LOTE: 5231105",1.0,,CLP,599000.0,599000.0,599000.0
1057402-1543-SE24,PEDIDO DENTAL/MODELOS DE ESTUDIO TERMINADOS ENERO 2024 (PROT),2024-02-15T10:47:58.577,SE,1057402-83-LR23,Recepción Conforme,7297,HOSPITAL CLINICO DE MAGALLANES DR. LAUTARO NAVARRO AVARIA,61.607.901-8,Punta Arenas,Región de Magallanes y de la Antártica,1329173,LABORATORIO DENTAL OYARZO Y CIA. LIMITADA,76.225.143-4,Punta Arenas,Región de Magallanes y de la Antártica,1,42152400,Equipamiento y suministros médicos / Equipos y suministros odontológicos / Materiales dentales,42152464,Kits para implantes odontológicos,347-1195 MODELO DE ESTUDIO PARA PROTESIS METÁLICA,14.0,,CLP,15000.0,210000.0,210000.0
1057402-1543-SE24,PEDIDO DENTAL/MODELOS DE ESTUDIO TERMINADOS ENERO 2024 (PROT),2024-02-15T10:47:58.577,SE,1057402-83-LR23,Recepción Conforme,7297,HOSPITAL CLINICO DE MAGALLANES DR. LAUTARO NAVARRO AVARIA,61.607.901-8,Punta Arenas,Región de Magallanes y de la Antártica,1329173,LABORATORIO DENTAL OYARZO Y CIA. LIMITADA,76.225.143-4,Punta Arenas,Región de Magallanes y de la Antártica,2,42152400,Equipamiento y suministros médicos / Equipos y suministros odontológicos / Materiales dentales,42152464,Kits para implantes odontológicos,347-2017 MODELO DE ESTUDIO PARA PROTESIS ACRILICA,31.0,,CLP,13000.0,403000.0,403000.0
1057402-1589-SE24,PEDIDO OFTALMOLOGIA/LENTES ESTRABISMO 14-02-2024 (PROT),2024-02-16T09:45:02.35,SE,1057402-279-LP22,Recepción Conforme,7297,HOSPITAL CLINICO DE MAGALLANES DR. LAUTARO NAVARRO AVARIA,61.607.901-8,Punta Arenas,Región de Magallanes y de la Antártica,1379991,PAULO BENITO DONOSO REVECO,12.721.216-3,Punta Arenas,Región de Magallanes y de la Antártica,1,42142900,"Equipamiento y suministros médicos / Suministros y productos clínicos / Corrección de la visión, gafas, anteojos y productos relacionados",42142903,Marcos de lentes,346-0054-1 ARMAZÓN MIRAFLEX PARA EL ESTRABISMO,1.0,,CLP,31000.0,31000.0,31000.0
1057402-1589-SE24,PEDIDO OFTALMOLOGIA/LENTES ESTRABISMO 14-02-2024 (PROT),2024-02-16T09:45:02.35,SE,1057402-279-LP22,Recepción Conforme,7297,HOSPITAL CLINICO DE MAGALLANES DR. LAUTARO NAVARRO AVARIA,61.607.901-8,Punta Arenas,Región de Magallanes y de la Antártica,1379991,PAULO BENITO DONOSO REVECO,12.721.216-3,Punta Arenas,Región de Magallanes y de la Antártica,2,42142900,"Equipamiento y suministros médicos / Suministros y productos clínicos / Corrección de la visión, gafas, anteojos y productos relacionados",42142902,Lentes de gafas,"346-0026-1 CRISTAL PARA ESTRABISMO RANGO 2/4, 4/4 Y 6/4",2.0,,CLP,13500.0,27000.0,27000.0
1057402-1594-SE24,BARIATRICA.REP.Nº14.FEBRERO.RECETA.745575.(INS),2024-02-16T10:16:25.917,SE,1057402-364-LR22,Recepción Conforme,7297,HOSPITAL CLINICO DE MAGALLANES DR. LAUTARO NAVARRO AVARIA,61.607.901-8,Punta Arenas,Región de Magallanes y de la Antártica,26963,JOHNSON Y JOHNSON DE CHILE S A,93.745.000-1,Las Condes,Región Metropolitana de Santiago,1,42291600,"Equipamiento y suministros médicos / Productos quirúrgicos / Instrumentos quirúrgicos de corte, trampas y productos relacionados",42291620,Trocares quirúrgicos para uso general o accesorios,340-1119	TROCAR P/LAPAROSCOPIA 10-12 MM,1.0,,CLP,50000.0,50000.0,50000.0
1057402-1594-SE24,BARIATRICA.REP.Nº14.FEBRERO.RECETA.745575.(INS),2024-02-16T10:16:25.917,SE,1057402-364-LR22,Recepción Conforme,7297,HOSPITAL CLINICO DE MAGALLANES DR. LAUTARO NAVARRO AVARIA,61.607.901-8,Punta Arenas,Región de Magallanes y de la Antártica,26963,JOHNSON Y JOHNSON DE CHILE S A,93.745.000-1,Las Condes,Región Metropolitana de Santiago,2,42291600,"Equipamiento y suministros médicos / Productos quirúrgicos / Instrumentos quirúrgicos de corte, trampas y productos relacionados",42291620,Trocares quirúrgicos para uso general o accesorios,222-0051-1	CANULA 10-12 MM LAPAROSCOPICA,2.0,,CLP,25000.0,50000.0,50000.0
1057402-1597-SE24,BARIATRICA.REP.Nº14.FEBRERO.RECETA.744805.(INS),2024-02-16T11:26:20.73,SE,1057402-364-LR22,Recepción Conforme,7297,HOSPITAL CLINICO DE MAGALLANES DR. LAUTARO NAVARRO AVARIA,61.607.901-8,Punta Arenas,Región de Magallanes y de la Antártica,26963,JOHNSON Y JOHNSON DE CHILE S A,93.745.000-1,Las Condes,Región Metropolitana de Santiago,1,42312000,Equipamiento y suministros médicos / Productos para el cuidado de heridas / Cierres médicos de tejidos y productos relacionados,42312010,Grapadoras para cierre de piel,340-0073-1	CORCHETERA ENDOLINEAL 60MM 44CM,1.0,,CLP,320000.0,320000.0,320000.0
1057402-1599-SE24,BARIATRICA.REP.Nº14.FEBRERO.RECETA.745568.(INS),2024-02-16T11:52:24.127,SE,1057402-364-LR22,Recepción Conforme,7297,HOSPITAL CLINICO DE MAGALLANES DR. LAUTARO NAVARRO AVARIA,61.607.901-8,Punta Arenas,Región de Magallanes y de la Antártica,26963,JOHNSON Y JOHNSON DE CHILE S A,93.745.000-1,Las Condes,Región Metropolitana de Santiago,1,42312000,Equipamiento y suministros médicos / Productos para el cuidado de heridas / Cierres médicos de tejidos y productos relacionados,42312010,Grapadoras para cierre de piel,340-0073-1	CORCHETERA ENDOLINEAL 60MM 44CM,1.0,,CLP,320000.0,320000.0,320000.0
1057402-1599-SE24,BARIATRICA.REP.Nº14.FEBRERO.RECETA.745568.(INS),2024-02-16T11:52:24.127,SE,1057402-364-LR22,Recepción Conforme,7297,HOSPITAL CLINICO DE MAGALLANES DR. LAUTARO NAVARRO AVARIA,61.607.901-8,Punta Arenas,Región de Magallanes y de la Antártica,26963,JOHNSON Y JOHNSON DE CHILE S A,93.745.000-1,Las Condes,Región Metropolitana de Santiago,2,42291600,"Equipamiento y suministros médicos / Productos quirúrgicos / Instrumentos quirúrgicos de corte, trampas y productos relacionados",42291614,Tijeras quirúrgicas,347-0028-2	TIJERA ARMONICA 36 MM LAP,1.0,,CLP,420000.0,420000.0,420000.0
1057402-1599-SE24,BARIATRICA.REP.Nº14.FEBRERO.RECETA.745568.(INS),2024-02-16T11:52:24.127,SE,1057402-364-LR22,Recepción Conforme,7297,HOSPITAL CLINICO DE MAGALLANES DR. LAUTARO NAVARRO AVARIA,61.607.901-8,Punta Arenas,Región de Magallanes y de la Antártica,26963,JOHNSON Y JOHNSON DE CHILE S A,93.745.000-1,Las Condes,Región Metropolitana de Santiago,3,42291600,"Equipamiento y suministros médicos / Productos quirúrgicos / Instrumentos quirúrgicos de corte, trampas y productos relacionados",42291620,Trocares quirúrgicos para uso general o accesorios,340-1119	TROCAR P/LAPAROSCOPIA 10-12 MM	,1.0,,CLP,50000.0,50000.0,50000.0
1057402-1599-SE24,BARIATRICA.REP.Nº14.FEBRERO.RECETA.745568.(INS),2024-02-16T11:52:24.127,SE,1057402-364-LR22,Recepción Conforme,7297,HOSPITAL CLINICO DE MAGALLANES DR. LAUTARO NAVARRO AVARIA,61.607.901-8,Punta Arenas,Región de Magallanes y de la Antártica,26963,JOHNSON Y JOHNSON DE CHILE S A,93.745.000-1,Las Condes,Región Metropolitana de Santiago,4,42312000,Equipamiento y suministros médicos / Productos para el cuidado de heridas / Cierres médicos de tejidos y productos relacionados,42312010,Grapadoras para cierre de piel,222-0582	RECARGA 60 MM TL ECR 60 B AZUL,4.0,,CLP,145000.0,580000.0,580000.0
1057402-1599-SE24,BARIATRICA.REP.Nº14.FEBRERO.RECETA.745568.(INS),2024-02-16T11:52:24.127,SE,1057402-364-LR22,Recepción Conforme,7297,HOSPITAL CLINICO DE MAGALLANES DR. LAUTARO NAVARRO AVARIA,61.607.901-8,Punta Arenas,Región de Magallanes y de la Antártica,26963,JOHNSON Y JOHNSON DE CHILE S A,93.745.000-1,Las Condes,Región Metropolitana de Santiago,5,42312000,Equipamiento y suministros médicos / Productos para el cuidado de heridas / Cierres médicos de tejidos y productos relacionados,42312010,Grapadoras para cierre de piel,222-9014	RECARGA 60 MM ECR 6O W BLANCA,1.0,,CLP,145000.0,145000.0,145000.0
1057402-1644-SE24,PEDIDO OFTALMOLOGIA/LENTES 3° EDAD 16-02-2024 (PROT),2024-02-19T13:15:05.517,SE,1057402-279-LP22,Recepción Conforme,7297,HOSPITAL CLINICO DE MAGALLANES DR. LAUTARO NAVARRO AVARIA,61.607.901-8,Punta Arenas,Región de Magallanes y de la Antártica,1379991,PAULO BENITO DONOSO REVECO,12.721.216-3,Punta Arenas,Región de Magallanes y de la Antártica,1,42142900,"Equipamiento y suministros médicos / Suministros y productos clínicos / Corrección de la visión, gafas, anteojos y productos relacionados",42142902,Lentes de gafas,"346-0015-3 CRISTALES COMBINADOS Y PLANOS CILINDRICOS (+) Y (-); (-) Y (+) DIOPTRIAS: 2/2, 4/2, 6/2",14.0,,CLP,5000.0,70000.0,70000.0
1057402-1644-SE24,PEDIDO OFTALMOLOGIA/LENTES 3° EDAD 16-02-2024 (PROT),2024-02-19T13:15:05.517,SE,1057402-279-LP22,Recepción Conforme,7297,HOSPITAL CLINICO DE MAGALLANES DR. LAUTARO NAVARRO AVARIA,61.607.901-8,Punta Arenas,Región de Magallanes y de la Antártica,1379991,PAULO BENITO DONOSO REVECO,12.721.216-3,Punta Arenas,Región de Magallanes y de la Antártica,2,42142900,"Equipamiento y suministros médicos / Suministros y productos clínicos / Corrección de la visión, gafas, anteojos y productos relacionados",42142902,Lentes de gafas,"346-0015-1 CRISTALES ESFERICOS BLANCOS MINERALES RANGOS (+) Y (-) DIOPTRIAS: 2, 4 y 6",14.0,,CLP,3500.0,49000.0,49000.0
1057402-1644-SE24,PEDIDO OFTALMOLOGIA/LENTES 3° EDAD 16-02-2024 (PROT),2024-02-19T13:15:05.517,SE,1057402-279-LP22,Recepción Conforme,7297,HOSPITAL CLINICO DE MAGALLANES DR. LAUTARO NAVARRO AVARIA,61.607.901-8,Punta Arenas,Región de Magallanes y de la Antártica,1379991,PAULO BENITO DONOSO REVECO,12.721.216-3,Punta Arenas,Región de Magallanes y de la Antártica,3,42142900,"Equipamiento y suministros médicos / Suministros y productos clínicos / Corrección de la visión, gafas, anteojos y productos relacionados",42142902,Lentes de gafas,"346-0015-5 CRISTALES COMBINADOS Y PLANOS CILINDRICOS (+) Y (-); (-) Y (+) DIOPTRIAS: 2/4, 4/4, 6/4",4.0,,CLP,9200.0,36800.0,36800.0
1057402-1644-SE24,PEDIDO OFTALMOLOGIA/LENTES 3° EDAD 16-02-2024 (PROT),2024-02-19T13:15:05.517,SE,1057402-279-LP22,Recepción Conforme,7297,HOSPITAL CLINICO DE MAGALLANES DR. LAUTARO NAVARRO AVARIA,61.607.901-8,Punta Arenas,Región de Magallanes y de la Antártica,1379991,PAULO BENITO DONOSO REVECO,12.721.216-3,Punta Arenas,Región de Magallanes y de la Antártica,4,42142900,"Equipamiento y suministros médicos / Suministros y productos clínicos / Corrección de la visión, gafas, anteojos y productos relacionados",42142903,Marcos de lentes,346-0076 ARMAZON VICIO DE REFRACCION,16.0,,CLP,4900.0,78400.0,78400.0
1057402-1683-SE24,GENERALES/FEBRERO.BOLSA.ORINA.B(INS),2024-02-20T13:28:21.74,SE,,Recepción Conforme,7297,HOSPITAL CLINICO DE MAGALLANES DR. LAUTARO NAVARRO AVARIA,61.607.901-8,Punta Arenas,Región de Magallanes y de la Antártica,47740,B BRAUN MEDICAL SPA,96.756.540-7,San Bernardo,Región Metropolitana de Santiago,1,41104100,Equipamiento para laboratorios / Equipos e insumos para laboratorio / Contenedores para especímenes de laboratorio,41104112,Contenedores de recogida de orina,"225-5582 BOLSA ORINA 2000 ML, LIBRE DE LATEX., CON DRENAJE VALVULADO, TRANSPARENTE CON MARCAS DE LLENADO, SISTEMA CERRADO CON VALVULA ANTIREFLUJO, GANCHO Y CORDON DE AMARRE TUBO LARGO 130 CM MINIMO, CON CONECTOR CONICO CON TOMA DE MUESTRA (225-5582)

",1500.0,,CLP,2100.0,3150000.0,3150000.0
1057402-1702-SE24,PEDIDO TMT/KIT PLACA Y TORNILLOS PARA PEQUEÑOS FRAGMENTOS (PROT) [2° RECETA] [I/C 39029],2024-02-20T15:53:09.683,SE,1057402-200-LR23,Recepción Conforme,7297,HOSPITAL CLINICO DE MAGALLANES DR. LAUTARO NAVARRO AVARIA,61.607.901-8,Punta Arenas,Región de Magallanes y de la Antártica,24533,IMPORTADORA HELICO LTDA,83.001.500-0,Providencia,Región Metropolitana de Santiago,1,42242000,"Equipamiento y suministros médicos / Productos medicinales para deportes, prostéticos y ortopédicos / Dispositivos, accesorios y suministros protésicos",42242001,Dispositivos prostéticos de la extremidad inferior,345-9920 KIT PLACA Y TORNILLOS PARA PEQUEÑOS FRAGMENTOS,1.0,,CLP,429000.0,429000.0,429000.0
1057402-1738-SE24,GENERALES/FEBRERO.GUANTE.8(INS)	,2024-02-21T09:32:54.457,SE,1057402-153-LQ23,Recepción Conforme,7297,HOSPITAL CLINICO DE MAGALLANES DR. LAUTARO NAVARRO AVARIA,61.607.901-8,Punta Arenas,Región de Magallanes y de la Antártica,31590,REUTTER S A,81.210.400-4,Huechuraba,Región Metropolitana de Santiago,1,41103400,Equipamiento para laboratorios / Equipos e insumos para laboratorio / Equipo de aire acondicionado para laboratorio,41103406,Cajas de aislamiento con guantes,"225-7480	GUANTES QUIRURGICOS ESTERILES Nº 8 (CJ X 50 PARES)

",6000.0,,CLP,230.0,1380000.0,1380000.0
1057402-1761-SE24,PEDIDO ORTESIS MARZO 2024/COJIN ANTI ESCARAS (PROT),2024-02-21T15:55:58.707,SE,1057402-237-LR22,Recepción Conforme,7297,HOSPITAL CLINICO DE MAGALLANES DR. LAUTARO NAVARRO AVARIA,61.607.901-8,Punta Arenas,Región de Magallanes y de la Antártica,1617920,IMPORTADORA Y DISTRIBUIDORA ALVIAL Y PENAILILLO LIMITADA,76.820.493-4,Peñalolén,Región Metropolitana de Santiago,1,42241700,"Equipamiento y suministros médicos / Productos medicinales para deportes, prostéticos y ortopédicos / Productos ortopédicos blandos para la extremidad inferior",42241707,Soportes para caminar,340-0043 COJIN ANTI ESCARAS,50.0,,CLP,24000.0,1200000.0,1200000.0
1057402-1771-SE24,PEDIDO FARMACIA MARZO-ABRIL 2024/KIT MARCAPASO BICAMERAL + UNICAMERAL (PROT),2024-02-22T08:27:08.3,SE,1057402-357-LR21,Recepción Conforme,7297,HOSPITAL CLINICO DE MAGALLANES DR. LAUTARO NAVARRO AVARIA,61.607.901-8,Punta Arenas,Región de Magallanes y de la Antártica,1096642,"ARTICULOS, EQUIPOS Y PRODUCTOS PARA LA MEDICINA, LABORATORIOS Y LA IND",76.044.959-8,Providencia,Región Metropolitana de Santiago,1,42203500,Equipamiento y suministros médicos / Productos para imágenes y de medicina nuclear / Marcapasos cardiacos y productos relacionados,42203501,Accesorios o desfibriladores implantables o genera,"340-2046 KIT DE MARCAPASO UNICAMERAL IMPLANTABLE, COMPATIBLE CON RMN",10.0,,CLP,860000.0,8600000.0,8600000.0
1057402-1771-SE24,PEDIDO FARMACIA MARZO-ABRIL 2024/KIT MARCAPASO BICAMERAL + UNICAMERAL (PROT),2024-02-22T08:27:08.3,SE,1057402-357-LR21,Recepción Conforme,7297,HOSPITAL CLINICO DE MAGALLANES DR. LAUTARO NAVARRO AVARIA,61.607.901-8,Punta Arenas,Región de Magallanes y de la Antártica,1096642,"ARTICULOS, EQUIPOS Y PRODUCTOS PARA LA MEDICINA, LABORATORIOS Y LA IND",76.044.959-8,Providencia,Región Metropolitana de Santiago,2,42203500,Equipamiento y suministros médicos / Productos para imágenes y de medicina nuclear / Marcapasos cardiacos y productos relacionados,42203501,Accesorios o desfibriladores implantables o genera,"340-0104 KIT DE MARCAPASO BICAMERAL IMPLANTABLE, COMPATIBLE CON RMN",14.0,,CLP,1130000.0,15820000.0,15820000.0
1057402-1794-SE24,MIS/PEDIDO ASEO MARZO,2024-02-22T11:26:43.36,SE,1057402-144-LE23,Recepción Conforme,7297,HOSPITAL CLINICO DE MAGALLANES DR. LAUTARO NAVARRO AVARIA,61.607.901-8,Punta Arenas,Región de Magallanes y de la Antártica,94313,SPARTAN MAGALLANES - BIOAUSTRAL,76.095.840-9,Punta Arenas,Región de Magallanes y de la Antártica,1,12141900,Productos químicos industriales / Metales y gases / Elementos no metálicos y gases puros,12141909,Fósforo P,"540-0330	FÓSFOROS GRANDES DE 10 CM APROX
",10.0,,CLP,1350.0,13500.0,13500.0
1057402-1795-SE24,MIS/PEDIDO ASEO MARZO,2024-02-22T11:34:57.497,SE,1057402-1-LE23,Recepción Conforme,7297,HOSPITAL CLINICO DE MAGALLANES DR. LAUTARO NAVARRO AVARIA,61.607.901-8,Punta Arenas,Región de Magallanes y de la Antártica,94313,SPARTAN MAGALLANES - BIOAUSTRAL,76.095.840-9,Punta Arenas,Región de Magallanes y de la Antártica,1,12141900,Productos químicos industriales / Metales y gases / Elementos no metálicos y gases puros,12141901,Cloro Cl,"540-0180 CLOROSPAR 62 SACHET DE 4GR CON ISP
",16000.0,,CLP,81.0,1296000.0,1296000.0
1057402-1795-SE24,MIS/PEDIDO ASEO MARZO,2024-02-22T11:34:57.497,SE,1057402-1-LE23,Recepción Conforme,7297,HOSPITAL CLINICO DE MAGALLANES DR. LAUTARO NAVARRO AVARIA,61.607.901-8,Punta Arenas,Región de Magallanes y de la Antártica,94313,SPARTAN MAGALLANES - BIOAUSTRAL,76.095.840-9,Punta Arenas,Región de Magallanes y de la Antártica,2,12161900,Productos químicos industriales / Aditivos / Surfactantes,12161902,Detergentes surfactantes,"540-0020 ABRASIVO EN CREMA CIF 750 GRS.
 ",150.0,,CLP,1950.0,292500.0,292500.0
1057402-1795-SE24,MIS/PEDIDO ASEO MARZO,2024-02-22T11:34:57.497,SE,1057402-1-LE23,Recepción Conforme,7297,HOSPITAL CLINICO DE MAGALLANES DR. LAUTARO NAVARRO AVARIA,61.607.901-8,Punta Arenas,Región de Magallanes y de la Antártica,94313,SPARTAN MAGALLANES - BIOAUSTRAL,76.095.840-9,Punta Arenas,Región de Magallanes y de la Antártica,3,14111700,Productos de papel / Productos de papel / Productos de papel de uso personal,14111705,Servilletas de papel,"540-0750 SERVILLETA COCTEL ELITE DE 50 UN
",200.0,,CLP,333.0,66600.0,66600.0
1057402-1795-SE24,MIS/PEDIDO ASEO MARZO,2024-02-22T11:34:57.497,SE,1057402-1-LE23,Recepción Conforme,7297,HOSPITAL CLINICO DE MAGALLANES DR. LAUTARO NAVARRO AVARIA,61.607.901-8,Punta Arenas,Región de Magallanes y de la Antártica,94313,SPARTAN MAGALLANES - BIOAUSTRAL,76.095.840-9,Punta Arenas,Región de Magallanes y de la Antártica,4,47131500,Equipos y suministros de limpieza / Suministros de limpieza / Trapos y paños de limpieza,47131501,Frazadas o mopas para limpieza del suelo,"540-0710 REPUESTO MOPA HÚMEDA DE ALGODÓN 16oz 

",90.0,,CLP,3600.0,324000.0,324000.0
1057402-1795-SE24,MIS/PEDIDO ASEO MARZO,2024-02-22T11:34:57.497,SE,1057402-1-LE23,Recepción Conforme,7297,HOSPITAL CLINICO DE MAGALLANES DR. LAUTARO NAVARRO AVARIA,61.607.901-8,Punta Arenas,Región de Magallanes y de la Antártica,94313,SPARTAN MAGALLANES - BIOAUSTRAL,76.095.840-9,Punta Arenas,Región de Magallanes y de la Antártica,5,47131600,"Equipos y suministros de limpieza / Suministros de limpieza / Escobas, traperos, cepillos y accesorios",47131603,Esponjas,"540-0290 ESPONJA DE LOZA BONOBRIL AMARILLA VERDE
",150.0,,CLP,350.0,52500.0,52500.0
1057402-1795-SE24,MIS/PEDIDO ASEO MARZO,2024-02-22T11:34:57.497,SE,1057402-1-LE23,Recepción Conforme,7297,HOSPITAL CLINICO DE MAGALLANES DR. LAUTARO NAVARRO AVARIA,61.607.901-8,Punta Arenas,Región de Magallanes y de la Antártica,94313,SPARTAN MAGALLANES - BIOAUSTRAL,76.095.840-9,Punta Arenas,Región de Magallanes y de la Antártica,6,47131600,"Equipos y suministros de limpieza / Suministros de limpieza / Escobas, traperos, cepillos y accesorios",47131615,Escobillones,"540-0280	ESCOBILLON VIRUTEX CON MANGO
",10.0,,CLP,1600.0,16000.0,16000.0
1057402-1819-SE24,CATARATA.FEBRERO.COTONITO.PROT.OCULAR.(INS),2024-02-22T14:37:20.503,SE,1057402-203-LR23,Recepción Conforme,7297,HOSPITAL CLINICO DE MAGALLANES DR. LAUTARO NAVARRO AVARIA,61.607.901-8,Punta Arenas,Región de Magallanes y de la Antártica,20179,OFTOMED S.A.,78.075.900-3,Providencia,Región Metropolitana de Santiago,1,42294200,"Equipamiento y suministros médicos / Productos quirúrgicos / Juegos de instrumentos, sistemas y bandejas quirúrgicos",42294206,Juegos de instrumentos de cirugía oftálmica,340-1199	ANILLO ENDOCAPSULAR DERECHO	,5.0,,CLP,85800.0,429000.0,429000.0
1057402-1819-SE24,CATARATA.FEBRERO.COTONITO.PROT.OCULAR.(INS),2024-02-22T14:37:20.503,SE,1057402-203-LR23,Recepción Conforme,7297,HOSPITAL CLINICO DE MAGALLANES DR. LAUTARO NAVARRO AVARIA,61.607.901-8,Punta Arenas,Región de Magallanes y de la Antártica,20179,OFTOMED S.A.,78.075.900-3,Providencia,Región Metropolitana de Santiago,2,42294200,"Equipamiento y suministros médicos / Productos quirúrgicos / Juegos de instrumentos, sistemas y bandejas quirúrgicos",42294206,Juegos de instrumentos de cirugía oftálmica,347-1453	COTONITOS ESTÉRILES,2500.0,,CLP,213.0,532500.0,532500.0
1057402-1819-SE24,CATARATA.FEBRERO.COTONITO.PROT.OCULAR.(INS),2024-02-22T14:37:20.503,SE,1057402-203-LR23,Recepción Conforme,7297,HOSPITAL CLINICO DE MAGALLANES DR. LAUTARO NAVARRO AVARIA,61.607.901-8,Punta Arenas,Región de Magallanes y de la Antártica,20179,OFTOMED S.A.,78.075.900-3,Providencia,Región Metropolitana de Santiago,3,42294200,"Equipamiento y suministros médicos / Productos quirúrgicos / Juegos de instrumentos, sistemas y bandejas quirúrgicos",42294206,Juegos de instrumentos de cirugía oftálmica,225-9506	PROTECTOR OCULAR PLASTICO NO ESTERIL,200.0,,CLP,724.0,144800.0,144800.0
1057402-1834-AG24,GASTRO/FEB/AGUJA INYECTOTERAPIA 22G 180 CMS(NS),2024-02-23T08:30:45.267,AG,,Recepción Conforme,7297,HOSPITAL CLINICO DE MAGALLANES DR. LAUTARO NAVARRO AVARIA,61.607.901-8,Punta Arenas,Región de Magallanes y de la Antártica,65689,PRODUCTOS MEDICOS PROMEDON CHILE S A,78.566.250-4,Las Condes,Región Metropolitana de Santiago,1,42294900,"Equipamiento y suministros médicos / Productos quirúrgicos / Instrumentos endoscópicos, suministros, accesorios y productos relacionados",42294935,"Agujas de punción, revestimientos, obturadores o cánulas para endoscopia, o bandejas de procedimiento, kits o productos relacionados","AGUJA DE INYECTOTERAPIA DESECHABLE 22 G
",15.0,,CLP,14500.0,217500.0,0.0
1057402-1846-SE24,DENTAL/FEBRERO/RESINA Z350 (iNS),2024-02-23T11:26:41.28,SE,1057402-312-LR22,Recepción Conforme,7297,HOSPITAL CLINICO DE MAGALLANES DR. LAUTARO NAVARRO AVARIA,61.607.901-8,Punta Arenas,Región de Magallanes y de la Antártica,24955,BUHOS SOC COMERCIAL INDUSTRIAL LTDA,85.462.700-7,Santiago,Región Metropolitana de Santiago,1,42152400,Equipamiento y suministros médicos / Equipos y suministros odontológicos / Materiales dentales,42152425,Resinas de base para dentaduras,"252-9659	RESINA Z350 COLOR A1E
",2.0,,CLP,42933.0,85866.0,85866.0
1057402-1846-SE24,DENTAL/FEBRERO/RESINA Z350 (iNS),2024-02-23T11:26:41.28,SE,1057402-312-LR22,Recepción Conforme,7297,HOSPITAL CLINICO DE MAGALLANES DR. LAUTARO NAVARRO AVARIA,61.607.901-8,Punta Arenas,Región de Magallanes y de la Antártica,24955,BUHOS SOC COMERCIAL INDUSTRIAL LTDA,85.462.700-7,Santiago,Región Metropolitana de Santiago,2,42152400,Equipamiento y suministros médicos / Equipos y suministros odontológicos / Materiales dentales,42152425,Resinas de base para dentaduras,"252-9660	RESINA Z350 COLOR A2E
",2.0,,CLP,42933.0,85866.0,85866.0
1057402-1846-SE24,DENTAL/FEBRERO/RESINA Z350 (iNS),2024-02-23T11:26:41.28,SE,1057402-312-LR22,Recepción Conforme,7297,HOSPITAL CLINICO DE MAGALLANES DR. LAUTARO NAVARRO AVARIA,61.607.901-8,Punta Arenas,Región de Magallanes y de la Antártica,24955,BUHOS SOC COMERCIAL INDUSTRIAL LTDA,85.462.700-7,Santiago,Región Metropolitana de Santiago,3,42152400,Equipamiento y suministros médicos / Equipos y suministros odontológicos / Materiales dentales,42152425,Resinas de base para dentaduras,"252-9662	RESINA Z350 COLOR A3E
",2.0,,CLP,42933.0,85866.0,85866.0
1057402-1877-SE24,MIS/PEDIDO ASEO MARZO,2024-02-26T11:38:15.393,SE,1057402-260-LQ23,Recepción Conforme,7297,HOSPITAL CLINICO DE MAGALLANES DR. LAUTARO NAVARRO AVARIA,61.607.901-8,Punta Arenas,Región de Magallanes y de la Antártica,94313,SPARTAN MAGALLANES - BIOAUSTRAL,76.095.840-9,Punta Arenas,Región de Magallanes y de la Antártica,1,14111700,Productos de papel / Productos de papel / Productos de papel de uso personal,14111703,Toallas de papel,540-0757 PAPEL TOALLA INTERFOLIADA ELITE EXCELLENCE DOBLE. HOJA. COD. 40844. PAQUETE x 200 HOJAS. ,234.0,,CLP,540.0,126360.0,126360.0
1057402-1932-AG24,[5074] Adquisición de licuadora industrial,2024-02-27T09:35:56.55,AG,,Cancelada,7297,HOSPITAL CLINICO DE MAGALLANES DR. LAUTARO NAVARRO AVARIA,61.607.901-8,Punta Arenas,Región de Magallanes y de la Antártica,71464,SODIMAC S.A.,96.792.430-K,Renca,Región Metropolitana de Santiago,1,48101600,"Maquinarias, equipos y suministros para la industria de servicios / Equipos para servicios de alimentación institucional / Equipos para preparado de alimentos",48101607,Licuadoras de uso comercial,LICUADORA INDUSTRIAL,1.0,,CLP,126042.0,126042.0,0.0
1057402-687-SE24,PERITONEO.MARZO.24.RECETA.1465194.(INS),2024-01-23T14:44:28.977,SE,1057402-41-LR22,Recepción Conforme,7297,HOSPITAL CLINICO DE MAGALLANES DR. LAUTARO NAVARRO AVARIA,61.607.901-8,Punta Arenas,Región de Magallanes y de la Antártica,56221,INDUSTRIAL Y COMERCIAL BAXTER DE CHILE LTDA,78.366.970-6,Conchalí,Región Metropolitana de Santiago,1,42161500,Equipamiento y suministros médicos / Equipo y suministros para diálisis / Equipo de diálisis peritoneal,42161503,Juegos de cateterización o administración de diáli,"222-0009 MINICAP (TAPA CATÉTER PERT. DIÁLISIS)
",30.0,,CLP,771.0,23130.0,23130.0
1057402-687-SE24,PERITONEO.MARZO.24.RECETA.1465194.(INS),2024-01-23T14:44:28.977,SE,1057402-41-LR22,Recepción Conforme,7297,HOSPITAL CLINICO DE MAGALLANES DR. LAUTARO NAVARRO AVARIA,61.607.901-8,Punta Arenas,Región de Magallanes y de la Antártica,56221,INDUSTRIAL Y COMERCIAL BAXTER DE CHILE LTDA,78.366.970-6,Conchalí,Región Metropolitana de Santiago,2,42161500,Equipamiento y suministros médicos / Equipo y suministros para diálisis / Equipo de diálisis peritoneal,42161504,Adaptadores o abrazadoras o conectores de catéter ,"244-1000 CASSETTE HOMECHOICE 4 ESPIGAS(STANDART)
",30.0,,CLP,11117.0,333510.0,333510.0
1057402-705-SE24,PERITONEO.MARZO.24.RECETA.1465251.(INS),2024-01-23T15:55:38.2,SE,1057402-41-LR22,Recepción Conforme,7297,HOSPITAL CLINICO DE MAGALLANES DR. LAUTARO NAVARRO AVARIA,61.607.901-8,Punta Arenas,Región de Magallanes y de la Antártica,56221,INDUSTRIAL Y COMERCIAL BAXTER DE CHILE LTDA,78.366.970-6,Conchalí,Región Metropolitana de Santiago,1,42161500,Equipamiento y suministros médicos / Equipo y suministros para diálisis / Equipo de diálisis peritoneal,42161501,Sets de transferencia de diálisis peritoneal ambul,225-0690	 CATÉTER SWAN NECK COIL 2 CUFF ADUL IZQ. 8888413807,1.0,,CLP,223554.0,223554.0,223554.0
1057402-705-SE24,PERITONEO.MARZO.24.RECETA.1465251.(INS),2024-01-23T15:55:38.2,SE,1057402-41-LR22,Recepción Conforme,7297,HOSPITAL CLINICO DE MAGALLANES DR. LAUTARO NAVARRO AVARIA,61.607.901-8,Punta Arenas,Región de Magallanes y de la Antártica,56221,INDUSTRIAL Y COMERCIAL BAXTER DE CHILE LTDA,78.366.970-6,Conchalí,Región Metropolitana de Santiago,2,42161500,Equipamiento y suministros médicos / Equipo y suministros para diálisis / Equipo de diálisis peritoneal,42161501,Sets de transferencia de diálisis peritoneal ambul,222-0082	 ADAPTADOR TITANIO 2 PIEZAS 5C4129,3.0,,CLP,152440.0,457320.0,457320.0
1057402-748-SE24,[5074] MTTO EQUIPOS DE CLIMATIZACION EDIFICIOS A Y C 5/8.,2024-01-24T13:51:24.48,SE,1057402-359-LQ22,Recepción Conforme,7297,HOSPITAL CLINICO DE MAGALLANES DR. LAUTARO NAVARRO AVARIA,61.607.901-8,Punta Arenas,Región de Magallanes y de la Antártica,1328637,JONATHAN MAURICE PELECH VILLEGAS,14.229.098-7,Punta Arenas,Región de Magallanes y de la Antártica,1,41114400,Equipamiento para laboratorios / Instrumentos de medida y experimentación / Instrumentos meteorológicos,41114408,Aparatos de observación de superficie de temperatu,MTTO PREVENTIVO EQUIPOS DE CLIMATIZACION EDIFICIO A Y C.,1.0,,CLP,14605000.0,14605000.0,14605000.0
1057402-748-SE24,[5074] MTTO EQUIPOS DE CLIMATIZACION EDIFICIOS A Y C 5/8.,2024-01-24T13:51:24.48,SE,1057402-359-LQ22,Recepción Conforme,7297,HOSPITAL CLINICO DE MAGALLANES DR. LAUTARO NAVARRO AVARIA,61.607.901-8,Punta Arenas,Región de Magallanes y de la Antártica,1328637,JONATHAN MAURICE PELECH VILLEGAS,14.229.098-7,Punta Arenas,Región de Magallanes y de la Antártica,2,41114400,Equipamiento para laboratorios / Instrumentos de medida y experimentación / Instrumentos meteorológicos,41114408,Aparatos de observación de superficie de temperatu,CAMBIO FILTRO METÁLICO.,1.0,,CLP,420000.0,420000.0,420000.0
1057402-748-SE24,[5074] MTTO EQUIPOS DE CLIMATIZACION EDIFICIOS A Y C 5/8.,2024-01-24T13:51:24.48,SE,1057402-359-LQ22,Recepción Conforme,7297,HOSPITAL CLINICO DE MAGALLANES DR. LAUTARO NAVARRO AVARIA,61.607.901-8,Punta Arenas,Región de Magallanes y de la Antártica,1328637,JONATHAN MAURICE PELECH VILLEGAS,14.229.098-7,Punta Arenas,Región de Magallanes y de la Antártica,3,41114400,Equipamiento para laboratorios / Instrumentos de medida y experimentación / Instrumentos meteorológicos,41114408,Aparatos de observación de superficie de temperatu,CAMBIO FILTRO DE PAPEL.,1.0,,CLP,280000.0,280000.0,280000.0
1057402-748-SE24,[5074] MTTO EQUIPOS DE CLIMATIZACION EDIFICIOS A Y C 5/8.,2024-01-24T13:51:24.48,SE,1057402-359-LQ22,Recepción Conforme,7297,HOSPITAL CLINICO DE MAGALLANES DR. LAUTARO NAVARRO AVARIA,61.607.901-8,Punta Arenas,Región de Magallanes y de la Antártica,1328637,JONATHAN MAURICE PELECH VILLEGAS,14.229.098-7,Punta Arenas,Región de Magallanes y de la Antártica,4,41114400,Equipamiento para laboratorios / Instrumentos de medida y experimentación / Instrumentos meteorológicos,41114408,Aparatos de observación de superficie de temperatu,CAMBIO FILTRO MULTIBOLSA.,1.0,,CLP,240000.0,240000.0,240000.0
1057402-748-SE24,[5074] MTTO EQUIPOS DE CLIMATIZACION EDIFICIOS A Y C 5/8.,2024-01-24T13:51:24.48,SE,1057402-359-LQ22,Recepción Conforme,7297,HOSPITAL CLINICO DE MAGALLANES DR. LAUTARO NAVARRO AVARIA,61.607.901-8,Punta Arenas,Región de Magallanes y de la Antártica,1328637,JONATHAN MAURICE PELECH VILLEGAS,14.229.098-7,Punta Arenas,Región de Magallanes y de la Antártica,5,41114400,Equipamiento para laboratorios / Instrumentos de medida y experimentación / Instrumentos meteorológicos,41114408,Aparatos de observación de superficie de temperatu,CAMBIO FILTRO ABSOLUTO HEPA.,1.0,,CLP,650000.0,650000.0,650000.0
1057402-748-SE24,[5074] MTTO EQUIPOS DE CLIMATIZACION EDIFICIOS A Y C 5/8.,2024-01-24T13:51:24.48,SE,1057402-359-LQ22,Recepción Conforme,7297,HOSPITAL CLINICO DE MAGALLANES DR. LAUTARO NAVARRO AVARIA,61.607.901-8,Punta Arenas,Región de Magallanes y de la Antártica,1328637,JONATHAN MAURICE PELECH VILLEGAS,14.229.098-7,Punta Arenas,Región de Magallanes y de la Antártica,6,41114400,Equipamiento para laboratorios / Instrumentos de medida y experimentación / Instrumentos meteorológicos,41114408,Aparatos de observación de superficie de temperatu,MTTO UNIDADES SPLIT MURO DUCTO.,1.0,,CLP,4150000.0,4150000.0,4150000.0
1057402-759-SE24,(5076) SERVICIO DE APOYO UNIDAD DE ALIMENTACION Y  NUTRICION ENERO 2024,2024-01-24T15:13:45.75,SE,1057402-93-LR23,Recepción Conforme,7297,HOSPITAL CLINICO DE MAGALLANES DR. LAUTARO NAVARRO AVARIA,61.607.901-8,Punta Arenas,Región de Magallanes y de la Antártica,1119120,Servicios Generales Sandra Gaete Vargas EIRL,76.071.127-6,Punta Arenas,Región de Magallanes y de la Antártica,1,80111600,"Servicios profesionales, administrativos y consultorías de gestión empresarial / Servicios de recursos humanos / Servicios de personal temporal",80111613,Mano de obra temporal,SERVICIO DE APOYO UNIDAD DE ALIMENTACION Y NUTRICION ENERO 2024,1.0,,CLP,20336135.0,20336135.0,20336135.0
1057402-816-SE24,"(5076) ADMIISTRATIVOS APOYO SDGDP, UNIDAD DE ENDOSCOPIA, CR FARMACIA Y PROTESIS ENERO 2024",2024-01-25T12:29:38.343,SE,1057402-258-LE23,Recepción Conforme,7297,HOSPITAL CLINICO DE MAGALLANES DR. LAUTARO NAVARRO AVARIA,61.607.901-8,Punta Arenas,Región de Magallanes y de la Antártica,1265292,CAPACITACION OSCAR VARGAS CARDENAS E.I.R.L.,76.184.584-5,Punta Arenas,Región de Magallanes y de la Antártica,1,80111600,"Servicios profesionales, administrativos y consultorías de gestión empresarial / Servicios de recursos humanos / Servicios de personal temporal",80111613,Mano de obra temporal,"ADMIISTRATIVOS APOYO SDGDP, UNIDAD DE ENDOSCOPIA, CR FARMACIA Y PROTESIS ENERO 2024",1.0,,CLP,4328233.0,4328233.0,4328233.0
1057402-837-SE24,MIS/ALIMENTOS PACIENTES FEBRERO/ABARROTES,2024-01-25T15:53:59.227,SE,1057402-214-LQ23,Recepción Conforme,7297,HOSPITAL CLINICO DE MAGALLANES DR. LAUTARO NAVARRO AVARIA,61.607.901-8,Punta Arenas,Región de Magallanes y de la Antártica,1823469,COMERCIAL ANTIQUERA LIMITADA,77.586.078-2,Punta Arenas,Región de Magallanes y de la Antártica,1,50171900,"Alimentos, bebidas y tabaco / Condimentos y preservantes / Salmuera, salsas y aceitunas",50171903,Aceitunas,510-0011-1 ACEITUNAS NEGRAS HUASCO. ENVASADORA AYSÉN.,3.0,,CLP,3800.0,11400.0,11400.0
1057402-837-SE24,MIS/ALIMENTOS PACIENTES FEBRERO/ABARROTES,2024-01-25T15:53:59.227,SE,1057402-214-LQ23,Recepción Conforme,7297,HOSPITAL CLINICO DE MAGALLANES DR. LAUTARO NAVARRO AVARIA,61.607.901-8,Punta Arenas,Región de Magallanes y de la Antártica,1823469,COMERCIAL ANTIQUERA LIMITADA,77.586.078-2,Punta Arenas,Región de Magallanes y de la Antártica,2,50192600,"Alimentos, bebidas y tabaco / Alimentos preparados y conservados / Acompañamientos preparados",50192601,"Papas, arroz, pastas u otros acompañamientos prepa","500-0040-1 ARROZ LARGO GRADO 1, BLANCO, PALADÍN.",60.0,,CLP,960.0,57600.0,57600.0
1057402-837-SE24,MIS/ALIMENTOS PACIENTES FEBRERO/ABARROTES,2024-01-25T15:53:59.227,SE,1057402-214-LQ23,Recepción Conforme,7297,HOSPITAL CLINICO DE MAGALLANES DR. LAUTARO NAVARRO AVARIA,61.607.901-8,Punta Arenas,Región de Magallanes y de la Antártica,1823469,COMERCIAL ANTIQUERA LIMITADA,77.586.078-2,Punta Arenas,Región de Magallanes y de la Antártica,3,50193100,"Alimentos, bebidas y tabaco / Alimentos preparados y conservados / Materiales y mezclas instantáneas",50193105,Mezclas para rebozar o apanar,"510-0055-1 BASE PARA HAMBURGUESA, PRESENTACION 1 KILO. MACROFOOD.",4.0,,CLP,2550.0,10200.0,10200.0
1057402-837-SE24,MIS/ALIMENTOS PACIENTES FEBRERO/ABARROTES,2024-01-25T15:53:59.227,SE,1057402-214-LQ23,Recepción Conforme,7297,HOSPITAL CLINICO DE MAGALLANES DR. LAUTARO NAVARRO AVARIA,61.607.901-8,Punta Arenas,Región de Magallanes y de la Antártica,1823469,COMERCIAL ANTIQUERA LIMITADA,77.586.078-2,Punta Arenas,Región de Magallanes y de la Antártica,4,50193100,"Alimentos, bebidas y tabaco / Alimentos preparados y conservados / Materiales y mezclas instantáneas",50193104,Bases de sopa,500-0140-1 CALDO CONCENTRADO DE CARNE PRESENTACION DE 1 KILO. MACROFOOD.,1.0,,CLP,2500.0,2500.0,2500.0
1057402-837-SE24,MIS/ALIMENTOS PACIENTES FEBRERO/ABARROTES,2024-01-25T15:53:59.227,SE,1057402-214-LQ23,Recepción Conforme,7297,HOSPITAL CLINICO DE MAGALLANES DR. LAUTARO NAVARRO AVARIA,61.607.901-8,Punta Arenas,Región de Magallanes y de la Antártica,1823469,COMERCIAL ANTIQUERA LIMITADA,77.586.078-2,Punta Arenas,Región de Magallanes y de la Antártica,5,50192900,"Alimentos, bebidas y tabaco / Alimentos preparados y conservados / Pasta o tallarines naturales",50192901,Pasta o tallarines naturales frescos,500-0290-1 FIDEOS CABELLOS DE ANGEL ENVASE DE 5 KILOS. CAROZZI. 2 x 5 KGS.,10.0,,CLP,1830.0,18300.0,18300.0
1057402-837-SE24,MIS/ALIMENTOS PACIENTES FEBRERO/ABARROTES,2024-01-25T15:53:59.227,SE,1057402-214-LQ23,Recepción Conforme,7297,HOSPITAL CLINICO DE MAGALLANES DR. LAUTARO NAVARRO AVARIA,61.607.901-8,Punta Arenas,Región de Magallanes y de la Antártica,1823469,COMERCIAL ANTIQUERA LIMITADA,77.586.078-2,Punta Arenas,Región de Magallanes y de la Antártica,6,50192900,"Alimentos, bebidas y tabaco / Alimentos preparados y conservados / Pasta o tallarines naturales",50192901,Pasta o tallarines naturales frescos,500-0330-1 FIDEOS SPAGUETTI ENVASE DE 1 KG. CAROZZI. 12 x 1 KILO.,24.0,,CLP,1900.0,45600.0,45600.0
1057402-837-SE24,MIS/ALIMENTOS PACIENTES FEBRERO/ABARROTES,2024-01-25T15:53:59.227,SE,1057402-214-LQ23,Recepción Conforme,7297,HOSPITAL CLINICO DE MAGALLANES DR. LAUTARO NAVARRO AVARIA,61.607.901-8,Punta Arenas,Región de Magallanes y de la Antártica,1823469,COMERCIAL ANTIQUERA LIMITADA,77.586.078-2,Punta Arenas,Región de Magallanes y de la Antártica,7,50192900,"Alimentos, bebidas y tabaco / Alimentos preparados y conservados / Pasta o tallarines naturales",50192902,Pasta o tallarines naturales estables sin refriger,500-0340-1 FIDEOS TALLARINES ENVASE DE 1 KILO. CAROZZI. 12 x 1 KILO. ,24.0,,CLP,1900.0,45600.0,45600.0
1057402-837-SE24,MIS/ALIMENTOS PACIENTES FEBRERO/ABARROTES,2024-01-25T15:53:59.227,SE,1057402-214-LQ23,Recepción Conforme,7297,HOSPITAL CLINICO DE MAGALLANES DR. LAUTARO NAVARRO AVARIA,61.607.901-8,Punta Arenas,Región de Magallanes y de la Antártica,1823469,COMERCIAL ANTIQUERA LIMITADA,77.586.078-2,Punta Arenas,Región de Magallanes y de la Antártica,8,50181900,"Alimentos, bebidas y tabaco / Productos de panadería / Pan, galletas y pastelitos dulces",50181905,Galletas dulces o pastelitos,500-0410-1 GALLETAS DULCES DE LIMÓN. COSTA. 24 x 140 GRS. ,10.0,,CLP,590.0,5900.0,5900.0
1057402-837-SE24,MIS/ALIMENTOS PACIENTES FEBRERO/ABARROTES,2024-01-25T15:53:59.227,SE,1057402-214-LQ23,Recepción Conforme,7297,HOSPITAL CLINICO DE MAGALLANES DR. LAUTARO NAVARRO AVARIA,61.607.901-8,Punta Arenas,Región de Magallanes y de la Antártica,1823469,COMERCIAL ANTIQUERA LIMITADA,77.586.078-2,Punta Arenas,Región de Magallanes y de la Antártica,9,50181900,"Alimentos, bebidas y tabaco / Productos de panadería / Pan, galletas y pastelitos dulces",50181905,Galletas dulces o pastelitos,500-0420-1 GALLETAS DULCES DE MANTEQUILLA. COSTA 24 x 140 GRS. ,10.0,,CLP,590.0,5900.0,5900.0
1057402-837-SE24,MIS/ALIMENTOS PACIENTES FEBRERO/ABARROTES,2024-01-25T15:53:59.227,SE,1057402-214-LQ23,Recepción Conforme,7297,HOSPITAL CLINICO DE MAGALLANES DR. LAUTARO NAVARRO AVARIA,61.607.901-8,Punta Arenas,Región de Magallanes y de la Antártica,1823469,COMERCIAL ANTIQUERA LIMITADA,77.586.078-2,Punta Arenas,Región de Magallanes y de la Antártica,10,50221100,"Alimentos, bebidas y tabaco / Cereales y Legumbres / Cereales",50221102,Harina de trigo,500-0440-1 HARINA 0000 SIN POLVO DE HORNEAR. 1 KILO. MONT BLANC. 12 x 1 KILO.,10.0,,CLP,1150.0,11500.0,11500.0
1057402-837-SE24,MIS/ALIMENTOS PACIENTES FEBRERO/ABARROTES,2024-01-25T15:53:59.227,SE,1057402-214-LQ23,Recepción Conforme,7297,HOSPITAL CLINICO DE MAGALLANES DR. LAUTARO NAVARRO AVARIA,61.607.901-8,Punta Arenas,Región de Magallanes y de la Antártica,1823469,COMERCIAL ANTIQUERA LIMITADA,77.586.078-2,Punta Arenas,Región de Magallanes y de la Antártica,11,50192400,"Alimentos, bebidas y tabaco / Alimentos preparados y conservados / Jaleas, gelatinas, mermeladas, pastas de untar, dulces y conservas de frutas",50192401,"Mermeladas, gelatinas, conservas de fruta","500-0470-1 JALEAS DIET  SIN AZUCAR, SIN FRUCTOSA, SIN ASPARTAMO, PRESENTACION EN SOBRES DE 22 GR., DAILY. 30 x 22 GRS.",300.0,,CLP,380.0,114000.0,114000.0
1057402-837-SE24,MIS/ALIMENTOS PACIENTES FEBRERO/ABARROTES,2024-01-25T15:53:59.227,SE,1057402-214-LQ23,Recepción Conforme,7297,HOSPITAL CLINICO DE MAGALLANES DR. LAUTARO NAVARRO AVARIA,61.607.901-8,Punta Arenas,Región de Magallanes y de la Antártica,1823469,COMERCIAL ANTIQUERA LIMITADA,77.586.078-2,Punta Arenas,Región de Magallanes y de la Antártica,12,50192400,"Alimentos, bebidas y tabaco / Alimentos preparados y conservados / Jaleas, gelatinas, mermeladas, pastas de untar, dulces y conservas de frutas",50192401,"Mermeladas, gelatinas, conservas de fruta",500-0461-3 JALEA CARICIA. PRESENTACION ENVASE DE 1 KILO. 10 x 1 KILO.,30.0,,CLP,4980.0,149400.0,149400.0
1057402-837-SE24,MIS/ALIMENTOS PACIENTES FEBRERO/ABARROTES,2024-01-25T15:53:59.227,SE,1057402-214-LQ23,Recepción Conforme,7297,HOSPITAL CLINICO DE MAGALLANES DR. LAUTARO NAVARRO AVARIA,61.607.901-8,Punta Arenas,Región de Magallanes y de la Antártica,1823469,COMERCIAL ANTIQUERA LIMITADA,77.586.078-2,Punta Arenas,Región de Magallanes y de la Antártica,13,50193000,"Alimentos, bebidas y tabaco / Alimentos preparados y conservados / Bebidas y comidas infantiles",50193002,Bebidas Infantiles,"500-0520-1 JUGOS INDIVIDUALES SIN AZUCAR. VIVO. SOLO MANZANA, DURAZNO, DAMASCO O PERA. PRESENTACIÓN 190 CC TETRA. 
",252.0,,CLP,185.0,46620.0,46620.0
1057402-837-SE24,MIS/ALIMENTOS PACIENTES FEBRERO/ABARROTES,2024-01-25T15:53:59.227,SE,1057402-214-LQ23,Recepción Conforme,7297,HOSPITAL CLINICO DE MAGALLANES DR. LAUTARO NAVARRO AVARIA,61.607.901-8,Punta Arenas,Región de Magallanes y de la Antártica,1823469,COMERCIAL ANTIQUERA LIMITADA,77.586.078-2,Punta Arenas,Región de Magallanes y de la Antártica,14,50192400,"Alimentos, bebidas y tabaco / Alimentos preparados y conservados / Jaleas, gelatinas, mermeladas, pastas de untar, dulces y conservas de frutas",50192401,"Mermeladas, gelatinas, conservas de fruta","500-0640-1 MERMELADA SIN AZUCAR Y SIN PEPAS, SIN FRUCTOSA, ENVASE 200 GRS. MARCA VIVO.",72.0,,CLP,1080.0,77760.0,77760.0
1057402-837-SE24,MIS/ALIMENTOS PACIENTES FEBRERO/ABARROTES,2024-01-25T15:53:59.227,SE,1057402-214-LQ23,Recepción Conforme,7297,HOSPITAL CLINICO DE MAGALLANES DR. LAUTARO NAVARRO AVARIA,61.607.901-8,Punta Arenas,Región de Magallanes y de la Antártica,1823469,COMERCIAL ANTIQUERA LIMITADA,77.586.078-2,Punta Arenas,Región de Magallanes y de la Antártica,15,50192400,"Alimentos, bebidas y tabaco / Alimentos preparados y conservados / Jaleas, gelatinas, mermeladas, pastas de untar, dulces y conservas de frutas",50192401,"Mermeladas, gelatinas, conservas de fruta","500-0630    MERMELADA SIN PEPAS EN BOLSA NO TRANSPARENTE, DE PREFERENCIA METAL (TIPO ALUMINIO) PRESENTACION DE 1 KILO. MARCA AMBROSOLI.",80.0,,CLP,2980.0,238400.0,238400.0
1057402-837-SE24,MIS/ALIMENTOS PACIENTES FEBRERO/ABARROTES,2024-01-25T15:53:59.227,SE,1057402-214-LQ23,Recepción Conforme,7297,HOSPITAL CLINICO DE MAGALLANES DR. LAUTARO NAVARRO AVARIA,61.607.901-8,Punta Arenas,Región de Magallanes y de la Antártica,1823469,COMERCIAL ANTIQUERA LIMITADA,77.586.078-2,Punta Arenas,Región de Magallanes y de la Antártica,16,50171500,"Alimentos, bebidas y tabaco / Condimentos y preservantes / Hierbas, especias y extractos",50171550,Especias o extractos,"500-0811-1 MOSTAZA EN BOLSA, 1 KILO. MARCA CAROZZI.",2.0,,CLP,1400.0,2800.0,2800.0
1057414-68-CM24,     CM-ADQUISICIÓN DE PENDRIVE PARA ACTIVIDADES DEL SERVICIO DE SALUD BIO BIO-22.04.001-REQ.67.-BDSS187565-(joy) ,2024-02-21T11:05:19.323,CM,,Aceptada,7308,SERVICIO DE SALUD BIO BIO,61.607.300-1,Los Angeles,Región del Biobío ,26902,ARTEL S.A.,92.642.000-3,,,1,0,,0,PENDRIVE MAXELL USB 3.0 TIPO A 32 GB USB 3.0 TIPO A UNIDAD REGIÓN VIII,(2015501) PENDRIVE MAXELL USB 3.0 TIPO A 32 GB USB 3.0 TIPO A UNIDAD REGIÓN VIII,150.0,,CLP,3700.0,555000.0,555000.0
1057415-70-AG24,CA-AMLODIPINO FARMACIA-REQ.4 220400400102-HFCN 27441(isp),2024-02-23T09:41:53.687,AG,,Recepción Conforme,7388,SERVICIO SALUD BIO BIO HOSPITAL NACIMIENTO,61.602.220-2,Nacimiento,Región del Biobío ,232638,OPKO CHILE S.A.,76.669.630-9,Pudahuel,Región Metropolitana de Santiago,1,73101700,Servicios de producción y fabricación industrial / Industrias de plásticos y productos químicos / Producción farmacéutica,73101701,Servicios de producción de medicamentos o medicinas,AMLODIPINO 10 MG [COMPRIMIDO],60000.0,,CLP,12.0,720000.0,0.0
1057417-12085-SE23,IG gbs TD Capacitación vulneración de derechos.,2023-12-22T15:15:04.093,SE,,Aceptada,7375,COMPLEJO ASISTENCIAL DR.VICTOR RIOS RUIZ,61.607.301-K,Ancud,Región de los Lagos ,1783231,ACADEMIA DIGITAL DE PSICOLOGÍA Y APRENDIZAJE SPA,77.245.985-8,Providencia,Región Metropolitana de Santiago,1,86111600,"Educación, formación, entrenamiento y capacitación / Sistemas educativos complementarios / Educación de adultos",86111604,Capacitación a empleados,"Capacitación vulneración de derechos de niños, niñas y adolescentes y trauma complejo.",40.0,,CLP,75000.0,3000000.0,3000000.0
1057417-1297-SE24,PRO IC LFF TD 11343 CX TRAUMA ENERO 2023 PAB CENTRAL,2024-01-29T09:23:18.397,SE,,Recepción Conforme,7375,COMPLEJO ASISTENCIAL DR.VICTOR RIOS RUIZ,61.607.301-K,Los Angeles,Región del Biobío ,26963,JOHNSON Y JOHNSON DE CHILE S A,93.745.000-1,Las Condes,Región Metropolitana de Santiago,1,42242000,"Equipamiento y suministros médicos / Productos medicinales para deportes, prostéticos y ortopédicos / Dispositivos, accesorios y suministros protésicos",42242003,Dispositivos de sujeción protésica o accesorios,"Aguja-K ø2.5 L280 acero
",2.0,,CLP,7600.0,15200.0,15200.0
1057417-1342-AG24,IC MCM AG IQ PEDIDO FEBRERO 2024,2024-01-30T09:19:35.22,AG,,Recepción Conforme,7375,COMPLEJO ASISTENCIAL DR.VICTOR RIOS RUIZ,61.607.301-K,Los Angeles,Región del Biobío ,47740,B BRAUN MEDICAL SPA,96.756.540-7,San Bernardo,Región Metropolitana de Santiago,1,42152500,Equipamiento y suministros médicos / Equipos y suministros odontológicos / Suministros dentales generales,42152512,Pinzas odontológicas,"305-1352	PINZA ANATOMICA 13 CM
",4.0,,CLP,11610.0,46440.0,0.0
1057417-1342-AG24,IC MCM AG IQ PEDIDO FEBRERO 2024,2024-01-30T09:19:35.22,AG,,Recepción Conforme,7375,COMPLEJO ASISTENCIAL DR.VICTOR RIOS RUIZ,61.607.301-K,Los Angeles,Región del Biobío ,47740,B BRAUN MEDICAL SPA,96.756.540-7,San Bernardo,Región Metropolitana de Santiago,2,41122400,Equipamiento para laboratorios / Suministros para laboratorios / Instrumentos de laboratorio,41122404,Pinzas de laboratorio,"305-1353	PINZA QUIRURGICA 1 X 2 DIENTES 13 CM
",2.0,,CLP,13940.0,27880.0,0.0
1057417-1342-AG24,IC MCM AG IQ PEDIDO FEBRERO 2024,2024-01-30T09:19:35.22,AG,,Recepción Conforme,7375,COMPLEJO ASISTENCIAL DR.VICTOR RIOS RUIZ,61.607.301-K,Los Angeles,Región del Biobío ,47740,B BRAUN MEDICAL SPA,96.756.540-7,San Bernardo,Región Metropolitana de Santiago,3,42222300,Equipamiento y suministros médicos / Productos administrados por vía intravenosa y arterial / Productos de transfusión y administración de sangre,42222305,Pinzas de tubos de transfusión y administración de sangre,"305-0177	PINZA QUIRURGICA 1X2 DTE 145 MM.
",2.0,,CLP,14610.0,29220.0,0.0
1057417-1342-AG24,IC MCM AG IQ PEDIDO FEBRERO 2024,2024-01-30T09:19:35.22,AG,,Recepción Conforme,7375,COMPLEJO ASISTENCIAL DR.VICTOR RIOS RUIZ,61.607.301-K,Los Angeles,Región del Biobío ,47740,B BRAUN MEDICAL SPA,96.756.540-7,San Bernardo,Región Metropolitana de Santiago,4,42222300,Equipamiento y suministros médicos / Productos administrados por vía intravenosa y arterial / Productos de transfusión y administración de sangre,42222305,Pinzas de tubos de transfusión y administración de sangre,"305-0667	TIJERA RECTA AGUDA/ROMA 145 MM (BC324R)
",1.0,,CLP,27950.0,27950.0,0.0
1057417-1342-AG24,IC MCM AG IQ PEDIDO FEBRERO 2024,2024-01-30T09:19:35.22,AG,,Recepción Conforme,7375,COMPLEJO ASISTENCIAL DR.VICTOR RIOS RUIZ,61.607.301-K,Los Angeles,Región del Biobío ,47740,B BRAUN MEDICAL SPA,96.756.540-7,San Bernardo,Región Metropolitana de Santiago,5,42291600,"Equipamiento y suministros médicos / Productos quirúrgicos / Instrumentos quirúrgicos de corte, trampas y productos relacionados",42291609,Pinzas quirúrgicas,"305-0253	TIJERA DISECCION MAYO CURVA HOJAS CONICAS 14 CMS.
",1.0,,CLP,30720.0,30720.0,0.0
1057417-1342-AG24,IC MCM AG IQ PEDIDO FEBRERO 2024,2024-01-30T09:19:35.22,AG,,Recepción Conforme,7375,COMPLEJO ASISTENCIAL DR.VICTOR RIOS RUIZ,61.607.301-K,Los Angeles,Región del Biobío ,47740,B BRAUN MEDICAL SPA,96.756.540-7,San Bernardo,Región Metropolitana de Santiago,6,42201900,Equipamiento y suministros médicos / Productos para imágenes y de medicina nuclear / Negatoscopios y accesorios,42201906,Pinzas iluminadoras para película radiográfica médica,"305-0289	PINZAS MOSQUITO RECTAS
",1.0,,CLP,33050.0,33050.0,0.0
1057417-1342-AG24,IC MCM AG IQ PEDIDO FEBRERO 2024,2024-01-30T09:19:35.22,AG,,Recepción Conforme,7375,COMPLEJO ASISTENCIAL DR.VICTOR RIOS RUIZ,61.607.301-K,Los Angeles,Región del Biobío ,47740,B BRAUN MEDICAL SPA,96.756.540-7,San Bernardo,Región Metropolitana de Santiago,7,45141600,"Equipos y suministros de imprenta, fotográficos y audiovisuales / Suministros fotográficos para cine / Suministros de cuarto oscuro",45141603,Pinzas de revelado,"305-1121	TIJERA QUIRURGICA 14.5 CM
",5.0,,CLP,34290.0,171450.0,0.0
1057417-1342-AG24,IC MCM AG IQ PEDIDO FEBRERO 2024,2024-01-30T09:19:35.22,AG,,Recepción Conforme,7375,COMPLEJO ASISTENCIAL DR.VICTOR RIOS RUIZ,61.607.301-K,Los Angeles,Región del Biobío ,47740,B BRAUN MEDICAL SPA,96.756.540-7,San Bernardo,Región Metropolitana de Santiago,8,42201900,Equipamiento y suministros médicos / Productos para imágenes y de medicina nuclear / Negatoscopios y accesorios,42201906,Pinzas iluminadoras para película radiográfica médica,"305-0456	TIJERA QUIRURGICA 20CM PUNTA REDONDA
",4.0,,CLP,42920.0,171680.0,0.0
1057417-1342-AG24,IC MCM AG IQ PEDIDO FEBRERO 2024,2024-01-30T09:19:35.22,AG,,Recepción Conforme,7375,COMPLEJO ASISTENCIAL DR.VICTOR RIOS RUIZ,61.607.301-K,Los Angeles,Región del Biobío ,47740,B BRAUN MEDICAL SPA,96.756.540-7,San Bernardo,Región Metropolitana de Santiago,9,42151600,Equipamiento y suministros médicos / Equipos y suministros odontológicos / Instrumentos y dispositivos dentales y de sub-especialidad,42151640,Pinzas dentales,"305-1363	PINZA FORSTER RECTA 25 CM
",3.0,,CLP,49650.0,148950.0,0.0
1057417-1342-AG24,IC MCM AG IQ PEDIDO FEBRERO 2024,2024-01-30T09:19:35.22,AG,,Recepción Conforme,7375,COMPLEJO ASISTENCIAL DR.VICTOR RIOS RUIZ,61.607.301-K,Los Angeles,Región del Biobío ,47740,B BRAUN MEDICAL SPA,96.756.540-7,San Bernardo,Región Metropolitana de Santiago,10,42291800,"Equipamiento y suministros médicos / Productos quirúrgicos / Abrazaderas quirúrgicas, fórceps, ligadores quirúrgicos e instrumentos relacionados",42291802,"Abrazaderas, pinzas o fórceps quirúrgicos, o accesorios","305-0476	PUNTA ELECTRODO MONOP. GK384R
",1.0,,CLP,78590.0,78590.0,0.0
1057417-1388-AG24,IC MCM AG IC PEDIDO FEBRERO 2024,2024-01-30T15:02:11.653,AG,,Recepción Conforme,7375,COMPLEJO ASISTENCIAL DR.VICTOR RIOS RUIZ,61.607.301-K,Los Angeles,Región del Biobío ,47740,B BRAUN MEDICAL SPA,96.756.540-7,San Bernardo,Región Metropolitana de Santiago,1,42312200,Equipamiento y suministros médicos / Productos para el cuidado de heridas / Sutura y productos relacionados,42312206,Agujas de sutura,"305-0415	COPELA ACERO INOXIDABLE 0,1LT JG515R
",4.0,,CLP,5900.0,23600.0,0.0
1057417-1388-AG24,IC MCM AG IC PEDIDO FEBRERO 2024,2024-01-30T15:02:11.653,AG,,Recepción Conforme,7375,COMPLEJO ASISTENCIAL DR.VICTOR RIOS RUIZ,61.607.301-K,Los Angeles,Región del Biobío ,47740,B BRAUN MEDICAL SPA,96.756.540-7,San Bernardo,Región Metropolitana de Santiago,2,42312200,Equipamiento y suministros médicos / Productos para el cuidado de heridas / Sutura y productos relacionados,42312206,Agujas de sutura,"305-0416	ACEITE SPRAY STERILIT JG600 300ML USO PINZA LAPAR. ARTROSCOPIA
",2.0,,CLP,14000.0,28000.0,0.0
1057417-1388-AG24,IC MCM AG IC PEDIDO FEBRERO 2024,2024-01-30T15:02:11.653,AG,,Recepción Conforme,7375,COMPLEJO ASISTENCIAL DR.VICTOR RIOS RUIZ,61.607.301-K,Los Angeles,Región del Biobío ,47740,B BRAUN MEDICAL SPA,96.756.540-7,San Bernardo,Región Metropolitana de Santiago,3,42312200,Equipamiento y suministros médicos / Productos para el cuidado de heridas / Sutura y productos relacionados,42312206,Agujas de sutura,"303-0511	AGUJA SUTURA PB-3.
",2.0,,CLP,20000.0,40000.0,0.0
1057417-1388-AG24,IC MCM AG IC PEDIDO FEBRERO 2024,2024-01-30T15:02:11.653,AG,,Recepción Conforme,7375,COMPLEJO ASISTENCIAL DR.VICTOR RIOS RUIZ,61.607.301-K,Los Angeles,Región del Biobío ,47740,B BRAUN MEDICAL SPA,96.756.540-7,San Bernardo,Región Metropolitana de Santiago,4,42281500,Equipamiento y suministros médicos / Productos para la esterilización médica / Equipos y accesorios de esterilizadores y autoclaves,42281519,Esterilizadores de agujas,"303-3715	HOJA DERMATOMO DESECHABLE SILVER
",4.0,,CLP,45000.0,180000.0,0.0
1057417-1388-AG24,IC MCM AG IC PEDIDO FEBRERO 2024,2024-01-30T15:02:11.653,AG,,Recepción Conforme,7375,COMPLEJO ASISTENCIAL DR.VICTOR RIOS RUIZ,61.607.301-K,Los Angeles,Región del Biobío ,47740,B BRAUN MEDICAL SPA,96.756.540-7,San Bernardo,Región Metropolitana de Santiago,5,42312200,Equipamiento y suministros médicos / Productos para el cuidado de heridas / Sutura y productos relacionados,42312206,Agujas de sutura,"303-2396	ESPECULO GRAVES MEDIUM ACERO INOXIDABLE OPACO 10CM X 4CM
",14.0,,CLP,53000.0,742000.0,0.0
1057417-1388-AG24,IC MCM AG IC PEDIDO FEBRERO 2024,2024-01-30T15:02:11.653,AG,,Recepción Conforme,7375,COMPLEJO ASISTENCIAL DR.VICTOR RIOS RUIZ,61.607.301-K,Los Angeles,Región del Biobío ,47740,B BRAUN MEDICAL SPA,96.756.540-7,San Bernardo,Región Metropolitana de Santiago,6,42294700,"Equipamiento y suministros médicos / Productos quirúrgicos / Equipo de perfusión de corazón abierto, monitores, accesorios y productos relacionados",42294720,Agujas de monitorización de la temperatura,"305-1682	HOJA SIERRA PUNTA ESTERNON .34/7,5/0,7MM
",2.0,,CLP,98340.0,196680.0,0.0
1057417-1388-AG24,IC MCM AG IC PEDIDO FEBRERO 2024,2024-01-30T15:02:11.653,AG,,Recepción Conforme,7375,COMPLEJO ASISTENCIAL DR.VICTOR RIOS RUIZ,61.607.301-K,Los Angeles,Región del Biobío ,47740,B BRAUN MEDICAL SPA,96.756.540-7,San Bernardo,Región Metropolitana de Santiago,7,42312200,Equipamiento y suministros médicos / Productos para el cuidado de heridas / Sutura y productos relacionados,42312206,Agujas de sutura,"305-0666	CANULA ASPIRACION POOL CHARRIER 23
",1.0,,CLP,107300.0,107300.0,0.0
1057417-1525-AG24,IC MCM AG PMD PEDIDO FEBRERO 2024,2024-02-01T12:03:34.937,AG,,Recepción Conforme,7375,COMPLEJO ASISTENCIAL DR.VICTOR RIOS RUIZ,61.607.301-K,Los Angeles,Región del Biobío ,1541180,Carpedent SpA,76.687.656-0,Viña del Mar,Región de Valparaíso ,1,42152200,Equipamiento y suministros médicos / Equipos y suministros odontológicos / Equipo y suministros dentales de laboratorio y de esterilización,42152201,Hojas dentales,"300-2014	POSTES DE FIBRA FMG KIT DC + DCE
",1.0,,CLP,140000.0,140000.0,0.0
1057417-1734-AG24,IC MCM AG IC PEDIDO FEBRERO 2024,2024-02-07T09:50:19.27,AG,,Recepción Conforme,7375,COMPLEJO ASISTENCIAL DR.VICTOR RIOS RUIZ,61.607.301-K,Los Angeles,Región del Biobío ,27380,TECNIKA S A,96.625.950-7,Pudahuel,Región Metropolitana de Santiago,1,42293600,"Equipamiento y suministros médicos / Productos quirúrgicos / Bougies quirúrgicos, sondas, obturadores y productos relacionados",42293603,Sondas quirúrgicas,"303-0171	SONDA FOLLEY N22 2V 30CC
",100.0,,CLP,1020.0,102000.0,0.0
1057417-1734-AG24,IC MCM AG IC PEDIDO FEBRERO 2024,2024-02-07T09:50:19.27,AG,,Recepción Conforme,7375,COMPLEJO ASISTENCIAL DR.VICTOR RIOS RUIZ,61.607.301-K,Los Angeles,Región del Biobío ,27380,TECNIKA S A,96.625.950-7,Pudahuel,Región Metropolitana de Santiago,2,42293600,"Equipamiento y suministros médicos / Productos quirúrgicos / Bougies quirúrgicos, sondas, obturadores y productos relacionados",42293603,Sondas quirúrgicas,"303-0165	SONDA FOLLEY N18 3V 30CC
",100.0,,CLP,1720.0,172000.0,0.0
1057417-1856-SE24,PRO DYM LP OIC CONS. INTERVENCIONES HEMODINAMIA CONSUMO ENERO 24,2024-02-09T12:28:55.583,SE,1057417-53-LR22,Recepción Conforme,7375,COMPLEJO ASISTENCIAL DR.VICTOR RIOS RUIZ,61.607.301-K,Los Angeles,Región del Biobío ,1096642,"ARTICULOS, EQUIPOS Y PRODUCTOS PARA LA MEDICINA, LABORATORIOS Y LA IND",76.044.959-8,Providencia,Región Metropolitana de Santiago,1,42203500,Equipamiento y suministros médicos / Productos para imágenes y de medicina nuclear / Marcapasos cardiacos y productos relacionados,42203502,Accesorios o electrodos o indicaciones de marcapas,"306-2084 Stent Coronario Cromo Cobalto, Con Sirolimus, Con Recubrimiento Pasivo De Carburo De Silicio, Polímero Biodegradable, Todas Las Medidas

Pcte./Medida/Lote

ECILDA G.G /STENT DES ORSIRO 2.25X26/ 11211669
JAIME M.C /STENT DES ORSIRO 4.0X22/ .09227334
RITA B.B /STENT DES ORSIRO 3.5X30/ .07231518
RUTH R.A /STENT DES ORSIRO 3X18/ .02234850
OSCAR O.A /STENT DES ORSIRO 2.75X40/ .08226064
OMAR O.T /STENT DES ORSIRO 3.0X30/ 11224766
JOSE J.S /STENT DES ORSIRO 3.0X18/ .02234850
JOSE J.S /STENT DES ORSIRO 2.5X13/ .02235373
MARIANO M.L /STENT DES ORSIRO 3.5X18/ 11224762
ADEMAR A.B /STENT DES ORSIRO 3.0X9/ .07230979
RUBY R.L /STENT DES ORSIRO 2.5X18/ .01230383
MARÍA M.S /STENT DES ORSIRO 3.5X26/ .06225595
JULIO J.C /STENT DES ORSIRO 3.5X30/ .03231029
JOSE J.V /STENT DES ORSIRO 3.5X30/ .07231316
VICTOR I.B /STENT DES ORSIRO 2.25X22/ .03231338
",15.0,,CLP,735000.0,11025000.0,11025000.0
1057417-1856-SE24,PRO DYM LP OIC CONS. INTERVENCIONES HEMODINAMIA CONSUMO ENERO 24,2024-02-09T12:28:55.583,SE,1057417-53-LR22,Recepción Conforme,7375,COMPLEJO ASISTENCIAL DR.VICTOR RIOS RUIZ,61.607.301-K,Los Angeles,Región del Biobío ,1096642,"ARTICULOS, EQUIPOS Y PRODUCTOS PARA LA MEDICINA, LABORATORIOS Y LA IND",76.044.959-8,Providencia,Región Metropolitana de Santiago,2,42242000,"Equipamiento y suministros médicos / Productos medicinales para deportes, prostéticos y ortopédicos / Dispositivos, accesorios y suministros protésicos",42242003,Dispositivos de sujeción protésica o accesorios,"306-2135 Guía De Presión Para Ffr-Ifr Coronario, Diámetro Interno Compatible Con Guía De 0,014 Pulgadas, Largo 185cm, Punta Recta

Pcte./Medida/Lote

RUBEN V.J /VERRATA PRESSURE GUIDE WIRE/ 38933
LUIS L.P /VERRATA PRESSURE GUIDE WIRE/ 74236
",2.0,,CLP,760000.0,1520000.0,1520000.0
1057417-1915-SE24,IC MAP TD (CS) 1665 OIC PEDIDO MARZO 2024,2024-02-12T10:47:44.287,SE,,Recepción Conforme,7375,COMPLEJO ASISTENCIAL DR.VICTOR RIOS RUIZ,61.607.301-K,Los Angeles,Región del Biobío ,1704622,FRIMED SPA,77.067.168-K,Vitacura,Región Metropolitana de Santiago,1,42142500,Equipamiento y suministros médicos / Suministros y productos clínicos / Agujas clínicas,42142502,Agujas para anestesia,"303-2130	KIT CIRUGIA LAPAROSCOPICA COLON
",5.0,,CLP,226000.0,1130000.0,1130000.0
1057417-1915-SE24,IC MAP TD (CS) 1665 OIC PEDIDO MARZO 2024,2024-02-12T10:47:44.287,SE,,Recepción Conforme,7375,COMPLEJO ASISTENCIAL DR.VICTOR RIOS RUIZ,61.607.301-K,Los Angeles,Región del Biobío ,1704622,FRIMED SPA,77.067.168-K,Vitacura,Región Metropolitana de Santiago,2,42142500,Equipamiento y suministros médicos / Suministros y productos clínicos / Agujas clínicas,42142523,Agujas hipodérmicas,"303-1709	CATETER UMBILICAL 4FR 2LUMEN 20CM
",1.0,,CLP,29000.0,29000.0,29000.0
1057417-1954-AG24,IC MCM AG IC PEDIDO MARZO 2024,2024-02-12T14:56:43.13,AG,,Recepción Conforme,7375,COMPLEJO ASISTENCIAL DR.VICTOR RIOS RUIZ,61.607.301-K,Los Angeles,Región del Biobío ,46230,ALTA TECNOLOGIA MEDICA S A,96.705.150-0,Ñuñoa,Región Metropolitana de Santiago,1,42142500,Equipamiento y suministros médicos / Suministros y productos clínicos / Agujas clínicas,42142532,Agujas o kits de pericardiocentesis o accesorios,"303-2446	CATETER MULTIPROPOSITO 12FR 25CM [UD]
",4.0,,CLP,131400.0,525600.0,0.0
1057417-1954-AG24,IC MCM AG IC PEDIDO MARZO 2024,2024-02-12T14:56:43.13,AG,,Recepción Conforme,7375,COMPLEJO ASISTENCIAL DR.VICTOR RIOS RUIZ,61.607.301-K,Los Angeles,Región del Biobío ,46230,ALTA TECNOLOGIA MEDICA S A,96.705.150-0,Ñuñoa,Región Metropolitana de Santiago,2,42142500,Equipamiento y suministros médicos / Suministros y productos clínicos / Agujas clínicas,42142532,Agujas o kits de pericardiocentesis o accesorios,"303-2447	CATETER MULTIPROPOSITO 14FR 25CM [UD]
",1.0,,CLP,137700.0,137700.0,0.0
1057417-1959-SE24,"IG fsq LP, Servicio Oxigenoterapia Domiciliaria HD, Enero.",2024-02-12T15:10:09.283,SE,1057417-193-LQ23,Recepción Conforme,7375,COMPLEJO ASISTENCIAL DR.VICTOR RIOS RUIZ,61.607.301-K,Los Angeles,Región del Biobío ,26727,LINDE GAS CHILE S.A.,90.100.000-K,Mariquina,Región de Los Ríos,1,42271700,"Equipamiento y suministros médicos / Productos de resucitación, anestesia y respiratorios / Sistemas y dispositivos de terapia de entrega de oxígeno",42271718,Accesorios para productos de administración de oxi,Arriendo concentradores de oxígenos ,236.0,,CLP,3567.0,841812.0,841812.0
1057417-1959-SE24,"IG fsq LP, Servicio Oxigenoterapia Domiciliaria HD, Enero.",2024-02-12T15:10:09.283,SE,1057417-193-LQ23,Recepción Conforme,7375,COMPLEJO ASISTENCIAL DR.VICTOR RIOS RUIZ,61.607.301-K,Los Angeles,Región del Biobío ,26727,LINDE GAS CHILE S.A.,90.100.000-K,Mariquina,Región de Los Ríos,2,42271700,"Equipamiento y suministros médicos / Productos de resucitación, anestesia y respiratorios / Sistemas y dispositivos de terapia de entrega de oxígeno",42271718,Accesorios para productos de administración de oxi,Frascos humidificadores,44.0,,CLP,3936.0,173184.0,173184.0
1057417-1959-SE24,"IG fsq LP, Servicio Oxigenoterapia Domiciliaria HD, Enero.",2024-02-12T15:10:09.283,SE,1057417-193-LQ23,Recepción Conforme,7375,COMPLEJO ASISTENCIAL DR.VICTOR RIOS RUIZ,61.607.301-K,Los Angeles,Región del Biobío ,26727,LINDE GAS CHILE S.A.,90.100.000-K,Mariquina,Región de Los Ríos,3,42271700,"Equipamiento y suministros médicos / Productos de resucitación, anestesia y respiratorios / Sistemas y dispositivos de terapia de entrega de oxígeno",42271718,Accesorios para productos de administración de oxi,Flete urbano,30.0,,CLP,23000.0,690000.0,690000.0
1057417-1959-SE24,"IG fsq LP, Servicio Oxigenoterapia Domiciliaria HD, Enero.",2024-02-12T15:10:09.283,SE,1057417-193-LQ23,Recepción Conforme,7375,COMPLEJO ASISTENCIAL DR.VICTOR RIOS RUIZ,61.607.301-K,Los Angeles,Región del Biobío ,26727,LINDE GAS CHILE S.A.,90.100.000-K,Mariquina,Región de Los Ríos,4,42271700,"Equipamiento y suministros médicos / Productos de resucitación, anestesia y respiratorios / Sistemas y dispositivos de terapia de entrega de oxígeno",42271718,Accesorios para productos de administración de oxi,Flete rural,17.0,,CLP,50000.0,850000.0,850000.0
1057417-1959-SE24,"IG fsq LP, Servicio Oxigenoterapia Domiciliaria HD, Enero.",2024-02-12T15:10:09.283,SE,1057417-193-LQ23,Recepción Conforme,7375,COMPLEJO ASISTENCIAL DR.VICTOR RIOS RUIZ,61.607.301-K,Los Angeles,Región del Biobío ,26727,LINDE GAS CHILE S.A.,90.100.000-K,Mariquina,Región de Los Ríos,5,42271700,"Equipamiento y suministros médicos / Productos de resucitación, anestesia y respiratorios / Sistemas y dispositivos de terapia de entrega de oxígeno",42271718,Accesorios para productos de administración de oxi,Carga cilindro ,1.0,,CLP,4551.0,4551.0,4551.0
1057417-2081-AG24,IC MCM AG IC PEDIDO MARZO 2024,2024-02-13T16:23:20.21,AG,,Recepción Conforme,7375,COMPLEJO ASISTENCIAL DR.VICTOR RIOS RUIZ,61.607.301-K,Los Angeles,Región del Biobío ,27380,TECNIKA S A,96.625.950-7,Pudahuel,Región Metropolitana de Santiago,1,42142500,Equipamiento y suministros médicos / Suministros y productos clínicos / Agujas clínicas,42142516,Agujas con aberturas,"303-2450	APOSITO TULL NO ADHERENTE ESTERIL MALLA DE CONTACTO 7 X 7 CM [UD]
",1200.0,,CLP,550.0,660000.0,0.0
1057417-2090-AG24,IC MCM AG IC PEDIDO MARZO 2024,2024-02-13T16:45:06.23,AG,,Recepción Conforme,7375,COMPLEJO ASISTENCIAL DR.VICTOR RIOS RUIZ,61.607.301-K,Los Angeles,Región del Biobío ,1681045,"INGENIERIA, SOPORTE Y CADENA DE SUMINISTRO SPA",77.025.316-0,,,1,42142500,Equipamiento y suministros médicos / Suministros y productos clínicos / Agujas clínicas,42142515,Agujas de tubo de vacío,"303-0570	CLAMPS UMBILICAL [UD]
",300.0,,CLP,155.0,46500.0,0.0
1057417-2090-AG24,IC MCM AG IC PEDIDO MARZO 2024,2024-02-13T16:45:06.23,AG,,Recepción Conforme,7375,COMPLEJO ASISTENCIAL DR.VICTOR RIOS RUIZ,61.607.301-K,Los Angeles,Región del Biobío ,1681045,"INGENIERIA, SOPORTE Y CADENA DE SUMINISTRO SPA",77.025.316-0,,,2,42142500,Equipamiento y suministros médicos / Suministros y productos clínicos / Agujas clínicas,42142515,Agujas de tubo de vacío,"303-1693	SOBRE DE 5 UNIDADES DE TORULAS DE GASA NO TEJIDA ESTERIL [SO]
",2500.0,,CLP,347.0,867500.0,0.0
1057417-2090-AG24,IC MCM AG IC PEDIDO MARZO 2024,2024-02-13T16:45:06.23,AG,,Recepción Conforme,7375,COMPLEJO ASISTENCIAL DR.VICTOR RIOS RUIZ,61.607.301-K,Los Angeles,Región del Biobío ,1681045,"INGENIERIA, SOPORTE Y CADENA DE SUMINISTRO SPA",77.025.316-0,,,3,42142500,Equipamiento y suministros médicos / Suministros y productos clínicos / Agujas clínicas,42142515,Agujas de tubo de vacío,"303-0477	BIGOTERA OXIGENO PEDIATRICO [UD]
",130.0,,CLP,550.0,71500.0,0.0
1057417-2090-AG24,IC MCM AG IC PEDIDO MARZO 2024,2024-02-13T16:45:06.23,AG,,Recepción Conforme,7375,COMPLEJO ASISTENCIAL DR.VICTOR RIOS RUIZ,61.607.301-K,Los Angeles,Región del Biobío ,1681045,"INGENIERIA, SOPORTE Y CADENA DE SUMINISTRO SPA",77.025.316-0,,,4,42142500,Equipamiento y suministros médicos / Suministros y productos clínicos / Agujas clínicas,42142515,Agujas de tubo de vacío,"303-1658	COMPRESA FRIO CALOR GEL (SANITEX) COT006 PRIMUS [UD]
",9.0,,CLP,4600.0,41400.0,0.0
1057417-2090-AG24,IC MCM AG IC PEDIDO MARZO 2024,2024-02-13T16:45:06.23,AG,,Recepción Conforme,7375,COMPLEJO ASISTENCIAL DR.VICTOR RIOS RUIZ,61.607.301-K,Los Angeles,Región del Biobío ,1681045,"INGENIERIA, SOPORTE Y CADENA DE SUMINISTRO SPA",77.025.316-0,,,5,42142500,Equipamiento y suministros médicos / Suministros y productos clínicos / Agujas clínicas,42142515,Agujas de tubo de vacío,"303-0031	SONDA PEZZER N24 [UD]
",5.0,,CLP,12300.0,61500.0,0.0
1057417-2090-AG24,IC MCM AG IC PEDIDO MARZO 2024,2024-02-13T16:45:06.23,AG,,Recepción Conforme,7375,COMPLEJO ASISTENCIAL DR.VICTOR RIOS RUIZ,61.607.301-K,Los Angeles,Región del Biobío ,1681045,"INGENIERIA, SOPORTE Y CADENA DE SUMINISTRO SPA",77.025.316-0,,,6,42142500,Equipamiento y suministros médicos / Suministros y productos clínicos / Agujas clínicas,42142515,Agujas de tubo de vacío,"303-0034	SONDA PEZZER N28 [UD]
",3.0,,CLP,20500.0,61500.0,0.0
1057417-2182-SE24,"ic fcsm LP, OIC Pedido Marzo ",2024-02-15T10:44:43.887,SE,1057417-241-LR23,Recepción Conforme,7375,COMPLEJO ASISTENCIAL DR.VICTOR RIOS RUIZ,61.607.301-K,Los Angeles,Región del Biobío ,39565,Dipromed S.A.,86.397.000-8,Santiago,Región Metropolitana de Santiago,1,42293600,"Equipamiento y suministros médicos / Productos quirúrgicos / Bougies quirúrgicos, sondas, obturadores y productos relacionados",42293603,Sondas quirúrgicas,"303-0168	SONDA FOLLEY N20 3V 30CC
",20.0,,CLP,667.0,13340.0,13340.0
1057417-2182-SE24,"ic fcsm LP, OIC Pedido Marzo ",2024-02-15T10:44:43.887,SE,1057417-241-LR23,Recepción Conforme,7375,COMPLEJO ASISTENCIAL DR.VICTOR RIOS RUIZ,61.607.301-K,Los Angeles,Región del Biobío ,39565,Dipromed S.A.,86.397.000-8,Santiago,Región Metropolitana de Santiago,2,42293600,"Equipamiento y suministros médicos / Productos quirúrgicos / Bougies quirúrgicos, sondas, obturadores y productos relacionados",42293603,Sondas quirúrgicas,"303-0165 SONDA FOLLEY N18 3V 30CC [UD]
",71.0,,CLP,667.0,47357.0,47357.0
1057417-2369-SE24,PRO IC LFF TD 8615 CX HOMBRO ENERO 2024 PAB CENTRAL,2024-02-20T09:29:54.56,SE,,Recepción Conforme,7375,COMPLEJO ASISTENCIAL DR.VICTOR RIOS RUIZ,61.607.301-K,Los Angeles,Región del Biobío ,1880017,ARTHREX CHILE SPA,77.690.744-8,Las Condes,Región Metropolitana de Santiago,1,42242000,"Equipamiento y suministros médicos / Productos medicinales para deportes, prostéticos y ortopédicos / Dispositivos, accesorios y suministros protésicos",42242003,Dispositivos de sujeción protésica o accesorios,"FIBER TAPE SUTURA AZUL 2MM (Linea 1, Suturas tipo cinta)",5.0,,CLP,131428.0,657140.0,657140.0
1057417-2369-SE24,PRO IC LFF TD 8615 CX HOMBRO ENERO 2024 PAB CENTRAL,2024-02-20T09:29:54.56,SE,,Recepción Conforme,7375,COMPLEJO ASISTENCIAL DR.VICTOR RIOS RUIZ,61.607.301-K,Los Angeles,Región del Biobío ,1880017,ARTHREX CHILE SPA,77.690.744-8,Las Condes,Región Metropolitana de Santiago,2,42242000,"Equipamiento y suministros médicos / Productos medicinales para deportes, prostéticos y ortopédicos / Dispositivos, accesorios y suministros protésicos",42242003,Dispositivos de sujeción protésica o accesorios,"FIBERWIRE SUTURA AZUL AGUJA CONICA (Linea 2, Suturas no absorbibles)",4.0,,CLP,27192.0,108768.0,108768.0
1057417-2369-SE24,PRO IC LFF TD 8615 CX HOMBRO ENERO 2024 PAB CENTRAL,2024-02-20T09:29:54.56,SE,,Recepción Conforme,7375,COMPLEJO ASISTENCIAL DR.VICTOR RIOS RUIZ,61.607.301-K,Los Angeles,Región del Biobío ,1880017,ARTHREX CHILE SPA,77.690.744-8,Las Condes,Región Metropolitana de Santiago,3,42242000,"Equipamiento y suministros médicos / Productos medicinales para deportes, prostéticos y ortopédicos / Dispositivos, accesorios y suministros protésicos",42242003,Dispositivos de sujeción protésica o accesorios,CANULA TWIST-IN CON TAPÓN ANTIFUGAS,2.0,,CLP,33990.0,67980.0,67980.0
1057417-2369-SE24,PRO IC LFF TD 8615 CX HOMBRO ENERO 2024 PAB CENTRAL,2024-02-20T09:29:54.56,SE,,Recepción Conforme,7375,COMPLEJO ASISTENCIAL DR.VICTOR RIOS RUIZ,61.607.301-K,Los Angeles,Región del Biobío ,1880017,ARTHREX CHILE SPA,77.690.744-8,Las Condes,Región Metropolitana de Santiago,4,42242000,"Equipamiento y suministros médicos / Productos medicinales para deportes, prostéticos y ortopédicos / Dispositivos, accesorios y suministros protésicos",42242003,Dispositivos de sujeción protésica o accesorios,"CNLA TWIST-IN NO FUGA, 8.25MM ID X 9 CM",1.0,,CLP,33990.0,33990.0,33990.0
1057417-2369-SE24,PRO IC LFF TD 8615 CX HOMBRO ENERO 2024 PAB CENTRAL,2024-02-20T09:29:54.56,SE,,Recepción Conforme,7375,COMPLEJO ASISTENCIAL DR.VICTOR RIOS RUIZ,61.607.301-K,Los Angeles,Región del Biobío ,1880017,ARTHREX CHILE SPA,77.690.744-8,Las Condes,Región Metropolitana de Santiago,5,42242000,"Equipamiento y suministros médicos / Productos medicinales para deportes, prostéticos y ortopédicos / Dispositivos, accesorios y suministros protésicos",42242003,Dispositivos de sujeción protésica o accesorios,AGUJA SUREFIRE SCORPION,1.0,,CLP,174482.0,174482.0,174482.0
1057417-2369-SE24,PRO IC LFF TD 8615 CX HOMBRO ENERO 2024 PAB CENTRAL,2024-02-20T09:29:54.56,SE,,Recepción Conforme,7375,COMPLEJO ASISTENCIAL DR.VICTOR RIOS RUIZ,61.607.301-K,Los Angeles,Región del Biobío ,1880017,ARTHREX CHILE SPA,77.690.744-8,Las Condes,Región Metropolitana de Santiago,6,42242000,"Equipamiento y suministros médicos / Productos medicinales para deportes, prostéticos y ortopédicos / Dispositivos, accesorios y suministros protésicos",42242003,Dispositivos de sujeción protésica o accesorios,"EXCALIBUR 4MM X 13CM (Linea 2, Shaver)",1.0,,CLP,101970.0,101970.0,101970.0
1057417-2369-SE24,PRO IC LFF TD 8615 CX HOMBRO ENERO 2024 PAB CENTRAL,2024-02-20T09:29:54.56,SE,,Recepción Conforme,7375,COMPLEJO ASISTENCIAL DR.VICTOR RIOS RUIZ,61.607.301-K,Los Angeles,Región del Biobío ,1880017,ARTHREX CHILE SPA,77.690.744-8,Las Condes,Región Metropolitana de Santiago,7,42242000,"Equipamiento y suministros médicos / Productos medicinales para deportes, prostéticos y ortopédicos / Dispositivos, accesorios y suministros protésicos",42242003,Dispositivos de sujeción protésica o accesorios,"TUBO DE LA BOMBA PRINCIPAL (Linea 2, Bajada de agua)",1.0,,CLP,63448.0,63448.0,63448.0
1057417-2372-SE24,PRO IC LFF CX TRAUMA H TD 12130 ENERO 2024 PAB CENTRAL,2024-02-20T10:26:03.44,SE,,Recepción Conforme,7375,COMPLEJO ASISTENCIAL DR.VICTOR RIOS RUIZ,61.607.301-K,Los Angeles,Región del Biobío ,1880017,ARTHREX CHILE SPA,77.690.744-8,Las Condes,Región Metropolitana de Santiago,1,42242000,"Equipamiento y suministros médicos / Productos medicinales para deportes, prostéticos y ortopédicos / Dispositivos, accesorios y suministros protésicos",42242003,Dispositivos de sujeción protésica o accesorios,APOLLO SJ 50°,1.0,,CLP,328570.0,328570.0,328570.0
1057417-2375-SE24,PRO IC LFF TD 8615 CX TRAUMA R PAB CENTRAL ENERO 24,2024-02-20T11:06:30.95,SE,,Recepción Conforme,7375,COMPLEJO ASISTENCIAL DR.VICTOR RIOS RUIZ,61.607.301-K,Los Angeles,Región del Biobío ,1880017,ARTHREX CHILE SPA,77.690.744-8,Las Condes,Región Metropolitana de Santiago,1,42242000,"Equipamiento y suministros médicos / Productos medicinales para deportes, prostéticos y ortopédicos / Dispositivos, accesorios y suministros protésicos",42242003,Dispositivos de sujeción protésica o accesorios,"FIBERWIRE SUTURA AZUL AGUJA CONICA (Linea 2, Suturas no absorbibles)",4.0,,CLP,27192.0,108768.0,108768.0
1057417-2375-SE24,PRO IC LFF TD 8615 CX TRAUMA R PAB CENTRAL ENERO 24,2024-02-20T11:06:30.95,SE,,Recepción Conforme,7375,COMPLEJO ASISTENCIAL DR.VICTOR RIOS RUIZ,61.607.301-K,Los Angeles,Región del Biobío ,1880017,ARTHREX CHILE SPA,77.690.744-8,Las Condes,Región Metropolitana de Santiago,2,42242000,"Equipamiento y suministros médicos / Productos medicinales para deportes, prostéticos y ortopédicos / Dispositivos, accesorios y suministros protésicos",42242003,Dispositivos de sujeción protésica o accesorios,"EXCALIBUR 4MM X 13 CM (Linea 1, Shaver)",3.0,,CLP,101970.0,305910.0,305910.0
1057417-2375-SE24,PRO IC LFF TD 8615 CX TRAUMA R PAB CENTRAL ENERO 24,2024-02-20T11:06:30.95,SE,,Recepción Conforme,7375,COMPLEJO ASISTENCIAL DR.VICTOR RIOS RUIZ,61.607.301-K,Los Angeles,Región del Biobío ,1880017,ARTHREX CHILE SPA,77.690.744-8,Las Condes,Región Metropolitana de Santiago,3,42242000,"Equipamiento y suministros médicos / Productos medicinales para deportes, prostéticos y ortopédicos / Dispositivos, accesorios y suministros protésicos",42242003,Dispositivos de sujeción protésica o accesorios,"FIBERTAPE SUTURA AZUL 2MM (Linea 1, Suturas Tipo Cinta) ",2.0,,CLP,131428.0,262856.0,262856.0
1057417-2386-AG24,IC MCM AG IC PEDIDO MARZO 2024,2024-02-20T14:52:35.323,AG,,Recepción Conforme,7375,COMPLEJO ASISTENCIAL DR.VICTOR RIOS RUIZ,61.607.301-K,Los Angeles,Región del Biobío ,40442,ECOLAB S A,96.604.460-8,Las Condes,Región Metropolitana de Santiago,1,53131600,"Ropa, maletas y productos de aseo personal / Artículos de baño o tocador / Artículos de baño y cuerpo",53131608,Jabones,"303-3774	JABÓN ECOLAB ENDURE 420 2% PARA DISPENSADOR MANO FRASCO 1 L 12 UNIDADES 
",84.0,,CLP,17003.0,1428252.0,0.0
1057417-2416-AG24,"IC GVSM AG ML, PEDIDO MARZO 2024 (1057417-864-COT24)",2024-02-21T09:13:06.007,AG,,Recepción Conforme,7375,COMPLEJO ASISTENCIAL DR.VICTOR RIOS RUIZ,61.607.301-K,Los Angeles,Región del Biobío ,27877,MEDICATEC DE CHILE S A,96.851.720-1,Alhué,Región Metropolitana de Santiago,1,41116000,Equipamiento para laboratorios / Instrumentos de medida y experimentación / Reactivos de analizadores clínicos y diagnósticos,41116011,Reactivos de analizadores microbiológicos,"302-1260	AGAR CROMOGENICO CANDIDAS [FC]
",3.0,,CLP,223000.0,669000.0,0.0
1057417-2454-AG24,"IC GVSM AG PMD, PEDIDO MARZO 2024 (1057417-1075-COT24)",2024-02-21T18:05:16.663,AG,,Recepción Conforme,7375,COMPLEJO ASISTENCIAL DR.VICTOR RIOS RUIZ,61.607.301-K,Los Angeles,Región del Biobío ,70161,IMPORTACIONES Y EXPORTACIONES ZAVALA Y HERRERA LTD,79.807.250-1,Providencia,Región Metropolitana de Santiago,1,30201900,"Artículos para estructuras, obras y construcciones / Estructuras prefabricadas / Construcciones médicas prefabricadas",30201903,Unidades dentales,"300-1942	IONOMERO DE VIDRIO DE ALTA VISCOSIDAD PARA RESTAURACION DE FOTOCURADO, EN CAPSULAS DE 0,43 POLVO Y 0,14 LIQUIDO TIPO RIVA SDI CON PISTOLA DISPENSADORA [UD]
",1.0,,CLP,177112.0,177112.0,0.0
1057417-2475-SE24,AC ngr 1057417-201-LP23 TECNOLOGOS MEDICOS PARA TOMA DE TAC ENERO 2024 FOLIOS 3002-3010,2024-02-22T14:28:13.973,SE,1057417-201-LP23,Recepción Conforme,7375,COMPLEJO ASISTENCIAL DR.VICTOR RIOS RUIZ,61.607.301-k,Los Angeles,Región del Biobío ,1601672,Arrayan Salud SPA,76.842.382-2,Alto Bio Bio,Región del Biobío ,1,85122200,"Salud, servicios sanitarios y alimentación / Medicina y servicios de salud / Evaluaciones de salud individuales",85122201,Exámenes médicos,"TECNOLOGOS MEDICOS EN TOMA DE TAC ENERO 2024
",811.0,,CLP,11030.0,8945330.0,8945330.0
1057417-2492-AG24,IC MCM AG IC PEDIDO MARZO 2024,2024-02-22T16:27:33.977,AG,,Recepción Conforme,7375,COMPLEJO ASISTENCIAL DR.VICTOR RIOS RUIZ,61.607.301-K,Los Angeles,Región del Biobío ,25418,INTERNATIONAL CLINICS S A,88.900.200-k,Alhué,Región Metropolitana de Santiago,1,42201700,"Equipamiento y suministros médicos / Productos para imágenes y de medicina nuclear / Artículos para imágenes de ultrasonido, doppler y eco",42201703,Ultrasonido mamográfico o unidades eco,"303-0112	GEL AQUASONIC BIDON 5LT MAS DISPENSADOR 250ML DEBE SER BIDON BLANDO
",14.0,,CLP,18500.0,259000.0,0.0
1057417-250-SE24,IP FCM LP MANT Incorporación a Convenio de mantención preventivo y reparativo de puertas automáticas herméticas de acero inoxidable (Sol.216.654)(RESS.11982),2024-01-05T12:11:48.21,SE,1057417-260-LQ22,Recepción Conforme,7375,COMPLEJO ASISTENCIAL DR.VICTOR RIOS RUIZ,61.607.301-K,Los Angeles,Región del Biobío ,1344293,GRUPSA CHILE LTDA,76.232.261-7,Las Condes,Región Metropolitana de Santiago,1,30172000,"Artículos para estructuras, obras y construcciones / Puertas, ventanas y vidrios / Puertas",30172002,Puerta de doble barra,"Incorporación de mantención preventiva de 2 puertas de corredera automáticas ubicadas en acceso a Unidad de emergencia, según cotización N° OPC11030 incluida en resolución adjunta.",11.0,,CLP,291981.45,3211795.95,3211795.95
1057417-2524-SE24,AC CJL LP 1057417-141-LQ23 SERVICIOS DE AUX. ANESTESIA - ENERO 2024,2024-02-23T12:26:42.5,SE,1057417-141-LQ23,Recepción Conforme,7375,COMPLEJO ASISTENCIAL DR.VICTOR RIOS RUIZ,61.607.301-k,Santa María,Región de Valparaíso ,1601672,Arrayan Salud SPA,76.842.382-2,Alto Bio Bio,Región del Biobío ,1,85121600,"Salud, servicios sanitarios y alimentación / Medicina y servicios de salud / Especialidades médicas",85121609,Servicios quirúrgicos,"AUXILIAR ANESTESIA CIRUGIAS VARIAS ENERO 2024 
VER DETALLE ADJUNTO",1.0,,CLP,3925401.0,3925401.0,3925401.0
1057417-2528-AG24,IC MCM AG IC PEDIDO MARZO 2024,2024-02-23T14:18:26.957,AG,,Recepción Conforme,7375,COMPLEJO ASISTENCIAL DR.VICTOR RIOS RUIZ,61.607.301-K,Los Angeles,Región del Biobío ,25634,SOLUCIONES INTEGRALES DE LIMPIEZA LIMITADA,89.842.300-K,Hualpén,Región del Biobío ,1,42142500,Equipamiento y suministros médicos / Suministros y productos clínicos / Agujas clínicas,42142515,Agujas de tubo de vacío,"303-1407	ALCOHOL GEL X1 LITRO [LT]  SOFTCARE ALCOHOL GEL 1LT 
",180.0,,CLP,8950.0,1611000.0,0.0
1057417-2533-AG24,"IC GVSM AG OIC, PEDIDO MARZO (1057417-988-COT24)",2024-02-23T14:36:16.52,AG,,Recepción Conforme,7375,COMPLEJO ASISTENCIAL DR.VICTOR RIOS RUIZ,61.607.301-K,Los Angeles,Región del Biobío ,25116,ALCON LABORATORIOS CHILE LTDA,86.537.600-6,Las Condes,Región Metropolitana de Santiago,1,42151600,Equipamiento y suministros médicos / Equipos y suministros odontológicos / Instrumentos y dispositivos dentales y de sub-especialidad,42151615,Unidades crioquirúrgicas dentales,"303-0718	Cuchillete 15 3 mm, recto para incisión de heridas laterales satinado para evitar el reflejo de la luz del microscopio Codigo: 8065921501
",150.0,,CLP,10716.0,1607400.0,0.0
1057417-2535-AG24,IC MCM AG ML PEDIDO MARZO 2024,2024-02-23T14:45:05.983,AG,,Recepción Conforme,7375,COMPLEJO ASISTENCIAL DR.VICTOR RIOS RUIZ,61.607.301-K,Los Angeles,Región del Biobío ,1383978,SCHONFELDT VIDAMEDICA SPA,76.352.414-0,Quilicura,Región Metropolitana de Santiago,1,41121800,Equipamiento para laboratorios / Suministros para laboratorios / Artículos y suministros de vidrio y plástico para laboratorio,41121803,Vasos de precipitados de laboratorio,"303-1146	CAMISA O SOPORTE COMPATIBLE CON TUBOS AL VACIO 
",100.0,,CLP,79.0,7900.0,0.0
1057417-2535-AG24,IC MCM AG ML PEDIDO MARZO 2024,2024-02-23T14:45:05.983,AG,,Recepción Conforme,7375,COMPLEJO ASISTENCIAL DR.VICTOR RIOS RUIZ,61.607.301-K,Los Angeles,Región del Biobío ,1383978,SCHONFELDT VIDAMEDICA SPA,76.352.414-0,Quilicura,Región Metropolitana de Santiago,2,41121800,Equipamiento para laboratorios / Suministros para laboratorios / Artículos y suministros de vidrio y plástico para laboratorio,41121803,Vasos de precipitados de laboratorio,"302-0842	MAT. TUBO EDTA 4ML   360057 VACUTAINER
",100.0,,CLP,104.0,10400.0,0.0
1057417-2535-AG24,IC MCM AG ML PEDIDO MARZO 2024,2024-02-23T14:45:05.983,AG,,Recepción Conforme,7375,COMPLEJO ASISTENCIAL DR.VICTOR RIOS RUIZ,61.607.301-K,Los Angeles,Región del Biobío ,1383978,SCHONFELDT VIDAMEDICA SPA,76.352.414-0,Quilicura,Región Metropolitana de Santiago,3,41121800,Equipamiento para laboratorios / Suministros para laboratorios / Artículos y suministros de vidrio y plástico para laboratorio,41121803,Vasos de precipitados de laboratorio,"302-0719	MAT. TUBO PET SIN ADITIVO NI ANTICOAG 6ML TAPA BLANCA 13X100MM ESTERIL [UD]  366408 VACUTAINER
",100.0,,CLP,134.0,13400.0,0.0
1057417-2535-AG24,IC MCM AG ML PEDIDO MARZO 2024,2024-02-23T14:45:05.983,AG,,Recepción Conforme,7375,COMPLEJO ASISTENCIAL DR.VICTOR RIOS RUIZ,61.607.301-K,Los Angeles,Región del Biobío ,1383978,SCHONFELDT VIDAMEDICA SPA,76.352.414-0,Quilicura,Región Metropolitana de Santiago,4,41121800,Equipamiento para laboratorios / Suministros para laboratorios / Artículos y suministros de vidrio y plástico para laboratorio,41121803,Vasos de precipitados de laboratorio,"302-1605	MAT. TUBO AMARILLO GEL SEP. Y ACT. COAG. 3.5ML. CAJA X 100 UD. [UD] 367957
",10000.0,,CLP,138.0,1380000.0,0.0
1057417-2561-SE24,AC geb LP 1057417-107-LP23 Enfermeras cir.varias (ene),2024-02-26T10:16:53.803,SE,1057417-107-LP23,Recepción Conforme,7375,COMPLEJO ASISTENCIAL DR.VICTOR RIOS RUIZ,61.607.301-K,Los Angeles,Región del Biobío ,154095,AMPATAGONIA Ltda.,99.578.780-6,Cabo de Hornos,Región de Magallanes y de la Antártica,1,85121600,"Salud, servicios sanitarios y alimentación / Medicina y servicios de salud / Especialidades médicas",85121609,Servicios quirúrgicos,ENFERMERAS - CIRUGIAS VARIAS,1.0,,CLP,4827580.0,4827580.0,4827580.0
1057417-2564-SE24,AC kcb LP 1057417-152-LQ23 Pabellonero ene24,2024-02-26T10:26:53.32,SE,1057417-152-LQ23,Recepción Conforme,7375,COMPLEJO ASISTENCIAL DR.VICTOR RIOS RUIZ,61.607.301-K,Los Angeles,Región del Biobío ,1601672,Arrayan Salud SPA,76.842.382-2,Alto Bio Bio,Región del Biobío ,1,85101500,"Salud, servicios sanitarios y alimentación / Servicios para el cuidado de la salud de las personas / Ambulatorios",85101501,Servicios hospitalarios de emergencia o quirúrgico,SEGÚN DETALLE ADJUNTO,1.0,,CLP,3776082.0,3776082.0,3776082.0
1057417-2567-AG24,"IC GVSM AG OIC, PEDIDO MARZO (1057417-1131-COT24)",2024-02-26T10:35:25.847,AG,,Recepción Conforme,7375,COMPLEJO ASISTENCIAL DR.VICTOR RIOS RUIZ,61.607.301-K,Los Angeles,Región del Biobío ,27097,CENTRAL DE COMPRAS DEL EXTRASISTEMA S.A.,96.515.660-7,Quilicura,Región Metropolitana de Santiago,1,42221500,"Equipamiento y suministros médicos / Productos administrados por vía intravenosa y arterial / Accesorios, catéteres y cánulas intravenosas y arteriales",42221503,Catéteres venosos centrales,"303-0380	CATETER URETERAL DE 6 FR X 70 CM, ABIERTO-ABIERTO, INCLUYE SISTEMA LUER LOCK , PUNTA AGUSADA ATRAUMATICA, 
",3.0,,CLP,22000.0,66000.0,0.0
1057417-2567-AG24,"IC GVSM AG OIC, PEDIDO MARZO (1057417-1131-COT24)",2024-02-26T10:35:25.847,AG,,Recepción Conforme,7375,COMPLEJO ASISTENCIAL DR.VICTOR RIOS RUIZ,61.607.301-K,Los Angeles,Región del Biobío ,27097,CENTRAL DE COMPRAS DEL EXTRASISTEMA S.A.,96.515.660-7,Quilicura,Región Metropolitana de Santiago,2,42221500,"Equipamiento y suministros médicos / Productos administrados por vía intravenosa y arterial / Accesorios, catéteres y cánulas intravenosas y arteriales",42221503,Catéteres venosos centrales,"303-2471	CATETER PIGTAIL 3.0FR X 8-20CM PEDIATRICO [UD]
",1.0,,CLP,185000.0,185000.0,0.0
1057417-2570-SE24,AC kcb LP 1057417-265-LP23 Cirujanos Hip-Fast ene24,2024-02-26T10:42:29.477,SE,1057417-265-LP23,Recepción Conforme,7375,COMPLEJO ASISTENCIAL DR.VICTOR RIOS RUIZ,61.607.301-K,Los Angeles,Región del Biobío ,1601672,Arrayan Salud SPA,76.842.382-2,Alto Bio Bio,Región del Biobío ,1,85101500,"Salud, servicios sanitarios y alimentación / Servicios para el cuidado de la salud de las personas / Ambulatorios",85101501,Servicios hospitalarios de emergencia o quirúrgico,1ER CIRUJANO PARA HIP FAST,1.0,,CLP,857740.0,857740.0,857740.0
1057417-2573-SE24,IC MCM LP IC SOLIC.ADQ. 249937 PABELLON CMA,2024-02-26T10:44:56.547,SE,1057417-154-LR22,Recepción Conforme,7375,COMPLEJO ASISTENCIAL DR.VICTOR RIOS RUIZ,61.607.301-K,Los Angeles,Región del Biobío ,26931,COMERCIAL LBF LIMITADA,93.366.000-1,Pudahuel,Región Metropolitana de Santiago,1,42131600,Equipamiento y suministros médicos / Vestuario clínico / Vestuario para el personal médico y artículos relacionados,42131612,Batas de aislamiento o cobertura para el personal ,"303-2454	PAQUETE ROPA UNIVERSAL ESTERIL
",300.0,,CLP,16500.0,4950000.0,4950000.0
1057417-2576-SE24,AC ngr LP 1057417-167-LP23 IMPLANTACION DE MARCAPA,2024-02-26T10:58:13.78,SE,1057417-303-LE23,Recepción Conforme,7375,COMPLEJO ASISTENCIAL DR.VICTOR RIOS RUIZ,61.607.301-K,Los Angeles,Región del Biobío ,1477883,JOSE LUIS,76.544.753-4,Las Condes,Región Metropolitana de Santiago,1,85101500,"Salud, servicios sanitarios y alimentación / Servicios para el cuidado de la salud de las personas / Ambulatorios",85101501,Servicios hospitalarios de emergencia o quirúrgico,"CARDIÓLOGOS EN  IMPLANTACION DE MARCAPASOS DESFIBRILADOR
FOLIO 7226
DR. JOSE MONTENEGRO (1) ",1.0,,CLP,500000.0,500000.0,500000.0
1057417-2576-SE24,AC ngr LP 1057417-167-LP23 IMPLANTACION DE MARCAPA,2024-02-26T10:58:13.78,SE,1057417-303-LE23,Recepción Conforme,7375,COMPLEJO ASISTENCIAL DR.VICTOR RIOS RUIZ,61.607.301-K,Los Angeles,Región del Biobío ,1477883,JOSE LUIS,76.544.753-4,Las Condes,Región Metropolitana de Santiago,2,85101500,"Salud, servicios sanitarios y alimentación / Servicios para el cuidado de la salud de las personas / Ambulatorios",85101501,Servicios hospitalarios de emergencia o quirúrgico,"CARDIÓLOGOS EN  IMPLANTACION DE MARCAPASOS RESINCRONIZADOR
FOLIO 7226
DR. JOSE MONTENEGRO (1) ",1.0,,CLP,700000.0,700000.0,700000.0
1057417-2582-AG24,IC MCM AG IC PEDIDO MARZO 2024,2024-02-26T14:23:50.117,AG,,Recepción Conforme,7375,COMPLEJO ASISTENCIAL DR.VICTOR RIOS RUIZ,61.607.301-K,Los Angeles,Región del Biobío ,30168,"ALGODONERA VARAS, CIA LTDA",89.516.100-4,Concepción,Región del Biobío ,1,42291600,"Equipamiento y suministros médicos / Productos quirúrgicos / Instrumentos quirúrgicos de corte, trampas y productos relacionados",42291607,Gasas o curetas quirúrgicas,"303-1351	Apósito gasa  tejida 15-20 cmx 80-100 cm envase mixto estéril
",1100.0,,CLP,1250.0,1375000.0,0.0
1057417-2592-SE24,PRO IC LFF TD 12437 CX TRAUMA DICIEMBRE 23 PAB CENTRAL,2024-02-26T15:34:52.583,SE,,Recepción Conforme,7375,COMPLEJO ASISTENCIAL DR.VICTOR RIOS RUIZ,61.607.301-K,Los Angeles,Región del Biobío ,265250,ARENYS MED S.A.,76.901.400-4,Providencia,Región Metropolitana de Santiago,1,42242000,"Equipamiento y suministros médicos / Productos medicinales para deportes, prostéticos y ortopédicos / Dispositivos, accesorios y suministros protésicos",42242003,Dispositivos de sujeción protésica o accesorios,"306-3764 SET DE IRRIGACION ACCESS 25 ENTRADA / SALIDA

",1.0,,CLP,140024.0,140024.0,140024.0
1057417-2593-AG24,IC MCM AG IC PEDIDO MARZO 2024,2024-02-26T15:37:56.327,AG,,Recepción Conforme,7375,COMPLEJO ASISTENCIAL DR.VICTOR RIOS RUIZ,61.607.301-K,Los Angeles,Región del Biobío ,1867609,STOREMED S.A.,77.634.551-2,Las Condes,Región Metropolitana de Santiago,1,42291600,"Equipamiento y suministros médicos / Productos quirúrgicos / Instrumentos quirúrgicos de corte, trampas y productos relacionados",42291607,Gasas o curetas quirúrgicas,"Apósito gasa hidrófila-algodon 60x15 no estéril a granel 303-2260
",2300.0,,CLP,680.0,1564000.0,0.0
1057417-2609-AG24,"IC GVSM AG OIC, PEDIDO MARZO (1057417-980-COT24)",2024-02-27T09:28:31.357,AG,,Recepción Conforme,7375,COMPLEJO ASISTENCIAL DR.VICTOR RIOS RUIZ,61.607.301-K,Los Angeles,Región del Biobío ,25116,ALCON LABORATORIOS CHILE LTDA,86.537.600-6,Las Condes,Región Metropolitana de Santiago,1,42221500,"Equipamiento y suministros médicos / Productos administrados por vía intravenosa y arterial / Accesorios, catéteres y cánulas intravenosas y arteriales",42221512,Cánulas o accesorios para catéteres intravenosos o arteriales,"303-1509	Cánula hidrodiseccion 27g x 78 8mm para catarata Codigo: 8065441620
",205.0,,CLP,6372.0,1306260.0,0.0
1057417-2612-SE24,AC CJL LP 1057417-153-LQ23 1° Y 2° CIRUJANO EN HERNIAS - ENERO 2024,2024-02-27T09:44:34.757,SE,1057417-153-LQ23,Recepción Conforme,7375,COMPLEJO ASISTENCIAL DR.VICTOR RIOS RUIZ,61.607.301-k,Los Angeles,Región del Biobío ,154095,AMPATAGONIA Ltda.,99.578.780-6,Cabo de Hornos,Región de Magallanes y de la Antártica,1,85121600,"Salud, servicios sanitarios y alimentación / Medicina y servicios de salud / Especialidades médicas",85121609,Servicios quirúrgicos,2° CIRUJANO HERNIAS ENERO 2024 ,14.0,,CLP,196050.0,2744700.0,2744700.0
1057417-2612-SE24,AC CJL LP 1057417-153-LQ23 1° Y 2° CIRUJANO EN HERNIAS - ENERO 2024,2024-02-27T09:44:34.757,SE,1057417-153-LQ23,Recepción Conforme,7375,COMPLEJO ASISTENCIAL DR.VICTOR RIOS RUIZ,61.607.301-k,Los Angeles,Región del Biobío ,154095,AMPATAGONIA Ltda.,99.578.780-6,Cabo de Hornos,Región de Magallanes y de la Antártica,2,85121600,"Salud, servicios sanitarios y alimentación / Medicina y servicios de salud / Especialidades médicas",85121609,Servicios quirúrgicos,1° CIRUJANO HERNIAS ENERO 2024,14.0,,CLP,196050.0,2744700.0,2744700.0
1057417-2613-AG24,IC MCM AG IC PEDIDO MARZO 2024,2024-02-27T10:15:37.017,AG,,Recepción Conforme,7375,COMPLEJO ASISTENCIAL DR.VICTOR RIOS RUIZ,61.607.301-K,Los Angeles,Región del Biobío ,50321,DIFEM LABORATORIOS S A,79.581.120-6,La Reina,Región Metropolitana de Santiago,1,51102700,Medicamentos y productos farmacéuticos / Medicamentos anti infecciosos / Antisépticos,51102710,Antisépticos basados en alcohol o acetona,"303-2357	POVIDONA YODADA 10% X 30ML [FC]
",35.0,,CLP,907.0,31745.0,0.0
1057417-2613-AG24,IC MCM AG IC PEDIDO MARZO 2024,2024-02-27T10:15:37.017,AG,,Recepción Conforme,7375,COMPLEJO ASISTENCIAL DR.VICTOR RIOS RUIZ,61.607.301-K,Los Angeles,Región del Biobío ,50321,DIFEM LABORATORIOS S A,79.581.120-6,La Reina,Región Metropolitana de Santiago,2,51102700,Medicamentos y productos farmacéuticos / Medicamentos anti infecciosos / Antisépticos,51102710,Antisépticos basados en alcohol o acetona,"303-0113	PASTA ELECTROCARDIOGRAFO (LEKTROGEL) FRASCO 250ML
",72.0,,CLP,1500.0,108000.0,0.0
1057417-2613-AG24,IC MCM AG IC PEDIDO MARZO 2024,2024-02-27T10:15:37.017,AG,,Recepción Conforme,7375,COMPLEJO ASISTENCIAL DR.VICTOR RIOS RUIZ,61.607.301-K,Los Angeles,Región del Biobío ,50321,DIFEM LABORATORIOS S A,79.581.120-6,La Reina,Región Metropolitana de Santiago,3,51102700,Medicamentos y productos farmacéuticos / Medicamentos anti infecciosos / Antisépticos,51102710,Antisépticos basados en alcohol o acetona,"303-3649	ALCOHOL ISOPROPILICO 70° FRASCO 290CC SPRAY [UD]
",120.0,,CLP,2133.0,255960.0,0.0
1057417-2613-AG24,IC MCM AG IC PEDIDO MARZO 2024,2024-02-27T10:15:37.017,AG,,Recepción Conforme,7375,COMPLEJO ASISTENCIAL DR.VICTOR RIOS RUIZ,61.607.301-K,Los Angeles,Región del Biobío ,50321,DIFEM LABORATORIOS S A,79.581.120-6,La Reina,Región Metropolitana de Santiago,4,51102700,Medicamentos y productos farmacéuticos / Medicamentos anti infecciosos / Antisépticos,51102710,Antisépticos basados en alcohol o acetona,"302-2629	ALCOHOL ETILICO 95% [LT]
",24.0,,CLP,2816.0,67584.0,0.0
1057417-2613-AG24,IC MCM AG IC PEDIDO MARZO 2024,2024-02-27T10:15:37.017,AG,,Recepción Conforme,7375,COMPLEJO ASISTENCIAL DR.VICTOR RIOS RUIZ,61.607.301-K,Los Angeles,Región del Biobío ,50321,DIFEM LABORATORIOS S A,79.581.120-6,La Reina,Región Metropolitana de Santiago,5,51102700,Medicamentos y productos farmacéuticos / Medicamentos anti infecciosos / Antisépticos,51102710,Antisépticos basados en alcohol o acetona,"303-0626	CLORHEXIDINA TOPICA 2%  CHLORHEX TOPICO 500CC
",180.0,,CLP,5736.0,1032480.0,0.0
1057417-2627-SE24,IP FCM LP MANT (CS) Convenio de mantención de puertas automáticas de acero inoxidable - Febrero 2024 (Sol.250.029),2024-02-27T11:44:59.71,SE,1057417-260-LQ22,Recepción Conforme,7375,COMPLEJO ASISTENCIAL DR.VICTOR RIOS RUIZ,61.607.301-K,Los Angeles,Región del Biobío ,1344293,GRUPSA CHILE LTDA,76.232.261-7,Las Condes,Región Metropolitana de Santiago,1,30171500,"Artículos para estructuras, obras y construcciones / Puertas, ventanas y vidrios / Puertas",30171510,Puertas automáticas,Mantención preventiva CAVRR,1.0,,CLP,5219169.0,5219169.0,5219169.0
1057417-2627-SE24,IP FCM LP MANT (CS) Convenio de mantención de puertas automáticas de acero inoxidable - Febrero 2024 (Sol.250.029),2024-02-27T11:44:59.71,SE,1057417-260-LQ22,Recepción Conforme,7375,COMPLEJO ASISTENCIAL DR.VICTOR RIOS RUIZ,61.607.301-K,Los Angeles,Región del Biobío ,1344293,GRUPSA CHILE LTDA,76.232.261-7,Las Condes,Región Metropolitana de Santiago,2,30171500,"Artículos para estructuras, obras y construcciones / Puertas, ventanas y vidrios / Puertas",30171510,Puertas automáticas,Motor AG-90,1.0,,CLP,240380.0,240380.0,240380.0
1057417-2627-SE24,IP FCM LP MANT (CS) Convenio de mantención de puertas automáticas de acero inoxidable - Febrero 2024 (Sol.250.029),2024-02-27T11:44:59.71,SE,1057417-260-LQ22,Recepción Conforme,7375,COMPLEJO ASISTENCIAL DR.VICTOR RIOS RUIZ,61.607.301-K,Los Angeles,Región del Biobío ,1344293,GRUPSA CHILE LTDA,76.232.261-7,Las Condes,Región Metropolitana de Santiago,3,30171500,"Artículos para estructuras, obras y construcciones / Puertas, ventanas y vidrios / Puertas",30171510,Puertas automáticas,KIT MODULO CONTROL MOTOR MICROPROCESADOR AG-150,1.0,,CLP,466480.0,466480.0,466480.0
1057417-2627-SE24,IP FCM LP MANT (CS) Convenio de mantención de puertas automáticas de acero inoxidable - Febrero 2024 (Sol.250.029),2024-02-27T11:44:59.71,SE,1057417-260-LQ22,Recepción Conforme,7375,COMPLEJO ASISTENCIAL DR.VICTOR RIOS RUIZ,61.607.301-K,Los Angeles,Región del Biobío ,1344293,GRUPSA CHILE LTDA,76.232.261-7,Las Condes,Región Metropolitana de Santiago,4,30171500,"Artículos para estructuras, obras y construcciones / Puertas, ventanas y vidrios / Puertas",30171510,Puertas automáticas,KIT CARROS HERMÉTICA DIN 107-L,2.0,,CLP,221340.0,442680.0,442680.0
1057417-2627-SE24,IP FCM LP MANT (CS) Convenio de mantención de puertas automáticas de acero inoxidable - Febrero 2024 (Sol.250.029),2024-02-27T11:44:59.71,SE,1057417-260-LQ22,Recepción Conforme,7375,COMPLEJO ASISTENCIAL DR.VICTOR RIOS RUIZ,61.607.301-K,Los Angeles,Región del Biobío ,1344293,GRUPSA CHILE LTDA,76.232.261-7,Las Condes,Región Metropolitana de Santiago,5,30171500,"Artículos para estructuras, obras y construcciones / Puertas, ventanas y vidrios / Puertas",30171510,Puertas automáticas,KIT SOPORTE CENTRAL AG-90,13.0,,CLP,40460.0,525980.0,525980.0
1057417-2627-SE24,IP FCM LP MANT (CS) Convenio de mantención de puertas automáticas de acero inoxidable - Febrero 2024 (Sol.250.029),2024-02-27T11:44:59.71,SE,1057417-260-LQ22,Recepción Conforme,7375,COMPLEJO ASISTENCIAL DR.VICTOR RIOS RUIZ,61.607.301-K,Los Angeles,Región del Biobío ,1344293,GRUPSA CHILE LTDA,76.232.261-7,Las Condes,Región Metropolitana de Santiago,6,30171500,"Artículos para estructuras, obras y construcciones / Puertas, ventanas y vidrios / Puertas",30171510,Puertas automáticas,AUTOMATISMO AGB-85.1 PARA PUERTAS BATIENTES HS-202B,2.0,,CLP,1773100.0,3546200.0,3546200.0
1057417-2629-AG24,IC MCM AG IC PEDIDO MARZO 2024,2024-02-27T12:06:33.34,AG,,Recepción Conforme,7375,COMPLEJO ASISTENCIAL DR.VICTOR RIOS RUIZ,61.607.301-K,Los Angeles,Región del Biobío ,24141,MUNNICH PHARMA MEDICAL SPA,80.447.400-5,Quilicura,Región Metropolitana de Santiago,1,42142500,Equipamiento y suministros médicos / Suministros y productos clínicos / Agujas clínicas,42142523,Agujas hipodérmicas,"303-0283	ELECTRODO MONITOR USO GENERAL ESPUMA PEDIATRICO (CJX50UD) 2248-50
",2000.0,,CLP,253.0,506000.0,0.0
1057417-2629-AG24,IC MCM AG IC PEDIDO MARZO 2024,2024-02-27T12:06:33.34,AG,,Recepción Conforme,7375,COMPLEJO ASISTENCIAL DR.VICTOR RIOS RUIZ,61.607.301-K,Los Angeles,Región del Biobío ,24141,MUNNICH PHARMA MEDICAL SPA,80.447.400-5,Quilicura,Región Metropolitana de Santiago,2,42142500,Equipamiento y suministros médicos / Suministros y productos clínicos / Agujas clínicas,42142523,Agujas hipodérmicas,"303-0741	SUTURA ADHESIVA 6MM X 75MM RIGIDA (STERI STRIP 1541) [UD]
",700.0,,CLP,437.0,305900.0,0.0
1057417-2629-AG24,IC MCM AG IC PEDIDO MARZO 2024,2024-02-27T12:06:33.34,AG,,Recepción Conforme,7375,COMPLEJO ASISTENCIAL DR.VICTOR RIOS RUIZ,61.607.301-K,Los Angeles,Región del Biobío ,24141,MUNNICH PHARMA MEDICAL SPA,80.447.400-5,Quilicura,Región Metropolitana de Santiago,3,42142500,Equipamiento y suministros médicos / Suministros y productos clínicos / Agujas clínicas,42142523,Agujas hipodérmicas,"303-1510	SUTURA CUTANEA ADHESIVA 6MM X 38MM (STERI-STRIP 1542) [UD]

",400.0,,CLP,576.0,230400.0,0.0
1057417-2630-AG24,IC MCM AG IC PEDIDO MARZO 2024,2024-02-27T12:09:06.943,AG,,Recepción Conforme,7375,COMPLEJO ASISTENCIAL DR.VICTOR RIOS RUIZ,61.607.301-K,Los Angeles,Región del Biobío ,25214,COMERCIALIZADORA TERUMO CHILE LIMITADA,87.590.600-3,Las Condes,Región Metropolitana de Santiago,1,42142500,Equipamiento y suministros médicos / Suministros y productos clínicos / Agujas clínicas,42142532,Agujas o kits de pericardiocentesis o accesorios,"303-4109	GUIA ANGIOGRAFICA HIDROFILICA CURVA 0.035 X 260CM
",20.0,,CLP,40000.0,800000.0,0.0
1057417-2630-AG24,IC MCM AG IC PEDIDO MARZO 2024,2024-02-27T12:09:06.943,AG,,Recepción Conforme,7375,COMPLEJO ASISTENCIAL DR.VICTOR RIOS RUIZ,61.607.301-K,Los Angeles,Región del Biobío ,25214,COMERCIALIZADORA TERUMO CHILE LIMITADA,87.590.600-3,Las Condes,Región Metropolitana de Santiago,2,42142500,Equipamiento y suministros médicos / Suministros y productos clínicos / Agujas clínicas,42142532,Agujas o kits de pericardiocentesis o accesorios,"303-3472	CATETER ANGIOGRAFICO 5F SIMMOND 1 [UD]
",2.0,,CLP,40000.0,80000.0,0.0
1057417-2635-AG24,IC MCM AG IC SOLIC.ADQ. 249643 PABELLON URGENCIA,2024-02-27T12:59:55.04,AG,,Recepción Conforme,7375,COMPLEJO ASISTENCIAL DR.VICTOR RIOS RUIZ,61.607.301-K,Los Angeles,Región del Biobío ,45211,INMED DROGUERIA LTDA.,86.821.000-1,Renca,Región Metropolitana de Santiago,1,42311500,"Equipamiento y suministros médicos / Productos para el cuidado de heridas / Vendas, vendajes y productos relacionados",42311511,Vendas de gasa,"303-2211	Gasa larga tejida 5cm x100cm  con hilo radiopaco azul x5 unidades, estéril, doble empaque 

COTIZAR VALOR SOBRE DE 5 UNIDADES
",500.0,,CLP,580.0,290000.0,0.0
1057417-2643-AG24,IC MCM AG IC PEDIDO MARZO 2024,2024-02-27T15:33:20.267,AG,,Recepción Conforme,7375,COMPLEJO ASISTENCIAL DR.VICTOR RIOS RUIZ,61.607.301-K,Los Angeles,Región del Biobío ,1590722,INVERSIONES MIT SPA,76.795.536-7,San Miguel,Región Metropolitana de Santiago,1,42294900,"Equipamiento y suministros médicos / Productos quirúrgicos / Instrumentos endoscópicos, suministros, accesorios y productos relacionados",42294922,Ligadores endoscópicos,"303-0850	RECARGA P/MULTILIGADOR VARICES ESOFAGICA [UD]
",6.0,,CLP,79000.0,474000.0,0.0
1057417-2650-AG24,IC MCM AG IC PEDIDO MARZO 2024,2024-02-27T16:28:24.753,AG,,Recepción Conforme,7375,COMPLEJO ASISTENCIAL DR.VICTOR RIOS RUIZ,61.607.301-K,Los Angeles,Región del Biobío ,45211,INMED DROGUERIA LTDA.,86.821.000-1,Renca,Región Metropolitana de Santiago,1,42281800,Equipamiento y suministros médicos / Productos para la esterilización médica / Controles e indicadores de esterilización,42281802,Etiquetas de esterilización,"303-3600	HOJA PAPEL DE POLIPROPILENO GRADO MEDICO DE 75 GRAMOS 120X60 CM [HJ]

cotizar valor de la hoja
",1400.0,,CLP,110.0,154000.0,0.0
1057417-2698-SE24,AC CTT LP 1057417-179-LE23 Evaluación Muestra de Sangre ene24 f.2002,2024-02-28T16:14:53.183,SE,1057417-179-LE23,Recepción Conforme,7375,COMPLEJO ASISTENCIAL DR.VICTOR RIOS RUIZ,61.607.301-K,Los Angeles,Región del Biobío ,95536,Laboratorio Cidi,78.892.370-8,Las Condes,Región Metropolitana de Santiago,1,85121800,"Salud, servicios sanitarios y alimentación / Medicina y servicios de salud / Laboratorios clínicos",85121803,Laboratorios biológicos,"SERVICIOS DE EXÁMENES DE MUESTRA DE SANGRE:
ANTICUERPOS ANTINEUMOCOCO",14.0,,CLP,161190.0,2256660.0,2256660.0
1057417-2698-SE24,AC CTT LP 1057417-179-LE23 Evaluación Muestra de Sangre ene24 f.2002,2024-02-28T16:14:53.183,SE,1057417-179-LE23,Recepción Conforme,7375,COMPLEJO ASISTENCIAL DR.VICTOR RIOS RUIZ,61.607.301-K,Los Angeles,Región del Biobío ,95536,Laboratorio Cidi,78.892.370-8,Las Condes,Región Metropolitana de Santiago,2,85121800,"Salud, servicios sanitarios y alimentación / Medicina y servicios de salud / Laboratorios clínicos",85121803,Laboratorios biológicos,"SERVICIOS DE EXÁMENES DE MUESTRA DE SANGRE:
QUANTIFERON",31.0,,CLP,120000.0,3720000.0,3720000.0
1057417-2698-SE24,AC CTT LP 1057417-179-LE23 Evaluación Muestra de Sangre ene24 f.2002,2024-02-28T16:14:53.183,SE,1057417-179-LE23,Recepción Conforme,7375,COMPLEJO ASISTENCIAL DR.VICTOR RIOS RUIZ,61.607.301-K,Los Angeles,Región del Biobío ,95536,Laboratorio Cidi,78.892.370-8,Las Condes,Región Metropolitana de Santiago,3,85121800,"Salud, servicios sanitarios y alimentación / Medicina y servicios de salud / Laboratorios clínicos",85121803,Laboratorios biológicos,"SERVICIOS DE EXÁMENES DE MUESTRA DE SANGRE:
SUBPOBLACION LINFOCITARIA",3.0,,CLP,160493.0,481479.0,481479.0
1057417-2698-SE24,AC CTT LP 1057417-179-LE23 Evaluación Muestra de Sangre ene24 f.2002,2024-02-28T16:14:53.183,SE,1057417-179-LE23,Recepción Conforme,7375,COMPLEJO ASISTENCIAL DR.VICTOR RIOS RUIZ,61.607.301-K,Los Angeles,Región del Biobío ,95536,Laboratorio Cidi,78.892.370-8,Las Condes,Región Metropolitana de Santiago,4,85121800,"Salud, servicios sanitarios y alimentación / Medicina y servicios de salud / Laboratorios clínicos",85121803,Laboratorios biológicos,"SERVICIOS DE EXÁMENES DE MUESTRA DE SANGRE:
GALACTOMANANO",1.0,,CLP,69903.0,69903.0,69903.0
1057417-2698-SE24,AC CTT LP 1057417-179-LE23 Evaluación Muestra de Sangre ene24 f.2002,2024-02-28T16:14:53.183,SE,1057417-179-LE23,Recepción Conforme,7375,COMPLEJO ASISTENCIAL DR.VICTOR RIOS RUIZ,61.607.301-K,Los Angeles,Región del Biobío ,95536,Laboratorio Cidi,78.892.370-8,Las Condes,Región Metropolitana de Santiago,5,85121800,"Salud, servicios sanitarios y alimentación / Medicina y servicios de salud / Laboratorios clínicos",85121803,Laboratorios biológicos,"SERVICIOS DE EXÁMENES DE MUESTRA DE SANGRE:
LINFOPROLIFERACION DE LINFOCITOS T",3.0,,CLP,134500.0,403500.0,403500.0
1057417-2786-SE24,IP MSS TD 11 INV SERVICIOS ESPECIALIZADOS PARA APOYO A LA GESTIÓN ADMINISTRATIVA. SOL 251.559,2024-03-01T14:41:22.373,SE,,Recepción Conforme,7375,COMPLEJO ASISTENCIAL DR.VICTOR RIOS RUIZ,61.607.301-K,Los Angeles,Región del Biobío ,1927604,ALFREDO FERNANDO IBANEZ SOTO,19.848.328-1,Los Angeles,Región del Biobío ,1,80111600,"Servicios profesionales, administrativos y consultorías de gestión empresarial / Servicios de recursos humanos / Servicios de personal temporal",80111601,Personal administrativo temporal,"SERVICIO PERSONAL DE APOYO UNIDAD DE INVENTARIO, FEBRERO 2024 ALFREDO FERNANDO IBAÑEZ.",185.0,,CLP,2620.87875,484862.5687,484862.56875
1057417-2798-SE24,IP MSS RESS11 SE SERVICIOS ESPECILIZADOS UNIDAD DE CONTABILIDAD SOL. 251.776,2024-03-01T15:47:18.087,SE,,Aceptada,7375,COMPLEJO ASISTENCIAL DR.VICTOR RIOS RUIZ,61.607.301-K,Los Angeles,Región del Biobío ,1824444,VALENTINA ANDREA SALCEDO VILLEGAS,21.510.121-5,Los Angeles,Región del Biobío ,1,80111600,"Servicios profesionales, administrativos y consultorías de gestión empresarial / Servicios de recursos humanos / Servicios de personal temporal",80111604,Personal técnico temporal,SERVICIOS ESPECILIZADOS MES DE FEBRERO DE 2024,191.0,,CLP,2620.87875,500587.8412,500587.84125
1057417-721-AG24,"IC GVSM AG PMD, PEDIDO ENERO 2024 (1057417-139-COT24)",2024-01-20T11:08:34.58,AG,,Recepción Conforme,7375,COMPLEJO ASISTENCIAL DR.VICTOR RIOS RUIZ,61.607.301-K,Los Angeles,Región del Biobío ,47740,B BRAUN MEDICAL SPA,96.756.540-7,San Bernardo,Región Metropolitana de Santiago,1,42152500,Equipamiento y suministros médicos / Equipos y suministros odontológicos / Suministros dentales generales,42152512,Pinzas odontológicas,"300-2998	ELEVADOR RECTO 3,5 MM TIPO AESCULAP DL 363R
",10.0,,CLP,27230.0,272300.0,0.0
1057417-721-AG24,"IC GVSM AG PMD, PEDIDO ENERO 2024 (1057417-139-COT24)",2024-01-20T11:08:34.58,AG,,Recepción Conforme,7375,COMPLEJO ASISTENCIAL DR.VICTOR RIOS RUIZ,61.607.301-K,Los Angeles,Región del Biobío ,47740,B BRAUN MEDICAL SPA,96.756.540-7,San Bernardo,Región Metropolitana de Santiago,2,42152500,Equipamiento y suministros médicos / Equipos y suministros odontológicos / Suministros dentales generales,42152512,Pinzas odontológicas,"300-2996	PINZA HEMOSTATICA KELLY CURVA TIPO AESCULAP BH134R
",12.0,,CLP,28380.0,340560.0,0.0
1057417-721-AG24,"IC GVSM AG PMD, PEDIDO ENERO 2024 (1057417-139-COT24)",2024-01-20T11:08:34.58,AG,,Recepción Conforme,7375,COMPLEJO ASISTENCIAL DR.VICTOR RIOS RUIZ,61.607.301-K,Los Angeles,Región del Biobío ,47740,B BRAUN MEDICAL SPA,96.756.540-7,San Bernardo,Región Metropolitana de Santiago,3,42152500,Equipamiento y suministros médicos / Equipos y suministros odontológicos / Suministros dentales generales,42152512,Pinzas odontológicas,"300-2999	PORTAAGUJAS MAYO-HEGAR 150MM TIPO AESCULAP BM235R
",10.0,,CLP,31480.0,314800.0,0.0
1057417-721-AG24,"IC GVSM AG PMD, PEDIDO ENERO 2024 (1057417-139-COT24)",2024-01-20T11:08:34.58,AG,,Recepción Conforme,7375,COMPLEJO ASISTENCIAL DR.VICTOR RIOS RUIZ,61.607.301-K,Los Angeles,Región del Biobío ,47740,B BRAUN MEDICAL SPA,96.756.540-7,San Bernardo,Región Metropolitana de Santiago,4,42152500,Equipamiento y suministros médicos / Equipos y suministros odontológicos / Suministros dentales generales,42152512,Pinzas odontológicas,"300-3103	TIJERAS PARA METAL CURVA
",4.0,,CLP,40460.0,161840.0,0.0
1057417-906-SE24,IC MAP TD (CS) 5281 ML PEDIDO FEBRERO 2024,2024-01-23T09:50:36.453,SE,,Recepción Conforme,7375,COMPLEJO ASISTENCIAL DR.VICTOR RIOS RUIZ,61.607.301-K,Los Angeles,Región del Biobío ,20229,Soviquim Ltda.,78.116.970-6,Quinta Normal,Región Metropolitana de Santiago,1,41104100,Equipamiento para laboratorios / Equipos e insumos para laboratorio / Contenedores para especímenes de laboratorio,41104117,Porta especímenes,"304-0024	FORMALINA SOL. 37% X 1 LITRO
",17.0,,CLP,7000.0,119000.0,119000.0
1057417-977-SE24,PRO IC DYM LP CX TRAUMA NOVIEMBRE 23 PAB. CENTRAL,2024-01-23T14:43:39.46,SE,1057417-213-LR23,Recepción Conforme,7375,COMPLEJO ASISTENCIAL DR.VICTOR RIOS RUIZ,61.607.301-K,Los Angeles,Región del Biobío ,1440979,GLOBALMED SpA,76.400.383-7,Talca,Región del Maule ,1,42242000,"Equipamiento y suministros médicos / Productos medicinales para deportes, prostéticos y ortopédicos / Dispositivos, accesorios y suministros protésicos",42242003,Dispositivos de sujeción protésica o accesorios,"306-3622 CORCHETERA PIEL 35W VISISTAT
",1.0,,CLP,8900.0,8900.0,8900.0
1057418-104-SE24,LIC - INSUMOS MÉDICOS BOD. FARMACIA - 22.04.005.003 - HFCM 23154 (JSN),2024-02-21T17:24:00.39,SE,1057418-1-LE24,Recepción Conforme,7434,SERVICIO DE SALUD BIO BIO HOSPITAL DE MULCHEN,61.607.302-8,Mulchén,Región del Biobío ,1793880,SUR SPA,77.372.975-1,Chiguayante,Región del Biobío ,1,42181700,Equipamiento y suministros médicos / Productos para exámenes y control de pacientes / Unidades de electrocardiografía (ECG) y productos relacionados,42181708,Electrodos de parche de electrocardiografía (ECG),"Parche Marcapaso Externo Adulto F7955w DEA, Equipo Ipad CU Medical Systems,INC , Parche CU MEDICAL SYSTEMS,INC",5.0,,CLP,150000.0,750000.0,750000.0
1057418-105-SE24,LIC - INSUMOS MÉDICOS BOD. FARMACIA - 22.04.005.003 - HFCM 23154 (JSN),2024-02-21T17:24:00.48,SE,1057418-1-LE24,Recepción Conforme,7434,SERVICIO DE SALUD BIO BIO HOSPITAL DE MULCHEN,61.607.302-8,Mulchén,Región del Biobío ,14630,NIPRO MEDICAL CORPORATION (AGENCIA EN CHILE),59.077.290-9,Providencia,Región Metropolitana de Santiago,1,42312200,Equipamiento y suministros médicos / Productos para el cuidado de heridas / Sutura y productos relacionados,42312201,Sutura,Sutura Cutanea Adhesiva 6 mm x 38 mm (steri Strip),1000.0,,CLP,674.0,674000.0,674000.0
1057418-107-SE24,LIC - INSUMOS MÉDICOS BOD. FARMACIA - 22.04.005.003 - HFCM 23154 (JSN),2024-02-21T17:24:00.717,SE,1057418-1-LE24,Recepción Conforme,7434,SERVICIO DE SALUD BIO BIO HOSPITAL DE MULCHEN,61.607.302-8,Mulchén,Región del Biobío ,229788,IMPORTADORA Y COMERCIALIZADORA RE-MED SPA,76.628.610-0,Providencia,Región Metropolitana de Santiago,1,42294900,"Equipamiento y suministros médicos / Productos quirúrgicos / Instrumentos endoscópicos, suministros, accesorios y productos relacionados",42294907,Cepillos de microbiología o citología endoscópicos,Kit citologia Pap (cepillo + espatula citobrash),2000.0,,CLP,95.0,190000.0,190000.0
1057418-109-SE24,LIC - INSUMOS MÉDICOS BOD. FARMACIA - 22.04.005.003 - HFCM 23154 (JSN),2024-02-21T17:24:01.187,SE,1057418-1-LE24,Recepción Conforme,7434,SERVICIO DE SALUD BIO BIO HOSPITAL DE MULCHEN,61.607.302-8,Mulchén,Región del Biobío ,27380,TECNIKA S A,96.625.950-7,Pudahuel,Región Metropolitana de Santiago,1,40142600,"Equipamiento para el acondicionamiento, distribución y filtrado de fluidos / Control y distribución de líquidos y gases / Conexiones para tuberías",40142606,Conexiones de tubo,"Conductor para tubo endotraqueal 12 fr, 4 mm",49.0,,CLP,1290.0,63210.0,63210.0
1057418-109-SE24,LIC - INSUMOS MÉDICOS BOD. FARMACIA - 22.04.005.003 - HFCM 23154 (JSN),2024-02-21T17:24:01.187,SE,1057418-1-LE24,Recepción Conforme,7434,SERVICIO DE SALUD BIO BIO HOSPITAL DE MULCHEN,61.607.302-8,Mulchén,Región del Biobío ,27380,TECNIKA S A,96.625.950-7,Pudahuel,Región Metropolitana de Santiago,2,42293600,"Equipamiento y suministros médicos / Productos quirúrgicos / Bougies quirúrgicos, sondas, obturadores y productos relacionados",42293603,Sondas quirúrgicas,Sonda Folley N14 2V 30CC,110.0,,CLP,790.0,86900.0,86900.0
1057418-111-SE24,LIC - INSUMOS MÉDICOS BOD. FARMACIA - 22.04.005.003 - HFCM 23154 (JSN),2024-02-21T17:24:01.59,SE,1057418-1-LE24,Recepción Conforme,7434,SERVICIO DE SALUD BIO BIO HOSPITAL DE MULCHEN,61.607.302-8,Mulchén,Región del Biobío ,31590,REUTTER S A,81.210.400-4,Huechuraba,Región Metropolitana de Santiago,1,42142500,Equipamiento y suministros médicos / Suministros y productos clínicos / Agujas clínicas,42142523,Agujas hipodérmicas,Aguja 25 G x 1,5000.0,,CLP,11.0,55000.0,55000.0
1057418-111-SE24,LIC - INSUMOS MÉDICOS BOD. FARMACIA - 22.04.005.003 - HFCM 23154 (JSN),2024-02-21T17:24:01.59,SE,1057418-1-LE24,Recepción Conforme,7434,SERVICIO DE SALUD BIO BIO HOSPITAL DE MULCHEN,61.607.302-8,Mulchén,Región del Biobío ,31590,REUTTER S A,81.210.400-4,Huechuraba,Región Metropolitana de Santiago,2,13111000,"Resinas, cauchos, espumas y elastómeros / Resinas naturales y sintéticas / Resinas",13111042,Alcohol de polivinilo,Alcohol en sachet parcializado en 3 meses,100000.0,,CLP,6.0,600000.0,600000.0
1057418-111-SE24,LIC - INSUMOS MÉDICOS BOD. FARMACIA - 22.04.005.003 - HFCM 23154 (JSN),2024-02-21T17:24:01.59,SE,1057418-1-LE24,Recepción Conforme,7434,SERVICIO DE SALUD BIO BIO HOSPITAL DE MULCHEN,61.607.302-8,Mulchén,Región del Biobío ,31590,REUTTER S A,81.210.400-4,Huechuraba,Región Metropolitana de Santiago,3,42132200,Equipamiento y suministros médicos / Vestuario clínico / Guantes médicos y accesorios,42132205,Guantes quirúrgicos,Guantes Esteril N 6 1/2 ,2000.0,,CLP,234.0,468000.0,468000.0
1057418-111-SE24,LIC - INSUMOS MÉDICOS BOD. FARMACIA - 22.04.005.003 - HFCM 23154 (JSN),2024-02-21T17:24:01.59,SE,1057418-1-LE24,Recepción Conforme,7434,SERVICIO DE SALUD BIO BIO HOSPITAL DE MULCHEN,61.607.302-8,Mulchén,Región del Biobío ,31590,REUTTER S A,81.210.400-4,Huechuraba,Región Metropolitana de Santiago,4,42132200,Equipamiento y suministros médicos / Vestuario clínico / Guantes médicos y accesorios,42132205,Guantes quirúrgicos,Guantes Examen Látex XS parcializado en 3 meses,20000.0,,CLP,19.0,380000.0,380000.0
1057418-111-SE24,LIC - INSUMOS MÉDICOS BOD. FARMACIA - 22.04.005.003 - HFCM 23154 (JSN),2024-02-21T17:24:01.59,SE,1057418-1-LE24,Recepción Conforme,7434,SERVICIO DE SALUD BIO BIO HOSPITAL DE MULCHEN,61.607.302-8,Mulchén,Región del Biobío ,31590,REUTTER S A,81.210.400-4,Huechuraba,Región Metropolitana de Santiago,5,42142500,Equipamiento y suministros médicos / Suministros y productos clínicos / Agujas clínicas,42142507,Agujas mariposa,Mariposa N°21,1200.0,,CLP,37.0,44400.0,44400.0
1057418-111-SE24,LIC - INSUMOS MÉDICOS BOD. FARMACIA - 22.04.005.003 - HFCM 23154 (JSN),2024-02-21T17:24:01.59,SE,1057418-1-LE24,Recepción Conforme,7434,SERVICIO DE SALUD BIO BIO HOSPITAL DE MULCHEN,61.607.302-8,Mulchén,Región del Biobío ,31590,REUTTER S A,81.210.400-4,Huechuraba,Región Metropolitana de Santiago,6,42142500,Equipamiento y suministros médicos / Suministros y productos clínicos / Agujas clínicas,42142507,Agujas mariposa,Mariposa N° 23,1000.0,,CLP,37.0,37000.0,37000.0
1057418-111-SE24,LIC - INSUMOS MÉDICOS BOD. FARMACIA - 22.04.005.003 - HFCM 23154 (JSN),2024-02-21T17:24:01.59,SE,1057418-1-LE24,Recepción Conforme,7434,SERVICIO DE SALUD BIO BIO HOSPITAL DE MULCHEN,61.607.302-8,Mulchén,Región del Biobío ,31590,REUTTER S A,81.210.400-4,Huechuraba,Región Metropolitana de Santiago,7,42293600,"Equipamiento y suministros médicos / Productos quirúrgicos / Bougies quirúrgicos, sondas, obturadores y productos relacionados",42293603,Sondas quirúrgicas,Sonda Folley N° 16 2v 5cc,150.0,,CLP,400.0,60000.0,60000.0
1057418-111-SE24,LIC - INSUMOS MÉDICOS BOD. FARMACIA - 22.04.005.003 - HFCM 23154 (JSN),2024-02-21T17:24:01.59,SE,1057418-1-LE24,Recepción Conforme,7434,SERVICIO DE SALUD BIO BIO HOSPITAL DE MULCHEN,61.607.302-8,Mulchén,Región del Biobío ,31590,REUTTER S A,81.210.400-4,Huechuraba,Región Metropolitana de Santiago,8,42293600,"Equipamiento y suministros médicos / Productos quirúrgicos / Bougies quirúrgicos, sondas, obturadores y productos relacionados",42293603,Sondas quirúrgicas,Sonda Folley N° 18 2v 5cc,150.0,,CLP,440.0,66000.0,66000.0
1057418-111-SE24,LIC - INSUMOS MÉDICOS BOD. FARMACIA - 22.04.005.003 - HFCM 23154 (JSN),2024-02-21T17:24:01.59,SE,1057418-1-LE24,Recepción Conforme,7434,SERVICIO DE SALUD BIO BIO HOSPITAL DE MULCHEN,61.607.302-8,Mulchén,Región del Biobío ,31590,REUTTER S A,81.210.400-4,Huechuraba,Región Metropolitana de Santiago,9,42293600,"Equipamiento y suministros médicos / Productos quirúrgicos / Bougies quirúrgicos, sondas, obturadores y productos relacionados",42293603,Sondas quirúrgicas,Sonda Folley N° 22 2v 5cc,100.0,,CLP,450.0,45000.0,45000.0
1057418-111-SE24,LIC - INSUMOS MÉDICOS BOD. FARMACIA - 22.04.005.003 - HFCM 23154 (JSN),2024-02-21T17:24:01.59,SE,1057418-1-LE24,Recepción Conforme,7434,SERVICIO DE SALUD BIO BIO HOSPITAL DE MULCHEN,61.607.302-8,Mulchén,Región del Biobío ,31590,REUTTER S A,81.210.400-4,Huechuraba,Región Metropolitana de Santiago,10,42293600,"Equipamiento y suministros médicos / Productos quirúrgicos / Bougies quirúrgicos, sondas, obturadores y productos relacionados",42293603,Sondas quirúrgicas,Sonda Nelaton N° 10 Esteril,1200.0,,CLP,108.0,129600.0,129600.0
1057418-111-SE24,LIC - INSUMOS MÉDICOS BOD. FARMACIA - 22.04.005.003 - HFCM 23154 (JSN),2024-02-21T17:24:01.59,SE,1057418-1-LE24,Recepción Conforme,7434,SERVICIO DE SALUD BIO BIO HOSPITAL DE MULCHEN,61.607.302-8,Mulchén,Región del Biobío ,31590,REUTTER S A,81.210.400-4,Huechuraba,Región Metropolitana de Santiago,11,42293600,"Equipamiento y suministros médicos / Productos quirúrgicos / Bougies quirúrgicos, sondas, obturadores y productos relacionados",42293603,Sondas quirúrgicas,Sonda Nelaton N° 12 Esteril,1200.0,,CLP,108.0,129600.0,129600.0
1057418-111-SE24,LIC - INSUMOS MÉDICOS BOD. FARMACIA - 22.04.005.003 - HFCM 23154 (JSN),2024-02-21T17:24:01.59,SE,1057418-1-LE24,Recepción Conforme,7434,SERVICIO DE SALUD BIO BIO HOSPITAL DE MULCHEN,61.607.302-8,Mulchén,Región del Biobío ,31590,REUTTER S A,81.210.400-4,Huechuraba,Región Metropolitana de Santiago,12,42293600,"Equipamiento y suministros médicos / Productos quirúrgicos / Bougies quirúrgicos, sondas, obturadores y productos relacionados",42293603,Sondas quirúrgicas,Sonda Nelaton N° 14 Esteril,1500.0,,CLP,108.0,162000.0,162000.0
1057418-111-SE24,LIC - INSUMOS MÉDICOS BOD. FARMACIA - 22.04.005.003 - HFCM 23154 (JSN),2024-02-21T17:24:01.59,SE,1057418-1-LE24,Recepción Conforme,7434,SERVICIO DE SALUD BIO BIO HOSPITAL DE MULCHEN,61.607.302-8,Mulchén,Región del Biobío ,31590,REUTTER S A,81.210.400-4,Huechuraba,Región Metropolitana de Santiago,13,42293600,"Equipamiento y suministros médicos / Productos quirúrgicos / Bougies quirúrgicos, sondas, obturadores y productos relacionados",42293603,Sondas quirúrgicas,Sonda Nelaton N° 16 Esteril,1200.0,,CLP,108.0,129600.0,129600.0
1057418-111-SE24,LIC - INSUMOS MÉDICOS BOD. FARMACIA - 22.04.005.003 - HFCM 23154 (JSN),2024-02-21T17:24:01.59,SE,1057418-1-LE24,Recepción Conforme,7434,SERVICIO DE SALUD BIO BIO HOSPITAL DE MULCHEN,61.607.302-8,Mulchén,Región del Biobío ,31590,REUTTER S A,81.210.400-4,Huechuraba,Región Metropolitana de Santiago,14,42293600,"Equipamiento y suministros médicos / Productos quirúrgicos / Bougies quirúrgicos, sondas, obturadores y productos relacionados",42293603,Sondas quirúrgicas,Sonda Nelaton N° 6 Esteril,100.0,,CLP,108.0,10800.0,10800.0
1057418-111-SE24,LIC - INSUMOS MÉDICOS BOD. FARMACIA - 22.04.005.003 - HFCM 23154 (JSN),2024-02-21T17:24:01.59,SE,1057418-1-LE24,Recepción Conforme,7434,SERVICIO DE SALUD BIO BIO HOSPITAL DE MULCHEN,61.607.302-8,Mulchén,Región del Biobío ,31590,REUTTER S A,81.210.400-4,Huechuraba,Región Metropolitana de Santiago,15,42293600,"Equipamiento y suministros médicos / Productos quirúrgicos / Bougies quirúrgicos, sondas, obturadores y productos relacionados",42293603,Sondas quirúrgicas,Sonda Nelaton N°8 Esteril,100.0,,CLP,108.0,10800.0,10800.0
1057418-111-SE24,LIC - INSUMOS MÉDICOS BOD. FARMACIA - 22.04.005.003 - HFCM 23154 (JSN),2024-02-21T17:24:01.59,SE,1057418-1-LE24,Recepción Conforme,7434,SERVICIO DE SALUD BIO BIO HOSPITAL DE MULCHEN,61.607.302-8,Mulchén,Región del Biobío ,31590,REUTTER S A,81.210.400-4,Huechuraba,Región Metropolitana de Santiago,16,42293600,"Equipamiento y suministros médicos / Productos quirúrgicos / Bougies quirúrgicos, sondas, obturadores y productos relacionados",42293603,Sondas quirúrgicas,Sonda Nelaton N° 18 Esteril,1200.0,,CLP,108.0,129600.0,129600.0
1057418-114-SE24,LIC - INSUMOS MÉDICOS BOD. FARMACIA - 22.04.005.003 - HFCM 23154 (JSN),2024-02-21T17:24:02.023,SE,1057418-1-LE24,Recepción Conforme,7434,SERVICIO DE SALUD BIO BIO HOSPITAL DE MULCHEN,61.607.302-8,Mulchén,Región del Biobío ,64535,DISTRIBUIDORA DE ARTICULOS MEDICOS PEREZ SPA,89.752.800-2,Renca,Región Metropolitana de Santiago,1,24111500,Equipamiento para manejo y estiba de materiales / Recipientes para almacenamiento / Bolsas,24111502,Bolsas de papel,Bolsa papel 1/4 parcilizado en 2 meses,20000.0,,CLP,10.0,200000.0,200000.0
1057418-114-SE24,LIC - INSUMOS MÉDICOS BOD. FARMACIA - 22.04.005.003 - HFCM 23154 (JSN),2024-02-21T17:24:02.023,SE,1057418-1-LE24,Recepción Conforme,7434,SERVICIO DE SALUD BIO BIO HOSPITAL DE MULCHEN,61.607.302-8,Mulchén,Región del Biobío ,64535,DISTRIBUIDORA DE ARTICULOS MEDICOS PEREZ SPA,89.752.800-2,Renca,Región Metropolitana de Santiago,2,24111500,Equipamiento para manejo y estiba de materiales / Recipientes para almacenamiento / Bolsas,24111502,Bolsas de papel,Bolsa papel 1 L. parcializado 3 meses,10000.0,,CLP,16.0,160000.0,160000.0
1057418-114-SE24,LIC - INSUMOS MÉDICOS BOD. FARMACIA - 22.04.005.003 - HFCM 23154 (JSN),2024-02-21T17:24:02.023,SE,1057418-1-LE24,Recepción Conforme,7434,SERVICIO DE SALUD BIO BIO HOSPITAL DE MULCHEN,61.607.302-8,Mulchén,Región del Biobío ,64535,DISTRIBUIDORA DE ARTICULOS MEDICOS PEREZ SPA,89.752.800-2,Renca,Región Metropolitana de Santiago,3,24111500,Equipamiento para manejo y estiba de materiales / Recipientes para almacenamiento / Bolsas,24111502,Bolsas de papel,"Bolsa Papel 1/2 kilo, parcializado 2 meses",20000.0,,CLP,12.0,240000.0,240000.0
1057418-114-SE24,LIC - INSUMOS MÉDICOS BOD. FARMACIA - 22.04.005.003 - HFCM 23154 (JSN),2024-02-21T17:24:02.023,SE,1057418-1-LE24,Recepción Conforme,7434,SERVICIO DE SALUD BIO BIO HOSPITAL DE MULCHEN,61.607.302-8,Mulchén,Región del Biobío ,64535,DISTRIBUIDORA DE ARTICULOS MEDICOS PEREZ SPA,89.752.800-2,Renca,Región Metropolitana de Santiago,4,42311500,"Equipamiento y suministros médicos / Productos para el cuidado de heridas / Vendas, vendajes y productos relacionados",42311503,Rodillos de vendas,Tejido Tubular 15 cm ,20.0,,CLP,8400.0,168000.0,168000.0
1057418-117-SE24,LIC - INSUMOS MÉDICOS BOD. FARMACIA - 22.04.005.003 - HFCM 23154 (JSN),2024-02-21T17:24:02.477,SE,1057418-1-LE24,Recepción Conforme,7434,SERVICIO DE SALUD BIO BIO HOSPITAL DE MULCHEN,61.607.302-8,Mulchén,Región del Biobío ,68567,EXXIMMED 2000 SPA,78.060.400-k,Providencia,Región Metropolitana de Santiago,1,42181700,Equipamiento y suministros médicos / Productos para exámenes y control de pacientes / Unidades de electrocardiografía (ECG) y productos relacionados,42181709,Papel de registro de electrocardiografía (ECG),Papel Electrocardiograma Tecnodata ECG 210 mm x 295 mm x 150 sheets,30.0,,CLP,8485.0,254550.0,254550.0
1057418-117-SE24,LIC - INSUMOS MÉDICOS BOD. FARMACIA - 22.04.005.003 - HFCM 23154 (JSN),2024-02-21T17:24:02.477,SE,1057418-1-LE24,Recepción Conforme,7434,SERVICIO DE SALUD BIO BIO HOSPITAL DE MULCHEN,61.607.302-8,Mulchén,Región del Biobío ,68567,EXXIMMED 2000 SPA,78.060.400-k,Providencia,Región Metropolitana de Santiago,2,42181700,Equipamiento y suministros médicos / Productos para exámenes y control de pacientes / Unidades de electrocardiografía (ECG) y productos relacionados,42181709,Papel de registro de electrocardiografía (ECG),Papel Z corometrics 15*90*150 lessa (xos 2915200) monit. fetal Obst.,50.0,,CLP,1585.0,79250.0,79250.0
1057418-836-SE23,CS - INSUMOS DENTALES - 22.04.004.002 - HFCM 21430-MBH,2023-11-14T09:02:02.74,SE,1057418-14-LP22,Recepción Conforme,7434,SERVICIO DE SALUD BIO BIO HOSPITAL DE MULCHEN,61.607.302-8,Mulchén,Región del Biobío ,39565,Dipromed S.A.,86.397.000-8,Santiago,Región Metropolitana de Santiago,1,30201900,"Artículos para estructuras, obras y construcciones / Estructuras prefabricadas / Construcciones médicas prefabricadas",30201903,Unidades dentales,"COMPOSITE PARA PZAS POSTERIORES COLOR A 3 SIMILAR P60(JERINGA 4 A 4,5 GR)
CODIGO HOSPITAL:300-0858
",34.0,,CLP,29500.0,1003000.0,1003000.0
1057418-836-SE23,CS - INSUMOS DENTALES - 22.04.004.002 - HFCM 21430-MBH,2023-11-14T09:02:02.74,SE,1057418-14-LP22,Recepción Conforme,7434,SERVICIO DE SALUD BIO BIO HOSPITAL DE MULCHEN,61.607.302-8,Mulchén,Región del Biobío ,39565,Dipromed S.A.,86.397.000-8,Santiago,Región Metropolitana de Santiago,2,30201900,"Artículos para estructuras, obras y construcciones / Estructuras prefabricadas / Construcciones médicas prefabricadas",30201903,Unidades dentales,"Conos Gutapercha Wave One Gold Large
CODIGO HOSPITAL:S/C
",1.0,,CLP,20100.0,20100.0,20100.0
1057418-836-SE23,CS - INSUMOS DENTALES - 22.04.004.002 - HFCM 21430-MBH,2023-11-14T09:02:02.74,SE,1057418-14-LP22,Recepción Conforme,7434,SERVICIO DE SALUD BIO BIO HOSPITAL DE MULCHEN,61.607.302-8,Mulchén,Región del Biobío ,39565,Dipromed S.A.,86.397.000-8,Santiago,Región Metropolitana de Santiago,3,30201900,"Artículos para estructuras, obras y construcciones / Estructuras prefabricadas / Construcciones médicas prefabricadas",30201903,Unidades dentales,"ANESTESIA LIDOCAINA AL 2% 1:100.000 TUBO DE VIDRIO
CODIGO HOSPITAL:300-0179

",20.0,,CLP,25200.0,504000.0,504000.0
1057418-836-SE23,CS - INSUMOS DENTALES - 22.04.004.002 - HFCM 21430-MBH,2023-11-14T09:02:02.74,SE,1057418-14-LP22,Recepción Conforme,7434,SERVICIO DE SALUD BIO BIO HOSPITAL DE MULCHEN,61.607.302-8,Mulchén,Región del Biobío ,39565,Dipromed S.A.,86.397.000-8,Santiago,Región Metropolitana de Santiago,4,30201900,"Artículos para estructuras, obras y construcciones / Estructuras prefabricadas / Construcciones médicas prefabricadas",30201903,Unidades dentales,"Conos Gutapercha Protaper Next X5
CODIGO HOSPITAL:300-1314
",1.0,,CLP,20100.0,20100.0,20100.0
1057418-836-SE23,CS - INSUMOS DENTALES - 22.04.004.002 - HFCM 21430-MBH,2023-11-14T09:02:02.74,SE,1057418-14-LP22,Recepción Conforme,7434,SERVICIO DE SALUD BIO BIO HOSPITAL DE MULCHEN,61.607.302-8,Mulchén,Región del Biobío ,39565,Dipromed S.A.,86.397.000-8,Santiago,Región Metropolitana de Santiago,5,30201900,"Artículos para estructuras, obras y construcciones / Estructuras prefabricadas / Construcciones médicas prefabricadas",30201903,Unidades dentales,"Conos Gutapercha Wave One Gold Medium
CODIGO HOSPITAL:s/c


",1.0,,CLP,20100.0,20100.0,20100.0
1057418-836-SE23,CS - INSUMOS DENTALES - 22.04.004.002 - HFCM 21430-MBH,2023-11-14T09:02:02.74,SE,1057418-14-LP22,Recepción Conforme,7434,SERVICIO DE SALUD BIO BIO HOSPITAL DE MULCHEN,61.607.302-8,Mulchén,Región del Biobío ,39565,Dipromed S.A.,86.397.000-8,Santiago,Región Metropolitana de Santiago,6,30201900,"Artículos para estructuras, obras y construcciones / Estructuras prefabricadas / Construcciones médicas prefabricadas",30201903,Unidades dentales,"AGUJA CORTA 30G X 1"" PARA CARPULE
CODIGO HOSPITAL:303-0930
",27.0,,CLP,9200.0,248400.0,248400.0
1057418-836-SE23,CS - INSUMOS DENTALES - 22.04.004.002 - HFCM 21430-MBH,2023-11-14T09:02:02.74,SE,1057418-14-LP22,Recepción Conforme,7434,SERVICIO DE SALUD BIO BIO HOSPITAL DE MULCHEN,61.607.302-8,Mulchén,Región del Biobío ,39565,Dipromed S.A.,86.397.000-8,Santiago,Región Metropolitana de Santiago,7,30201900,"Artículos para estructuras, obras y construcciones / Estructuras prefabricadas / Construcciones médicas prefabricadas",30201903,Unidades dentales,"HIDROXIDO DE CALCIO EN PASTA (DYCAL)
CODIGO HOSPITAL:300-0432
",2.0,,CLP,9700.0,19400.0,19400.0
1057418-836-SE23,CS - INSUMOS DENTALES - 22.04.004.002 - HFCM 21430-MBH,2023-11-14T09:02:02.74,SE,1057418-14-LP22,Recepción Conforme,7434,SERVICIO DE SALUD BIO BIO HOSPITAL DE MULCHEN,61.607.302-8,Mulchén,Región del Biobío ,39565,Dipromed S.A.,86.397.000-8,Santiago,Región Metropolitana de Santiago,8,30201900,"Artículos para estructuras, obras y construcciones / Estructuras prefabricadas / Construcciones médicas prefabricadas",30201903,Unidades dentales,"HIPOCLORITO DE SODIO 
CODIGO HOSPITAL:300-0077

",8.0,,CLP,9700.0,77600.0,77600.0
1057418-836-SE23,CS - INSUMOS DENTALES - 22.04.004.002 - HFCM 21430-MBH,2023-11-14T09:02:02.74,SE,1057418-14-LP22,Recepción Conforme,7434,SERVICIO DE SALUD BIO BIO HOSPITAL DE MULCHEN,61.607.302-8,Mulchén,Región del Biobío ,39565,Dipromed S.A.,86.397.000-8,Santiago,Región Metropolitana de Santiago,9,30201900,"Artículos para estructuras, obras y construcciones / Estructuras prefabricadas / Construcciones médicas prefabricadas",30201903,Unidades dentales,"GEL DE ACIDO ORTOFOSFORICO 37% JERINGA 2.5 ML
COD HOSPITAL: 300-0058",60.0,,CLP,1100.0,66000.0,66000.0
1057418-836-SE23,CS - INSUMOS DENTALES - 22.04.004.002 - HFCM 21430-MBH,2023-11-14T09:02:02.74,SE,1057418-14-LP22,Recepción Conforme,7434,SERVICIO DE SALUD BIO BIO HOSPITAL DE MULCHEN,61.607.302-8,Mulchén,Región del Biobío ,39565,Dipromed S.A.,86.397.000-8,Santiago,Región Metropolitana de Santiago,10,30201900,"Artículos para estructuras, obras y construcciones / Estructuras prefabricadas / Construcciones médicas prefabricadas",30201903,Unidades dentales,"COMPOSITE Z350 COLOR A 3
COD HOSPITAL 300-2597",5.0,,CLP,36600.0,183000.0,183000.0
1057418-836-SE23,CS - INSUMOS DENTALES - 22.04.004.002 - HFCM 21430-MBH,2023-11-14T09:02:02.74,SE,1057418-14-LP22,Recepción Conforme,7434,SERVICIO DE SALUD BIO BIO HOSPITAL DE MULCHEN,61.607.302-8,Mulchén,Región del Biobío ,39565,Dipromed S.A.,86.397.000-8,Santiago,Región Metropolitana de Santiago,11,30201900,"Artículos para estructuras, obras y construcciones / Estructuras prefabricadas / Construcciones médicas prefabricadas",30201903,Unidades dentales,"OXIDO DE ZINC EN POLVO
COD HOSPITAL 300-2437",11.0,,CLP,2000.0,22000.0,22000.0
1057418-836-SE23,CS - INSUMOS DENTALES - 22.04.004.002 - HFCM 21430-MBH,2023-11-14T09:02:02.74,SE,1057418-14-LP22,Recepción Conforme,7434,SERVICIO DE SALUD BIO BIO HOSPITAL DE MULCHEN,61.607.302-8,Mulchén,Región del Biobío ,39565,Dipromed S.A.,86.397.000-8,Santiago,Región Metropolitana de Santiago,12,30201900,"Artículos para estructuras, obras y construcciones / Estructuras prefabricadas / Construcciones médicas prefabricadas",30201903,Unidades dentales,"TORULAS DE ALGODON PRENSADO  PARA OPERATIORIA DENTAL BOLSA DE 250 UNIDADES
COD HOSPITAL 300-2054",40.0,,CLP,6900.0,276000.0,276000.0
1057418-836-SE23,CS - INSUMOS DENTALES - 22.04.004.002 - HFCM 21430-MBH,2023-11-14T09:02:02.74,SE,1057418-14-LP22,Recepción Conforme,7434,SERVICIO DE SALUD BIO BIO HOSPITAL DE MULCHEN,61.607.302-8,Mulchén,Región del Biobío ,39565,Dipromed S.A.,86.397.000-8,Santiago,Región Metropolitana de Santiago,13,30201900,"Artículos para estructuras, obras y construcciones / Estructuras prefabricadas / Construcciones médicas prefabricadas",30201903,Unidades dentales,"EYECTORES DE SALIVA BOLSA DE 100 UNID
COD HOSPITAL 300-066",45.0,,CLP,2400.0,108000.0,108000.0
1057418-836-SE23,CS - INSUMOS DENTALES - 22.04.004.002 - HFCM 21430-MBH,2023-11-14T09:02:02.74,SE,1057418-14-LP22,Recepción Conforme,7434,SERVICIO DE SALUD BIO BIO HOSPITAL DE MULCHEN,61.607.302-8,Mulchén,Región del Biobío ,39565,Dipromed S.A.,86.397.000-8,Santiago,Región Metropolitana de Santiago,14,30201900,"Artículos para estructuras, obras y construcciones / Estructuras prefabricadas / Construcciones médicas prefabricadas",30201903,Unidades dentales,"ADHESIVO DENTINATARIO PARA RESINA 5TA GENERACION
COD HOSPITAL 300-0275",9.0,,CLP,25000.0,225000.0,225000.0
1057418-836-SE23,CS - INSUMOS DENTALES - 22.04.004.002 - HFCM 21430-MBH,2023-11-14T09:02:02.74,SE,1057418-14-LP22,Recepción Conforme,7434,SERVICIO DE SALUD BIO BIO HOSPITAL DE MULCHEN,61.607.302-8,Mulchén,Región del Biobío ,39565,Dipromed S.A.,86.397.000-8,Santiago,Región Metropolitana de Santiago,15,30201900,"Artículos para estructuras, obras y construcciones / Estructuras prefabricadas / Construcciones médicas prefabricadas",30201903,Unidades dentales,"YESO PIEDRA  BOLSA 1 KG
COD HOSPITAL 300-0117",40.0,,CLP,4530.0,181200.0,181200.0
1057418-94-AG24,AG - INSUMOS PODOLOGIA- 22.04.005.003- HFCM 23269 (JSN),2024-02-19T14:20:20.717,AG,,Recepción Conforme,7434,SERVICIO DE SALUD BIO BIO HOSPITAL DE MULCHEN,61.607.302-8,Mulchén,Región del Biobío ,1825789,VIC MEDICAL SPA,77.592.597-3,Los Angeles,Región del Biobío ,1,42291600,"Equipamiento y suministros médicos / Productos quirúrgicos / Instrumentos quirúrgicos de corte, trampas y productos relacionados",42291612,Alicates quirúrgicos,MANGO BISTURI N° 4------     ACERO QUIRURGICO-- VEASE FOTO REFERENCIAL EN ANEXOS,10.0,,CLP,900.0,9000.0,0.0
1057418-94-AG24,AG - INSUMOS PODOLOGIA- 22.04.005.003- HFCM 23269 (JSN),2024-02-19T14:20:20.717,AG,,Recepción Conforme,7434,SERVICIO DE SALUD BIO BIO HOSPITAL DE MULCHEN,61.607.302-8,Mulchén,Región del Biobío ,1825789,VIC MEDICAL SPA,77.592.597-3,Los Angeles,Región del Biobío ,2,42291600,"Equipamiento y suministros médicos / Productos quirúrgicos / Instrumentos quirúrgicos de corte, trampas y productos relacionados",42291612,Alicates quirúrgicos,GUBIAS  LIMPIEZA DE SURCOS  ACERO QUIRURGICO  VEASE FOTO REFERENCIAL EN ANEXOS,30.0,,CLP,1200.0,36000.0,0.0
1057418-94-AG24,AG - INSUMOS PODOLOGIA- 22.04.005.003- HFCM 23269 (JSN),2024-02-19T14:20:20.717,AG,,Recepción Conforme,7434,SERVICIO DE SALUD BIO BIO HOSPITAL DE MULCHEN,61.607.302-8,Mulchén,Región del Biobío ,1825789,VIC MEDICAL SPA,77.592.597-3,Los Angeles,Región del Biobío ,3,42291600,"Equipamiento y suministros médicos / Productos quirúrgicos / Instrumentos quirúrgicos de corte, trampas y productos relacionados",42291612,Alicates quirúrgicos,"ESCAREADOR PUNTA DE LENTEJA IDEAL PARA SURCOS, BUSQUEDA DE ESPICULAS - ACERO QUIRURGICO  - VEASE FOTO REFERENCIAL EN ANEXOS",10.0,,CLP,1200.0,12000.0,0.0
1057418-94-AG24,AG - INSUMOS PODOLOGIA- 22.04.005.003- HFCM 23269 (JSN),2024-02-19T14:20:20.717,AG,,Recepción Conforme,7434,SERVICIO DE SALUD BIO BIO HOSPITAL DE MULCHEN,61.607.302-8,Mulchén,Región del Biobío ,1825789,VIC MEDICAL SPA,77.592.597-3,Los Angeles,Región del Biobío ,4,24102100,Equipamiento para manejo y estiba de materiales / Maquinaria para manejo de materiales / Equipo para almacenaje,24102105,Embandejadoras,BANDEJA ACANELADA--ESTERILIZAR ALICATES-        ACERO QUIRURGICO -  VEASE FOTO REFERENCIAL EN ANEXOS,30.0,,CLP,2300.0,69000.0,0.0
1057418-94-AG24,AG - INSUMOS PODOLOGIA- 22.04.005.003- HFCM 23269 (JSN),2024-02-19T14:20:20.717,AG,,Recepción Conforme,7434,SERVICIO DE SALUD BIO BIO HOSPITAL DE MULCHEN,61.607.302-8,Mulchén,Región del Biobío ,1825789,VIC MEDICAL SPA,77.592.597-3,Los Angeles,Región del Biobío ,5,24102100,Equipamiento para manejo y estiba de materiales / Maquinaria para manejo de materiales / Equipo para almacenaje,24102105,Embandejadoras,ALGODONERO METALICO -- PORTA ALGODON  ---   ACERO QUIRURGICO  - VEASE FOTO REFERENCIAL EN ANEXOS,2.0,,CLP,3100.0,6200.0,0.0
1057418-94-AG24,AG - INSUMOS PODOLOGIA- 22.04.005.003- HFCM 23269 (JSN),2024-02-19T14:20:20.717,AG,,Recepción Conforme,7434,SERVICIO DE SALUD BIO BIO HOSPITAL DE MULCHEN,61.607.302-8,Mulchén,Región del Biobío ,1825789,VIC MEDICAL SPA,77.592.597-3,Los Angeles,Región del Biobío ,6,42291600,"Equipamiento y suministros médicos / Productos quirúrgicos / Instrumentos quirúrgicos de corte, trampas y productos relacionados",42291612,Alicates quirúrgicos,"ALICATES FRONTAL - MAYOR RESISTENCIA, CORTES RECTOS - ACERO QUIRURGICO - VEASE FOTO REFERENCIAL EN ANEXOS",10.0,,CLP,6500.0,65000.0,0.0
1057418-94-AG24,AG - INSUMOS PODOLOGIA- 22.04.005.003- HFCM 23269 (JSN),2024-02-19T14:20:20.717,AG,,Recepción Conforme,7434,SERVICIO DE SALUD BIO BIO HOSPITAL DE MULCHEN,61.607.302-8,Mulchén,Región del Biobío ,1825789,VIC MEDICAL SPA,77.592.597-3,Los Angeles,Región del Biobío ,7,42291600,"Equipamiento y suministros médicos / Productos quirúrgicos / Instrumentos quirúrgicos de corte, trampas y productos relacionados",42291612,Alicates quirúrgicos,"ALICATES RECTOS-ONICOTOMIA, ESPICULAS, ONICORIPTOSIS - ACERO QUIRURGICO - VEASE FOTO REFERENCIAL EN ANEXOS",5.0,,CLP,6500.0,32500.0,0.0
1057418-94-AG24,AG - INSUMOS PODOLOGIA- 22.04.005.003- HFCM 23269 (JSN),2024-02-19T14:20:20.717,AG,,Recepción Conforme,7434,SERVICIO DE SALUD BIO BIO HOSPITAL DE MULCHEN,61.607.302-8,Mulchén,Región del Biobío ,1825789,VIC MEDICAL SPA,77.592.597-3,Los Angeles,Región del Biobío ,8,42291600,"Equipamiento y suministros médicos / Productos quirúrgicos / Instrumentos quirúrgicos de corte, trampas y productos relacionados",42291612,Alicates quirúrgicos,ALICATES CURVOS - ONICOTOMIA ONICOGRIFOSIS (UÑAS GRUESAS) - ACERO QUIRURGICO - VEASE FOTO REFERENCIAL EN ANEXOS,10.0,,CLP,6500.0,65000.0,0.0
1057418-94-AG24,AG - INSUMOS PODOLOGIA- 22.04.005.003- HFCM 23269 (JSN),2024-02-19T14:20:20.717,AG,,Recepción Conforme,7434,SERVICIO DE SALUD BIO BIO HOSPITAL DE MULCHEN,61.607.302-8,Mulchén,Región del Biobío ,1825789,VIC MEDICAL SPA,77.592.597-3,Los Angeles,Región del Biobío ,9,42291600,"Equipamiento y suministros médicos / Productos quirúrgicos / Instrumentos quirúrgicos de corte, trampas y productos relacionados",42291612,Alicates quirúrgicos,ALICATES RECTO EXTRA FINO-RETIRO DE ESPICULA (ONICOCRIPTOSIS- ACERO QUIRURGICO - VEASE FOTO REFERENCIAL EN ANEXOS,5.0,,CLP,6500.0,32500.0,0.0
1057418-94-AG24,AG - INSUMOS PODOLOGIA- 22.04.005.003- HFCM 23269 (JSN),2024-02-19T14:20:20.717,AG,,Recepción Conforme,7434,SERVICIO DE SALUD BIO BIO HOSPITAL DE MULCHEN,61.607.302-8,Mulchén,Región del Biobío ,1825789,VIC MEDICAL SPA,77.592.597-3,Los Angeles,Región del Biobío ,10,51241200,"Medicamentos y productos farmacéuticos / Medicamentos para los oídos, ojos, nariz y piel / Agentes dermatológicos",51241208,Cremas o ungüentos hidrofílicos,CREMA HUMECTANTE CON UREA 10% (HYDROSEPT CREMA F4 340 ML  -----  HUMECTACION E HIDRATACION - VEASE FOTO REFERENCIAL EN ANEXOS,60.0,,CLP,12000.0,720000.0,0.0
1057418-97-SE24,CS-INSUMOS-LABORATORIO-22.04.005.002-HFCM 23704-(PTV),2024-02-20T13:56:06.983,SE,1057418-22-LP21,Recepción Conforme,7434,SERVICIO DE SALUD BIO BIO HOSPITAL DE MULCHEN,61.607.302-8,Mulchén,Región del Biobío ,30671,Amilab ltda.,77.700.690-8,La Florida,Región Metropolitana de Santiago,1,30201900,"Artículos para estructuras, obras y construcciones / Estructuras prefabricadas / Construcciones médicas prefabricadas",30201902,Unidades de laboratorio,ADAPTADOR LUER X 100 UD.,2.0,,CLP,7670.0,15340.0,15340.0
1057418-97-SE24,CS-INSUMOS-LABORATORIO-22.04.005.002-HFCM 23704-(PTV),2024-02-20T13:56:06.983,SE,1057418-22-LP21,Recepción Conforme,7434,SERVICIO DE SALUD BIO BIO HOSPITAL DE MULCHEN,61.607.302-8,Mulchén,Región del Biobío ,30671,Amilab ltda.,77.700.690-8,La Florida,Región Metropolitana de Santiago,2,30201900,"Artículos para estructuras, obras y construcciones / Estructuras prefabricadas / Construcciones médicas prefabricadas",30201902,Unidades de laboratorio,"TUBO AL VACIO PLASTICO TAPA ROJA C/GEL. 12 x 100
mm (6mL) (bandeja x100",10.0,,CLP,9900.0,99000.0,99000.0
1057418-97-SE24,CS-INSUMOS-LABORATORIO-22.04.005.002-HFCM 23704-(PTV),2024-02-20T13:56:06.983,SE,1057418-22-LP21,Recepción Conforme,7434,SERVICIO DE SALUD BIO BIO HOSPITAL DE MULCHEN,61.607.302-8,Mulchén,Región del Biobío ,30671,Amilab ltda.,77.700.690-8,La Florida,Región Metropolitana de Santiago,3,30201900,"Artículos para estructuras, obras y construcciones / Estructuras prefabricadas / Construcciones médicas prefabricadas",30201902,Unidades de laboratorio,"TUBO AL VACIO GEL- EDTA 13 x 100 mm (5 mL)
(bandeja x100) ",6.0,,CLP,10725.0,64350.0,64350.0
1057418-97-SE24,CS-INSUMOS-LABORATORIO-22.04.005.002-HFCM 23704-(PTV),2024-02-20T13:56:06.983,SE,1057418-22-LP21,Recepción Conforme,7434,SERVICIO DE SALUD BIO BIO HOSPITAL DE MULCHEN,61.607.302-8,Mulchén,Región del Biobío ,30671,Amilab ltda.,77.700.690-8,La Florida,Región Metropolitana de Santiago,4,30201900,"Artículos para estructuras, obras y construcciones / Estructuras prefabricadas / Construcciones médicas prefabricadas",30201902,Unidades de laboratorio,"TUBO AL VACIO PLASTICO C/GEL TAPA AMARILLA 12 x
75 mm (3.5-4 mL) (bandeja x100) ",15.0,,CLP,9405.0,141075.0,141075.0
1057418-97-SE24,CS-INSUMOS-LABORATORIO-22.04.005.002-HFCM 23704-(PTV),2024-02-20T13:56:06.983,SE,1057418-22-LP21,Recepción Conforme,7434,SERVICIO DE SALUD BIO BIO HOSPITAL DE MULCHEN,61.607.302-8,Mulchén,Región del Biobío ,30671,Amilab ltda.,77.700.690-8,La Florida,Región Metropolitana de Santiago,5,30201900,"Artículos para estructuras, obras y construcciones / Estructuras prefabricadas / Construcciones médicas prefabricadas",30201902,Unidades de laboratorio,"TUBO AL VACIO TAPA LAVANDA K3 EDTA 12 x 75 mm
(3-4mL) (bandeja x100) ",45.0,,CLP,6400.0,288000.0,288000.0
1057418-97-SE24,CS-INSUMOS-LABORATORIO-22.04.005.002-HFCM 23704-(PTV),2024-02-20T13:56:06.983,SE,1057418-22-LP21,Recepción Conforme,7434,SERVICIO DE SALUD BIO BIO HOSPITAL DE MULCHEN,61.607.302-8,Mulchén,Región del Biobío ,30671,Amilab ltda.,77.700.690-8,La Florida,Región Metropolitana de Santiago,6,30201900,"Artículos para estructuras, obras y construcciones / Estructuras prefabricadas / Construcciones médicas prefabricadas",30201902,Unidades de laboratorio,"TUBO AL VACIO POLIPROPILENO TAPA CELESTE 12 x 75
mm 2.7 mL (bandeja x100)",1.0,,CLP,9570.0,9570.0,9570.0
1057418-97-SE24,CS-INSUMOS-LABORATORIO-22.04.005.002-HFCM 23704-(PTV),2024-02-20T13:56:06.983,SE,1057418-22-LP21,Recepción Conforme,7434,SERVICIO DE SALUD BIO BIO HOSPITAL DE MULCHEN,61.607.302-8,Mulchén,Región del Biobío ,30671,Amilab ltda.,77.700.690-8,La Florida,Región Metropolitana de Santiago,7,30201900,"Artículos para estructuras, obras y construcciones / Estructuras prefabricadas / Construcciones médicas prefabricadas",30201902,Unidades de laboratorio,AGUJA MULTIPLE 21G X 1 1/2 CAJA X 100,2.0,,CLP,8168.0,16336.0,16336.0
1057418-98-SE24,CS-INSUMOS-LABORATORIO-22.04.005.002-HFCM 23704-(PTV),2024-02-20T14:48:38.533,SE,1057418-22-LP21,Recepción Conforme,7434,SERVICIO DE SALUD BIO BIO HOSPITAL DE MULCHEN,61.607.302-8,Mulchén,Región del Biobío ,7919,COMERCIAL A Y B S A,96.560.900-8,Providencia,Región Metropolitana de Santiago,1,30201900,"Artículos para estructuras, obras y construcciones / Estructuras prefabricadas / Construcciones médicas prefabricadas",30201902,Unidades de laboratorio,PRESERV - 21,5.0,,CLP,6000.0,30000.0,30000.0
1057418-98-SE24,CS-INSUMOS-LABORATORIO-22.04.005.002-HFCM 23704-(PTV),2024-02-20T14:48:38.533,SE,1057418-22-LP21,Recepción Conforme,7434,SERVICIO DE SALUD BIO BIO HOSPITAL DE MULCHEN,61.607.302-8,Mulchén,Región del Biobío ,7919,COMERCIAL A Y B S A,96.560.900-8,Providencia,Región Metropolitana de Santiago,2,30201900,"Artículos para estructuras, obras y construcciones / Estructuras prefabricadas / Construcciones médicas prefabricadas",30201902,Unidades de laboratorio, GLOBULOS CONTROLES A1 + B,1.0,,CLP,48500.0,48500.0,48500.0
1057418-98-SE24,CS-INSUMOS-LABORATORIO-22.04.005.002-HFCM 23704-(PTV),2024-02-20T14:48:38.533,SE,1057418-22-LP21,Recepción Conforme,7434,SERVICIO DE SALUD BIO BIO HOSPITAL DE MULCHEN,61.607.302-8,Mulchén,Región del Biobío ,7919,COMERCIAL A Y B S A,96.560.900-8,Providencia,Región Metropolitana de Santiago,3,30201900,"Artículos para estructuras, obras y construcciones / Estructuras prefabricadas / Construcciones médicas prefabricadas",30201902,Unidades de laboratorio,CONTROLES POSITIVO GRUPO RH CORQ,1.0,,CLP,79500.0,79500.0,79500.0
1057418-98-SE24,CS-INSUMOS-LABORATORIO-22.04.005.002-HFCM 23704-(PTV),2024-02-20T14:48:38.533,SE,1057418-22-LP21,Recepción Conforme,7434,SERVICIO DE SALUD BIO BIO HOSPITAL DE MULCHEN,61.607.302-8,Mulchén,Región del Biobío ,7919,COMERCIAL A Y B S A,96.560.900-8,Providencia,Región Metropolitana de Santiago,4,30201900,"Artículos para estructuras, obras y construcciones / Estructuras prefabricadas / Construcciones médicas prefabricadas",30201902,Unidades de laboratorio,"TARJETA GEL CLASIFICACION ADULTO ABO/RH CON
PRUEBA INVERSA X 48 UD
",2.0,,CLP,105600.0,211200.0,211200.0
1057418-98-SE24,CS-INSUMOS-LABORATORIO-22.04.005.002-HFCM 23704-(PTV),2024-02-20T14:48:38.533,SE,1057418-22-LP21,Recepción Conforme,7434,SERVICIO DE SALUD BIO BIO HOSPITAL DE MULCHEN,61.607.302-8,Mulchén,Región del Biobío ,7919,COMERCIAL A Y B S A,96.560.900-8,Providencia,Región Metropolitana de Santiago,5,30201900,"Artículos para estructuras, obras y construcciones / Estructuras prefabricadas / Construcciones médicas prefabricadas",30201902,Unidades de laboratorio,"TEST DE EMBARAZO TIRA INMUNOCROMATOGRAFICA
(X20 DET) KIT X 20",3.0,,CLP,11700.0,35100.0,35100.0
1057418-99-SE24,CS-INSUMOS-LABORATORIO-22.04.005.002-HFCM 23704-(PTV),2024-02-20T15:02:42.58,SE,1057418-22-LP21,Recepción Conforme,7434,SERVICIO DE SALUD BIO BIO HOSPITAL DE MULCHEN,61.607.302-8,Mulchén,Región del Biobío ,42827,FARMALATINA LTDA,79.728.570-6,Lampa,Región Metropolitana de Santiago,1,30201900,"Artículos para estructuras, obras y construcciones / Estructuras prefabricadas / Construcciones médicas prefabricadas",30201902,Unidades de laboratorio,"ROTAVIRUS -ADENOVIRUS INMUNOCROMATOGRAFICO
X 25 DET
",1.0,,CLP,39500.0,39500.0,39500.0
1057418-99-SE24,CS-INSUMOS-LABORATORIO-22.04.005.002-HFCM 23704-(PTV),2024-02-20T15:02:42.58,SE,1057418-22-LP21,Recepción Conforme,7434,SERVICIO DE SALUD BIO BIO HOSPITAL DE MULCHEN,61.607.302-8,Mulchén,Región del Biobío ,42827,FARMALATINA LTDA,79.728.570-6,Lampa,Región Metropolitana de Santiago,2,30201900,"Artículos para estructuras, obras y construcciones / Estructuras prefabricadas / Construcciones médicas prefabricadas",30201902,Unidades de laboratorio,H.PYLORI EN DEPOSICIONES X25 ,3.0,,CLP,45000.0,135000.0,135000.0
1057418-99-SE24,CS-INSUMOS-LABORATORIO-22.04.005.002-HFCM 23704-(PTV),2024-02-20T15:02:42.58,SE,1057418-22-LP21,Recepción Conforme,7434,SERVICIO DE SALUD BIO BIO HOSPITAL DE MULCHEN,61.607.302-8,Mulchén,Región del Biobío ,42827,FARMALATINA LTDA,79.728.570-6,Lampa,Región Metropolitana de Santiago,3,30201900,"Artículos para estructuras, obras y construcciones / Estructuras prefabricadas / Construcciones médicas prefabricadas",30201902,Unidades de laboratorio, SOLUCION PAFS EXAMEN PARASITOLOGICOS X 1000 ML,6.0,,CLP,15900.0,95400.0,95400.0
1057418-99-SE24,CS-INSUMOS-LABORATORIO-22.04.005.002-HFCM 23704-(PTV),2024-02-20T15:02:42.58,SE,1057418-22-LP21,Recepción Conforme,7434,SERVICIO DE SALUD BIO BIO HOSPITAL DE MULCHEN,61.607.302-8,Mulchén,Región del Biobío ,42827,FARMALATINA LTDA,79.728.570-6,Lampa,Región Metropolitana de Santiago,4,30201900,"Artículos para estructuras, obras y construcciones / Estructuras prefabricadas / Construcciones médicas prefabricadas",30201902,Unidades de laboratorio,"AGUJA MARIPOSA 23G X 3/4 , AZUL CAJA X 100UN
SEGUN COTIZACION ADJUNTA",3.0,,CLP,13900.0,41700.0,41700.0
1057419-40-CM24,C.M.-insumos alimenticios-Req 4//22.01.001.001-HSAB37524-CGC,2024-02-07T09:04:57.387,CM,,Recepción Conforme,7404,SERVICIO DE SALUD BIO BIO HOSPITAL SANTA BARBARA,61.607.304-4,Santa Bárbara,Región del Biobío ,27467,DIMERC S A,96.670.840-9,,,1,0,,0,GALLETA DE AGUA MCKAY SIN SAL PAQUETE 180 G UNIDAD VIII REGION,(1452217) GALLETA DE AGUA MCKAY SIN SAL PAQUETE 180 G UNIDAD VIII REGION,144.0,,CLP,1244.0,179136.0,179136.0
1057419-40-CM24,C.M.-insumos alimenticios-Req 4//22.01.001.001-HSAB37524-CGC,2024-02-07T09:04:57.387,CM,,Recepción Conforme,7404,SERVICIO DE SALUD BIO BIO HOSPITAL SANTA BARBARA,61.607.304-4,Santa Bárbara,Región del Biobío ,27467,DIMERC S A,96.670.840-9,,,2,0,,0,AZUCAR SACHET IANSA 5 G CAJA 800 UNIDADES VIII REGION,(1436167) AZUCAR SACHET IANSA 5 G CAJA 800 UNIDADES VIII REGION,16.0,,CLP,15873.0,253968.0,253968.0
1057419-40-CM24,C.M.-insumos alimenticios-Req 4//22.01.001.001-HSAB37524-CGC,2024-02-07T09:04:57.387,CM,,Recepción Conforme,7404,SERVICIO DE SALUD BIO BIO HOSPITAL SANTA BARBARA,61.607.304-4,Santa Bárbara,Región del Biobío ,27467,DIMERC S A,96.670.840-9,,,3,0,,0,LECHE SABORIZADA SEMIDESCREMADA LONCO LECHE CHOCOLATE CAJA 200 ML UNIDAD VIII REGION,(1442137) LECHE SABORIZADA SEMIDESCREMADA LONCO LECHE CHOCOLATE CAJA 200 ML UNIDAD VIII REGION,408.0,,CLP,483.0,197064.0,197064.0
1057419-40-CM24,C.M.-insumos alimenticios-Req 4//22.01.001.001-HSAB37524-CGC,2024-02-07T09:04:57.387,CM,,Recepción Conforme,7404,SERVICIO DE SALUD BIO BIO HOSPITAL SANTA BARBARA,61.607.304-4,Santa Bárbara,Región del Biobío ,27467,DIMERC S A,96.670.840-9,,,4,0,,0,CAFE DE CEBADA ECCO TARRO 170 G UNIDAD VIII REGION,(1445347) CAFE DE CEBADA ECCO TARRO 170 G UNIDAD VIII REGION,12.0,,CLP,2355.0,28260.0,28260.0
1057419-40-CM24,C.M.-insumos alimenticios-Req 4//22.01.001.001-HSAB37524-CGC,2024-02-07T09:04:57.387,CM,,Recepción Conforme,7404,SERVICIO DE SALUD BIO BIO HOSPITAL SANTA BARBARA,61.607.304-4,Santa Bárbara,Región del Biobío ,27467,DIMERC S A,96.670.840-9,,,5,0,,0,SABORIZANTE NESTLE MILO BOLSA 1K UNIDAD VIII REGION,(1448692) SABORIZANTE NESTLE MILO BOLSA 1K UNIDAD VIII REGION,18.0,,CLP,8661.0,155898.0,155898.0
1057419-40-CM24,C.M.-insumos alimenticios-Req 4//22.01.001.001-HSAB37524-CGC,2024-02-07T09:04:57.387,CM,,Recepción Conforme,7404,SERVICIO DE SALUD BIO BIO HOSPITAL SANTA BARBARA,61.607.304-4,Santa Bárbara,Región del Biobío ,27467,DIMERC S A,96.670.840-9,,,6,0,,0,AZUCAR IANSA BLANCA GRANULADA BOLSA 1K  UNIDAD VIII REGION,(1436062) AZUCAR IANSA BLANCA GRANULADA BOLSA 1K  UNIDAD VIII REGION,40.0,,CLP,1265.0,50600.0,50600.0
1057420-48-AG24,"AG-WEEK D CELLS Y REFERENCE CELLS,ITEM 22.04.003.003,HFCH313466,(scch)",2024-01-30T08:49:56.7,AG,,Recepción Conforme,7389,SERVICIO DE SALUD BIO BIO HOSPITAL DE HU,61.607.305-2,Tucapel,Región del Biobío ,42827,FARMALATINA LTDA,79.728.570-6,Lampa,Región Metropolitana de Santiago,1,30201900,"Artículos para estructuras, obras y construcciones / Estructuras prefabricadas / Construcciones médicas prefabricadas",30201902,Unidades de laboratorio,"REFERENCE CELLS A1 Y B (CONF GRUPO ABO)2 X 210 ML ,CON LA MODALIDAD DE ENTREGA PARCIALIZADA DURANTE EL AÑO 2024,A TRAVES DE REQUERIMIENTO MENSUAL PREVIA CORDINACION.
",12.0,,CLP,50600.0,607200.0,0.0
1057420-48-AG24,"AG-WEEK D CELLS Y REFERENCE CELLS,ITEM 22.04.003.003,HFCH313466,(scch)",2024-01-30T08:49:56.7,AG,,Recepción Conforme,7389,SERVICIO DE SALUD BIO BIO HOSPITAL DE HU,61.607.305-2,Tucapel,Región del Biobío ,42827,FARMALATINA LTDA,79.728.570-6,Lampa,Región Metropolitana de Santiago,2,30201900,"Artículos para estructuras, obras y construcciones / Estructuras prefabricadas / Construcciones médicas prefabricadas",30201902,Unidades de laboratorio,"WEEK D CELLS (DU CELLS) 1 X 5 ML., CON LA MODALIDAD DE ENTREGA PARCIALIZADA DURANTE EL AÑO 2024, A TRAVES DE REQUERIMIENTO MENSUAL PREVIA CORDINACION.
",12.0,,CLP,62600.0,751200.0,0.0
1057421-106-SE24,CS Compra de Insumos y Reactivos para HFC Laja - REQ. 4 - 2204003002 - Folio 34.383 (sma),2024-02-19T16:52:37.327,SE,1057421-4-LQ23,Recepción Conforme,7464,SERVICIO DE SALUD BIO BIO HOSPITAL DE LAJA,61.607.306-0,Laja,Región del Biobío ,42827,FARMALATINA LTDA,79.728.570-6,Lampa,Región Metropolitana de Santiago,1,41116000,Equipamiento para laboratorios / Instrumentos de medida y experimentación / Reactivos de analizadores clínicos y diagnósticos,41116004,Reactivos de analizadores químicos,"Aguja Múltiple 22 G x 1"" con área de visualización. 100 Unidades",10.0,,CLP,19080.0,190800.0,190800.0
1057421-106-SE24,CS Compra de Insumos y Reactivos para HFC Laja - REQ. 4 - 2204003002 - Folio 34.383 (sma),2024-02-19T16:52:37.327,SE,1057421-4-LQ23,Recepción Conforme,7464,SERVICIO DE SALUD BIO BIO HOSPITAL DE LAJA,61.607.306-0,Laja,Región del Biobío ,42827,FARMALATINA LTDA,79.728.570-6,Lampa,Región Metropolitana de Santiago,2,41116000,Equipamiento para laboratorios / Instrumentos de medida y experimentación / Reactivos de analizadores clínicos y diagnósticos,41116004,Reactivos de analizadores químicos,Pipetas Pasteur plásticas 3 ml.,30.0,,CLP,18600.0,558000.0,558000.0
1057421-106-SE24,CS Compra de Insumos y Reactivos para HFC Laja - REQ. 4 - 2204003002 - Folio 34.383 (sma),2024-02-19T16:52:37.327,SE,1057421-4-LQ23,Recepción Conforme,7464,SERVICIO DE SALUD BIO BIO HOSPITAL DE LAJA,61.607.306-0,Laja,Región del Biobío ,42827,FARMALATINA LTDA,79.728.570-6,Lampa,Región Metropolitana de Santiago,3,41116000,Equipamiento para laboratorios / Instrumentos de medida y experimentación / Reactivos de analizadores clínicos y diagnósticos,41116004,Reactivos de analizadores químicos,Glucosa para administración oral 75 gr. Sabores. Presentación Líquida,2.0,,CLP,46000.0,92000.0,92000.0
1057421-115-AG24,AG - Compra de Ventilador de mesa - Folio N° 34.448 - 2204013 (fbr),2024-02-23T15:45:58.117,AG,,Recepción Conforme,7464,SERVICIO DE SALUD BIO BIO HOSPITAL DE LAJA,61.607.306-0,Laja,Región del Biobío ,1675855,JOHANNA ALEJANDRA,77.015.825-7,Concepción,Región del Biobío ,1,40101600,"Equipamiento para el acondicionamiento, distribución y filtrado de fluidos / Control de temperatura y ventilación / Piezas y accesorios para circulación de aire",40101604,Ventiladores,"ventilador de mesa12""",2.0,,CLP,32990.0,65980.0,0.0
1057421-174-CM23,"CM - IMPLEMENTACIÓN DE PLATAFORMA PARA LA CONTACTABILIDAD OMNICANAL EN LA UNIDAD DE SOME, FOLIO 28.700, ITEM 22.11.003 (YPV)",2023-03-21T14:57:41.693,CM,,Recepción Conforme,7464,SERVICIO DE SALUD BIO BIO HOSPITAL DE LAJA,61.607.306-0,Laja,Región del Biobío ,1491850,Health Consulting Partners SpA,76.539.813-4,,,1,0,,0,PROYECTOS DE MANTENCIÓN Y/O SOPORTE INFRAESTRUCTURA   ,(1849243) PROYECTOS DE MANTENCIÓN Y/O SOPORTE INFRAESTRUCTURA   ,1.0,,CLP,18844903.0,18844903.0,18844903.0
1057421-66-SE24,"CS -  Insumos y Reactivos para Lab., linea microbiología - Ítem  22.04.003.002 - Folio 34.223 (ypv)	",2024-02-05T14:54:01.43,SE,1057421-4-LQ23,Recepción Conforme,7464,SERVICIO DE SALUD BIO BIO HOSPITAL DE LAJA,61.607.306-0,Laja,Región del Biobío ,22062,VALTEK  S.A.,79.568.850-1,Ñuñoa,Región Metropolitana de Santiago,1,41116000,Equipamiento para laboratorios / Instrumentos de medida y experimentación / Reactivos de analizadores clínicos y diagnósticos,41116004,Reactivos de analizadores químicos,285-400 Agar Thayer Martin 10 Un. 9 cms. El precio es por presentación. Despacho: 2 días hábiles.,1.0,,CLP,13840.0,13840.0,13840.0
1057421-66-SE24,"CS -  Insumos y Reactivos para Lab., linea microbiología - Ítem  22.04.003.002 - Folio 34.223 (ypv)	",2024-02-05T14:54:01.43,SE,1057421-4-LQ23,Recepción Conforme,7464,SERVICIO DE SALUD BIO BIO HOSPITAL DE LAJA,61.607.306-0,Laja,Región del Biobío ,22062,VALTEK  S.A.,79.568.850-1,Ñuñoa,Región Metropolitana de Santiago,2,41116000,Equipamiento para laboratorios / Instrumentos de medida y experimentación / Reactivos de analizadores clínicos y diagnósticos,41116004,Reactivos de analizadores químicos,285-050 Agar Chocolate base GC+Suple+Hb 10 Un. 9 cm.,4.0,,CLP,14826.0,59304.0,59304.0
1057421-66-SE24,"CS -  Insumos y Reactivos para Lab., linea microbiología - Ítem  22.04.003.002 - Folio 34.223 (ypv)	",2024-02-05T14:54:01.43,SE,1057421-4-LQ23,Recepción Conforme,7464,SERVICIO DE SALUD BIO BIO HOSPITAL DE LAJA,61.607.306-0,Laja,Región del Biobío ,22062,VALTEK  S.A.,79.568.850-1,Ñuñoa,Región Metropolitana de Santiago,3,41116000,Equipamiento para laboratorios / Instrumentos de medida y experimentación / Reactivos de analizadores clínicos y diagnósticos,41116004,Reactivos de analizadores químicos,285-125 Agar Cromo Strep B 10 Uds. 9 cms. Kit,10.0,,CLP,14500.0,145000.0,145000.0
1057421-66-SE24,"CS -  Insumos y Reactivos para Lab., linea microbiología - Ítem  22.04.003.002 - Folio 34.223 (ypv)	",2024-02-05T14:54:01.43,SE,1057421-4-LQ23,Recepción Conforme,7464,SERVICIO DE SALUD BIO BIO HOSPITAL DE LAJA,61.607.306-0,Laja,Región del Biobío ,22062,VALTEK  S.A.,79.568.850-1,Ñuñoa,Región Metropolitana de Santiago,4,41116000,Equipamiento para laboratorios / Instrumentos de medida y experimentación / Reactivos de analizadores clínicos y diagnósticos,41116004,Reactivos de analizadores químicos,285-133 Agar Cromo Candida 10 Un. 9 cms. Kit,5.0,,CLP,12500.0,62500.0,62500.0
1057421-66-SE24,"CS -  Insumos y Reactivos para Lab., linea microbiología - Ítem  22.04.003.002 - Folio 34.223 (ypv)	",2024-02-05T14:54:01.43,SE,1057421-4-LQ23,Recepción Conforme,7464,SERVICIO DE SALUD BIO BIO HOSPITAL DE LAJA,61.607.306-0,Laja,Región del Biobío ,22062,VALTEK  S.A.,79.568.850-1,Ñuñoa,Región Metropolitana de Santiago,5,41116000,Equipamiento para laboratorios / Instrumentos de medida y experimentación / Reactivos de analizadores clínicos y diagnósticos,41116004,Reactivos de analizadores químicos,Agar Cromogénico para Orina Placas Preparadas,10.0,,CLP,10500.0,105000.0,105000.0
1057421-66-SE24,"CS -  Insumos y Reactivos para Lab., linea microbiología - Ítem  22.04.003.002 - Folio 34.223 (ypv)	",2024-02-05T14:54:01.43,SE,1057421-4-LQ23,Recepción Conforme,7464,SERVICIO DE SALUD BIO BIO HOSPITAL DE LAJA,61.607.306-0,Laja,Región del Biobío ,22062,VALTEK  S.A.,79.568.850-1,Ñuñoa,Región Metropolitana de Santiago,6,41116000,Equipamiento para laboratorios / Instrumentos de medida y experimentación / Reactivos de analizadores clínicos y diagnósticos,41116004,Reactivos de analizadores químicos,Agar Mac Conkey Placas Preparadas 9 cm.,15.0,,CLP,5050.0,75750.0,75750.0
1057421-66-SE24,"CS -  Insumos y Reactivos para Lab., linea microbiología - Ítem  22.04.003.002 - Folio 34.223 (ypv)	",2024-02-05T14:54:01.43,SE,1057421-4-LQ23,Recepción Conforme,7464,SERVICIO DE SALUD BIO BIO HOSPITAL DE LAJA,61.607.306-0,Laja,Región del Biobío ,22062,VALTEK  S.A.,79.568.850-1,Ñuñoa,Región Metropolitana de Santiago,7,41116000,Equipamiento para laboratorios / Instrumentos de medida y experimentación / Reactivos de analizadores clínicos y diagnósticos,41116004,Reactivos de analizadores químicos,Agar Sangre de Cordero 5% Placas Preparadas 9 cm,15.0,,CLP,7870.0,118050.0,118050.0
1057421-66-SE24,"CS -  Insumos y Reactivos para Lab., linea microbiología - Ítem  22.04.003.002 - Folio 34.223 (ypv)	",2024-02-05T14:54:01.43,SE,1057421-4-LQ23,Recepción Conforme,7464,SERVICIO DE SALUD BIO BIO HOSPITAL DE LAJA,61.607.306-0,Laja,Región del Biobío ,22062,VALTEK  S.A.,79.568.850-1,Ñuñoa,Región Metropolitana de Santiago,8,41116000,Equipamiento para laboratorios / Instrumentos de medida y experimentación / Reactivos de analizadores clínicos y diagnósticos,41116004,Reactivos de analizadores químicos,Agar SS Placas Preparadas 9 cm.,4.0,,CLP,5480.0,21920.0,21920.0
1057421-66-SE24,"CS -  Insumos y Reactivos para Lab., linea microbiología - Ítem  22.04.003.002 - Folio 34.223 (ypv)	",2024-02-05T14:54:01.43,SE,1057421-4-LQ23,Recepción Conforme,7464,SERVICIO DE SALUD BIO BIO HOSPITAL DE LAJA,61.607.306-0,Laja,Región del Biobío ,22062,VALTEK  S.A.,79.568.850-1,Ñuñoa,Región Metropolitana de Santiago,9,41116000,Equipamiento para laboratorios / Instrumentos de medida y experimentación / Reactivos de analizadores clínicos y diagnósticos,41116004,Reactivos de analizadores químicos,Agar XLD Placa Preparada 9 cm.,6.0,,CLP,5080.0,30480.0,30480.0
1057421-66-SE24,"CS -  Insumos y Reactivos para Lab., linea microbiología - Ítem  22.04.003.002 - Folio 34.223 (ypv)	",2024-02-05T14:54:01.43,SE,1057421-4-LQ23,Recepción Conforme,7464,SERVICIO DE SALUD BIO BIO HOSPITAL DE LAJA,61.607.306-0,Laja,Región del Biobío ,22062,VALTEK  S.A.,79.568.850-1,Ñuñoa,Región Metropolitana de Santiago,10,41116000,Equipamiento para laboratorios / Instrumentos de medida y experimentación / Reactivos de analizadores clínicos y diagnósticos,41116004,Reactivos de analizadores químicos,Caldo Selenito Tubos Preparados 16 x 125 mm,2.0,,CLP,13020.0,26040.0,26040.0
1057421-66-SE24,"CS -  Insumos y Reactivos para Lab., linea microbiología - Ítem  22.04.003.002 - Folio 34.223 (ypv)	",2024-02-05T14:54:01.43,SE,1057421-4-LQ23,Recepción Conforme,7464,SERVICIO DE SALUD BIO BIO HOSPITAL DE LAJA,61.607.306-0,Laja,Región del Biobío ,22062,VALTEK  S.A.,79.568.850-1,Ñuñoa,Región Metropolitana de Santiago,11,41116000,Equipamiento para laboratorios / Instrumentos de medida y experimentación / Reactivos de analizadores clínicos y diagnósticos,41116004,Reactivos de analizadores químicos,Caldo Tood Hewith Tubos Preparados 16 x 125 mm,4.0,,CLP,11550.0,46200.0,46200.0
1057421-66-SE24,"CS -  Insumos y Reactivos para Lab., linea microbiología - Ítem  22.04.003.002 - Folio 34.223 (ypv)	",2024-02-05T14:54:01.43,SE,1057421-4-LQ23,Recepción Conforme,7464,SERVICIO DE SALUD BIO BIO HOSPITAL DE LAJA,61.607.306-0,Laja,Región del Biobío ,22062,VALTEK  S.A.,79.568.850-1,Ñuñoa,Región Metropolitana de Santiago,12,41116000,Equipamiento para laboratorios / Instrumentos de medida y experimentación / Reactivos de analizadores clínicos y diagnósticos,41116004,Reactivos de analizadores químicos,Mariposa 25 G.,20.0,,CLP,31750.0,635000.0,635000.0
1057421-66-SE24,"CS -  Insumos y Reactivos para Lab., linea microbiología - Ítem  22.04.003.002 - Folio 34.223 (ypv)	",2024-02-05T14:54:01.43,SE,1057421-4-LQ23,Recepción Conforme,7464,SERVICIO DE SALUD BIO BIO HOSPITAL DE LAJA,61.607.306-0,Laja,Región del Biobío ,22062,VALTEK  S.A.,79.568.850-1,Ñuñoa,Región Metropolitana de Santiago,13,41116000,Equipamiento para laboratorios / Instrumentos de medida y experimentación / Reactivos de analizadores clínicos y diagnósticos,41116004,Reactivos de analizadores químicos,Mariposa 23 G.,30.0,,CLP,31750.0,952500.0,952500.0
1057421-66-SE24,"CS -  Insumos y Reactivos para Lab., linea microbiología - Ítem  22.04.003.002 - Folio 34.223 (ypv)	",2024-02-05T14:54:01.43,SE,1057421-4-LQ23,Recepción Conforme,7464,SERVICIO DE SALUD BIO BIO HOSPITAL DE LAJA,61.607.306-0,Laja,Región del Biobío ,22062,VALTEK  S.A.,79.568.850-1,Ñuñoa,Región Metropolitana de Santiago,14,41116000,Equipamiento para laboratorios / Instrumentos de medida y experimentación / Reactivos de analizadores clínicos y diagnósticos,41116004,Reactivos de analizadores químicos,Tubo al vacío predeterminado para orina 16 x 100 mm 9.5 ml. 100 Unidades,5.0,,CLP,18000.0,90000.0,90000.0
1057428-179-CM21,"2239-7-LP14 C.M. de Hardware, licencias de software y R.E.D.",2021-03-23T15:06:56.937,CM,,Recepción Conforme,7475,SERVICIO NACIONAL DE SALUD HOSPITAL DE FLORIDA,61.602.199-0,Florida,Región del Biobío ,62706,OPCIONES SA SISTEMAS DE INFORMACION,96.523.180-3,Puerto Montt,Región de los Lagos ,1,81111800,"Servicios basados en ingeniería, ciencias sociales y tecnología de la información / Servicios informáticos / Administración de sistemas",81111812,Mantenimiento y soporte de hardware,(1138789 )SERVICIO COMPLEMENTARIO PARA PRODUCTOS DE HARDWARE - INSTALACIÓN DE EQUIPAMIENTO  1160854,1.0,,USD,19436.04,19436.04,19436.04
1057428-76-SE24,1057428-39-LE22,2024-02-26T09:56:51.267,SE,1057428-39-LE22,Recepción Conforme,7475,SERVICIO NACIONAL DE SALUD HOSPITAL DE FLORIDA,61.602.199-0,Florida,Región del Biobío ,40442,ECOLAB S A,96.604.460-8,Ñuñoa,Región Metropolitana de Santiago,1,47131800,Equipos y suministros de limpieza / Suministros de limpieza / Soluciones de limpieza y desinfección,47131805,Limpiadores de uso general,20-060-351-752-00	JABON LIQUIDO DE MANO PARA DISPENSADOR 5 X 905 ML		JABON EPIKLENZ,50.0,,CLP,31000.0,1550000.0,1550000.0
1057428-76-SE24,1057428-39-LE22,2024-02-26T09:56:51.267,SE,1057428-39-LE22,Recepción Conforme,7475,SERVICIO NACIONAL DE SALUD HOSPITAL DE FLORIDA,61.602.199-0,Florida,Región del Biobío ,40442,ECOLAB S A,96.604.460-8,Ñuñoa,Región Metropolitana de Santiago,2,47131800,Equipos y suministros de limpieza / Suministros de limpieza / Soluciones de limpieza y desinfección,47131805,Limpiadores de uso general,20-060-351-335-00	LIMPIADOR Y DESINFECTANTE 2 EN 1. 		SINK $ SURF CLEAN,2.0,,CLP,88907.0,177814.0,177814.0
1057428-76-SE24,1057428-39-LE22,2024-02-26T09:56:51.267,SE,1057428-39-LE22,Recepción Conforme,7475,SERVICIO NACIONAL DE SALUD HOSPITAL DE FLORIDA,61.602.199-0,Florida,Región del Biobío ,40442,ECOLAB S A,96.604.460-8,Ñuñoa,Región Metropolitana de Santiago,3,47131800,Equipos y suministros de limpieza / Suministros de limpieza / Soluciones de limpieza y desinfección,47131805,Limpiadores de uso general,20-060-351-868-00	SANITIZANTE DE VERDURAS	AFVT	,2.0,,CLP,160297.0,320594.0,320594.0
1057428-76-SE24,1057428-39-LE22,2024-02-26T09:56:51.267,SE,1057428-39-LE22,Recepción Conforme,7475,SERVICIO NACIONAL DE SALUD HOSPITAL DE FLORIDA,61.602.199-0,Florida,Región del Biobío ,40442,ECOLAB S A,96.604.460-8,Ñuñoa,Región Metropolitana de Santiago,4,47131800,Equipos y suministros de limpieza / Suministros de limpieza / Soluciones de limpieza y desinfección,47131805,Limpiadores de uso general,20-060-351-753-00	DETERGENTE PESADO DE USO DE MAQUINARIA LAVALOZA	SUPER TRUMP,3.0,,CLP,36470.0,109410.0,109410.0
1057428-76-SE24,1057428-39-LE22,2024-02-26T09:56:51.267,SE,1057428-39-LE22,Recepción Conforme,7475,SERVICIO NACIONAL DE SALUD HOSPITAL DE FLORIDA,61.602.199-0,Florida,Región del Biobío ,40442,ECOLAB S A,96.604.460-8,Ñuñoa,Región Metropolitana de Santiago,5,47131800,Equipos y suministros de limpieza / Suministros de limpieza / Soluciones de limpieza y desinfección,47131805,Limpiadores de uso general,20-060-351-673-00	DETERGENTE MULTiENZIMATICO	ASEPTI MULTI,2.0,,CLP,52000.0,104000.0,104000.0
1057428-76-SE24,1057428-39-LE22,2024-02-26T09:56:51.267,SE,1057428-39-LE22,Recepción Conforme,7475,SERVICIO NACIONAL DE SALUD HOSPITAL DE FLORIDA,61.602.199-0,Florida,Región del Biobío ,40442,ECOLAB S A,96.604.460-8,Ñuñoa,Región Metropolitana de Santiago,6,47131800,Equipos y suministros de limpieza / Suministros de limpieza / Soluciones de limpieza y desinfección,47131805,Limpiadores de uso general,20-060-351-730-00	ACIDO CONCENTRADO CON AGENTES DE CONTROL DE HIERRO	IRON CONTROL,2.0,,CLP,185980.0,371960.0,371960.0
1057428-76-SE24,1057428-39-LE22,2024-02-26T09:56:51.267,SE,1057428-39-LE22,Recepción Conforme,7475,SERVICIO NACIONAL DE SALUD HOSPITAL DE FLORIDA,61.602.199-0,Florida,Región del Biobío ,40442,ECOLAB S A,96.604.460-8,Ñuñoa,Región Metropolitana de Santiago,7,47131800,Equipos y suministros de limpieza / Suministros de limpieza / Soluciones de limpieza y desinfección,47131805,Limpiadores de uso general,20-060-351-712-00	AGENTE ENJIUAGUE Y SECADO CONCENTRADO		HDRD,2.0,,CLP,86087.0,172174.0,172174.0
1057428-76-SE24,1057428-39-LE22,2024-02-26T09:56:51.267,SE,1057428-39-LE22,Recepción Conforme,7475,SERVICIO NACIONAL DE SALUD HOSPITAL DE FLORIDA,61.602.199-0,Florida,Región del Biobío ,40442,ECOLAB S A,96.604.460-8,Ñuñoa,Región Metropolitana de Santiago,8,47121500,Equipos y suministros de limpieza / Equipo de limpieza / Carros y accesorios para limpieza,47121502,Accesorios para carros de limpieza,"20-090-420-366-00 SHAMPOO CARROCERIA DE VEHICULO
CAR COAT",2.0,,CLP,68548.0,137096.0,137096.0
1057428-76-SE24,1057428-39-LE22,2024-02-26T09:56:51.267,SE,1057428-39-LE22,Recepción Conforme,7475,SERVICIO NACIONAL DE SALUD HOSPITAL DE FLORIDA,61.602.199-0,Florida,Región del Biobío ,40442,ECOLAB S A,96.604.460-8,Ñuñoa,Región Metropolitana de Santiago,9,47131800,Equipos y suministros de limpieza / Suministros de limpieza / Soluciones de limpieza y desinfección,47131805,Limpiadores de uso general,"20-060-351-483-00 DETERGENTE LAVAVAJILLAS MANUAL DE ALTISIMA 
POT & PAN PURPOSE",3.0,,CLP,70000.0,210000.0,210000.0
1057429-332-SE24,INFORMES SCANNER NOVIEMBRE 2023,2024-01-29T15:14:02.26,SE,1057429-15-LQ21,Recepción Conforme,7332,SERVICIO NACIONAL DE SALUD HOSPITAL DE CORONEL,61.602.201-6,Coronel,Región del Biobío ,66175,INTERNATIONAL TELEMEDICAL SYSTEMS CHILE SPA,96.995.590-3,Las Condes,Región Metropolitana de Santiago,1,43211700,"Tecnologías de la información, telecomunicaciones y radiodifusión / Equipos informáticos y accesorios / Dispositivos informáticos de entrada de datos",43211711,Escáner, INFORMES DE SCANNER  URGENTES MES DE OCTUBRE 2023,505.0,,CLP,9800.0,4949000.0,4949000.0
1057429-332-SE24,INFORMES SCANNER NOVIEMBRE 2023,2024-01-29T15:14:02.26,SE,1057429-15-LQ21,Recepción Conforme,7332,SERVICIO NACIONAL DE SALUD HOSPITAL DE CORONEL,61.602.201-6,Coronel,Región del Biobío ,66175,INTERNATIONAL TELEMEDICAL SYSTEMS CHILE SPA,96.995.590-3,Las Condes,Región Metropolitana de Santiago,2,43211700,"Tecnologías de la información, telecomunicaciones y radiodifusión / Equipos informáticos y accesorios / Dispositivos informáticos de entrada de datos",43211711,Escáner,INFORMES DE SCANNER  NO URGENTES MES DE OCTUBRE 2023,222.0,,CLP,9800.0,2175600.0,2175600.0
1057429-333-SE24,INFORMES SCANNER DICIEMBRE 2023,2024-01-29T15:14:13.147,SE,1057429-15-LQ21,Recepción Conforme,7332,SERVICIO NACIONAL DE SALUD HOSPITAL DE CORONEL,61.602.201-6,Coronel,Región del Biobío ,66175,INTERNATIONAL TELEMEDICAL SYSTEMS CHILE SPA,96.995.590-3,Las Condes,Región Metropolitana de Santiago,1,43211700,"Tecnologías de la información, telecomunicaciones y radiodifusión / Equipos informáticos y accesorios / Dispositivos informáticos de entrada de datos",43211711,Escáner, INFORMES DE SCANNER  URGENTES MES DE OCTUBRE 2023,573.0,,CLP,9800.0,5615400.0,5615400.0
1057429-333-SE24,INFORMES SCANNER DICIEMBRE 2023,2024-01-29T15:14:13.147,SE,1057429-15-LQ21,Recepción Conforme,7332,SERVICIO NACIONAL DE SALUD HOSPITAL DE CORONEL,61.602.201-6,Coronel,Región del Biobío ,66175,INTERNATIONAL TELEMEDICAL SYSTEMS CHILE SPA,96.995.590-3,Las Condes,Región Metropolitana de Santiago,2,43211700,"Tecnologías de la información, telecomunicaciones y radiodifusión / Equipos informáticos y accesorios / Dispositivos informáticos de entrada de datos",43211711,Escáner,INFORMES DE SCANNER  NO URGENTES MES DE OCTUBRE 2023,198.0,,CLP,9800.0,1940400.0,1940400.0
1057429-577-AG24,"CATETER UMBILICAL DE 2,5 DE UN SOLO LUMEN",2024-02-27T10:33:50.28,AG,,Recepción Conforme,7332,SERVICIO NACIONAL DE SALUD HOSPITAL DE CORONEL,61.602.201-6,Coronel,Región del Biobío ,65689,PRODUCTOS MEDICOS PROMEDON CHILE S A,78.566.250-4,Las Condes,Región Metropolitana de Santiago,1,42272000,"Equipamiento y suministros médicos / Productos de resucitación, anestesia y respiratorios / Suministros de intubación",42272011,Catéteres de succión o sus accesorios,"CATETER UMBILICAL DE 2,5 DE UN SOLO LUMEN  ",10.0,,CLP,4800.0,48000.0,0.0
1057429-581-AG24,MANGUERAS DE ASPIRACIÓN,2024-02-27T14:06:35.07,AG,,Recepción Conforme,7332,SERVICIO NACIONAL DE SALUD HOSPITAL DE CORONEL,61.602.201-6,Coronel,Región del Biobío ,1858034,COMERCIALIZADORA SAFE CARE SPA,77.689.132-0,Las Condes,Región Metropolitana de Santiago,1,42151600,Equipamiento y suministros médicos / Equipos y suministros odontológicos / Instrumentos y dispositivos dentales y de sub-especialidad,42151631,Sondas dentales,MANGUERAS DE ASPIRACIÓN ,100.0,,CLP,4500.0,450000.0,0.0
1057429-600-AG24,FRASCOS HUMIDIFICADORES,2024-02-28T16:29:07.49,AG,,Recepción Conforme,7332,SERVICIO NACIONAL DE SALUD HOSPITAL DE CORONEL,61.602.201-6,Coronel,Región del Biobío ,1308774,Rescatelife limitada ,76.217.441-3,Maipú,Región Metropolitana de Santiago,1,40101900,"Equipamiento para el acondicionamiento, distribución y filtrado de fluidos / Control de temperatura y ventilación / Control de humedad",40101903,Humidificadores,"FRASCO HUMIDIFICADORES
(10-200-222-1490-00)",10.0,,CLP,8400.0,84000.0,0.0
1057430-118-CM24,Huevos (Funcionarios)	,2024-01-11T15:21:46.12,CM,,Recepción Conforme,7481,SERVICIO NACIONAL DE SALUD HOSPITAL DE LOTA,61.602.203-2,Lota,Región del Biobío ,67790,RICARDO LIZANDRO FIERRO AYALA,5.614.694-6,,,1,0,,0,HUEVO SUPER EXTRA >68GR - BLANCO 180 UNIDADES  VIII REGION,(1467517) HUEVO SUPER EXTRA >68GR - BLANCO 180 UNIDADES  VIII REGION,40.0,,CLP,49500.0,1980000.0,1980000.0
1057430-23-CM24,Carnes (pacientes) mes de Enero a Marzo,2024-01-03T15:58:30.83,CM,,Recepción Conforme,7481,SERVICIO NACIONAL DE SALUD HOSPITAL DE LOTA,61.602.203-2,Lota,Región del Biobío ,24647,ARIZTIA COMERCIAL LIMITADA,83.614.800-2,,,1,0,,0,"TRUTRO ENTERO POLLO CONGELADO ARIZTIA MARINADO CAJA 11,5K APROX. UNIDAD VIII REGION","(1510327) TRUTRO ENTERO POLLO CONGELADO ARIZTIA MARINADO CAJA 11,5K APROX. UNIDAD VIII REGION",500.0,,CLP,4316.0,2158000.0,2158000.0
1057430-23-CM24,Carnes (pacientes) mes de Enero a Marzo,2024-01-03T15:58:30.83,CM,,Recepción Conforme,7481,SERVICIO NACIONAL DE SALUD HOSPITAL DE LOTA,61.602.203-2,Lota,Región del Biobío ,24647,ARIZTIA COMERCIAL LIMITADA,83.614.800-2,,,2,0,,0,TRUTRO CORTO POLLO CONGELADO ARIZTIA MARINADO CAJA 11K APROX. UNIDAD VIII REGION,(1510342) TRUTRO CORTO POLLO CONGELADO ARIZTIA MARINADO CAJA 11K APROX. UNIDAD VIII REGION,500.0,,CLP,4428.0,2214000.0,2214000.0
1057430-23-CM24,Carnes (pacientes) mes de Enero a Marzo,2024-01-03T15:58:30.83,CM,,Recepción Conforme,7481,SERVICIO NACIONAL DE SALUD HOSPITAL DE LOTA,61.602.203-2,Lota,Región del Biobío ,24647,ARIZTIA COMERCIAL LIMITADA,83.614.800-2,,,3,0,,0,PECHUGA DESHUESADA POLLO CONGELADO - SIN MARINAR CAJA 15K UNIDAD IMPORTADO VIII REGION,(1820473) PECHUGA DESHUESADA POLLO CONGELADO - SIN MARINAR CAJA 15K UNIDAD IMPORTADO VIII REGION,500.0,,CLP,6919.0,3459500.0,3459500.0
1057430-23-CM24,Carnes (pacientes) mes de Enero a Marzo,2024-01-03T15:58:30.83,CM,,Recepción Conforme,7481,SERVICIO NACIONAL DE SALUD HOSPITAL DE LOTA,61.602.203-2,Lota,Región del Biobío ,24647,ARIZTIA COMERCIAL LIMITADA,83.614.800-2,,,4,0,,0,CORTE POSTA NEGRA - SIN MARINAR BOLSA 1K UNIDAD IMPORTADO VIII REGION,(1464307) CORTE POSTA NEGRA - SIN MARINAR BOLSA 1K UNIDAD IMPORTADO VIII REGION,700.0,,CLP,8449.0,5914300.0,5914300.0
1057430-442-AG24,Fórmulas nutricionales,2024-02-12T10:54:21.653,AG,,Recepción Conforme,7481,SERVICIO NACIONAL DE SALUD HOSPITAL DE LOTA,61.602.203-2,Lota,Región del Biobío ,44105,Fresenius Kabi Chile Ltda.,77.478.120-k,San Joaquín,Región Metropolitana de Santiago,1,42231800,Equipamiento y suministros médicos / Nutrición clínica / Fórmulas y productos para apoyo nutritivo,42231806,Alimento nutritivo médico o espesadores de líquido,"Fórmula nutricional oral, hipercalórico, hipoproteico, libre de lactosa y gluten para pacientes con insuficiencia renal aguda con predialisis, desnutrición, restricción, hídrica, 200 ml. Equivalente a fresubin renal. (20-010-000-429-00)",240.0,,CLP,2345.0,562800.0,0.0
1057430-453-SE24,Actividades Neurológicas,2024-02-13T10:36:33.72,SE,1057430-6-LE23,Recepción Conforme,7481,SERVICIO NACIONAL DE SALUD HOSPITAL DE LOTA,61.602.203-2,Lota,Región del Biobío ,1657043,Marcial Alejandro,76.385.180-K,San Pedro de La Paz,Región del Biobío ,1,85101500,"Salud, servicios sanitarios y alimentación / Servicios para el cuidado de la salud de las personas / Ambulatorios",85101503,Servicios de consulta médica,"Actividades médicas de la especialidad neurología mes de
DICIEMBRE 2024, consistente en emisión de informes de examen Electroencefalograma.
",10.0,,CLP,11500.0,115000.0,115000.0
1057431-3317-SE23,PRORROGA LICITACION 2157-29-le23,2023-12-04T10:57:50.023,SE,,Recepción Conforme,7479,SERVICIO NAC DE SALUD HOSPITAL TRAUMATOLOGICO,61.602.295-4,Concepción,Región del Biobío ,1620274,Double Medical Chile SpA (utilizar),76.855.563-k,Providencia,Región Metropolitana de Santiago,1,42295500,"Equipamiento y suministros médicos / Productos quirúrgicos / Implantes quirúrgicos, ensanchadores, extensores, alambres quirúrgicos y productos relacionados",42295507,Implantes ortopédicos o alambres quirúrgicos,prorroga suministro escapula y troquiter,1.0,,CLP,50420168.0,50420168.0,50420168.0
1057431-434-SE24, PROVENIENTE DE LICITACION PUBLICA 2157-187-LQ23,2024-02-19T15:02:24.727,SE,2157-187-LQ23,Recepción Conforme,7479,SERVICIO NAC DE SALUD HOSPITAL TRAUMATOLOGICO,61.602.295-4,Concepción,Región del Biobío ,1637196,Pulsar Medical,76.923.737-2,Providencia,Región Metropolitana de Santiago,1,41104100,Equipamiento para laboratorios / Equipos e insumos para laboratorio / Contenedores para especímenes de laboratorio,41104112,Contenedores de recogida de orina,FRASCO HUMIDIFICADOR 500 ML DESECHABLE,150.0,,CLP,1650.0,247500.0,247500.0
1057431-514-AG24,Orden de Compra generada por invitación a compra ágil: 1057431-101-COT24,2024-02-23T10:42:34.887,AG,,Recepción Conforme,7479,SERVICIO NAC DE SALUD HOSPITAL TRAUMATOLOGICO,61.602.295-4,Concepción,Región del Biobío ,27097,CENTRAL DE COMPRAS DEL EXTRASISTEMA S.A.,96.515.660-7,Quilicura,Región Metropolitana de Santiago,1,42142500,Equipamiento y suministros médicos / Suministros y productos clínicos / Agujas clínicas,42142509,Accesorios o bandejas epidurales,kit epidural g18 (perican/perifix) cateter epidural,20.0,,CLP,13500.0,270000.0,0.0
1057431-514-AG24,Orden de Compra generada por invitación a compra ágil: 1057431-101-COT24,2024-02-23T10:42:34.887,AG,,Recepción Conforme,7479,SERVICIO NAC DE SALUD HOSPITAL TRAUMATOLOGICO,61.602.295-4,Concepción,Región del Biobío ,27097,CENTRAL DE COMPRAS DEL EXTRASISTEMA S.A.,96.515.660-7,Quilicura,Región Metropolitana de Santiago,2,42142500,Equipamiento y suministros médicos / Suministros y productos clínicos / Agujas clínicas,42142509,Accesorios o bandejas epidurales,kit epidural g16 (perican/perifix) cateter epidural,20.0,,CLP,13500.0,270000.0,0.0
1057431-520-CM24,Orden de Compra: 1057431-520-CM24,2024-02-26T09:40:47.453,CM,,Recepción Conforme,7479,SERVICIO NAC DE SALUD HOSPITAL TRAUMATOLOGICO,61.602.295-4,,,1475507,SOCIEDAD SOLUCIONES INTEGRALES SPA,76.540.457-6,,,1,0,,0,PAÑAL DE ADULTO COTIDIAN TALLA G PAQUETE DE 36 UNIDADES REGIÓN VIII,(1914397) PAÑAL DE ADULTO COTIDIAN TALLA G PAQUETE DE 36 UNIDADES REGIÓN VIII,111.0,,CLP,16888.0,1874568.0,1874568.0
1057431-526-SE24,PROVENIENTE DE LICITACION 2157-156-LE22,2024-02-26T12:40:36.673,SE,2157-156-LE22,Recepción Conforme,7479,SERVICIO NAC DE SALUD HOSPITAL TRAUMATOLOGICO,61.602.295-4,Concepción,Región del Biobío ,1547204,ROYAL SURGICAL SPA,76.620.902-5,Huechuraba,Región Metropolitana de Santiago,1,42295500,"Equipamiento y suministros médicos / Productos quirúrgicos / Implantes quirúrgicos, ensanchadores, extensores, alambres quirúrgicos y productos relacionados",42295507,Implantes ortopédicos o alambres quirúrgicos,,2.0,,CLP,800000.0,1600000.0,1600000.0
1057431-526-SE24,PROVENIENTE DE LICITACION 2157-156-LE22,2024-02-26T12:40:36.673,SE,2157-156-LE22,Recepción Conforme,7479,SERVICIO NAC DE SALUD HOSPITAL TRAUMATOLOGICO,61.602.295-4,Concepción,Región del Biobío ,1547204,ROYAL SURGICAL SPA,76.620.902-5,Huechuraba,Región Metropolitana de Santiago,2,42295500,"Equipamiento y suministros médicos / Productos quirúrgicos / Implantes quirúrgicos, ensanchadores, extensores, alambres quirúrgicos y productos relacionados",42295507,Implantes ortopédicos o alambres quirúrgicos,,8.0,,CLP,580000.0,4640000.0,4640000.0
1057431-526-SE24,PROVENIENTE DE LICITACION 2157-156-LE22,2024-02-26T12:40:36.673,SE,2157-156-LE22,Recepción Conforme,7479,SERVICIO NAC DE SALUD HOSPITAL TRAUMATOLOGICO,61.602.295-4,Concepción,Región del Biobío ,1547204,ROYAL SURGICAL SPA,76.620.902-5,Huechuraba,Región Metropolitana de Santiago,3,42295500,"Equipamiento y suministros médicos / Productos quirúrgicos / Implantes quirúrgicos, ensanchadores, extensores, alambres quirúrgicos y productos relacionados",42295507,Implantes ortopédicos o alambres quirúrgicos,,4.0,,CLP,170000.0,680000.0,680000.0
1057432-104-AG24,Orden de Compra generada por invitación a compra ágil: 1057432-46-COT24,2024-02-22T12:14:26.47,AG,,Aceptada,7205,SERVICIO DE SALUD CONCEPCION,61.607.100-9,Concepción,Región del Biobío ,1872074,COMERCIALIZADORA GLT SPA,77.738.709-K,Hualpén,Región del Biobío ,1,44121600,"Equipos, accesorios y suministros de oficina / Suministros de oficina / Suministros de escritorio",44121615,Corcheteras,"ADQUISICIÓN DE MATERIALES DE OFICINA PARA BODEGA DE ABASTECIMIENTO SSC. PARA TEMAS DE ADMINISTRACION, SOLO SE CONSIDERARÁN LOS PROVEEDORES QUE OFERTEN EL 100% DE LOS ARTICULOS SOLICITADOS, LAS EMPRESAS QUE OFERTE MENOS DE LOS PRODUCTOS NO SERAN CONSIDERADAS.
DESPACHO PRODUCTOS : AVENIDA O'HIGGINNS N°297 CONCEPCION
HORARIO : LUN - JUEVES DE 08:30 a 17:00 / VIERNES 16:00 HRS
DEPARTAMENTO ADMINISTRACIÓN INTERNA SSC
UNIDAD DE ABASTECIMIENTO INTERNO 
SERVICIO DE SALUD CONCEPCIÓN.
",1.0,,CLP,930288.0,930288.0,0.0
1057432-143-SE23,ORDEN DE COMPRA DESDE 1057432-87-LP22,2023-03-23T17:22:00.963,SE,1057432-87-LP22,Recepción Conforme,7205,SERVICIO DE SALUD CONCEPCION,61.607.100-9,Concepción,Región del Biobío ,1325231,GREEN PEST CONTROL SPA,76.220.664-1,Santiago,Región Metropolitana de Santiago,1,76101500,Servicios de limpieza industrial / Servicios de descontaminación / Desinfección,76101501,Servicios de saneamiento de aseos,SE SOLICITA SERVICIO DE SANITIZACIÓN PARA DEPENDENCIAS DEL SERVICIO DE SALUD DE CONCEPCIÓN POR UN PERIODO DE 12 MESES,12.0,,CLP,4200000.0,50400000.0,50400000.0
1057432-15-CM24,Orden de Compra: 1057432-15-CM24,2024-01-09T08:26:02.587,CM,,Recepción Conforme,7205,SERVICIO DE SALUD CONCEPCION,61.607.100-9,Concepción,Región del Biobío ,22090,ESMAX DISTRIBUCION LIMITADA,79.588.870-5,,,1,0,,0,ESTACIÓN DE SERVICIO GASOLINA REGIÓN BIOBÍO DESCUENTO PESOS POR LITRO,(1944417) ESTACIÓN DE SERVICIO GASOLINA REGIÓN BIOBÍO DESCUENTO PESOS POR LITRO,1.0,,CLP,10800000.0,10800000.0,10800000.0
1057432-15-CM24,Orden de Compra: 1057432-15-CM24,2024-01-09T08:26:02.587,CM,,Recepción Conforme,7205,SERVICIO DE SALUD CONCEPCION,61.607.100-9,Concepción,Región del Biobío ,22090,ESMAX DISTRIBUCION LIMITADA,79.588.870-5,,,2,0,,0,ESTACIÓN DE SERVICIO DIESEL REGIÓN BIOBÍO DESCUENTO PESOS POR LITRO,(1944433) ESTACIÓN DE SERVICIO DIESEL REGIÓN BIOBÍO DESCUENTO PESOS POR LITRO,1.0,,CLP,9600000.0,9600000.0,9600000.0
1057432-44-SE24,ORDEN DE COMPRA DESDE 1057432-121-LQ23,2024-01-19T10:00:48.373,SE,1057432-121-LQ23,Recepción Conforme,7205,SERVICIO DE SALUD CONCEPCION,61.607.100-9,Concepción,Región del Biobío ,1257581,Ingenieria de Sistemas ArticLYNX SpA,76.146.267-9,Alto Bio Bio,Región del Biobío ,1,81111500,"Servicios basados en ingeniería, ciencias sociales y tecnología de la información / Servicios informáticos / Ingeniería en computación e informática",81111508,Implantación de aplicaciones,solicitud de compra 16086,6.0,,CLP,20562000.0,123372000.0,123372000.0
1057432-44-SE24,ORDEN DE COMPRA DESDE 1057432-121-LQ23,2024-01-19T10:00:48.373,SE,1057432-121-LQ23,Recepción Conforme,7205,SERVICIO DE SALUD CONCEPCION,61.607.100-9,Concepción,Región del Biobío ,1257581,Ingenieria de Sistemas ArticLYNX SpA,76.146.267-9,Alto Bio Bio,Región del Biobío ,2,81111500,"Servicios basados en ingeniería, ciencias sociales y tecnología de la información / Servicios informáticos / Ingeniería en computación e informática",81111508,Implantación de aplicaciones,solicitud de compra 16086,6.0,,CLP,8078000.0,48468000.0,48468000.0
1057432-62-CC24,OC PROVENIENTE DE LICITACION ID: 4127-31-LR22,2024-02-01T15:34:23.277,CC,4127-31-LR22,Recepción Conforme,7205,SERVICIO DE SALUD CONCEPCION,61.607.100-9,Concepción,Región del Biobío ,1785742,FORMALVIZ AGENCIA EN CHILE,59.305.670-8,Providencia,Región Metropolitana de Santiago,1,86111600,"Educación, formación, entrenamiento y capacitación / Sistemas educativos complementarios / Educación de adultos",86111604,Capacitación a empleados,SOLICITUD DE COMPRA 16682,15.0,,CLP,126000.0,1890000.0,1890000.0
1057432-62-CC24,OC PROVENIENTE DE LICITACION ID: 4127-31-LR22,2024-02-01T15:34:23.277,CC,4127-31-LR22,Recepción Conforme,7205,SERVICIO DE SALUD CONCEPCION,61.607.100-9,Concepción,Región del Biobío ,1785742,FORMALVIZ AGENCIA EN CHILE,59.305.670-8,Providencia,Región Metropolitana de Santiago,2,86111600,"Educación, formación, entrenamiento y capacitación / Sistemas educativos complementarios / Educación de adultos",86111604,Capacitación a empleados,SOLICITUD DE COMPRA 16682,3.0,,CLP,148123.0,444369.0,444369.0
1057432-62-CC24,OC PROVENIENTE DE LICITACION ID: 4127-31-LR22,2024-02-01T15:34:23.277,CC,4127-31-LR22,Recepción Conforme,7205,SERVICIO DE SALUD CONCEPCION,61.607.100-9,Concepción,Región del Biobío ,1785742,FORMALVIZ AGENCIA EN CHILE,59.305.670-8,Providencia,Región Metropolitana de Santiago,3,86111600,"Educación, formación, entrenamiento y capacitación / Sistemas educativos complementarios / Educación de adultos",86111604,Capacitación a empleados,SOLICITUD DE COMPRA 16682,10.0,,CLP,71610.0,716100.0,716100.0
1057432-62-CC24,OC PROVENIENTE DE LICITACION ID: 4127-31-LR22,2024-02-01T15:34:23.277,CC,4127-31-LR22,Recepción Conforme,7205,SERVICIO DE SALUD CONCEPCION,61.607.100-9,Concepción,Región del Biobío ,1785742,FORMALVIZ AGENCIA EN CHILE,59.305.670-8,Providencia,Región Metropolitana de Santiago,4,86111600,"Educación, formación, entrenamiento y capacitación / Sistemas educativos complementarios / Educación de adultos",86111604,Capacitación a empleados,SOLICITUD DE COMPRA 16682,8.0,,CLP,88174.0,705392.0,705392.0
1057432-63-CC24,OC PROVENIENTE DE LICITACION ID: 4127-29-LQ22,2024-02-01T16:03:36.66,CC,4127-29-LQ22,Recepción Conforme,7205,SERVICIO DE SALUD CONCEPCION,61.607.100-9,Concepción,Región del Biobío ,1785742,FORMALVIZ AGENCIA EN CHILE,59.305.670-8,Providencia,Región Metropolitana de Santiago,1,86111600,"Educación, formación, entrenamiento y capacitación / Sistemas educativos complementarios / Educación de adultos",86111604,Capacitación a empleados,SOLICITUD DE COMPRA 16680,1.0,,CLP,1104000.0,1104000.0,1104000.0
1057432-70-CC24,"CAPACITACIÓN, CARGO A LICITACION CENTRALIZA",2024-02-06T11:28:57.873,CC,4127-29-LQ22,Recepción Conforme,7205,SERVICIO DE SALUD CONCEPCION,61.607.100-9,Concepción,Región del Biobío ,17932,UNIVERSIDAD MAYOR,71.500.500-k,Providencia,Región Metropolitana de Santiago,1,86111600,"Educación, formación, entrenamiento y capacitación / Sistemas educativos complementarios / Educación de adultos",86111604,Capacitación a empleados,"ÍTEM ASIG.   MEMO	               CURSO	                                        MONTO
		
  12	     C32/296 21.12.2023    Actualización en patología oral      650.000

ÓRDEN DE COMPRA, CON CARGO A LICITACION CENTRALIZADA. ",1.0,,CLP,650000.0,650000.0,650000.0
1057432-70-CC24,"CAPACITACIÓN, CARGO A LICITACION CENTRALIZA",2024-02-06T11:28:57.873,CC,4127-29-LQ22,Recepción Conforme,7205,SERVICIO DE SALUD CONCEPCION,61.607.100-9,Concepción,Región del Biobío ,17932,UNIVERSIDAD MAYOR,71.500.500-k,Providencia,Región Metropolitana de Santiago,2,86111600,"Educación, formación, entrenamiento y capacitación / Sistemas educativos complementarios / Educación de adultos",86111604,Capacitación a empleados,"
ÍTEM ASIG.   MEMO	          CURSO	                         MONTO
		
    13	     C32/298 21.12.2023    Actualizada     672.000

ÓRDEN DE COMPRA, CON CARGO A LICITACION CENTRALIZADA. ",1.0,,CLP,672000.0,672000.0,672000.0
1057432-70-CC24,"CAPACITACIÓN, CARGO A LICITACION CENTRALIZA",2024-02-06T11:28:57.873,CC,4127-29-LQ22,Recepción Conforme,7205,SERVICIO DE SALUD CONCEPCION,61.607.100-9,Concepción,Región del Biobío ,17932,UNIVERSIDAD MAYOR,71.500.500-k,Providencia,Región Metropolitana de Santiago,3,86111600,"Educación, formación, entrenamiento y capacitación / Sistemas educativos complementarios / Educación de adultos",86111604,Capacitación a empleados,"ÍTEM ASIG.   MEMO	          CURSO	                                                                                                         MONTO
		
    13	     C32/298 21.12.2023    Actualización en evaluación y manejo de urgencias odontológica 	 373.960",1.0,,CLP,373960.0,373960.0,373960.0
1057432-72-SE24,INSUMOS PROGRAMA CARDIOVASCULAR,2024-02-06T16:26:42.82,SE,,Recepción Conforme,7205,SERVICIO DE SALUD CONCEPCION,61.607.100-9,Concepción,Región del Biobío ,24526,ROCHE CHILE LIMITADA,82.999.400-3,Las Condes,Región Metropolitana de Santiago,1,41115800,"Equipamiento para laboratorios / Instrumentos de medida y experimentación / Analizadores, accesorios y suministros clínicos y de diagnósticos",41115830,Analizadores de glucosa,"6.000 PZ DE ACCU-CHEK INSTANT 50CT STRIP LA
1.500 PZA Accu-Chek Softclix Lancet 200 (28G) 
1200 ACCU-CHEK GLUCOMETROS",300000.0,,CLP,180.0,54000000.0,54000000.0
1057432-76-AG24,PISO FLOTANTE,2024-02-08T12:03:53.757,AG,,Recepción Conforme,7205,SERVICIO DE SALUD CONCEPCION,61.607.100-9,Concepción,Región del Biobío ,1688821,CONSTRUCCION PAULINO CAVALIERI SPA,77.030.453-9,Concepción,Región del Biobío ,1,30141500,"Artículos para estructuras, obras y construcciones / Aislantes / Aislamiento térmico",30141503,Aislamiento de espuma,"SE SOLICITAN 8 ROLLOS DE ESPUMA NIVELADORA 10M2/ROLLO, SEGUN ESPECIFICACIONES TECNICAS. FAVOR ADJUNTAR FICHA TECNICA Y FIRMAR FORMULARIO",9.0,,CLP,6000.0,54000.0,0.0
1057432-76-AG24,PISO FLOTANTE,2024-02-08T12:03:53.757,AG,,Recepción Conforme,7205,SERVICIO DE SALUD CONCEPCION,61.607.100-9,Concepción,Región del Biobío ,1688821,CONSTRUCCION PAULINO CAVALIERI SPA,77.030.453-9,Concepción,Región del Biobío ,2,30103600,"Artículos para estructuras, obras y construcciones / Materiales estructurales básicos / Productos estructurales",30103604,Revestimiento o láminas de madera,"SE SOLICITAN 42 CAJAS DE PISO FLOTANTE 8MM CAFE, SEGÚN ESPECIFICACIONES TECNICAS. FAVOR ADJUNTAR FICHA TECNICA Y FIRMAR FORMULARIO",42.0,,CLP,20500.0,861000.0,0.0
1057438-2-CM24,Orden de Compra: 1057438-2-CM24,2024-02-02T14:19:50.683,CM,,Recepción Conforme,7329,SERVICIO DE SALUD COQUIMBO HOSPITAL VICUNA,61.606.401-0,Vicuña,Región de Coquimbo ,26741,COPEC S.A.,99.520.000-7,,,1,0,,0,ESTACIÓN DE SERVICIO DIESEL REGIÓN COQUIMBO DESCUENTO PESOS POR LITRO,(1944429) ESTACIÓN DE SERVICIO DIESEL REGIÓN COQUIMBO DESCUENTO PESOS POR LITRO,1.0,,CLP,3000000.0,3000000.0,3000000.0
1057439-1065-SE24,GUANTES CLINICOS VARIOS Y TUBOS ENDOTRAQUEALES MEDIDAS VARIAS,2024-02-19T16:25:37.35,SE,,Recepción Conforme,7312,SERVICIO DE SALUD COQUIMBO HOSPITAL LA SERENA,61.606.402-9,La Serena,Región de Coquimbo ,24786,MADEGOM S.A.,84.609.600-0,Quilicura,Región Metropolitana de Santiago,1,42271900,"Equipamiento y suministros médicos / Productos de resucitación, anestesia y respiratorios / Productos para el manejo de la vía aérea",42271915,Accesorios de traqueotomía,"[[INS-0271] 	TUBO ENDOTRAQUEAL CON BALON Nº 4
",100.0,,CLP,1100.0,110000.0,110000.0
1057439-1065-SE24,GUANTES CLINICOS VARIOS Y TUBOS ENDOTRAQUEALES MEDIDAS VARIAS,2024-02-19T16:25:37.35,SE,,Recepción Conforme,7312,SERVICIO DE SALUD COQUIMBO HOSPITAL LA SERENA,61.606.402-9,La Serena,Región de Coquimbo ,24786,MADEGOM S.A.,84.609.600-0,Quilicura,Región Metropolitana de Santiago,2,42271900,"Equipamiento y suministros médicos / Productos de resucitación, anestesia y respiratorios / Productos para el manejo de la vía aérea",42271915,Accesorios de traqueotomía,"[[INS-0273]] TUBO ENDOTRAQUEAL CON BALON Nº 5
",150.0,,CLP,1100.0,165000.0,165000.0
1057439-1065-SE24,GUANTES CLINICOS VARIOS Y TUBOS ENDOTRAQUEALES MEDIDAS VARIAS,2024-02-19T16:25:37.35,SE,,Recepción Conforme,7312,SERVICIO DE SALUD COQUIMBO HOSPITAL LA SERENA,61.606.402-9,La Serena,Región de Coquimbo ,24786,MADEGOM S.A.,84.609.600-0,Quilicura,Región Metropolitana de Santiago,3,42271900,"Equipamiento y suministros médicos / Productos de resucitación, anestesia y respiratorios / Productos para el manejo de la vía aérea",42271915,Accesorios de traqueotomía,"[[INS-0274]] 	TUBO ENDOTRAQUEAL CON BALON Nº 5.5
",150.0,,CLP,1100.0,165000.0,165000.0
1057439-1065-SE24,GUANTES CLINICOS VARIOS Y TUBOS ENDOTRAQUEALES MEDIDAS VARIAS,2024-02-19T16:25:37.35,SE,,Recepción Conforme,7312,SERVICIO DE SALUD COQUIMBO HOSPITAL LA SERENA,61.606.402-9,La Serena,Región de Coquimbo ,24786,MADEGOM S.A.,84.609.600-0,Quilicura,Región Metropolitana de Santiago,4,42271900,"Equipamiento y suministros médicos / Productos de resucitación, anestesia y respiratorios / Productos para el manejo de la vía aérea",42271915,Accesorios de traqueotomía,"[[INS-0275]]	 	TUBO ENDOTRAQUEAL CON BALON Nº 6
",100.0,,CLP,1100.0,110000.0,110000.0
1057439-1065-SE24,GUANTES CLINICOS VARIOS Y TUBOS ENDOTRAQUEALES MEDIDAS VARIAS,2024-02-19T16:25:37.35,SE,,Recepción Conforme,7312,SERVICIO DE SALUD COQUIMBO HOSPITAL LA SERENA,61.606.402-9,La Serena,Región de Coquimbo ,24786,MADEGOM S.A.,84.609.600-0,Quilicura,Región Metropolitana de Santiago,5,42271900,"Equipamiento y suministros médicos / Productos de resucitación, anestesia y respiratorios / Productos para el manejo de la vía aérea",42271915,Accesorios de traqueotomía,"[[INS-0277]] 		TUBO ENDOTRAQUEAL CON BALON Nº 7
",500.0,,CLP,1100.0,550000.0,550000.0
1057439-1065-SE24,GUANTES CLINICOS VARIOS Y TUBOS ENDOTRAQUEALES MEDIDAS VARIAS,2024-02-19T16:25:37.35,SE,,Recepción Conforme,7312,SERVICIO DE SALUD COQUIMBO HOSPITAL LA SERENA,61.606.402-9,La Serena,Región de Coquimbo ,24786,MADEGOM S.A.,84.609.600-0,Quilicura,Región Metropolitana de Santiago,6,42271900,"Equipamiento y suministros médicos / Productos de resucitación, anestesia y respiratorios / Productos para el manejo de la vía aérea",42271915,Accesorios de traqueotomía,"[[INS-0278]]  	TUBO ENDOTRAQUEAL CON BALON Nº 8
",300.0,,CLP,1100.0,330000.0,330000.0
1057439-1065-SE24,GUANTES CLINICOS VARIOS Y TUBOS ENDOTRAQUEALES MEDIDAS VARIAS,2024-02-19T16:25:37.35,SE,,Recepción Conforme,7312,SERVICIO DE SALUD COQUIMBO HOSPITAL LA SERENA,61.606.402-9,La Serena,Región de Coquimbo ,24786,MADEGOM S.A.,84.609.600-0,Quilicura,Región Metropolitana de Santiago,7,42271900,"Equipamiento y suministros médicos / Productos de resucitación, anestesia y respiratorios / Productos para el manejo de la vía aérea",42271915,Accesorios de traqueotomía,[[INS-0279]]  	TUBO ENDOTRAQUEAL CON BALON Nº 8.5,30.0,,CLP,1100.0,33000.0,33000.0
1057439-1065-SE24,GUANTES CLINICOS VARIOS Y TUBOS ENDOTRAQUEALES MEDIDAS VARIAS,2024-02-19T16:25:37.35,SE,,Recepción Conforme,7312,SERVICIO DE SALUD COQUIMBO HOSPITAL LA SERENA,61.606.402-9,La Serena,Región de Coquimbo ,24786,MADEGOM S.A.,84.609.600-0,Quilicura,Región Metropolitana de Santiago,8,42271900,"Equipamiento y suministros médicos / Productos de resucitación, anestesia y respiratorios / Productos para el manejo de la vía aérea",42271915,Accesorios de traqueotomía,"[[INS-0280]]  
TUBO ENDOTRAQUEAL CON BALON Nº 9
",30.0,,CLP,1100.0,33000.0,33000.0
1057439-1065-SE24,GUANTES CLINICOS VARIOS Y TUBOS ENDOTRAQUEALES MEDIDAS VARIAS,2024-02-19T16:25:37.35,SE,,Recepción Conforme,7312,SERVICIO DE SALUD COQUIMBO HOSPITAL LA SERENA,61.606.402-9,La Serena,Región de Coquimbo ,24786,MADEGOM S.A.,84.609.600-0,Quilicura,Región Metropolitana de Santiago,9,42271900,"Equipamiento y suministros médicos / Productos de resucitación, anestesia y respiratorios / Productos para el manejo de la vía aérea",42271915,Accesorios de traqueotomía,"[[INS-0287]]  	TUBO ENDOTRAQUEAL SIN BALON Nº 4.0
",100.0,,CLP,740.0,74000.0,74000.0
1057439-1065-SE24,GUANTES CLINICOS VARIOS Y TUBOS ENDOTRAQUEALES MEDIDAS VARIAS,2024-02-19T16:25:37.35,SE,,Recepción Conforme,7312,SERVICIO DE SALUD COQUIMBO HOSPITAL LA SERENA,61.606.402-9,La Serena,Región de Coquimbo ,24786,MADEGOM S.A.,84.609.600-0,Quilicura,Región Metropolitana de Santiago,10,42271900,"Equipamiento y suministros médicos / Productos de resucitación, anestesia y respiratorios / Productos para el manejo de la vía aérea",42271915,Accesorios de traqueotomía,"[[INS-0288]]  	TUBO ENDOTRAQUEAL SIN BALON Nº 4.5
",100.0,,CLP,740.0,74000.0,74000.0
1057439-1065-SE24,GUANTES CLINICOS VARIOS Y TUBOS ENDOTRAQUEALES MEDIDAS VARIAS,2024-02-19T16:25:37.35,SE,,Recepción Conforme,7312,SERVICIO DE SALUD COQUIMBO HOSPITAL LA SERENA,61.606.402-9,La Serena,Región de Coquimbo ,24786,MADEGOM S.A.,84.609.600-0,Quilicura,Región Metropolitana de Santiago,11,42271900,"Equipamiento y suministros médicos / Productos de resucitación, anestesia y respiratorios / Productos para el manejo de la vía aérea",42271915,Accesorios de traqueotomía,"[[INS-0289]] TUBO ENDOTRAQUEAL SIN BALON Nº 5.0
",30.0,,CLP,740.0,22200.0,22200.0
1057439-1065-SE24,GUANTES CLINICOS VARIOS Y TUBOS ENDOTRAQUEALES MEDIDAS VARIAS,2024-02-19T16:25:37.35,SE,,Recepción Conforme,7312,SERVICIO DE SALUD COQUIMBO HOSPITAL LA SERENA,61.606.402-9,La Serena,Región de Coquimbo ,24786,MADEGOM S.A.,84.609.600-0,Quilicura,Región Metropolitana de Santiago,12,42271900,"Equipamiento y suministros médicos / Productos de resucitación, anestesia y respiratorios / Productos para el manejo de la vía aérea",42271915,Accesorios de traqueotomía,"[[INS-0290]]	TUBO ENDOTRAQUEAL SIN BALON Nº 5.5
",40.0,,CLP,740.0,29600.0,29600.0
1057439-1065-SE24,GUANTES CLINICOS VARIOS Y TUBOS ENDOTRAQUEALES MEDIDAS VARIAS,2024-02-19T16:25:37.35,SE,,Recepción Conforme,7312,SERVICIO DE SALUD COQUIMBO HOSPITAL LA SERENA,61.606.402-9,La Serena,Región de Coquimbo ,24786,MADEGOM S.A.,84.609.600-0,Quilicura,Región Metropolitana de Santiago,13,42271900,"Equipamiento y suministros médicos / Productos de resucitación, anestesia y respiratorios / Productos para el manejo de la vía aérea",42271915,Accesorios de traqueotomía,"[[INS-0291]]	TUBO ENDOTRAQUEAL SIN BALON Nº 6.0
",40.0,,CLP,740.0,29600.0,29600.0
1057439-1065-SE24,GUANTES CLINICOS VARIOS Y TUBOS ENDOTRAQUEALES MEDIDAS VARIAS,2024-02-19T16:25:37.35,SE,,Recepción Conforme,7312,SERVICIO DE SALUD COQUIMBO HOSPITAL LA SERENA,61.606.402-9,La Serena,Región de Coquimbo ,24786,MADEGOM S.A.,84.609.600-0,Quilicura,Región Metropolitana de Santiago,14,42271900,"Equipamiento y suministros médicos / Productos de resucitación, anestesia y respiratorios / Productos para el manejo de la vía aérea",42271915,Accesorios de traqueotomía,"[[INS-0292]]	TUBO ENDOTRAQUEAL SIN BALON Nº 6.5
",40.0,,CLP,740.0,29600.0,29600.0
1057439-1065-SE24,GUANTES CLINICOS VARIOS Y TUBOS ENDOTRAQUEALES MEDIDAS VARIAS,2024-02-19T16:25:37.35,SE,,Recepción Conforme,7312,SERVICIO DE SALUD COQUIMBO HOSPITAL LA SERENA,61.606.402-9,La Serena,Región de Coquimbo ,24786,MADEGOM S.A.,84.609.600-0,Quilicura,Región Metropolitana de Santiago,15,42271900,"Equipamiento y suministros médicos / Productos de resucitación, anestesia y respiratorios / Productos para el manejo de la vía aérea",42271915,Accesorios de traqueotomía,"[[INS-0806]]	TUBO ENDOTRAQUEAL CON BALON Nº 7.5
",300.0,,CLP,1100.0,330000.0,330000.0
1057439-1065-SE24,GUANTES CLINICOS VARIOS Y TUBOS ENDOTRAQUEALES MEDIDAS VARIAS,2024-02-19T16:25:37.35,SE,,Recepción Conforme,7312,SERVICIO DE SALUD COQUIMBO HOSPITAL LA SERENA,61.606.402-9,La Serena,Región de Coquimbo ,24786,MADEGOM S.A.,84.609.600-0,Quilicura,Región Metropolitana de Santiago,16,42271900,"Equipamiento y suministros médicos / Productos de resucitación, anestesia y respiratorios / Productos para el manejo de la vía aérea",42271915,Accesorios de traqueotomía,"[[INS-0806]] 	TUBO ENDOTRAQUEAL CON BALON Nº 7.5
",300.0,,CLP,1100.0,330000.0,330000.0
1057439-1065-SE24,GUANTES CLINICOS VARIOS Y TUBOS ENDOTRAQUEALES MEDIDAS VARIAS,2024-02-19T16:25:37.35,SE,,Recepción Conforme,7312,SERVICIO DE SALUD COQUIMBO HOSPITAL LA SERENA,61.606.402-9,La Serena,Región de Coquimbo ,24786,MADEGOM S.A.,84.609.600-0,Quilicura,Región Metropolitana de Santiago,17,42271900,"Equipamiento y suministros médicos / Productos de resucitación, anestesia y respiratorios / Productos para el manejo de la vía aérea",42271915,Accesorios de traqueotomía,"[[INS-2576]]	TUBO ENDOTRAQUEAL CON ESPIRAL Nº 5.5
",20.0,,CLP,6900.0,138000.0,138000.0
1057439-1065-SE24,GUANTES CLINICOS VARIOS Y TUBOS ENDOTRAQUEALES MEDIDAS VARIAS,2024-02-19T16:25:37.35,SE,,Recepción Conforme,7312,SERVICIO DE SALUD COQUIMBO HOSPITAL LA SERENA,61.606.402-9,La Serena,Región de Coquimbo ,24786,MADEGOM S.A.,84.609.600-0,Quilicura,Región Metropolitana de Santiago,18,42271900,"Equipamiento y suministros médicos / Productos de resucitación, anestesia y respiratorios / Productos para el manejo de la vía aérea",42271915,Accesorios de traqueotomía,"[[INS-2665]]	TUBO ENDOTRAQUEAL PREFORMADO CON BALON 4.5 NASAL L
",60.0,,CLP,2560.0,153600.0,153600.0
1057439-1065-SE24,GUANTES CLINICOS VARIOS Y TUBOS ENDOTRAQUEALES MEDIDAS VARIAS,2024-02-19T16:25:37.35,SE,,Recepción Conforme,7312,SERVICIO DE SALUD COQUIMBO HOSPITAL LA SERENA,61.606.402-9,La Serena,Región de Coquimbo ,24786,MADEGOM S.A.,84.609.600-0,Quilicura,Región Metropolitana de Santiago,19,42271900,"Equipamiento y suministros médicos / Productos de resucitación, anestesia y respiratorios / Productos para el manejo de la vía aérea",42271915,Accesorios de traqueotomía,"[[INS-2668]]	TUBO ENDOTRAQUEAL PREFORMADO CON BALON 6.0 NASAL
",100.0,,CLP,2560.0,256000.0,256000.0
1057439-1065-SE24,GUANTES CLINICOS VARIOS Y TUBOS ENDOTRAQUEALES MEDIDAS VARIAS,2024-02-19T16:25:37.35,SE,,Recepción Conforme,7312,SERVICIO DE SALUD COQUIMBO HOSPITAL LA SERENA,61.606.402-9,La Serena,Región de Coquimbo ,24786,MADEGOM S.A.,84.609.600-0,Quilicura,Región Metropolitana de Santiago,20,42271900,"Equipamiento y suministros médicos / Productos de resucitación, anestesia y respiratorios / Productos para el manejo de la vía aérea",42271915,Accesorios de traqueotomía,"[[INS-2669]]	TUBO ENDOTRAQUEAL PREFORMADO CON BALON 6.5 NASAL
",100.0,,CLP,2560.0,256000.0,256000.0
1057439-1065-SE24,GUANTES CLINICOS VARIOS Y TUBOS ENDOTRAQUEALES MEDIDAS VARIAS,2024-02-19T16:25:37.35,SE,,Recepción Conforme,7312,SERVICIO DE SALUD COQUIMBO HOSPITAL LA SERENA,61.606.402-9,La Serena,Región de Coquimbo ,24786,MADEGOM S.A.,84.609.600-0,Quilicura,Región Metropolitana de Santiago,21,42271900,"Equipamiento y suministros médicos / Productos de resucitación, anestesia y respiratorios / Productos para el manejo de la vía aérea",42271915,Accesorios de traqueotomía,"[[INS-2669]]	TUBO ENDOTRAQUEAL PREFORMADO CON BALON 6.5 NASAL
",100.0,,CLP,2560.0,256000.0,256000.0
1057439-1065-SE24,GUANTES CLINICOS VARIOS Y TUBOS ENDOTRAQUEALES MEDIDAS VARIAS,2024-02-19T16:25:37.35,SE,,Recepción Conforme,7312,SERVICIO DE SALUD COQUIMBO HOSPITAL LA SERENA,61.606.402-9,La Serena,Región de Coquimbo ,24786,MADEGOM S.A.,84.609.600-0,Quilicura,Región Metropolitana de Santiago,22,42271900,"Equipamiento y suministros médicos / Productos de resucitación, anestesia y respiratorios / Productos para el manejo de la vía aérea",42271915,Accesorios de traqueotomía,"[[INS-2670]]	TUBO ENDOTRAQUEAL PREFORMADO CON BALON 7.0 NASAL
",200.0,,CLP,2560.0,512000.0,512000.0
1057439-1065-SE24,GUANTES CLINICOS VARIOS Y TUBOS ENDOTRAQUEALES MEDIDAS VARIAS,2024-02-19T16:25:37.35,SE,,Recepción Conforme,7312,SERVICIO DE SALUD COQUIMBO HOSPITAL LA SERENA,61.606.402-9,La Serena,Región de Coquimbo ,24786,MADEGOM S.A.,84.609.600-0,Quilicura,Región Metropolitana de Santiago,23,42271900,"Equipamiento y suministros médicos / Productos de resucitación, anestesia y respiratorios / Productos para el manejo de la vía aérea",42271915,Accesorios de traqueotomía,"[[INS-2683]]	TUBO ENDOTRAQUEAL CON ESPIRAL Nº 6.0
",10.0,,CLP,6900.0,69000.0,69000.0
1057439-1065-SE24,GUANTES CLINICOS VARIOS Y TUBOS ENDOTRAQUEALES MEDIDAS VARIAS,2024-02-19T16:25:37.35,SE,,Recepción Conforme,7312,SERVICIO DE SALUD COQUIMBO HOSPITAL LA SERENA,61.606.402-9,La Serena,Región de Coquimbo ,24786,MADEGOM S.A.,84.609.600-0,Quilicura,Región Metropolitana de Santiago,24,42271900,"Equipamiento y suministros médicos / Productos de resucitación, anestesia y respiratorios / Productos para el manejo de la vía aérea",42271915,Accesorios de traqueotomía,"[[INS-2696]]	TUBO ENDOTRAQUEAL PREFORMADO CON BALON 8.5 ORAL
",100.0,,CLP,2560.0,256000.0,256000.0
1057439-1065-SE24,GUANTES CLINICOS VARIOS Y TUBOS ENDOTRAQUEALES MEDIDAS VARIAS,2024-02-19T16:25:37.35,SE,,Recepción Conforme,7312,SERVICIO DE SALUD COQUIMBO HOSPITAL LA SERENA,61.606.402-9,La Serena,Región de Coquimbo ,24786,MADEGOM S.A.,84.609.600-0,Quilicura,Región Metropolitana de Santiago,25,42271900,"Equipamiento y suministros médicos / Productos de resucitación, anestesia y respiratorios / Productos para el manejo de la vía aérea",42271915,Accesorios de traqueotomía,"INS-3894	TUBO ENDOTRAQUEAL PREFORMADO CON BALON 7.5 ORAL
",30.0,,CLP,2560.0,76800.0,76800.0
1057439-1065-SE24,GUANTES CLINICOS VARIOS Y TUBOS ENDOTRAQUEALES MEDIDAS VARIAS,2024-02-19T16:25:37.35,SE,,Recepción Conforme,7312,SERVICIO DE SALUD COQUIMBO HOSPITAL LA SERENA,61.606.402-9,La Serena,Región de Coquimbo ,24786,MADEGOM S.A.,84.609.600-0,Quilicura,Región Metropolitana de Santiago,26,42271900,"Equipamiento y suministros médicos / Productos de resucitación, anestesia y respiratorios / Productos para el manejo de la vía aérea",42271915,Accesorios de traqueotomía,"[[INS-3895]] 	TUBO ENDOTRAQUEAL PREFORMADO CON BALON 8.0 ORAL
",50.0,,CLP,2560.0,128000.0,128000.0
1057439-1065-SE24,GUANTES CLINICOS VARIOS Y TUBOS ENDOTRAQUEALES MEDIDAS VARIAS,2024-02-19T16:25:37.35,SE,,Recepción Conforme,7312,SERVICIO DE SALUD COQUIMBO HOSPITAL LA SERENA,61.606.402-9,La Serena,Región de Coquimbo ,24786,MADEGOM S.A.,84.609.600-0,Quilicura,Región Metropolitana de Santiago,27,42271900,"Equipamiento y suministros médicos / Productos de resucitación, anestesia y respiratorios / Productos para el manejo de la vía aérea",42271915,Accesorios de traqueotomía,"[[INS-0840]]	TUBO ENDOBRONQUIAL IZQUIERDO 37
",30.0,,CLP,46157.0,1384710.0,1384710.0
1057439-1065-SE24,GUANTES CLINICOS VARIOS Y TUBOS ENDOTRAQUEALES MEDIDAS VARIAS,2024-02-19T16:25:37.35,SE,,Recepción Conforme,7312,SERVICIO DE SALUD COQUIMBO HOSPITAL LA SERENA,61.606.402-9,La Serena,Región de Coquimbo ,24786,MADEGOM S.A.,84.609.600-0,Quilicura,Región Metropolitana de Santiago,28,42271900,"Equipamiento y suministros médicos / Productos de resucitación, anestesia y respiratorios / Productos para el manejo de la vía aérea",42271915,Accesorios de traqueotomía,"[[INS-0893]] 	TUBO ENDOBRONQUIAL IZQUIERDO 39
",30.0,,CLP,46157.0,1384710.0,1384710.0
1057439-1065-SE24,GUANTES CLINICOS VARIOS Y TUBOS ENDOTRAQUEALES MEDIDAS VARIAS,2024-02-19T16:25:37.35,SE,,Recepción Conforme,7312,SERVICIO DE SALUD COQUIMBO HOSPITAL LA SERENA,61.606.402-9,La Serena,Región de Coquimbo ,24786,MADEGOM S.A.,84.609.600-0,Quilicura,Región Metropolitana de Santiago,29,42271900,"Equipamiento y suministros médicos / Productos de resucitación, anestesia y respiratorios / Productos para el manejo de la vía aérea",42271915,Accesorios de traqueotomía,"[[INS-1706]] 	TUBO ENDOTRAQUEAL CON ESPIRAL Nº 8.0
",30.0,,CLP,6900.0,207000.0,207000.0
1057439-1065-SE24,GUANTES CLINICOS VARIOS Y TUBOS ENDOTRAQUEALES MEDIDAS VARIAS,2024-02-19T16:25:37.35,SE,,Recepción Conforme,7312,SERVICIO DE SALUD COQUIMBO HOSPITAL LA SERENA,61.606.402-9,La Serena,Región de Coquimbo ,24786,MADEGOM S.A.,84.609.600-0,Quilicura,Región Metropolitana de Santiago,30,42271900,"Equipamiento y suministros médicos / Productos de resucitación, anestesia y respiratorios / Productos para el manejo de la vía aérea",42271915,Accesorios de traqueotomía,"[[INS-2667]] 	TUBO ENDOTRAQUEAL PREFORMADO CON BALON 5.5 NASAL
",30.0,,CLP,2560.0,76800.0,76800.0
1057439-1065-SE24,GUANTES CLINICOS VARIOS Y TUBOS ENDOTRAQUEALES MEDIDAS VARIAS,2024-02-19T16:25:37.35,SE,,Recepción Conforme,7312,SERVICIO DE SALUD COQUIMBO HOSPITAL LA SERENA,61.606.402-9,La Serena,Región de Coquimbo ,24786,MADEGOM S.A.,84.609.600-0,Quilicura,Región Metropolitana de Santiago,31,42271900,"Equipamiento y suministros médicos / Productos de resucitación, anestesia y respiratorios / Productos para el manejo de la vía aérea",42271915,Accesorios de traqueotomía,"[[INS-3893]] 	TUBO ENDOTRAQUEAL PREFORMADO CON BALON 5.5 ORAL
",20.0,,CLP,2560.0,51200.0,51200.0
1057439-1065-SE24,GUANTES CLINICOS VARIOS Y TUBOS ENDOTRAQUEALES MEDIDAS VARIAS,2024-02-19T16:25:37.35,SE,,Recepción Conforme,7312,SERVICIO DE SALUD COQUIMBO HOSPITAL LA SERENA,61.606.402-9,La Serena,Región de Coquimbo ,24786,MADEGOM S.A.,84.609.600-0,Quilicura,Región Metropolitana de Santiago,32,42132200,Equipamiento y suministros médicos / Vestuario clínico / Guantes médicos y accesorios,42132205,Guantes quirúrgicos,[[INS-0114]]		GUANTE EXAMINACION ESTERIL LARGE,3000.0,,CLP,180.0,540000.0,540000.0
1057439-1065-SE24,GUANTES CLINICOS VARIOS Y TUBOS ENDOTRAQUEALES MEDIDAS VARIAS,2024-02-19T16:25:37.35,SE,,Recepción Conforme,7312,SERVICIO DE SALUD COQUIMBO HOSPITAL LA SERENA,61.606.402-9,La Serena,Región de Coquimbo ,24786,MADEGOM S.A.,84.609.600-0,Quilicura,Región Metropolitana de Santiago,33,42132200,Equipamiento y suministros médicos / Vestuario clínico / Guantes médicos y accesorios,42132205,Guantes quirúrgicos,[[INS-0116]]	GUANTE EXAMINACION ESTERIL MEDIUM,5000.0,,CLP,180.0,900000.0,900000.0
1057439-1065-SE24,GUANTES CLINICOS VARIOS Y TUBOS ENDOTRAQUEALES MEDIDAS VARIAS,2024-02-19T16:25:37.35,SE,,Recepción Conforme,7312,SERVICIO DE SALUD COQUIMBO HOSPITAL LA SERENA,61.606.402-9,La Serena,Región de Coquimbo ,24786,MADEGOM S.A.,84.609.600-0,Quilicura,Región Metropolitana de Santiago,34,42132200,Equipamiento y suministros médicos / Vestuario clínico / Guantes médicos y accesorios,42132205,Guantes quirúrgicos,[[INS-0118]]	GUANTE EXAMINACION ESTERIL SMALL,6000.0,,CLP,180.0,1080000.0,1080000.0
1057439-1065-SE24,GUANTES CLINICOS VARIOS Y TUBOS ENDOTRAQUEALES MEDIDAS VARIAS,2024-02-19T16:25:37.35,SE,,Recepción Conforme,7312,SERVICIO DE SALUD COQUIMBO HOSPITAL LA SERENA,61.606.402-9,La Serena,Región de Coquimbo ,24786,MADEGOM S.A.,84.609.600-0,Quilicura,Región Metropolitana de Santiago,35,42132200,Equipamiento y suministros médicos / Vestuario clínico / Guantes médicos y accesorios,42132205,Guantes quirúrgicos,[[INS-0134]]		GUANTE QUIRURGICO ESTERIL Nº 6.5,400.0,,CLP,210.0,84000.0,84000.0
1057439-1065-SE24,GUANTES CLINICOS VARIOS Y TUBOS ENDOTRAQUEALES MEDIDAS VARIAS,2024-02-19T16:25:37.35,SE,,Recepción Conforme,7312,SERVICIO DE SALUD COQUIMBO HOSPITAL LA SERENA,61.606.402-9,La Serena,Región de Coquimbo ,24786,MADEGOM S.A.,84.609.600-0,Quilicura,Región Metropolitana de Santiago,36,42132200,Equipamiento y suministros médicos / Vestuario clínico / Guantes médicos y accesorios,42132205,Guantes quirúrgicos,[[INS-5630]] GUANTE DE NITRILO TALLA XS,3000.0,,CLP,19.0,57000.0,57000.0
1057440-502-SE24,INSUMO STOCK FEBRERO 2024,2024-01-22T12:38:19.18,SE,,Recepción Conforme,7416,SERVICIO DE SALUD COQUIMBO HOSPITAL DE COQUIMBO,61.606.403-7,Coquimbo,Región de Coquimbo ,1008780,CONVATEC CHILE S.A.,76.020.266-5,Providencia,Región Metropolitana de Santiago,1,42311900,"Equipamiento y suministros médicos / Productos para el cuidado de heridas / Drenajes médicos de incisión, bolsas de drenaje, depósitos y productos relacionados",42311902,Bolsas de drenaje o depósitos para el drenaje médi,"225-0004  BOLSA P/COLOSTOMIA 14X21 CM APROX.DRENA
",7000.0,,CLP,2856.0,19992000.0,19992000.0
1057440-502-SE24,INSUMO STOCK FEBRERO 2024,2024-01-22T12:38:19.18,SE,,Recepción Conforme,7416,SERVICIO DE SALUD COQUIMBO HOSPITAL DE COQUIMBO,61.606.403-7,Coquimbo,Región de Coquimbo ,1008780,CONVATEC CHILE S.A.,76.020.266-5,Providencia,Región Metropolitana de Santiago,2,42311900,"Equipamiento y suministros médicos / Productos para el cuidado de heridas / Drenajes médicos de incisión, bolsas de drenaje, depósitos y productos relacionados",42311902,Bolsas de drenaje o depósitos para el drenaje médi,"225-0388 Bolsa colectora desechable convexa para ostomía 20-25 mm 
",150.0,,CLP,4792.0,718800.0,718800.0
1057440-502-SE24,INSUMO STOCK FEBRERO 2024,2024-01-22T12:38:19.18,SE,,Recepción Conforme,7416,SERVICIO DE SALUD COQUIMBO HOSPITAL DE COQUIMBO,61.606.403-7,Coquimbo,Región de Coquimbo ,1008780,CONVATEC CHILE S.A.,76.020.266-5,Providencia,Región Metropolitana de Santiago,3,42311900,"Equipamiento y suministros médicos / Productos para el cuidado de heridas / Drenajes médicos de incisión, bolsas de drenaje, depósitos y productos relacionados",42311902,Bolsas de drenaje o depósitos para el drenaje médi,"225-0389 Bolsa de una pieza para ostomía placa moldeable 
",70.0,,CLP,4133.0,289310.0,289310.0
1057440-502-SE24,INSUMO STOCK FEBRERO 2024,2024-01-22T12:38:19.18,SE,,Recepción Conforme,7416,SERVICIO DE SALUD COQUIMBO HOSPITAL DE COQUIMBO,61.606.403-7,Coquimbo,Región de Coquimbo ,1008780,CONVATEC CHILE S.A.,76.020.266-5,Providencia,Región Metropolitana de Santiago,4,42311900,"Equipamiento y suministros médicos / Productos para el cuidado de heridas / Drenajes médicos de incisión, bolsas de drenaje, depósitos y productos relacionados",42311902,Bolsas de drenaje o depósitos para el drenaje médi,"225-0390 Bolsa extensible de una pieza 19-64 mm, transparente, moldeable y drenable con filtro 
",70.0,,CLP,3096.0,216720.0,216720.0
1057461-232-CM24,BE/ VERDURAS SERVICIO ALIMENTACIÓN,2024-01-29T13:53:18.793,CM,,Recepción Conforme,7256,SERVICIO DE SALUD DEL MAULE HOSPITAL DE CAUQUENES,61.606.913-6,Cauquenes,Región del Maule ,1350453,SOCIEDAD COMERCIAL MAULE LTDA,76.287.511-k,,,1,0,,0,PLATANO - AMARILLO KILO APROX. VII REGION,(1472166) PLATANO - AMARILLO KILO APROX. VII REGION,16.0,,CLP,2132.0,34112.0,34112.0
1057461-232-CM24,BE/ VERDURAS SERVICIO ALIMENTACIÓN,2024-01-29T13:53:18.793,CM,,Recepción Conforme,7256,SERVICIO DE SALUD DEL MAULE HOSPITAL DE CAUQUENES,61.606.913-6,Cauquenes,Región del Maule ,1350453,SOCIEDAD COMERCIAL MAULE LTDA,76.287.511-k,,,2,0,,0,PEPINO FRESCO - ENSALADA UNIDAD VII REGION,(1471626) PEPINO FRESCO - ENSALADA UNIDAD VII REGION,17.0,,CLP,443.0,7531.0,7531.0
1057461-232-CM24,BE/ VERDURAS SERVICIO ALIMENTACIÓN,2024-01-29T13:53:18.793,CM,,Recepción Conforme,7256,SERVICIO DE SALUD DEL MAULE HOSPITAL DE CAUQUENES,61.606.913-6,Cauquenes,Región del Maule ,1350453,SOCIEDAD COMERCIAL MAULE LTDA,76.287.511-k,,,3,0,,0,CILANTRO FRESCO PROCESADO - ENTERO BOLSA 1 K UNIDAD VII REGION,(1462701) CILANTRO FRESCO PROCESADO - ENTERO BOLSA 1 K UNIDAD VII REGION,192.0,,CLP,1502.0,288384.0,288384.0
1057461-232-CM24,BE/ VERDURAS SERVICIO ALIMENTACIÓN,2024-01-29T13:53:18.793,CM,,Recepción Conforme,7256,SERVICIO DE SALUD DEL MAULE HOSPITAL DE CAUQUENES,61.606.913-6,Cauquenes,Región del Maule ,1350453,SOCIEDAD COMERCIAL MAULE LTDA,76.287.511-k,,,4,0,,0,MANZANA - FUJI MEDIANA KILO APROX. VII REGION,(1468881) MANZANA - FUJI MEDIANA KILO APROX. VII REGION,200.0,,CLP,1409.0,281800.0,281800.0
1057461-232-CM24,BE/ VERDURAS SERVICIO ALIMENTACIÓN,2024-01-29T13:53:18.793,CM,,Recepción Conforme,7256,SERVICIO DE SALUD DEL MAULE HOSPITAL DE CAUQUENES,61.606.913-6,Cauquenes,Región del Maule ,1350453,SOCIEDAD COMERCIAL MAULE LTDA,76.287.511-k,,,5,0,,0,PERA  - PAKAM MEDIANA KILO APROX. VII REGION,(1471761) PERA  - PAKAM MEDIANA KILO APROX. VII REGION,200.0,,CLP,1295.0,259000.0,259000.0
1057461-232-CM24,BE/ VERDURAS SERVICIO ALIMENTACIÓN,2024-01-29T13:53:18.793,CM,,Recepción Conforme,7256,SERVICIO DE SALUD DEL MAULE HOSPITAL DE CAUQUENES,61.606.913-6,Cauquenes,Región del Maule ,1350453,SOCIEDAD COMERCIAL MAULE LTDA,76.287.511-k,,,6,0,,0,PAPA FRESCA - KARU PRIMERA KILO APROX. VII REGION,(1470591) PAPA FRESCA - KARU PRIMERA KILO APROX. VII REGION,525.0,,CLP,1690.0,887250.0,887250.0
1057461-232-CM24,BE/ VERDURAS SERVICIO ALIMENTACIÓN,2024-01-29T13:53:18.793,CM,,Recepción Conforme,7256,SERVICIO DE SALUD DEL MAULE HOSPITAL DE CAUQUENES,61.606.913-6,Cauquenes,Región del Maule ,1350453,SOCIEDAD COMERCIAL MAULE LTDA,76.287.511-k,,,7,0,,0,TOMATE FRESCO - MEDIANO 200 KILO APROX. VII REGION,(1473891) TOMATE FRESCO - MEDIANO 200 KILO APROX. VII REGION,26.0,,CLP,2043.0,53118.0,53118.0
1057461-232-CM24,BE/ VERDURAS SERVICIO ALIMENTACIÓN,2024-01-29T13:53:18.793,CM,,Recepción Conforme,7256,SERVICIO DE SALUD DEL MAULE HOSPITAL DE CAUQUENES,61.606.913-6,Cauquenes,Región del Maule ,1350453,SOCIEDAD COMERCIAL MAULE LTDA,76.287.511-k,,,8,0,,0,HUEVO PRIMERA 54-61 GR  - BLANCO 30 UNIDADES VII REGION,(1467186) HUEVO PRIMERA 54-61 GR  - BLANCO 30 UNIDADES VII REGION,48.0,,CLP,6897.0,331056.0,331056.0
1057461-232-CM24,BE/ VERDURAS SERVICIO ALIMENTACIÓN,2024-01-29T13:53:18.793,CM,,Recepción Conforme,7256,SERVICIO DE SALUD DEL MAULE HOSPITAL DE CAUQUENES,61.606.913-6,Cauquenes,Región del Maule ,1350453,SOCIEDAD COMERCIAL MAULE LTDA,76.287.511-k,,,9,0,,0,CEBOLLA FRESCA - BLANCA KILO APROX. VII REGION,(1461651) CEBOLLA FRESCA - BLANCA KILO APROX. VII REGION,20.0,,CLP,773.0,15460.0,15460.0
1057461-329-SE24,ICA/ TEGADERM 1629.,2024-02-07T12:04:25.86,SE,1057461-18-LE23,Recepción Conforme,7256,SERVICIO DE SALUD DEL MAULE HOSPITAL DE CAUQUENES,61.606.913-6,Cauquenes,Región del Maule ,45071,GERMÁN BERNARDO BEHNKE GUTIÉRREZ,5.892.120-3,Ñuñoa,Región Metropolitana de Santiago,1,42311500,"Equipamiento y suministros médicos / Productos para el cuidado de heridas / Vendas, vendajes y productos relacionados",42311505,Vendas o vendajes para uso general,APÓSITO TRANSPARENTE ADHESIVO 20 X 30 CM. (EQUIVALENTE A TEGADERM 3M),40.0,,CLP,3520.0,140800.0,140800.0
1057461-389-SE24,ICA/ TEGADERM 1629.	,2024-02-20T18:19:17.28,SE,1057461-18-LE23,Recepción Conforme,7256,SERVICIO DE SALUD DEL MAULE HOSPITAL DE CAUQUENES,61.606.913-6,Cauquenes,Región del Maule ,45071,GERMÁN BERNARDO BEHNKE GUTIÉRREZ,5.892.120-3,Ñuñoa,Región Metropolitana de Santiago,1,42311500,"Equipamiento y suministros médicos / Productos para el cuidado de heridas / Vendas, vendajes y productos relacionados",42311505,Vendas o vendajes para uso general,APÓSITO TRANSPARENTE ADHESIVO 20 X 30 CM. (EQUIVALENTE A TEGADERM 3M),240.0,,CLP,3520.0,844800.0,844800.0
1057461-389-SE24,ICA/ TEGADERM 1629.	,2024-02-20T18:19:17.28,SE,1057461-18-LE23,Recepción Conforme,7256,SERVICIO DE SALUD DEL MAULE HOSPITAL DE CAUQUENES,61.606.913-6,Cauquenes,Región del Maule ,45071,GERMÁN BERNARDO BEHNKE GUTIÉRREZ,5.892.120-3,Ñuñoa,Región Metropolitana de Santiago,2,42311500,"Equipamiento y suministros médicos / Productos para el cuidado de heridas / Vendas, vendajes y productos relacionados",42311505,Vendas o vendajes para uso general,"TUL FLEXIBLE INHIBIDOR DE METALOPROTEASAS CON LC-NOSF 10 X 10 CM. (EQUIVALENTE A URGO/START)
",50.0,,CLP,9674.0,483700.0,483700.0
1057461-399-SE24,BE/ ARTICULOS ASEO COMERCIAL IMPA,2024-02-21T13:17:19.113,SE,1057461-10-LE23,Recepción Conforme,7256,SERVICIO DE SALUD DEL MAULE HOSPITAL DE CAUQUENES,61.606.913-6,Cauquenes,Región del Maule ,21191,SOC COMERCIAL IMPA LIMITADA,78.658.190-7,Talca,Región del Maule ,1,12191500,Productos químicos industriales / Solventes / Solventes hidrocarbonatos,12191501,Solventes aromáticos,Desinfectante Aerosol Bactericida 360cc Equivalente a Igenix Original,48.0,,CLP,1522.0,73056.0,73056.0
1057461-399-SE24,BE/ ARTICULOS ASEO COMERCIAL IMPA,2024-02-21T13:17:19.113,SE,1057461-10-LE23,Recepción Conforme,7256,SERVICIO DE SALUD DEL MAULE HOSPITAL DE CAUQUENES,61.606.913-6,Cauquenes,Región del Maule ,21191,SOC COMERCIAL IMPA LIMITADA,78.658.190-7,Talca,Región del Maule ,2,14111700,Productos de papel / Productos de papel / Productos de papel de uso personal,14111704,Papel higiénico,PAPEL HIGIENICO CONFORT 2 HOJA 4UN X 30MTS Cod.50501,160.0,,CLP,1348.0,215680.0,215680.0
1057461-399-SE24,BE/ ARTICULOS ASEO COMERCIAL IMPA,2024-02-21T13:17:19.113,SE,1057461-10-LE23,Recepción Conforme,7256,SERVICIO DE SALUD DEL MAULE HOSPITAL DE CAUQUENES,61.606.913-6,Cauquenes,Región del Maule ,21191,SOC COMERCIAL IMPA LIMITADA,78.658.190-7,Talca,Región del Maule ,3,42171700,Equipamiento y suministros médicos / Artículos médicos para urgencias y atención en terreno / Mantas médicas para urgencia,42171704,Pañales de bebe o lanillas de servicios médicos de,PREDOBLADO COTIDIAN PROTECTOR CAMA 8UN X 1PQ Cod.77113,120.0,,CLP,5185.0,622200.0,622200.0
1057461-399-SE24,BE/ ARTICULOS ASEO COMERCIAL IMPA,2024-02-21T13:17:19.113,SE,1057461-10-LE23,Recepción Conforme,7256,SERVICIO DE SALUD DEL MAULE HOSPITAL DE CAUQUENES,61.606.913-6,Cauquenes,Región del Maule ,21191,SOC COMERCIAL IMPA LIMITADA,78.658.190-7,Talca,Región del Maule ,4,47121800,Equipos y suministros de limpieza / Equipo de limpieza / Equipos de limpieza,47121802,Removedores,Desengrasante crema cocina 750cc. Equivalente a CIF,72.0,,CLP,1290.0,92880.0,92880.0
1057461-399-SE24,BE/ ARTICULOS ASEO COMERCIAL IMPA,2024-02-21T13:17:19.113,SE,1057461-10-LE23,Recepción Conforme,7256,SERVICIO DE SALUD DEL MAULE HOSPITAL DE CAUQUENES,61.606.913-6,Cauquenes,Región del Maule ,21191,SOC COMERCIAL IMPA LIMITADA,78.658.190-7,Talca,Región del Maule ,5,47131500,Equipos y suministros de limpieza / Suministros de limpieza / Trapos y paños de limpieza,47131503,Paños de gamuza o guantes lavables,LUSTRAMUEBLES CREMA VIRGINIA TRADICIONAL 1UN X 500ML COD.1313130,20.0,,CLP,1915.0,38300.0,38300.0
1057461-399-SE24,BE/ ARTICULOS ASEO COMERCIAL IMPA,2024-02-21T13:17:19.113,SE,1057461-10-LE23,Recepción Conforme,7256,SERVICIO DE SALUD DEL MAULE HOSPITAL DE CAUQUENES,61.606.913-6,Cauquenes,Región del Maule ,21191,SOC COMERCIAL IMPA LIMITADA,78.658.190-7,Talca,Región del Maule ,6,47131800,Equipos y suministros de limpieza / Suministros de limpieza / Soluciones de limpieza y desinfección,47131832,Productos antipolvo,Mantenedor Conq-R-Dust Aerosol de 480cc (Dust Cloth Treatment),40.0,,CLP,5407.0,216280.0,216280.0
1057461-399-SE24,BE/ ARTICULOS ASEO COMERCIAL IMPA,2024-02-21T13:17:19.113,SE,1057461-10-LE23,Recepción Conforme,7256,SERVICIO DE SALUD DEL MAULE HOSPITAL DE CAUQUENES,61.606.913-6,Cauquenes,Región del Maule ,21191,SOC COMERCIAL IMPA LIMITADA,78.658.190-7,Talca,Región del Maule ,7,53131600,"Ropa, maletas y productos de aseo personal / Artículos de baño o tocador / Artículos de baño y cuerpo",53131606,Desodorantes,Desinfectante Aerosol Bactericida 360cc Equivalente a Igenix Aroma Lavanda,48.0,,CLP,1522.0,73056.0,73056.0
1057461-399-SE24,BE/ ARTICULOS ASEO COMERCIAL IMPA,2024-02-21T13:17:19.113,SE,1057461-10-LE23,Recepción Conforme,7256,SERVICIO DE SALUD DEL MAULE HOSPITAL DE CAUQUENES,61.606.913-6,Cauquenes,Región del Maule ,21191,SOC COMERCIAL IMPA LIMITADA,78.658.190-7,Talca,Región del Maule ,8,14111700,Productos de papel / Productos de papel / Productos de papel de uso personal,14111703,Toallas de papel,TOALLA DE PAPEL ELITE 2 HOJA 24MT 1X 2 ROLL. Cod.40782,100.0,,CLP,1848.0,184800.0,184800.0
1057461-403-CM24,PREV/ CALZADO DE SEGURIDAD,2024-02-21T16:35:43.667,CM,,Recepción Conforme,7256,SERVICIO DE SALUD DEL MAULE HOSPITAL DE CAUQUENES,61.606.913-6,Cauquenes,Región del Maule ,31423,COMERCIALIZADORA DE ART DE PROTECCION Y SEGURIDAD INDUSTRIAL MANQUEHUE,86.887.200-4,,,1,0,,0,ZAPATO DE SEGURIDAD QUEBEC 250 UNIDAD,(1634209) ZAPATO DE SEGURIDAD QUEBEC 250 UNIDAD,15.0,,CLP,13250.0,198750.0,198750.0
1057461-403-CM24,PREV/ CALZADO DE SEGURIDAD,2024-02-21T16:35:43.667,CM,,Recepción Conforme,7256,SERVICIO DE SALUD DEL MAULE HOSPITAL DE CAUQUENES,61.606.913-6,Cauquenes,Región del Maule ,31423,COMERCIALIZADORA DE ART DE PROTECCION Y SEGURIDAD INDUSTRIAL MANQUEHUE,86.887.200-4,,,2,0,,0,ZAPATO DE SEGURIDAD EDELBROCK ED-106 UNIDAD,(1586495) ZAPATO DE SEGURIDAD EDELBROCK ED-106 UNIDAD,21.0,,CLP,33265.0,698565.0,698565.0
1057461-418-SE24,IC/JERINGA DESECH. LUER 20 CC S/AGUJA TOPE GOMA/SONDA FOLLEY 100% SILICONA 2 VIAS B 20 FR/ESPATULA DE MADERA PARA EXAMEN PAPANICOLAU ,2024-02-22T15:41:50.717,SE,1057461-53-LE23,Recepción Conforme,7256,SERVICIO DE SALUD DEL MAULE HOSPITAL DE CAUQUENES,61.606.913-6,Cauquenes,Región del Maule ,31590,REUTTER S A,81.210.400-4,Huechuraba,Región Metropolitana de Santiago,1,42294000,"Equipamiento y suministros médicos / Productos quirúrgicos / Espátulas, cucharas y cucharones quirúrgicos y productos relacionados",42294002,Espátulas quirúrgicos,ESPATULA DE MADERA PARA EXAMEN PAPANICOLAU SEGUN COTIZACION N 22022024,400.0,,CLP,33.0,13200.0,13200.0
1057461-418-SE24,IC/JERINGA DESECH. LUER 20 CC S/AGUJA TOPE GOMA/SONDA FOLLEY 100% SILICONA 2 VIAS B 20 FR/ESPATULA DE MADERA PARA EXAMEN PAPANICOLAU ,2024-02-22T15:41:50.717,SE,1057461-53-LE23,Recepción Conforme,7256,SERVICIO DE SALUD DEL MAULE HOSPITAL DE CAUQUENES,61.606.913-6,Cauquenes,Región del Maule ,31590,REUTTER S A,81.210.400-4,Huechuraba,Región Metropolitana de Santiago,2,42293500,"Equipamiento y suministros médicos / Productos quirúrgicos / Cánulas, puntas y estiletes de irrigación, succión quirúrgica y productos relacionados",42293505,Sondas de drenaje para la aspiración quirúrgica,"040500040283 SONDA FOLLEY 100% SILICONA 2 VIAS B 20 FR
",50.0,,CLP,1240.0,62000.0,62000.0
1057461-418-SE24,IC/JERINGA DESECH. LUER 20 CC S/AGUJA TOPE GOMA/SONDA FOLLEY 100% SILICONA 2 VIAS B 20 FR/ESPATULA DE MADERA PARA EXAMEN PAPANICOLAU ,2024-02-22T15:41:50.717,SE,1057461-53-LE23,Recepción Conforme,7256,SERVICIO DE SALUD DEL MAULE HOSPITAL DE CAUQUENES,61.606.913-6,Cauquenes,Región del Maule ,31590,REUTTER S A,81.210.400-4,Huechuraba,Región Metropolitana de Santiago,3,42142600,Equipamiento y suministros médicos / Suministros y productos clínicos / Jeringas y accesorios,42142601,Jeringas médicas de aspiración o irrigación,"040500040121   JERINGA DESECH. LUER 20 CC S/AGUJA TOPE GOMA""
",2000.0,,CLP,33.0,66000.0,66000.0
1057461-419-SE24,LAB/ SECCIÓN QUÍMICA SECA	,2024-02-22T16:22:39.167,SE,1057461-35-LQ23,Recepción Conforme,7256,SERVICIO DE SALUD DEL MAULE HOSPITAL DE CAUQUENES,61.606.913-6,Cauquenes,Región del Maule ,1535220,ORTHO-CLINICAL DIAGNOSTICS CHILE SPA,76.553.731-2,Las Condes,Región Metropolitana de Santiago,1,41116000,Equipamiento para laboratorios / Instrumentos de medida y experimentación / Reactivos de analizadores clínicos y diagnósticos,41116004,Reactivos de analizadores químicos,CÓDIGO: 1632660|LOTE 3128-3024| LITIO	,1.0,,CLP,28260.0,28260.0,28260.0
1057461-419-SE24,LAB/ SECCIÓN QUÍMICA SECA	,2024-02-22T16:22:39.167,SE,1057461-35-LQ23,Recepción Conforme,7256,SERVICIO DE SALUD DEL MAULE HOSPITAL DE CAUQUENES,61.606.913-6,Cauquenes,Región del Maule ,1535220,ORTHO-CLINICAL DIAGNOSTICS CHILE SPA,76.553.731-2,Las Condes,Región Metropolitana de Santiago,2,41116000,Equipamiento para laboratorios / Instrumentos de medida y experimentación / Reactivos de analizadores clínicos y diagnósticos,41116004,Reactivos de analizadores químicos,CÓDIGO: 8157596|LOTE 4102-7502| POTASIO,4.0,,CLP,62000.0,248000.0,248000.0
1057461-419-SE24,LAB/ SECCIÓN QUÍMICA SECA	,2024-02-22T16:22:39.167,SE,1057461-35-LQ23,Recepción Conforme,7256,SERVICIO DE SALUD DEL MAULE HOSPITAL DE CAUQUENES,61.606.913-6,Cauquenes,Región del Maule ,1535220,ORTHO-CLINICAL DIAGNOSTICS CHILE SPA,76.553.731-2,Las Condes,Región Metropolitana de Santiago,3,41116000,Equipamiento para laboratorios / Instrumentos de medida y experimentación / Reactivos de analizadores clínicos y diagnósticos,41116004,Reactivos de analizadores químicos,"CÓD: 8356636 FERRITINA (FE)  LOTE 5029-9211

",3.0,,CLP,246400.0,739200.0,739200.0
1057461-419-SE24,LAB/ SECCIÓN QUÍMICA SECA	,2024-02-22T16:22:39.167,SE,1057461-35-LQ23,Recepción Conforme,7256,SERVICIO DE SALUD DEL MAULE HOSPITAL DE CAUQUENES,61.606.913-6,Cauquenes,Región del Maule ,1535220,ORTHO-CLINICAL DIAGNOSTICS CHILE SPA,76.553.731-2,Las Condes,Región Metropolitana de Santiago,4,41116000,Equipamiento para laboratorios / Instrumentos de medida y experimentación / Reactivos de analizadores clínicos y diagnósticos,41116004,Reactivos de analizadores químicos,"CÓD: 8257289 | LOTE 6709-8060|(GAMAGLUTAMITRANSFERASA).

",4.0,,CLP,62000.0,248000.0,248000.0
1057461-419-SE24,LAB/ SECCIÓN QUÍMICA SECA	,2024-02-22T16:22:39.167,SE,1057461-35-LQ23,Recepción Conforme,7256,SERVICIO DE SALUD DEL MAULE HOSPITAL DE CAUQUENES,61.606.913-6,Cauquenes,Región del Maule ,1535220,ORTHO-CLINICAL DIAGNOSTICS CHILE SPA,76.553.731-2,Las Condes,Región Metropolitana de Santiago,5,41116000,Equipamiento para laboratorios / Instrumentos de medida y experimentación / Reactivos de analizadores clínicos y diagnósticos,41116004,Reactivos de analizadores químicos,"CÓD: 8478034 |LOTE 6412-0816| CK TOTAL
",3.0,,CLP,32220.0,96660.0,96660.0
1057461-419-SE24,LAB/ SECCIÓN QUÍMICA SECA	,2024-02-22T16:22:39.167,SE,1057461-35-LQ23,Recepción Conforme,7256,SERVICIO DE SALUD DEL MAULE HOSPITAL DE CAUQUENES,61.606.913-6,Cauquenes,Región del Maule ,1535220,ORTHO-CLINICAL DIAGNOSTICS CHILE SPA,76.553.731-2,Las Condes,Región Metropolitana de Santiago,6,41116000,Equipamiento para laboratorios / Instrumentos de medida y experimentación / Reactivos de analizadores clínicos y diagnósticos,41116004,Reactivos de analizadores químicos,"CÓD: 6801715 VERSATIPS (1000 u)

",6.0,,CLP,1200.0,7200.0,7200.0
1057461-419-SE24,LAB/ SECCIÓN QUÍMICA SECA	,2024-02-22T16:22:39.167,SE,1057461-35-LQ23,Recepción Conforme,7256,SERVICIO DE SALUD DEL MAULE HOSPITAL DE CAUQUENES,61.606.913-6,Cauquenes,Región del Maule ,1535220,ORTHO-CLINICAL DIAGNOSTICS CHILE SPA,76.553.731-2,Las Condes,Región Metropolitana de Santiago,7,41116000,Equipamiento para laboratorios / Instrumentos de medida y experimentación / Reactivos de analizadores clínicos y diagnósticos,41116004,Reactivos de analizadores químicos,"CÓDIGO: 8392292 |LOTE 0622-1414|PROTEÍNAS TOTALES

",4.0,,CLP,62000.0,248000.0,248000.0
1057461-419-SE24,LAB/ SECCIÓN QUÍMICA SECA	,2024-02-22T16:22:39.167,SE,1057461-35-LQ23,Recepción Conforme,7256,SERVICIO DE SALUD DEL MAULE HOSPITAL DE CAUQUENES,61.606.913-6,Cauquenes,Región del Maule ,1535220,ORTHO-CLINICAL DIAGNOSTICS CHILE SPA,76.553.731-2,Las Condes,Región Metropolitana de Santiago,8,41116000,Equipamiento para laboratorios / Instrumentos de medida y experimentación / Reactivos de analizadores clínicos y diagnósticos,41116004,Reactivos de analizadores químicos,"CÓD: 681740 |  MICROALBUMINURIA 


",1.0,,CLP,243000.0,243000.0,243000.0
1057461-419-SE24,LAB/ SECCIÓN QUÍMICA SECA	,2024-02-22T16:22:39.167,SE,1057461-35-LQ23,Recepción Conforme,7256,SERVICIO DE SALUD DEL MAULE HOSPITAL DE CAUQUENES,61.606.913-6,Cauquenes,Región del Maule ,1535220,ORTHO-CLINICAL DIAGNOSTICS CHILE SPA,76.553.731-2,Las Condes,Región Metropolitana de Santiago,9,41116000,Equipamiento para laboratorios / Instrumentos de medida y experimentación / Reactivos de analizadores clínicos y diagnósticos,41116004,Reactivos de analizadores químicos,"CÓD: 8112724 LOTE 6020-1320 AMILASA

",2.0,,CLP,35280.0,70560.0,70560.0
1057461-419-SE24,LAB/ SECCIÓN QUÍMICA SECA	,2024-02-22T16:22:39.167,SE,1057461-35-LQ23,Recepción Conforme,7256,SERVICIO DE SALUD DEL MAULE HOSPITAL DE CAUQUENES,61.606.913-6,Cauquenes,Región del Maule ,1535220,ORTHO-CLINICAL DIAGNOSTICS CHILE SPA,76.553.731-2,Las Condes,Región Metropolitana de Santiago,10,41116000,Equipamiento para laboratorios / Instrumentos de medida y experimentación / Reactivos de analizadores clínicos y diagnósticos,41116004,Reactivos de analizadores químicos,"CÓDIGO: 1513209 |LOTE 1248-7659|FÓSFORO

",2.0,,CLP,74400.0,148800.0,148800.0
1057461-419-SE24,LAB/ SECCIÓN QUÍMICA SECA	,2024-02-22T16:22:39.167,SE,1057461-35-LQ23,Recepción Conforme,7256,SERVICIO DE SALUD DEL MAULE HOSPITAL DE CAUQUENES,61.606.913-6,Cauquenes,Región del Maule ,1535220,ORTHO-CLINICAL DIAGNOSTICS CHILE SPA,76.553.731-2,Las Condes,Región Metropolitana de Santiago,11,41116000,Equipamiento para laboratorios / Instrumentos de medida y experimentación / Reactivos de analizadores clínicos y diagnósticos,41116004,Reactivos de analizadores químicos,"CÓD: 1053180 |LOTE 6521-8004 FOSFATASA ALCAINA

",4.0,,CLP,74400.0,297600.0,297600.0
1057461-419-SE24,LAB/ SECCIÓN QUÍMICA SECA	,2024-02-22T16:22:39.167,SE,1057461-35-LQ23,Recepción Conforme,7256,SERVICIO DE SALUD DEL MAULE HOSPITAL DE CAUQUENES,61.606.913-6,Cauquenes,Región del Maule ,1535220,ORTHO-CLINICAL DIAGNOSTICS CHILE SPA,76.553.731-2,Las Condes,Región Metropolitana de Santiago,12,41116000,Equipamiento para laboratorios / Instrumentos de medida y experimentación / Reactivos de analizadores clínicos y diagnósticos,41116004,Reactivos de analizadores químicos,"CÓD: 8433815 |LOTE 7328-7613| GOT/ AS.	

",4.0,,CLP,74400.0,297600.0,297600.0
1057461-419-SE24,LAB/ SECCIÓN QUÍMICA SECA	,2024-02-22T16:22:39.167,SE,1057461-35-LQ23,Recepción Conforme,7256,SERVICIO DE SALUD DEL MAULE HOSPITAL DE CAUQUENES,61.606.913-6,Cauquenes,Región del Maule ,1535220,ORTHO-CLINICAL DIAGNOSTICS CHILE SPA,76.553.731-2,Las Condes,Región Metropolitana de Santiago,13,41116000,Equipamiento para laboratorios / Instrumentos de medida y experimentación / Reactivos de analizadores clínicos y diagnósticos,41116004,Reactivos de analizadores químicos,"COD: 6844430 | LOTE 5607-7453| ALT/GPT	

",6.0,,CLP,74400.0,446400.0,446400.0
1057461-419-SE24,LAB/ SECCIÓN QUÍMICA SECA	,2024-02-22T16:22:39.167,SE,1057461-35-LQ23,Recepción Conforme,7256,SERVICIO DE SALUD DEL MAULE HOSPITAL DE CAUQUENES,61.606.913-6,Cauquenes,Región del Maule ,1535220,ORTHO-CLINICAL DIAGNOSTICS CHILE SPA,76.553.731-2,Las Condes,Región Metropolitana de Santiago,14,41116000,Equipamiento para laboratorios / Instrumentos de medida y experimentación / Reactivos de analizadores clínicos y diagnósticos,41116004,Reactivos de analizadores químicos,"CÓDIGO: 8384489|LOTE 6354-7072| LDHI	

",2.0,,CLP,62000.0,124000.0,124000.0
1057461-419-SE24,LAB/ SECCIÓN QUÍMICA SECA	,2024-02-22T16:22:39.167,SE,1057461-35-LQ23,Recepción Conforme,7256,SERVICIO DE SALUD DEL MAULE HOSPITAL DE CAUQUENES,61.606.913-6,Cauquenes,Región del Maule ,1535220,ORTHO-CLINICAL DIAGNOSTICS CHILE SPA,76.553.731-2,Las Condes,Región Metropolitana de Santiago,15,41116000,Equipamiento para laboratorios / Instrumentos de medida y experimentación / Reactivos de analizadores clínicos y diagnósticos,41116004,Reactivos de analizadores químicos,"CÓD: 1926740 |LOTE 3730-1383| PROTEÍNAC REACTIVA.(PCR)
",4.0,,CLP,103500.0,414000.0,414000.0
1057461-419-SE24,LAB/ SECCIÓN QUÍMICA SECA	,2024-02-22T16:22:39.167,SE,1057461-35-LQ23,Recepción Conforme,7256,SERVICIO DE SALUD DEL MAULE HOSPITAL DE CAUQUENES,61.606.913-6,Cauquenes,Región del Maule ,1535220,ORTHO-CLINICAL DIAGNOSTICS CHILE SPA,76.553.731-2,Las Condes,Región Metropolitana de Santiago,16,41116000,Equipamiento para laboratorios / Instrumentos de medida y experimentación / Reactivos de analizadores clínicos y diagnósticos,41116004,Reactivos de analizadores químicos,"CÓD: 8297749 | LOTE 5902-0001| LIPASA. 

",2.0,,CLP,28260.0,56520.0,56520.0
1057461-419-SE24,LAB/ SECCIÓN QUÍMICA SECA	,2024-02-22T16:22:39.167,SE,1057461-35-LQ23,Recepción Conforme,7256,SERVICIO DE SALUD DEL MAULE HOSPITAL DE CAUQUENES,61.606.913-6,Cauquenes,Región del Maule ,1535220,ORTHO-CLINICAL DIAGNOSTICS CHILE SPA,76.553.731-2,Las Condes,Región Metropolitana de Santiago,17,41116000,Equipamiento para laboratorios / Instrumentos de medida y experimentación / Reactivos de analizadores clínicos y diagnósticos,41116004,Reactivos de analizadores químicos,"CÓD: 8001133 |LOTE 4908-8287| CK MB 

",3.0,,CLP,32220.0,96660.0,96660.0
1057461-419-SE24,LAB/ SECCIÓN QUÍMICA SECA	,2024-02-22T16:22:39.167,SE,1057461-35-LQ23,Recepción Conforme,7256,SERVICIO DE SALUD DEL MAULE HOSPITAL DE CAUQUENES,61.606.913-6,Cauquenes,Región del Maule ,1535220,ORTHO-CLINICAL DIAGNOSTICS CHILE SPA,76.553.731-2,Las Condes,Región Metropolitana de Santiago,18,41116000,Equipamiento para laboratorios / Instrumentos de medida y experimentación / Reactivos de analizadores clínicos y diagnósticos,41116004,Reactivos de analizadores químicos,"CÓDIGO: 8102204 | LOTE 0131-1002| BUN

",4.0,,CLP,74400.0,297600.0,297600.0
1057461-419-SE24,LAB/ SECCIÓN QUÍMICA SECA	,2024-02-22T16:22:39.167,SE,1057461-35-LQ23,Recepción Conforme,7256,SERVICIO DE SALUD DEL MAULE HOSPITAL DE CAUQUENES,61.606.913-6,Cauquenes,Región del Maule ,1535220,ORTHO-CLINICAL DIAGNOSTICS CHILE SPA,76.553.731-2,Las Condes,Región Metropolitana de Santiago,19,41116000,Equipamiento para laboratorios / Instrumentos de medida y experimentación / Reactivos de analizadores clínicos y diagnósticos,41116004,Reactivos de analizadores químicos,CÓDIGO: 6844471|LOTE 4010-5305| CLORURO	,6.0,,CLP,62000.0,372000.0,372000.0
1057461-419-SE24,LAB/ SECCIÓN QUÍMICA SECA	,2024-02-22T16:22:39.167,SE,1057461-35-LQ23,Recepción Conforme,7256,SERVICIO DE SALUD DEL MAULE HOSPITAL DE CAUQUENES,61.606.913-6,Cauquenes,Región del Maule ,1535220,ORTHO-CLINICAL DIAGNOSTICS CHILE SPA,76.553.731-2,Las Condes,Región Metropolitana de Santiago,20,41116000,Equipamiento para laboratorios / Instrumentos de medida y experimentación / Reactivos de analizadores clínicos y diagnósticos,41116004,Reactivos de analizadores químicos,CÓDIGO: 8379034|LOTE 4245-8210| SODIO	,4.0,,CLP,62000.0,248000.0,248000.0
1057461-419-SE24,LAB/ SECCIÓN QUÍMICA SECA	,2024-02-22T16:22:39.167,SE,1057461-35-LQ23,Recepción Conforme,7256,SERVICIO DE SALUD DEL MAULE HOSPITAL DE CAUQUENES,61.606.913-6,Cauquenes,Región del Maule ,1535220,ORTHO-CLINICAL DIAGNOSTICS CHILE SPA,76.553.731-2,Las Condes,Región Metropolitana de Santiago,21,41116000,Equipamiento para laboratorios / Instrumentos de medida y experimentación / Reactivos de analizadores clínicos y diagnósticos,41116004,Reactivos de analizadores químicos,CÓD: UR11001 MAS URICHEM I	,2.0,,CLP,1200.0,2400.0,2400.0
1057461-419-SE24,LAB/ SECCIÓN QUÍMICA SECA	,2024-02-22T16:22:39.167,SE,1057461-35-LQ23,Recepción Conforme,7256,SERVICIO DE SALUD DEL MAULE HOSPITAL DE CAUQUENES,61.606.913-6,Cauquenes,Región del Maule ,1535220,ORTHO-CLINICAL DIAGNOSTICS CHILE SPA,76.553.731-2,Las Condes,Región Metropolitana de Santiago,22,41116000,Equipamiento para laboratorios / Instrumentos de medida y experimentación / Reactivos de analizadores clínicos y diagnósticos,41116004,Reactivos de analizadores químicos,CÓD: UR22002 MAS URICHEM II	,2.0,,CLP,1200.0,2400.0,2400.0
1057461-419-SE24,LAB/ SECCIÓN QUÍMICA SECA	,2024-02-22T16:22:39.167,SE,1057461-35-LQ23,Recepción Conforme,7256,SERVICIO DE SALUD DEL MAULE HOSPITAL DE CAUQUENES,61.606.913-6,Cauquenes,Región del Maule ,1535220,ORTHO-CLINICAL DIAGNOSTICS CHILE SPA,76.553.731-2,Las Condes,Región Metropolitana de Santiago,23,41116000,Equipamiento para laboratorios / Instrumentos de medida y experimentación / Reactivos de analizadores clínicos y diagnósticos,41116004,Reactivos de analizadores químicos,CÓD: CAIXL1 KIT CARDIOIMMUNE XL L1	,2.0,,CLP,1200.0,2400.0,2400.0
1057461-419-SE24,LAB/ SECCIÓN QUÍMICA SECA	,2024-02-22T16:22:39.167,SE,1057461-35-LQ23,Recepción Conforme,7256,SERVICIO DE SALUD DEL MAULE HOSPITAL DE CAUQUENES,61.606.913-6,Cauquenes,Región del Maule ,1535220,ORTHO-CLINICAL DIAGNOSTICS CHILE SPA,76.553.731-2,Las Condes,Región Metropolitana de Santiago,24,41116000,Equipamiento para laboratorios / Instrumentos de medida y experimentación / Reactivos de analizadores clínicos y diagnósticos,41116004,Reactivos de analizadores químicos,CÓD: CAIXL2 KIT CARDIOIMMUNE XL L2	,2.0,,CLP,1200.0,2400.0,2400.0
1057461-419-SE24,LAB/ SECCIÓN QUÍMICA SECA	,2024-02-22T16:22:39.167,SE,1057461-35-LQ23,Recepción Conforme,7256,SERVICIO DE SALUD DEL MAULE HOSPITAL DE CAUQUENES,61.606.913-6,Cauquenes,Región del Maule ,1535220,ORTHO-CLINICAL DIAGNOSTICS CHILE SPA,76.553.731-2,Las Condes,Región Metropolitana de Santiago,25,41116000,Equipamiento para laboratorios / Instrumentos de medida y experimentación / Reactivos de analizadores clínicos y diagnósticos,41116004,Reactivos de analizadores químicos,CÓD: CAIXL3 KIT CARDIOIMMUNE XL L3	,2.0,,CLP,1200.0,2400.0,2400.0
1057461-419-SE24,LAB/ SECCIÓN QUÍMICA SECA	,2024-02-22T16:22:39.167,SE,1057461-35-LQ23,Recepción Conforme,7256,SERVICIO DE SALUD DEL MAULE HOSPITAL DE CAUQUENES,61.606.913-6,Cauquenes,Región del Maule ,1535220,ORTHO-CLINICAL DIAGNOSTICS CHILE SPA,76.553.731-2,Las Condes,Región Metropolitana de Santiago,26,41116000,Equipamiento para laboratorios / Instrumentos de medida y experimentación / Reactivos de analizadores clínicos y diagnósticos,41116004,Reactivos de analizadores químicos,CÓDIGO: 8383051|LOTE 0216-8109| BUBC,4.0,,CLP,74400.0,297600.0,297600.0
1057461-419-SE24,LAB/ SECCIÓN QUÍMICA SECA	,2024-02-22T16:22:39.167,SE,1057461-35-LQ23,Recepción Conforme,7256,SERVICIO DE SALUD DEL MAULE HOSPITAL DE CAUQUENES,61.606.913-6,Cauquenes,Región del Maule ,1535220,ORTHO-CLINICAL DIAGNOSTICS CHILE SPA,76.553.731-2,Las Condes,Región Metropolitana de Santiago,27,41116000,Equipamiento para laboratorios / Instrumentos de medida y experimentación / Reactivos de analizadores clínicos y diagnósticos,41116004,Reactivos de analizadores químicos,"CÓD: 6844294 XT UREA-CREA (300 SLIDE / 600 TEST)
COTIZACIÓN S/N CON FECHA 22/02/2024",6.0,,CLP,74400.0,446400.0,446400.0
1057461-419-SE24,LAB/ SECCIÓN QUÍMICA SECA	,2024-02-22T16:22:39.167,SE,1057461-35-LQ23,Recepción Conforme,7256,SERVICIO DE SALUD DEL MAULE HOSPITAL DE CAUQUENES,61.606.913-6,Cauquenes,Región del Maule ,1535220,ORTHO-CLINICAL DIAGNOSTICS CHILE SPA,76.553.731-2,Las Condes,Región Metropolitana de Santiago,28,41116000,Equipamiento para laboratorios / Instrumentos de medida y experimentación / Reactivos de analizadores clínicos y diagnósticos,41116004,Reactivos de analizadores químicos,CÓD: 8962540 FLUIDO VERIFICADOR 3 TDM PARA DROGAS,1.0,,CLP,1200.0,1200.0,1200.0
1057461-419-SE24,LAB/ SECCIÓN QUÍMICA SECA	,2024-02-22T16:22:39.167,SE,1057461-35-LQ23,Recepción Conforme,7256,SERVICIO DE SALUD DEL MAULE HOSPITAL DE CAUQUENES,61.606.913-6,Cauquenes,Región del Maule ,1535220,ORTHO-CLINICAL DIAGNOSTICS CHILE SPA,76.553.731-2,Las Condes,Región Metropolitana de Santiago,29,41116000,Equipamiento para laboratorios / Instrumentos de medida y experimentación / Reactivos de analizadores clínicos y diagnósticos,41116004,Reactivos de analizadores químicos,CÓD: 1792357 FLUIDO VERIFICADOR 2 TDM PARA DROGAS,1.0,,CLP,1200.0,1200.0,1200.0
1057461-419-SE24,LAB/ SECCIÓN QUÍMICA SECA	,2024-02-22T16:22:39.167,SE,1057461-35-LQ23,Recepción Conforme,7256,SERVICIO DE SALUD DEL MAULE HOSPITAL DE CAUQUENES,61.606.913-6,Cauquenes,Región del Maule ,1535220,ORTHO-CLINICAL DIAGNOSTICS CHILE SPA,76.553.731-2,Las Condes,Región Metropolitana de Santiago,30,41116000,Equipamiento para laboratorios / Instrumentos de medida y experimentación / Reactivos de analizadores clínicos y diagnósticos,41116004,Reactivos de analizadores químicos,CÓD: 8182172 FLUIDO VERIFICADOR 3 TDM PARA DROGAS,1.0,,CLP,1200.0,1200.0,1200.0
1057461-424-SE24,AT/ COJÍN ANTIESCARAS VISCOELÁSTICO.	,2024-02-23T12:05:56.7,SE,1057461-25-LE22,Recepción Conforme,7256,SERVICIO DE SALUD DEL MAULE HOSPITAL DE CAUQUENES,61.606.913-6,Cauquenes,Región del Maule ,22463,ORTOMEDICA LIFANTE S.A,79.785.840-4,Providencia,Región Metropolitana de Santiago,1,42251600,"Equipamiento y suministros médicos / Productos de rehabilitación, terapia ocupacional y física / Equipo y dispositivos para ejercicios de rehabilitación",42251617,Cojines de asiento terapéuticos o accesorios,"COJÍN ANTI-ESCARAS VISCOELASTICO
46 CM DE ANCHO X 45 DE PROFUNDIDAD X 7 CM DE ALTO.",8.0,,CLP,53836.0,430688.0,430688.0
1057461-429-SE24,"LAB/ TAPA TUBO KHAN PLÁSTICO, PUNTAS AZULES.	",2024-02-23T15:05:36.203,SE,1057461-29-LE22,Recepción Conforme,7256,SERVICIO DE SALUD DEL MAULE HOSPITAL DE CAUQUENES,61.606.913-6,Cauquenes,Región del Maule ,38137,Crisvert Limitada,79.591.440-4,Santiago Centro,Región Metropolitana de Santiago,1,40142600,"Equipamiento para el acondicionamiento, distribución y filtrado de fluidos / Control y distribución de líquidos y gases / Conexiones para tuberías",40142607,Tapas de tubo,"TAPA PLÁSTICA TIPO GUSANO PARA TUBO KHAN DE 75 MM.
",2000.0,,CLP,13.0,26000.0,26000.0
1057461-429-SE24,"LAB/ TAPA TUBO KHAN PLÁSTICO, PUNTAS AZULES.	",2024-02-23T15:05:36.203,SE,1057461-29-LE22,Recepción Conforme,7256,SERVICIO DE SALUD DEL MAULE HOSPITAL DE CAUQUENES,61.606.913-6,Cauquenes,Región del Maule ,38137,Crisvert Limitada,79.591.440-4,Santiago Centro,Región Metropolitana de Santiago,2,41121600,Equipamiento para laboratorios / Suministros para laboratorios / Puntas de pipeta,41121607,Puntas de pipeta universales,"PUNTA AMARILLA CON CORONA DE 100 UL.

",2000.0,,CLP,5.0,10000.0,10000.0
1057461-435-SE24,IC/	TAPON CON VALVULA ANTIREFLUJO ,2024-02-26T15:13:51.27,SE,1057461-53-LE23,Recepción Conforme,7256,SERVICIO DE SALUD DEL MAULE HOSPITAL DE CAUQUENES,61.606.913-6,Cauquenes,Región del Maule ,1014164,Sylex Biomédica Spa,76.015.781-3,Quilicura,Región Metropolitana de Santiago,1,42142600,Equipamiento y suministros médicos / Suministros y productos clínicos / Jeringas y accesorios,42142615,Accesorios para jeringas,"TAPA DE OBTURACIÓN DE BISEGURIDAD ANTIRREFLUJO, LUER, LIBRE DE LÁTEX, ESTÉRIL | REQUIERE ENVÍO DE MUESTRA",1000.0,,CLP,475.0,475000.0,475000.0
1057461-436-SE24,"IC/GUANTE QUIRÚRGICO  6.0, 6.1/2,7.0, RECOLECTOR ORINA PEDIATRICO,GEL ULTRASONIDO 250 ML,	LIGADURA  MUESTRA DE SANGRE,APÓSITO TRANSPARENTE 8.5X11.5",2024-02-27T08:56:45.42,SE,1057461-53-LE23,Recepción Conforme,7256,SERVICIO DE SALUD DEL MAULE HOSPITAL DE CAUQUENES,61.606.913-6,Cauquenes,Región del Maule ,24141,MUNNICH PHARMA MEDICAL SPA,80.447.400-5,,,1,42132200,Equipamiento y suministros médicos / Vestuario clínico / Guantes médicos y accesorios,42132205,Guantes quirúrgicos,"GUANTES
QUIRÚRGICOS
ESTÉRILES N°6 1/2
(EQUIVALENTE A
HEALTH PACK
MADEGOM).
",2000.0,,CLP,228.0,456000.0,456000.0
1057461-436-SE24,"IC/GUANTE QUIRÚRGICO  6.0, 6.1/2,7.0, RECOLECTOR ORINA PEDIATRICO,GEL ULTRASONIDO 250 ML,	LIGADURA  MUESTRA DE SANGRE,APÓSITO TRANSPARENTE 8.5X11.5",2024-02-27T08:56:45.42,SE,1057461-53-LE23,Recepción Conforme,7256,SERVICIO DE SALUD DEL MAULE HOSPITAL DE CAUQUENES,61.606.913-6,Cauquenes,Región del Maule ,24141,MUNNICH PHARMA MEDICAL SPA,80.447.400-5,,,2,42132200,Equipamiento y suministros médicos / Vestuario clínico / Guantes médicos y accesorios,42132205,Guantes quirúrgicos,"GUANTES
QUIRÚRGICOS
ESTÉRILES N°7
(EQUIVALENTE A
HEALTH PACK
MADEGOM)",800.0,,CLP,228.0,182400.0,182400.0
1057461-436-SE24,"IC/GUANTE QUIRÚRGICO  6.0, 6.1/2,7.0, RECOLECTOR ORINA PEDIATRICO,GEL ULTRASONIDO 250 ML,	LIGADURA  MUESTRA DE SANGRE,APÓSITO TRANSPARENTE 8.5X11.5",2024-02-27T08:56:45.42,SE,1057461-53-LE23,Recepción Conforme,7256,SERVICIO DE SALUD DEL MAULE HOSPITAL DE CAUQUENES,61.606.913-6,Cauquenes,Región del Maule ,24141,MUNNICH PHARMA MEDICAL SPA,80.447.400-5,,,3,42241600,"Equipamiento y suministros médicos / Productos medicinales para deportes, prostéticos y ortopédicos / Equipos, piezas y accesorios para enyesado",42241604,Yeso vacío,VENDA DE YESO GYPSONA S 20 X 400 CM.,48.0,,CLP,3769.0,180912.0,180912.0
1057461-436-SE24,"IC/GUANTE QUIRÚRGICO  6.0, 6.1/2,7.0, RECOLECTOR ORINA PEDIATRICO,GEL ULTRASONIDO 250 ML,	LIGADURA  MUESTRA DE SANGRE,APÓSITO TRANSPARENTE 8.5X11.5",2024-02-27T08:56:45.42,SE,1057461-53-LE23,Recepción Conforme,7256,SERVICIO DE SALUD DEL MAULE HOSPITAL DE CAUQUENES,61.606.913-6,Cauquenes,Región del Maule ,24141,MUNNICH PHARMA MEDICAL SPA,80.447.400-5,,,4,27111500,"Herramientas y maquinaria en general / Herramientas manuales / Herramientas de corte, estaje y punzones",27111502,Cuchillos de afeitar,"REPUESTO CUCHILLA
RASURADORA
QUIRÚRGICA
COMPATIBLE CON
RASURADORA 3M
CÓDIGO DE
REFERENCIA MODELO
9681 (EQUIVALENTE A
3M) | REQUIERE
ENVÍO DE MUESTRA",100.0,,CLP,2141.0,214100.0,214100.0
1057461-436-SE24,"IC/GUANTE QUIRÚRGICO  6.0, 6.1/2,7.0, RECOLECTOR ORINA PEDIATRICO,GEL ULTRASONIDO 250 ML,	LIGADURA  MUESTRA DE SANGRE,APÓSITO TRANSPARENTE 8.5X11.5",2024-02-27T08:56:45.42,SE,1057461-53-LE23,Recepción Conforme,7256,SERVICIO DE SALUD DEL MAULE HOSPITAL DE CAUQUENES,61.606.913-6,Cauquenes,Región del Maule ,24141,MUNNICH PHARMA MEDICAL SPA,80.447.400-5,,,5,42132200,Equipamiento y suministros médicos / Vestuario clínico / Guantes médicos y accesorios,42132205,Guantes quirúrgicos,GUANTES QUIRÚRGICOS ESTÉRILES N°6 (EQUIVALENTE A HEALTH PACK MADEGOM).,200.0,,CLP,228.0,45600.0,45600.0
1057461-436-SE24,"IC/GUANTE QUIRÚRGICO  6.0, 6.1/2,7.0, RECOLECTOR ORINA PEDIATRICO,GEL ULTRASONIDO 250 ML,	LIGADURA  MUESTRA DE SANGRE,APÓSITO TRANSPARENTE 8.5X11.5",2024-02-27T08:56:45.42,SE,1057461-53-LE23,Recepción Conforme,7256,SERVICIO DE SALUD DEL MAULE HOSPITAL DE CAUQUENES,61.606.913-6,Cauquenes,Región del Maule ,24141,MUNNICH PHARMA MEDICAL SPA,80.447.400-5,,,6,42142700,Equipamiento y suministros médicos / Suministros y productos clínicos / Suministros urológicos,42142704,Sacos o medidores de drenaje urinario,RECOLECTOR DE ORINA PEDIÁTRICO 100 ML (PARA TOMA DE EXAMEN). FAVOR REMITIRSE A LAS BASES PARA OBTENER LA DESCRIPCIÓN COMPLETA DEL INSUMO,200.0,,CLP,44.21,8842.0,8842.0
1057461-436-SE24,"IC/GUANTE QUIRÚRGICO  6.0, 6.1/2,7.0, RECOLECTOR ORINA PEDIATRICO,GEL ULTRASONIDO 250 ML,	LIGADURA  MUESTRA DE SANGRE,APÓSITO TRANSPARENTE 8.5X11.5",2024-02-27T08:56:45.42,SE,1057461-53-LE23,Recepción Conforme,7256,SERVICIO DE SALUD DEL MAULE HOSPITAL DE CAUQUENES,61.606.913-6,Cauquenes,Región del Maule ,24141,MUNNICH PHARMA MEDICAL SPA,80.447.400-5,,,7,42201700,"Equipamiento y suministros médicos / Productos para imágenes y de medicina nuclear / Artículos para imágenes de ultrasonido, doppler y eco",42201708,Gelatinas médicas de ultrasonido o doppler o eco,GEL CONDUCTOR PARA ULTRASONIDO. FRASCO DE 250 ML DE GEL TRANSPARENTE CELESTE,25.0,,CLP,1541.0,38525.0,38525.0
1057461-436-SE24,"IC/GUANTE QUIRÚRGICO  6.0, 6.1/2,7.0, RECOLECTOR ORINA PEDIATRICO,GEL ULTRASONIDO 250 ML,	LIGADURA  MUESTRA DE SANGRE,APÓSITO TRANSPARENTE 8.5X11.5",2024-02-27T08:56:45.42,SE,1057461-53-LE23,Recepción Conforme,7256,SERVICIO DE SALUD DEL MAULE HOSPITAL DE CAUQUENES,61.606.913-6,Cauquenes,Región del Maule ,24141,MUNNICH PHARMA MEDICAL SPA,80.447.400-5,,,8,41104100,Equipamiento para laboratorios / Equipos e insumos para laboratorio / Contenedores para especímenes de laboratorio,41104109,Bolsas de recogida de unidades sanguíneas,"LIGADURA PARA TOMA DE MUESTRAS SANGUÍNEAS, SUAVE Y TEXTURIZA, LIBRE DE LÁTEX | REQUIERE ENVÍO DE MUESTRA.",200.0,,CLP,416.0,83200.0,83200.0
1057461-436-SE24,"IC/GUANTE QUIRÚRGICO  6.0, 6.1/2,7.0, RECOLECTOR ORINA PEDIATRICO,GEL ULTRASONIDO 250 ML,	LIGADURA  MUESTRA DE SANGRE,APÓSITO TRANSPARENTE 8.5X11.5",2024-02-27T08:56:45.42,SE,1057461-53-LE23,Recepción Conforme,7256,SERVICIO DE SALUD DEL MAULE HOSPITAL DE CAUQUENES,61.606.913-6,Cauquenes,Región del Maule ,24141,MUNNICH PHARMA MEDICAL SPA,80.447.400-5,,,9,42221800,Equipamiento y suministros médicos / Productos administrados por vía intravenosa y arterial / Aparatos para posicionar agujas y catéteres intravenosos o arteriales,42221803,"Cintas, vendaje, correas o puños para posicionar e",APÓSITO TRANSPARENTE DE SUJECIÓN AVANZADO (CHG) PARA CATÉTER VENOSO CENTRAL CON ALMOHADILLA DE GEL DE CLOREXHIDINA DE LIBERACIÓN PROLONGADA 8.5 X 11.5 CM (EQUIVALENTE A 3M) | REQUIERE ENVÍO DE MUESTRA.,125.0,,CLP,5641.0,705125.0,705125.0
1057461-438-SE24,"IC/SABANA CUBRE CAMILLA DESECHABLE, ESTILETE DE INTUBACIÓN ENDOTRAQUEAL 12 FR.",2024-02-27T11:58:23.413,SE,1057461-53-LE23,Recepción Conforme,7256,SERVICIO DE SALUD DEL MAULE HOSPITAL DE CAUQUENES,61.606.913-6,Cauquenes,Región del Maule ,45211,INMED DROGUERIA LTDA.,86.821.000-1,Renca,Región Metropolitana de Santiago,1,42132100,Equipamiento y suministros médicos / Vestuario clínico / Ropa de hospital,42132105,Sábanas de hospital,"SABANA DESECHABLE CUBRE CAMILLA, MATERIAL SMS, MEDIDAS 100 X 240 (EQUIVALENTE A SURGICALL).",400.0,,CLP,690.0,276000.0,276000.0
1057461-438-SE24,"IC/SABANA CUBRE CAMILLA DESECHABLE, ESTILETE DE INTUBACIÓN ENDOTRAQUEAL 12 FR.",2024-02-27T11:58:23.413,SE,1057461-53-LE23,Recepción Conforme,7256,SERVICIO DE SALUD DEL MAULE HOSPITAL DE CAUQUENES,61.606.913-6,Cauquenes,Región del Maule ,45211,INMED DROGUERIA LTDA.,86.821.000-1,Renca,Región Metropolitana de Santiago,2,42272000,"Equipamiento y suministros médicos / Productos de resucitación, anestesia y respiratorios / Suministros de intubación",42272004,Estiletes de intubación,ESTILETE DE INTUBACIÓN ENDOTRAQUEAL 12 FR. ESTÉRIL Y LIBRE DE LÁTEX,20.0,,CLP,2850.0,57000.0,57000.0
1057461-439-SE24,"IC/ SONDAS, SET DE SUCCIÓN TRAQUEAL",2024-02-27T12:16:43.56,SE,1057461-53-LE23,Recepción Conforme,7256,SERVICIO DE SALUD DEL MAULE HOSPITAL DE CAUQUENES,61.606.913-6,Cauquenes,Región del Maule ,39998,DROGUERIA HOFMANN SAC,92.288.000-k,Renca,Región Metropolitana de Santiago,1,42293600,"Equipamiento y suministros médicos / Productos quirúrgicos / Bougies quirúrgicos, sondas, obturadores y productos relacionados",42293603,Sondas quirúrgicas,"SONDA FOLEY LÁTEX SILICONADA DE 2 VÍAS, CALIBRE 18 FR CON BALÓN Y PUNTA REDONDEADA. ESTÉRIL.",60.0,,CLP,395.0,23700.0,23700.0
1057461-439-SE24,"IC/ SONDAS, SET DE SUCCIÓN TRAQUEAL",2024-02-27T12:16:43.56,SE,1057461-53-LE23,Recepción Conforme,7256,SERVICIO DE SALUD DEL MAULE HOSPITAL DE CAUQUENES,61.606.913-6,Cauquenes,Región del Maule ,39998,DROGUERIA HOFMANN SAC,92.288.000-k,Renca,Región Metropolitana de Santiago,2,42293600,"Equipamiento y suministros médicos / Productos quirúrgicos / Bougies quirúrgicos, sondas, obturadores y productos relacionados",42293603,Sondas quirúrgicas,"	SONDA NELATON CALIBRE 24 FR. PUNTA REDONDEADA Y DOS ORIFICIOS LATERALES. DESECHABLE, ESTÉRIL Y LIBRE DE LÁTEX",50.0,,CLP,108.0,5400.0,5400.0
1057461-439-SE24,"IC/ SONDAS, SET DE SUCCIÓN TRAQUEAL",2024-02-27T12:16:43.56,SE,1057461-53-LE23,Recepción Conforme,7256,SERVICIO DE SALUD DEL MAULE HOSPITAL DE CAUQUENES,61.606.913-6,Cauquenes,Región del Maule ,39998,DROGUERIA HOFMANN SAC,92.288.000-k,Renca,Región Metropolitana de Santiago,3,42293600,"Equipamiento y suministros médicos / Productos quirúrgicos / Bougies quirúrgicos, sondas, obturadores y productos relacionados",42293603,Sondas quirúrgicas,"SONDA FOLEY LÁTEX SILICONADA DE 2 VÍAS, CALIBRE 12 FR CON BALÓN Y PUNTA REDONDEADA. ESTÉRIL",30.0,,CLP,395.0,11850.0,11850.0
1057461-439-SE24,"IC/ SONDAS, SET DE SUCCIÓN TRAQUEAL",2024-02-27T12:16:43.56,SE,1057461-53-LE23,Recepción Conforme,7256,SERVICIO DE SALUD DEL MAULE HOSPITAL DE CAUQUENES,61.606.913-6,Cauquenes,Región del Maule ,39998,DROGUERIA HOFMANN SAC,92.288.000-k,Renca,Región Metropolitana de Santiago,4,42171800,Equipamiento y suministros médicos / Artículos médicos para urgencias y atención en terreno / Productos médicos de urgencia para respiración artificial,42171804,Equipos de cricotirotomía o tubos traqueal de serv,KIT DE TOMA DE MUESTRA TRAQUEAL 10 ML,100.0,,CLP,1320.0,132000.0,132000.0
1057461-444-SE24,"IC/ CANULA MAYO GUEDEL N 00, PAPEL CRONOMÉTRICO EN Z, ESTILETE DE INTUBACIÓN ENDOTRAQUEAL, SONDA FOLEY DE 3 VÍAS CALIBRE 18 FR",2024-02-27T14:53:45.423,SE,1057461-53-LE23,Recepción Conforme,7256,SERVICIO DE SALUD DEL MAULE HOSPITAL DE CAUQUENES,61.606.913-6,Cauquenes,Región del Maule ,25418,INTERNATIONAL CLINICS S A,88.900.200-k,Huechuraba,Región Metropolitana de Santiago,1,42271900,"Equipamiento y suministros médicos / Productos de resucitación, anestesia y respiratorios / Productos para el manejo de la vía aérea",42271901,Cánula faríngea para vía aérea,CÁNULA MAYO GUEDEL. TAMAÑO N°00 (40 MM). CUERPO Y BOQUILLA DE POLIETILENO DE BAJA DENSIDAD (LDPE). ESTÉRIL Y LIBRE DE LÁTEX.,10.0,,CLP,250.0,2500.0,2500.0
1057461-444-SE24,"IC/ CANULA MAYO GUEDEL N 00, PAPEL CRONOMÉTRICO EN Z, ESTILETE DE INTUBACIÓN ENDOTRAQUEAL, SONDA FOLEY DE 3 VÍAS CALIBRE 18 FR",2024-02-27T14:53:45.423,SE,1057461-53-LE23,Recepción Conforme,7256,SERVICIO DE SALUD DEL MAULE HOSPITAL DE CAUQUENES,61.606.913-6,Cauquenes,Región del Maule ,25418,INTERNATIONAL CLINICS S A,88.900.200-k,Huechuraba,Región Metropolitana de Santiago,2,42272000,"Equipamiento y suministros médicos / Productos de resucitación, anestesia y respiratorios / Suministros de intubación",42272004,Estiletes de intubación,ESTILETE DE INTUBACIÓN ENDOTRAQUEAL 10 FR. ESTÉRIL Y LIBRE DE LÁTEX.,20.0,,CLP,1400.0,28000.0,28000.0
1057461-444-SE24,"IC/ CANULA MAYO GUEDEL N 00, PAPEL CRONOMÉTRICO EN Z, ESTILETE DE INTUBACIÓN ENDOTRAQUEAL, SONDA FOLEY DE 3 VÍAS CALIBRE 18 FR",2024-02-27T14:53:45.423,SE,1057461-53-LE23,Recepción Conforme,7256,SERVICIO DE SALUD DEL MAULE HOSPITAL DE CAUQUENES,61.606.913-6,Cauquenes,Región del Maule ,25418,INTERNATIONAL CLINICS S A,88.900.200-k,Huechuraba,Región Metropolitana de Santiago,3,42182300,Equipamiento y suministros médicos / Productos para exámenes y control de pacientes / Productos para examen neurológico,42182314,Papel de registro de EEG,PAPEL CRONOMÉTRICO EN Z 30240. 152X90X150 (EQUIVALENTE A LESSA).,50.0,,CLP,1850.0,92500.0,92500.0
1057461-444-SE24,"IC/ CANULA MAYO GUEDEL N 00, PAPEL CRONOMÉTRICO EN Z, ESTILETE DE INTUBACIÓN ENDOTRAQUEAL, SONDA FOLEY DE 3 VÍAS CALIBRE 18 FR",2024-02-27T14:53:45.423,SE,1057461-53-LE23,Recepción Conforme,7256,SERVICIO DE SALUD DEL MAULE HOSPITAL DE CAUQUENES,61.606.913-6,Cauquenes,Región del Maule ,25418,INTERNATIONAL CLINICS S A,88.900.200-k,Huechuraba,Región Metropolitana de Santiago,4,42293600,"Equipamiento y suministros médicos / Productos quirúrgicos / Bougies quirúrgicos, sondas, obturadores y productos relacionados",42293603,Sondas quirúrgicas,"SONDA FOLEY DE 3 VÍAS CALIBRE 18 FR, CON BALÓN, PUNTA REDONDEADA, ESTÉRIL.",30.0,,CLP,1200.0,36000.0,36000.0
1057461-446-SE24,IE/INTEGRADOR CLASE 5,2024-02-27T15:56:37.05,SE,1057461-60-LE23,Recepción Conforme,7256,SERVICIO DE SALUD DEL MAULE HOSPITAL DE CAUQUENES,61.606.913-6,Cauquenes,Región del Maule ,27380,TECNIKA S A,96.625.950-7,Pudahuel,Región Metropolitana de Santiago,1,42281800,Equipamiento y suministros médicos / Productos para la esterilización médica / Controles e indicadores de esterilización,42281808,Papeles u hojas de esterilización,"Control químico tira, caja de 100 tiras. Medidas: ancho 1,9 cm. largo 5,1 cm. Equivalente attest 3M.",1000.0,,CLP,122.0,122000.0,122000.0
1057461-448-SE24,IC/ SONDA FOLLEY 10FR,2024-02-28T09:06:14.34,SE,1057461-53-LE23,Recepción Conforme,7256,SERVICIO DE SALUD DEL MAULE HOSPITAL DE CAUQUENES,61.606.913-6,Cauquenes,Región del Maule ,1520513,BIOHEIS SPA,76.532.722-9,Puente Alto,Región Metropolitana de Santiago,1,42293600,"Equipamiento y suministros médicos / Productos quirúrgicos / Bougies quirúrgicos, sondas, obturadores y productos relacionados",42293603,Sondas quirúrgicas,"SONDA FOLEY 100% SILICONADA DE 2 VÍAS, CALIBRE 10 FR CON BALÓN Y PUNTA REDONDEADA. ESTÉRIL Y LIBRE DE LÁTEX.",50.0,,CLP,2200.0,110000.0,110000.0
1057461-459-SE24,BE/FUNDACIÓN VIDA NUEVA MES DE DICIEMBRE 2023,2024-02-28T12:42:06.547,SE,1057461-35-LE22,Recepción Conforme,7256,SERVICIO DE SALUD DEL MAULE HOSPITAL DE CAUQUENES,61.606.913-6,Cauquenes,Región del Maule ,1439170,los socios spa,65.118.503-3,Santiago,Región Metropolitana de Santiago,1,85101500,"Salud, servicios sanitarios y alimentación / Servicios para el cuidado de la salud de las personas / Ambulatorios",85101504,Servicios de hospitales psiquiátricos,"Ingresar valor diario del servicio otorgado: COMPRA CUPO DE RESIDENCIA PROTEGIDA PARA PACIENTE SALUD MENTAL HOSPITAL DE CAUQUENES.SUBIR ANEXO N°4 ""PROPUESTA ECONÓMICA"" ",31.0,,CLP,23864.0,739784.0,739784.0
1057461-87-AG24,BE/ CARRO DE TRANSPORTE SERVICIO URGENCIAS,2024-01-11T11:40:03.8,AG,,Recepción Conforme,7256,SERVICIO DE SALUD DEL MAULE HOSPITAL DE CAUQUENES,61.606.913-6,Cauquenes,Región del Maule ,1772884,SOCIEDAD IMPORTADORA Y COMERCIALIZADORA MEBAC LIMITADA,77.359.651-4,Ñuñoa,Región Metropolitana de Santiago,1,42192400,Equipamiento y suministros médicos / Equipamiento para instalaciones médicas / Transporte de equipo médico y traslado de productos,42192404,Carros médicos o accesorios,"Carro uso hospitalario , Material de ABS y plástico PP, Dimensiones 71 cm x 45cm x 92cm
Superficie de trabajo 55 cm x 39 cm aproximadamente, Peso aproximado 9 kg
Capacidad de carga por piso 8kg, Superficie lavable
Se solicita adjuntar cotización formal para ser evaluada por ente técnico. 
Se adjunta imagen referencial ",1.0,,CLP,168068.0,168068.0,0.0
1057472-1008-SE24,INSUMOS CLINICOS FEBRERO,2024-02-01T11:21:21.36,SE,1057472-26-LR22,Recepción Conforme,1379869,HOSPITAL CLINICO METROPOLITANO EL CARMEN DOCTOR LUIS VALENTIN FERRADA,61.980.320-5,Maipú,Región Metropolitana de Santiago,27380,TECNIKA S A,96.625.950-7,Pudahuel,Región Metropolitana de Santiago,1,42132200,Equipamiento y suministros médicos / Vestuario clínico / Guantes médicos y accesorios,42132203,Guantes médicos de examen o para usos no quirúrgic,"7000685	Guante Nitrilo talla M
",400000.0,,CLP,25.0,10000000.0,10000000.0
1057472-1008-SE24,INSUMOS CLINICOS FEBRERO,2024-02-01T11:21:21.36,SE,1057472-26-LR22,Recepción Conforme,1379869,HOSPITAL CLINICO METROPOLITANO EL CARMEN DOCTOR LUIS VALENTIN FERRADA,61.980.320-5,Maipú,Región Metropolitana de Santiago,27380,TECNIKA S A,96.625.950-7,Pudahuel,Región Metropolitana de Santiago,2,42132200,Equipamiento y suministros médicos / Vestuario clínico / Guantes médicos y accesorios,42132203,Guantes médicos de examen o para usos no quirúrgic,7000684	Guante Nitrilo talla S,400000.0,,CLP,25.0,10000000.0,10000000.0
1057472-1008-SE24,INSUMOS CLINICOS FEBRERO,2024-02-01T11:21:21.36,SE,1057472-26-LR22,Recepción Conforme,1379869,HOSPITAL CLINICO METROPOLITANO EL CARMEN DOCTOR LUIS VALENTIN FERRADA,61.980.320-5,Maipú,Región Metropolitana de Santiago,27380,TECNIKA S A,96.625.950-7,Pudahuel,Región Metropolitana de Santiago,3,42132200,Equipamiento y suministros médicos / Vestuario clínico / Guantes médicos y accesorios,42132203,Guantes médicos de examen o para usos no quirúrgic,"7000687	Guante Nitrilo talla L
",250000.0,,CLP,25.0,6250000.0,6250000.0
1057472-1013-SE24,ORDEN DE COMPRA DESDE 1057472-44-LR22,2024-02-01T12:54:55.743,SE,1057472-44-LR22,Recepción Conforme,1379869,HOSPITAL CLINICO METROPOLITANO EL CARMEN DOCTOR LUIS VALENTIN FERRADA,61.980.320-5,Maipú,Región Metropolitana de Santiago,33139,BIOMERIEUX CHILE SPA,96.659.920-0,Providencia,Región Metropolitana de Santiago,1,41116000,Equipamiento para laboratorios / Instrumentos de medida y experimentación / Reactivos de analizadores clínicos y diagnósticos,41116011,Reactivos de analizadores microbiológicos,Determinación de Toxina A&B,60.0,,CLP,8070.0,484200.0,484200.0
1057472-1013-SE24,ORDEN DE COMPRA DESDE 1057472-44-LR22,2024-02-01T12:54:55.743,SE,1057472-44-LR22,Recepción Conforme,1379869,HOSPITAL CLINICO METROPOLITANO EL CARMEN DOCTOR LUIS VALENTIN FERRADA,61.980.320-5,Maipú,Región Metropolitana de Santiago,33139,BIOMERIEUX CHILE SPA,96.659.920-0,Providencia,Región Metropolitana de Santiago,2,41116000,Equipamiento para laboratorios / Instrumentos de medida y experimentación / Reactivos de analizadores clínicos y diagnósticos,41116011,Reactivos de analizadores microbiológicos,Determinación sensibilidad Gram positivo,400.0,,CLP,5396.0,2158400.0,2158400.0
1057472-1013-SE24,ORDEN DE COMPRA DESDE 1057472-44-LR22,2024-02-01T12:54:55.743,SE,1057472-44-LR22,Recepción Conforme,1379869,HOSPITAL CLINICO METROPOLITANO EL CARMEN DOCTOR LUIS VALENTIN FERRADA,61.980.320-5,Maipú,Región Metropolitana de Santiago,33139,BIOMERIEUX CHILE SPA,96.659.920-0,Providencia,Región Metropolitana de Santiago,3,41116000,Equipamiento para laboratorios / Instrumentos de medida y experimentación / Reactivos de analizadores clínicos y diagnósticos,41116011,Reactivos de analizadores microbiológicos,Hemocultivo aeróbico pediátrico,100.0,,CLP,5396.0,539600.0,539600.0
1057472-1013-SE24,ORDEN DE COMPRA DESDE 1057472-44-LR22,2024-02-01T12:54:55.743,SE,1057472-44-LR22,Recepción Conforme,1379869,HOSPITAL CLINICO METROPOLITANO EL CARMEN DOCTOR LUIS VALENTIN FERRADA,61.980.320-5,Maipú,Región Metropolitana de Santiago,33139,BIOMERIEUX CHILE SPA,96.659.920-0,Providencia,Región Metropolitana de Santiago,4,41116000,Equipamiento para laboratorios / Instrumentos de medida y experimentación / Reactivos de analizadores clínicos y diagnósticos,41116011,Reactivos de analizadores microbiológicos,Determinación de GDH,120.0,,CLP,8070.0,968400.0,968400.0
1057472-1013-SE24,ORDEN DE COMPRA DESDE 1057472-44-LR22,2024-02-01T12:54:55.743,SE,1057472-44-LR22,Recepción Conforme,1379869,HOSPITAL CLINICO METROPOLITANO EL CARMEN DOCTOR LUIS VALENTIN FERRADA,61.980.320-5,Maipú,Región Metropolitana de Santiago,33139,BIOMERIEUX CHILE SPA,96.659.920-0,Providencia,Región Metropolitana de Santiago,5,41116000,Equipamiento para laboratorios / Instrumentos de medida y experimentación / Reactivos de analizadores clínicos y diagnósticos,41116011,Reactivos de analizadores microbiológicos,"Hemocultivo aeróbico adulto





Determinación de Tox",700.0,,CLP,5396.0,3777200.0,3777200.0
1057472-1013-SE24,ORDEN DE COMPRA DESDE 1057472-44-LR22,2024-02-01T12:54:55.743,SE,1057472-44-LR22,Recepción Conforme,1379869,HOSPITAL CLINICO METROPOLITANO EL CARMEN DOCTOR LUIS VALENTIN FERRADA,61.980.320-5,Maipú,Región Metropolitana de Santiago,33139,BIOMERIEUX CHILE SPA,96.659.920-0,Providencia,Región Metropolitana de Santiago,6,41116000,Equipamiento para laboratorios / Instrumentos de medida y experimentación / Reactivos de analizadores clínicos y diagnósticos,41116011,Reactivos de analizadores microbiológicos,Determinación sensibilidad Gram negativo,1200.0,,CLP,5396.0,6475200.0,6475200.0
1057472-1013-SE24,ORDEN DE COMPRA DESDE 1057472-44-LR22,2024-02-01T12:54:55.743,SE,1057472-44-LR22,Recepción Conforme,1379869,HOSPITAL CLINICO METROPOLITANO EL CARMEN DOCTOR LUIS VALENTIN FERRADA,61.980.320-5,Maipú,Región Metropolitana de Santiago,33139,BIOMERIEUX CHILE SPA,96.659.920-0,Providencia,Región Metropolitana de Santiago,7,41116000,Equipamiento para laboratorios / Instrumentos de medida y experimentación / Reactivos de analizadores clínicos y diagnósticos,41116011,Reactivos de analizadores microbiológicos,Hemocultivo anaeróbico,300.0,,CLP,5396.0,1618800.0,1618800.0
1057472-1189-SE24,INSUMOS CLINICOS FEBRERO,2024-02-06T10:34:20.923,SE,1057472-13-LP21,Recepción Conforme,1379869,HOSPITAL CLINICO METROPOLITANO EL CARMEN DOCTOR LUIS VALENTIN FERRADA,61.980.320-5,Maipú,Región Metropolitana de Santiago,47740,B BRAUN MEDICAL SPA,96.756.540-7,San Bernardo,Región Metropolitana de Santiago,1,42142500,Equipamiento y suministros médicos / Suministros y productos clínicos / Agujas clínicas,42142520,Punzones dispensadores,"7001952	 TRANSOFIX
",1000.0,,CLP,198.0,198000.0,198000.0
1057472-1195-SE24,INSUMOS CLINICOS FEBRERO,2024-02-06T10:53:47.667,SE,1057472-153-LP22,Recepción Conforme,1379869,HOSPITAL CLINICO METROPOLITANO EL CARMEN DOCTOR LUIS VALENTIN FERRADA,61.980.320-5,Maipú,Región Metropolitana de Santiago,65382,BLUNDING S.A.,79.744.580-0,Macul,Región Metropolitana de Santiago,1,42312500,Equipamiento y suministros médicos / Productos para el cuidado de heridas / Productos para sujeción de heridas,42312502,Fajas de sujeción abdominal,"7000349 Contención tronco con llave magnética Contención tronco con llave magnética, cinturón de tronco para contención con correas de fijación y llaves magnéticas lavables
",10.0,,CLP,95000.0,950000.0,950000.0
1057472-1195-SE24,INSUMOS CLINICOS FEBRERO,2024-02-06T10:53:47.667,SE,1057472-153-LP22,Recepción Conforme,1379869,HOSPITAL CLINICO METROPOLITANO EL CARMEN DOCTOR LUIS VALENTIN FERRADA,61.980.320-5,Maipú,Región Metropolitana de Santiago,65382,BLUNDING S.A.,79.744.580-0,Macul,Región Metropolitana de Santiago,2,42312500,Equipamiento y suministros médicos / Productos para el cuidado de heridas / Productos para sujeción de heridas,42312502,Fajas de sujeción abdominal,"7000354 Faja post operatoria L Faja post operatoria, talla L, confeccionada en elástico de 3 bandas de alta resistencia más velour laminado en la zona de la incisión.
",40.0,,CLP,7990.0,319600.0,319600.0
1057472-1195-SE24,INSUMOS CLINICOS FEBRERO,2024-02-06T10:53:47.667,SE,1057472-153-LP22,Recepción Conforme,1379869,HOSPITAL CLINICO METROPOLITANO EL CARMEN DOCTOR LUIS VALENTIN FERRADA,61.980.320-5,Maipú,Región Metropolitana de Santiago,65382,BLUNDING S.A.,79.744.580-0,Macul,Región Metropolitana de Santiago,3,42312500,Equipamiento y suministros médicos / Productos para el cuidado de heridas / Productos para sujeción de heridas,42312502,Fajas de sujeción abdominal,"7000355 Faja post operatoria M Faja post operatoria, talla M, confeccionada en elástico de 3 bandas de alta resistencia más velour laminado en la zona de la incisión
",20.0,,CLP,7990.0,159800.0,159800.0
1057472-1195-SE24,INSUMOS CLINICOS FEBRERO,2024-02-06T10:53:47.667,SE,1057472-153-LP22,Recepción Conforme,1379869,HOSPITAL CLINICO METROPOLITANO EL CARMEN DOCTOR LUIS VALENTIN FERRADA,61.980.320-5,Maipú,Región Metropolitana de Santiago,65382,BLUNDING S.A.,79.744.580-0,Macul,Región Metropolitana de Santiago,4,42312500,Equipamiento y suministros médicos / Productos para el cuidado de heridas / Productos para sujeción de heridas,42312502,Fajas de sujeción abdominal," 7000356 Faja post operatoria S Faja post operatoria, talla S, confeccionada en elástico de 3 bandas de alta resistencia más velour laminado en la zona de la incisión.
",40.0,,CLP,7990.0,319600.0,319600.0
1057472-1195-SE24,INSUMOS CLINICOS FEBRERO,2024-02-06T10:53:47.667,SE,1057472-153-LP22,Recepción Conforme,1379869,HOSPITAL CLINICO METROPOLITANO EL CARMEN DOCTOR LUIS VALENTIN FERRADA,61.980.320-5,Maipú,Región Metropolitana de Santiago,65382,BLUNDING S.A.,79.744.580-0,Macul,Región Metropolitana de Santiago,5,42312500,Equipamiento y suministros médicos / Productos para el cuidado de heridas / Productos para sujeción de heridas,42312502,Fajas de sujeción abdominal,"7000247 Faja colostomía 4 bandas S Faja de 4 bandas talla S fabricada en elástico afelpado de calidad. Con abertura para acceder fácilmente a la estoma y a la bolsa de colostomía. Ajustable con el sistema de cierre velcro. Libre de látex-
",15.0,,CLP,13900.0,208500.0,208500.0
1057472-1195-SE24,INSUMOS CLINICOS FEBRERO,2024-02-06T10:53:47.667,SE,1057472-153-LP22,Recepción Conforme,1379869,HOSPITAL CLINICO METROPOLITANO EL CARMEN DOCTOR LUIS VALENTIN FERRADA,61.980.320-5,Maipú,Región Metropolitana de Santiago,65382,BLUNDING S.A.,79.744.580-0,Macul,Región Metropolitana de Santiago,6,42312500,Equipamiento y suministros médicos / Productos para el cuidado de heridas / Productos para sujeción de heridas,42312502,Fajas de sujeción abdominal," 7000248 Faja colostomía 4 bandas M Faja de 4 bandas talla M fabricada en elástico afelpado de calidad. Con abertura para acceder fácilmente a la estoma y a la bolsa de colostomía. Ajustable con el sistema de cierre velcro. Libre de látex.
",15.0,,CLP,13900.0,208500.0,208500.0
1057472-1195-SE24,INSUMOS CLINICOS FEBRERO,2024-02-06T10:53:47.667,SE,1057472-153-LP22,Recepción Conforme,1379869,HOSPITAL CLINICO METROPOLITANO EL CARMEN DOCTOR LUIS VALENTIN FERRADA,61.980.320-5,Maipú,Región Metropolitana de Santiago,65382,BLUNDING S.A.,79.744.580-0,Macul,Región Metropolitana de Santiago,7,42312500,Equipamiento y suministros médicos / Productos para el cuidado de heridas / Productos para sujeción de heridas,42312502,Fajas de sujeción abdominal,"7000346 Contención extremidades adulto Inmovilizador de extremidades adulto: confeccionado en velour laminado, cara externa velour, intermedio acolchado esponja, cara interna algodón, cintas de amarre, cierre velcro, medida al menos 1 metro por cada cinta
",800.0,,CLP,1200.0,960000.0,960000.0
1057472-1195-SE24,INSUMOS CLINICOS FEBRERO,2024-02-06T10:53:47.667,SE,1057472-153-LP22,Recepción Conforme,1379869,HOSPITAL CLINICO METROPOLITANO EL CARMEN DOCTOR LUIS VALENTIN FERRADA,61.980.320-5,Maipú,Región Metropolitana de Santiago,65382,BLUNDING S.A.,79.744.580-0,Macul,Región Metropolitana de Santiago,8,42312500,Equipamiento y suministros médicos / Productos para el cuidado de heridas / Productos para sujeción de heridas,42312502,Fajas de sujeción abdominal,"7000249 Faja colostomía 4 bandas L Faja de 4 bandas talla L fabricada en elástico afelpado de calidad. Con abertura para acceder fácilmente a la estoma y a la bolsa de colostomía. Ajustable con el sistema de cierre velcro. Libre de látex.
",15.0,,CLP,13900.0,208500.0,208500.0
1057472-1195-SE24,INSUMOS CLINICOS FEBRERO,2024-02-06T10:53:47.667,SE,1057472-153-LP22,Recepción Conforme,1379869,HOSPITAL CLINICO METROPOLITANO EL CARMEN DOCTOR LUIS VALENTIN FERRADA,61.980.320-5,Maipú,Región Metropolitana de Santiago,65382,BLUNDING S.A.,79.744.580-0,Macul,Región Metropolitana de Santiago,9,42312500,Equipamiento y suministros médicos / Productos para el cuidado de heridas / Productos para sujeción de heridas,42312502,Fajas de sujeción abdominal,"7000347 Contención extremidades pediátrico Inmovilizador de extremidades pediátricos: confeccionado en velour laminado, cara externa velour, intermedio acolchado esponja, cara interna algodón, cintas de amarre, cierre velcro.
",20.0,,CLP,1200.0,24000.0,24000.0
1057472-12279-SE23,ORDEN DE COMPRA DESDE 1057472-11-LQ22,2023-12-27T09:33:00.297,SE,1057472-11-LQ22,Recepción Conforme,1379869,HOSPITAL CLINICO METROPOLITANO EL CARMEN DOCTOR LUIS VALENTIN FERRADA,61.980.320-5,Maipú,Región Metropolitana de Santiago,33139,BIOMERIEUX CHILE SPA,96.659.920-0,Providencia,Región Metropolitana de Santiago,1,41116100,"Equipamiento para laboratorios / Instrumentos de medida y experimentación / Kits para ensayos manuales, controles de calidad, calibradores y normativas",41116130,"Reactivos, soluciones o tinturas microbiológicos o bacteriológicos",AGAR SELECTIVO BLEE,20.0,,CLP,2402.0,48040.0,48040.0
1057472-12279-SE23,ORDEN DE COMPRA DESDE 1057472-11-LQ22,2023-12-27T09:33:00.297,SE,1057472-11-LQ22,Recepción Conforme,1379869,HOSPITAL CLINICO METROPOLITANO EL CARMEN DOCTOR LUIS VALENTIN FERRADA,61.980.320-5,Maipú,Región Metropolitana de Santiago,33139,BIOMERIEUX CHILE SPA,96.659.920-0,Providencia,Región Metropolitana de Santiago,2,41116100,"Equipamiento para laboratorios / Instrumentos de medida y experimentación / Kits para ensayos manuales, controles de calidad, calibradores y normativas",41116130,"Reactivos, soluciones o tinturas microbiológicos o bacteriológicos",Agar HTM,40.0,,CLP,1237.0,49480.0,49480.0
1057472-12279-SE23,ORDEN DE COMPRA DESDE 1057472-11-LQ22,2023-12-27T09:33:00.297,SE,1057472-11-LQ22,Recepción Conforme,1379869,HOSPITAL CLINICO METROPOLITANO EL CARMEN DOCTOR LUIS VALENTIN FERRADA,61.980.320-5,Maipú,Región Metropolitana de Santiago,33139,BIOMERIEUX CHILE SPA,96.659.920-0,Providencia,Región Metropolitana de Santiago,3,41116100,"Equipamiento para laboratorios / Instrumentos de medida y experimentación / Kits para ensayos manuales, controles de calidad, calibradores y normativas",41116130,"Reactivos, soluciones o tinturas microbiológicos o",Agar Schaedler,80.0,,CLP,1201.0,96080.0,96080.0
1057472-12279-SE23,ORDEN DE COMPRA DESDE 1057472-11-LQ22,2023-12-27T09:33:00.297,SE,1057472-11-LQ22,Recepción Conforme,1379869,HOSPITAL CLINICO METROPOLITANO EL CARMEN DOCTOR LUIS VALENTIN FERRADA,61.980.320-5,Maipú,Región Metropolitana de Santiago,33139,BIOMERIEUX CHILE SPA,96.659.920-0,Providencia,Región Metropolitana de Santiago,4,41116100,"Equipamiento para laboratorios / Instrumentos de medida y experimentación / Kits para ensayos manuales, controles de calidad, calibradores y normativas",41116130,"Reactivos, soluciones o tinturas microbiológicos o","Agar CNA 
FORMATO POR 20 PLACAS",120.0,,CLP,766.0,91920.0,91920.0
1057472-1283-SE24,INSUMOS CLINICOS FEBRERO,2024-02-06T16:37:04.073,SE,,Recepción Conforme,1379869,HOSPITAL CLINICO METROPOLITANO EL CARMEN DOCTOR LUIS VALENTIN FERRADA,61.980.320-5,Maipú,Región Metropolitana de Santiago,24141,MUNNICH PHARMA MEDICAL SPA,80.447.400-5,Quilicura,Región Metropolitana de Santiago,1,42312000,Equipamiento y suministros médicos / Productos para el cuidado de heridas / Cierres médicos de tejidos y productos relacionados,42312003,Tiras de cierre para heridas o piel,"7001693 SUTURA CUTANEA ADHESIVA 0,6 X 9,6CM
",200.0,,CLP,945.0,189000.0,189000.0
1057472-1283-SE24,INSUMOS CLINICOS FEBRERO,2024-02-06T16:37:04.073,SE,,Recepción Conforme,1379869,HOSPITAL CLINICO METROPOLITANO EL CARMEN DOCTOR LUIS VALENTIN FERRADA,61.980.320-5,Maipú,Región Metropolitana de Santiago,24141,MUNNICH PHARMA MEDICAL SPA,80.447.400-5,Quilicura,Región Metropolitana de Santiago,2,42312000,Equipamiento y suministros médicos / Productos para el cuidado de heridas / Cierres médicos de tejidos y productos relacionados,42312003,Tiras de cierre para heridas o piel,"7001694 SUTURA CUTANEA ADHESIVA 0.12 X 9,6CM
",200.0,,CLP,1154.0,230800.0,230800.0
1057472-1320-SE24,INSUMOS CLINICOS FEBRERO,2024-02-07T10:48:42.83,SE,1057472-70-LQ22,Recepción Conforme,1379869,HOSPITAL CLINICO METROPOLITANO EL CARMEN DOCTOR LUIS VALENTIN FERRADA,61.980.320-5,Maipú,Región Metropolitana de Santiago,26931,COMERCIAL LBF LIMITADA,93.366.000-1,Pudahuel,Región Metropolitana de Santiago,1,42131600,Equipamiento y suministros médicos / Vestuario clínico / Vestuario para el personal médico y artículos relacionados,42131609,Cubre zapatos para el personal sanitario,"7000339 BRAZALETE DE IDENTIFICACION RN, debe presentar contornos suaves y regulares, poseer broches de seguridad, libre de latex, hipoalergenico, desechable.

",1000.0,,CLP,65.0,65000.0,65000.0
1057472-1320-SE24,INSUMOS CLINICOS FEBRERO,2024-02-07T10:48:42.83,SE,1057472-70-LQ22,Recepción Conforme,1379869,HOSPITAL CLINICO METROPOLITANO EL CARMEN DOCTOR LUIS VALENTIN FERRADA,61.980.320-5,Maipú,Región Metropolitana de Santiago,26931,COMERCIAL LBF LIMITADA,93.366.000-1,Pudahuel,Región Metropolitana de Santiago,2,42131600,Equipamiento y suministros médicos / Vestuario clínico / Vestuario para el personal médico y artículos relacionados,42131609,Cubre zapatos para el personal sanitario,"7000370 MASCARILLA DESECHABLE C/VISOR, debe presentar tres pliegues con elasticos de sujecion , moldura nasal ajustable, libre de latex , hipoalergenica. Desechable.
",1000.0,,CLP,459.0,459000.0,459000.0
1057472-1320-SE24,INSUMOS CLINICOS FEBRERO,2024-02-07T10:48:42.83,SE,1057472-70-LQ22,Recepción Conforme,1379869,HOSPITAL CLINICO METROPOLITANO EL CARMEN DOCTOR LUIS VALENTIN FERRADA,61.980.320-5,Maipú,Región Metropolitana de Santiago,26931,COMERCIAL LBF LIMITADA,93.366.000-1,Pudahuel,Región Metropolitana de Santiago,3,42131600,Equipamiento y suministros médicos / Vestuario clínico / Vestuario para el personal médico y artículos relacionados,42131609,Cubre zapatos para el personal sanitario,"7001267 CUBRE CALZADO C/ANTIDESLIZANTE, tela gruesa antideslizante, suave, resistente, adaptable, respirable, impermeable, libre de latex, hipoalergenico, desechable.
",4000.0,,CLP,50.0,200000.0,200000.0
1057472-1335-SE24,ORDEN DE COMPRA DESDE 1057472-98-LR21,2024-02-07T12:33:27.37,SE,1057472-98-LR21,Recepción Conforme,1379869,HOSPITAL CLINICO METROPOLITANO EL CARMEN DOCTOR LUIS VALENTIN FERRADA,61.980.320-5,Maipú,Región Metropolitana de Santiago,39084,TECNIGEN S.A.,93.020.000-k,Ñuñoa,Región Metropolitana de Santiago,1,41116000,Equipamiento para laboratorios / Instrumentos de medida y experimentación / Reactivos de analizadores clínicos y diagnósticos,41116005,Reactivos de analizadores de coagulación,"Reactivos de Coagulación con Equipos Necesarios para su Administración.
Fibrinógeno
",72.0,,CLP,4693.0,337896.0,337896.0
1057472-1335-SE24,ORDEN DE COMPRA DESDE 1057472-98-LR21,2024-02-07T12:33:27.37,SE,1057472-98-LR21,Recepción Conforme,1379869,HOSPITAL CLINICO METROPOLITANO EL CARMEN DOCTOR LUIS VALENTIN FERRADA,61.980.320-5,Maipú,Región Metropolitana de Santiago,39084,TECNIGEN S.A.,93.020.000-k,Ñuñoa,Región Metropolitana de Santiago,2,41116000,Equipamiento para laboratorios / Instrumentos de medida y experimentación / Reactivos de analizadores clínicos y diagnósticos,41116005,Reactivos de analizadores de coagulación,TP,7028.0,,CLP,538.0,3781064.0,3781064.0
1057472-1335-SE24,ORDEN DE COMPRA DESDE 1057472-98-LR21,2024-02-07T12:33:27.37,SE,1057472-98-LR21,Recepción Conforme,1379869,HOSPITAL CLINICO METROPOLITANO EL CARMEN DOCTOR LUIS VALENTIN FERRADA,61.980.320-5,Maipú,Región Metropolitana de Santiago,39084,TECNIGEN S.A.,93.020.000-k,Ñuñoa,Región Metropolitana de Santiago,3,41116000,Equipamiento para laboratorios / Instrumentos de medida y experimentación / Reactivos de analizadores clínicos y diagnósticos,41116005,Reactivos de analizadores de coagulación,TTPK,6127.0,,CLP,495.0,3032865.0,3032865.0
1057472-1335-SE24,ORDEN DE COMPRA DESDE 1057472-98-LR21,2024-02-07T12:33:27.37,SE,1057472-98-LR21,Recepción Conforme,1379869,HOSPITAL CLINICO METROPOLITANO EL CARMEN DOCTOR LUIS VALENTIN FERRADA,61.980.320-5,Maipú,Región Metropolitana de Santiago,39084,TECNIGEN S.A.,93.020.000-k,Ñuñoa,Región Metropolitana de Santiago,4,41116000,Equipamiento para laboratorios / Instrumentos de medida y experimentación / Reactivos de analizadores clínicos y diagnósticos,41116005,Reactivos de analizadores de coagulación,DIMERO D,444.0,,CLP,6788.0,3013872.0,3013872.0
1057472-1418-SE24,INSUMOS CLINICOS FEBRERO,2024-02-08T13:36:53.38,SE,1057472-89-LE22,Recepción Conforme,1379869,HOSPITAL CLINICO METROPOLITANO EL CARMEN DOCTOR LUIS VALENTIN FERRADA,61.980.320-5,Maipú,Región Metropolitana de Santiago,47654,COMERCIAL MEDTRONIC CHILE LTDA,77.237.150-0,Las Condes,Región Metropolitana de Santiago,1,42295500,"Equipamiento y suministros médicos / Productos quirúrgicos / Implantes quirúrgicos, ensanchadores, extensores, alambres quirúrgicos y productos relacionados",42295513,Productos quirúrgicos de barrera de tisú o de mall,"7001155 MALLA DE POLIPROPILENO MONOF. 8X13 CM: Malla plana NO absorbible de polipropileno. Cortes bajo tecnología laser no desilachable. 8x13 cm aprox. Uso laparoscópico y abierto. Estéril. Envase individual. Libre de látex.
",24.0,,CLP,12000.0,288000.0,288000.0
1057472-1418-SE24,INSUMOS CLINICOS FEBRERO,2024-02-08T13:36:53.38,SE,1057472-89-LE22,Recepción Conforme,1379869,HOSPITAL CLINICO METROPOLITANO EL CARMEN DOCTOR LUIS VALENTIN FERRADA,61.980.320-5,Maipú,Región Metropolitana de Santiago,47654,COMERCIAL MEDTRONIC CHILE LTDA,77.237.150-0,Las Condes,Región Metropolitana de Santiago,2,42295500,"Equipamiento y suministros médicos / Productos quirúrgicos / Implantes quirúrgicos, ensanchadores, extensores, alambres quirúrgicos y productos relacionados",42295513,Productos quirúrgicos de barrera de tisú o de malla,"7001154 MALLA DE POLIPROPILENO MONOF. 30X30 CM: Malla plana NO absorbible de polipropileno. Cortes bajo tecnología laser no desilachable. 30x30 cm aprox. Uso laparoscópico y abierto. Estéril. Envase individual. Libre de látex

",6.0,,CLP,28000.0,168000.0,168000.0
1057472-1418-SE24,INSUMOS CLINICOS FEBRERO,2024-02-08T13:36:53.38,SE,1057472-89-LE22,Recepción Conforme,1379869,HOSPITAL CLINICO METROPOLITANO EL CARMEN DOCTOR LUIS VALENTIN FERRADA,61.980.320-5,Maipú,Región Metropolitana de Santiago,47654,COMERCIAL MEDTRONIC CHILE LTDA,77.237.150-0,Las Condes,Región Metropolitana de Santiago,3,42295500,"Equipamiento y suministros médicos / Productos quirúrgicos / Implantes quirúrgicos, ensanchadores, extensores, alambres quirúrgicos y productos relacionados",42295513,Productos quirúrgicos de barrera de tisú o de mall,"7001142 MALLA SEPARADORA DE TEJIDOS 15X20 CM: Malla separadora de tejido que previenen adherencia. 15x20 cm aprox. Estéril. Envase individual. Libre de látex.
",4.0,,CLP,300000.0,1200000.0,1200000.0
1057472-1419-SE24,INSUMOS CLINICOS FEBRERO,2024-02-08T13:42:54.723,SE,1057472-91-LE23,Recepción Conforme,1379869,HOSPITAL CLINICO METROPOLITANO EL CARMEN DOCTOR LUIS VALENTIN FERRADA,61.980.320-5,Maipú,Región Metropolitana de Santiago,27097,CENTRAL DE COMPRAS DEL EXTRASISTEMA S.A.,96.515.660-7,Quilicura,Región Metropolitana de Santiago,1,42143500,Equipamiento y suministros médicos / Suministros y productos clínicos / Productos y accesorios de otorrinolaringología,42143513,Instrumentos otológicos o accesorios,7000252	SET CRICOTOMIA ADULTO 5X9 C/B	Cánula de 5 mm diámetro interno. Aproximado. Set incluye (Catéter de cricotirotomía con balón. Agujas introductoras. Aguja introductora de catéter de PTFE. Guía. Dilatador curvo) Estéril. Desechable. Libre de látex,1.0,,CLP,190000.0,190000.0,190000.0
1057472-1454-SE24,ORDEN DE COMPRA DESDE 1057472-175-LQ23,2024-02-08T16:52:02.93,SE,1057472-175-LQ23,Recepción Conforme,1379869,HOSPITAL CLINICO METROPOLITANO EL CARMEN DOCTOR LUIS VALENTIN FERRADA,61.980.320-5,Maipú,Región Metropolitana de Santiago,62224,TerumoBCT Chile SA.,96.929.230-0,Las Condes,Región Metropolitana de Santiago,1,42222300,Equipamiento y suministros médicos / Productos administrados por vía intravenosa y arterial / Productos de transfusión y administración de sangre,42222306,Sistemas de recogida de residuos de administración o transfusión sanguínea,"KIT PLAQUETOFERESIS (INCLUYE ANTICOAGULANTE)
",12.0,,CLP,175350.0,2104200.0,2104200.0
1057472-1759-SE24,ORDEN DE COMPRA DESDE 1057472-119-LQ23,2024-02-20T10:34:57.82,SE,1057472-119-LQ23,Recepción Conforme,1379869,HOSPITAL CLINICO METROPOLITANO EL CARMEN DOCTOR LUIS VALENTIN FERRADA,61.980.320-5,Maipú,Región Metropolitana de Santiago,1577244,"SERVICIOS ,COMERCIALIZACION Y DISTRIBUCION DE INSUMOS MEDICOS ENDOS LI",76.756.755-3,Las Condes,Región Metropolitana de Santiago,1,12142100,Productos químicos industriales / Metales y gases / Gases naturales y mixtos,12142101,Gases compuestos de hidrógeno,CASSETE PEROXIDO DE HIDROGENO,7000.0,,CLP,1548.0,10836000.0,10836000.0
1057472-1843-AG24,Orden de Compra generada por invitacion cotizacion,2024-02-22T14:25:16.797,AG,,Recepción Conforme,1379869,HOSPITAL CLINICO METROPOLITANO EL CARMEN DOCTOR LUIS VALENTIN FERRADA,61.980.320-5,Maipú,Región Metropolitana de Santiago,64535,DISTRIBUIDORA DE ARTICULOS MEDICOS PEREZ SPA,89.752.800-2,Renca,Región Metropolitana de Santiago,1,48101900,"Maquinarias, equipos y suministros para la industria de servicios / Equipos para servicios de alimentación institucional / Vajilla y servicio de mesa",48101903,Vasos de servicio,VASO TERMICO 240 CC DART,1000.0,,CLP,38.0,38000.0,0.0
1057472-1843-AG24,Orden de Compra generada por invitacion cotizacion,2024-02-22T14:25:16.797,AG,,Recepción Conforme,1379869,HOSPITAL CLINICO METROPOLITANO EL CARMEN DOCTOR LUIS VALENTIN FERRADA,61.980.320-5,Maipú,Región Metropolitana de Santiago,64535,DISTRIBUIDORA DE ARTICULOS MEDICOS PEREZ SPA,89.752.800-2,Renca,Región Metropolitana de Santiago,2,48101900,"Maquinarias, equipos y suministros para la industria de servicios / Equipos para servicios de alimentación institucional / Vajilla y servicio de mesa",48101903,Vasos de servicio,VASOS DESECHABLES PLASTICOS X 200 CC,8000.0,,CLP,13.0,104000.0,0.0
1057472-1843-AG24,Orden de Compra generada por invitacion cotizacion,2024-02-22T14:25:16.797,AG,,Recepción Conforme,1379869,HOSPITAL CLINICO METROPOLITANO EL CARMEN DOCTOR LUIS VALENTIN FERRADA,61.980.320-5,Maipú,Región Metropolitana de Santiago,64535,DISTRIBUIDORA DE ARTICULOS MEDICOS PEREZ SPA,89.752.800-2,Renca,Región Metropolitana de Santiago,3,48101900,"Maquinarias, equipos y suministros para la industria de servicios / Equipos para servicios de alimentación institucional / Vajilla y servicio de mesa",48101903,Vasos de servicio,VASO PLASTICO BLANCO 110 CC,6000.0,,CLP,12.0,72000.0,72000.0
1057472-1966-SE23,Compra de Insumos Clínicos,2023-03-01T15:07:10.1,SE,1057472-35-LQ22,Recepción Conforme,1379869,HOSPITAL CLINICO METROPOLITANO EL CARMEN DOCTOR LUIS VALENTIN FERRADA,61.980.320-5,Maipú,Región Metropolitana de Santiago,47654,COMERCIAL MEDTRONIC CHILE LTDA,77.237.150-0,Las Condes,Región Metropolitana de Santiago,1,42294900,"Equipamiento y suministros médicos / Productos quirúrgicos / Instrumentos endoscópicos, suministros, accesorios y productos relacionados",42294934,Dispositivos endoscópicos de sutura,"7000690 PUNTA HOOK 36CM DESECHABLE ESTERIL punta Hook 36 cm estéril, desechable, libre de látex, Debe ser compatible con electrobisturí Convidien ForceTriad o incluir todos los componentes necesarios para su correcto funcionamiento,

",60.0,,CLP,30000.0,1800000.0,1800000.0
1057472-1966-SE23,Compra de Insumos Clínicos,2023-03-01T15:07:10.1,SE,1057472-35-LQ22,Recepción Conforme,1379869,HOSPITAL CLINICO METROPOLITANO EL CARMEN DOCTOR LUIS VALENTIN FERRADA,61.980.320-5,Maipú,Región Metropolitana de Santiago,47654,COMERCIAL MEDTRONIC CHILE LTDA,77.237.150-0,Las Condes,Región Metropolitana de Santiago,2,42294900,"Equipamiento y suministros médicos / Productos quirúrgicos / Instrumentos endoscópicos, suministros, accesorios y productos relacionados",42294934,Dispositivos endoscópicos de sutura,"7001082 CARGA LIGA CLIPS LT-200 M Clips de titanio tamaño medio, recomendable para cirugía abierta o endoscópica, con color de identificación estéril, libre d látex
",30.0,,CLP,5320.0,159600.0,159600.0
1057472-1966-SE23,Compra de Insumos Clínicos,2023-03-01T15:07:10.1,SE,1057472-35-LQ22,Recepción Conforme,1379869,HOSPITAL CLINICO METROPOLITANO EL CARMEN DOCTOR LUIS VALENTIN FERRADA,61.980.320-5,Maipú,Región Metropolitana de Santiago,47654,COMERCIAL MEDTRONIC CHILE LTDA,77.237.150-0,Las Condes,Región Metropolitana de Santiago,3,42294900,"Equipamiento y suministros médicos / Productos quirúrgicos / Instrumentos endoscópicos, suministros, accesorios y productos relacionados",42294934,Dispositivos endoscópicos de sutura,"7001167 PINZA TIJERA BIPOLAR PTA CURVA 23-25CM Pinza tijera quirúrgica de corte y coagulación de energía bipolar avanzada con punta curva redondeada de 3mm de ancho con mango ergonómico entre 23-25cm, modelo Maryland, compatible con electrobisturí Covidie

",6.0,,CLP,311000.0,1866000.0,1866000.0
1057472-1966-SE23,Compra de Insumos Clínicos,2023-03-01T15:07:10.1,SE,1057472-35-LQ22,Recepción Conforme,1379869,HOSPITAL CLINICO METROPOLITANO EL CARMEN DOCTOR LUIS VALENTIN FERRADA,61.980.320-5,Maipú,Región Metropolitana de Santiago,47654,COMERCIAL MEDTRONIC CHILE LTDA,77.237.150-0,Las Condes,Región Metropolitana de Santiago,4,42294900,"Equipamiento y suministros médicos / Productos quirúrgicos / Instrumentos endoscópicos, suministros, accesorios y productos relacionados",42294934,Dispositivos endoscópicos de sutura," 7001069 CARGA ENDO.LINEAL LAP 60MM INTERMEDIO Recarga de Endo engrapadoras, lineal cortante articulada de 60 mm, para tejido intermedio, debe ser compatible con grapadora adjudicada en la licitación.
",6.0,,CLP,135000.0,810000.0,810000.0
1057472-1966-SE23,Compra de Insumos Clínicos,2023-03-01T15:07:10.1,SE,1057472-35-LQ22,Recepción Conforme,1379869,HOSPITAL CLINICO METROPOLITANO EL CARMEN DOCTOR LUIS VALENTIN FERRADA,61.980.320-5,Maipú,Región Metropolitana de Santiago,47654,COMERCIAL MEDTRONIC CHILE LTDA,77.237.150-0,Las Condes,Región Metropolitana de Santiago,5,42294900,"Equipamiento y suministros médicos / Productos quirúrgicos / Instrumentos endoscópicos, suministros, accesorios y productos relacionados",42294934,Dispositivos endoscópicos de sutura," 7001084 CARGA LIGA CLIPS LT-400 XL clip de titanio tamaño large, recomendado para cirugía abierta o endoscopia, con color de identificación estéril, libre d látex

",40.0,,CLP,5320.0,212800.0,212800.0
1057472-1966-SE23,Compra de Insumos Clínicos,2023-03-01T15:07:10.1,SE,1057472-35-LQ22,Recepción Conforme,1379869,HOSPITAL CLINICO METROPOLITANO EL CARMEN DOCTOR LUIS VALENTIN FERRADA,61.980.320-5,Maipú,Región Metropolitana de Santiago,47654,COMERCIAL MEDTRONIC CHILE LTDA,77.237.150-0,Las Condes,Región Metropolitana de Santiago,6,42294900,"Equipamiento y suministros médicos / Productos quirúrgicos / Instrumentos endoscópicos, suministros, accesorios y productos relacionados",42294934,Dispositivos endoscópicos de sutura,"7001168 PINZA TIJERA BIPOLAR PTA CURVA 35-37CM Pinza tijera quirúrgica de corte y coagulación de energía bipolar avanzada modelo Maryland, con punta curva en 22°, largo del eje entre 35-37 cm, sistema de corte manual. Debe ser compatible con electrobistur

",10.0,,CLP,311000.0,3110000.0,3110000.0
1057472-1998-SE24,Compra de Insumos Clínicos,2024-02-27T08:42:11.087,SE,1057472-150-LQ22,Recepción Conforme,1379869,HOSPITAL CLINICO METROPOLITANO EL CARMEN DOCTOR LUIS VALENTIN FERRADA,61.980.320-5,Maipú,Región Metropolitana de Santiago,27380,TECNIKA S A,96.625.950-7,Pudahuel,Región Metropolitana de Santiago,1,42311500,"Equipamiento y suministros médicos / Productos para el cuidado de heridas / Vendas, vendajes y productos relacionados",42311505,Vendas o vendajes para uso general,"7000411 APOSITO GASA TEJIDA-ALGODON10X10 ESTERIL apósito de gasa tejida 10 x 10, gasa natural hidrofílica 100% algodón, absorbente, estéril.",2000.0,,CLP,92.0,184000.0,184000.0
1057472-1998-SE24,Compra de Insumos Clínicos,2024-02-27T08:42:11.087,SE,1057472-150-LQ22,Recepción Conforme,1379869,HOSPITAL CLINICO METROPOLITANO EL CARMEN DOCTOR LUIS VALENTIN FERRADA,61.980.320-5,Maipú,Región Metropolitana de Santiago,27380,TECNIKA S A,96.625.950-7,Pudahuel,Región Metropolitana de Santiago,2,42311500,"Equipamiento y suministros médicos / Productos para el cuidado de heridas / Vendas, vendajes y productos relacionados",42311505,Vendas o vendajes para uso general,"7000413 APOSITO GASA TEJIDA-ALGODON20X20 ESTERIL apósito de gasa tejida 20 x 20, gasa natural hidrofílica 100% algodón, absorbente, estéril.",6000.0,,CLP,260.0,1560000.0,1560000.0
1057472-2015-SE24,ORDEN DE COMPRA DESDE 1057472-37-R123,2024-02-27T09:55:12.947,SE,1057472-37-R123,Recepción Conforme,1379869,HOSPITAL CLINICO METROPOLITANO EL CARMEN DOCTOR LUIS VALENTIN FERRADA,61.980.320-5,Maipú,Región Metropolitana de Santiago,266308,TEXTIL SUPER,78.238.490-2,Recoleta,Región Metropolitana de Santiago,1,42241700,"Equipamiento y suministros médicos / Productos medicinales para deportes, prostéticos y ortopédicos / Productos ortopédicos blandos para la extremidad inferior",42241707,Soportes para caminar,Andador sin Ruedas Plegable,60.0,,CLP,17300.0,1038000.0,1038000.0
1057472-2021-SE24,ORDEN DE COMPRA DESDE 1057472-112-LR23,2024-02-27T10:10:01.777,SE,1057472-112-LR23,Recepción Conforme,1379869,HOSPITAL CLINICO METROPOLITANO EL CARMEN DOCTOR LUIS VALENTIN FERRADA,61.980.320-5,Maipú,Región Metropolitana de Santiago,1333599,QuoRux Chile SPA,76.131.142-5,Quilicura,Región Metropolitana de Santiago,1,41116100,"Equipamiento para laboratorios / Instrumentos de medida y experimentación / Kits para ensayos manuales, controles de calidad, calibradores y normativas",41116130,"Reactivos, soluciones o tinturas microbiológicos o","tubo microtainer tapa lila para toma de muestra pediátrica
",40.0,,CLP,18810.0,752400.0,752400.0
1057472-2024-SE24,Compra de Insumos Clínicos,2024-02-27T10:40:01.663,SE,1057472-22-LQ22,Cancelada,1379869,HOSPITAL CLINICO METROPOLITANO EL CARMEN DOCTOR LUIS VALENTIN FERRADA,61.980.320-5,Maipú,Región Metropolitana de Santiago,45211,INMED DROGUERIA LTDA.,86.821.000-1,Renca,Región Metropolitana de Santiago,1,42131600,Equipamiento y suministros médicos / Vestuario clínico / Vestuario para el personal médico y artículos relacionados,42131612,Batas de aislamiento o cobertura para el personal ,"
7001270 DELANTAL QX DESECHABLE M ESTERIL: DELANTAL QUIRÚRGICO: TALLA M, TELA NO TEJIDA SMS, REPELENTE A FLUIDOS, CUELLO CON BROCHES O VELCRO, MANGA SELLADA CON ULTRASONIDO, PUÑO ELASTIZADO, CON 2 TOALLAS DE MANO.  ESTÉRIL. LIBRE DE LÁTEX. ENVASE UNITARIO

",600.0,,CLP,3745.0,2247000.0,2247000.0
1057472-2039-SE24,INSUMOS CLINICOS MARZO,2024-02-27T11:27:37.047,SE,1057472-169-LR22,Recepción Conforme,1379869,HOSPITAL CLINICO METROPOLITANO EL CARMEN DOCTOR LUIS VALENTIN FERRADA,61.980.320-5,Maipú,Región Metropolitana de Santiago,1580330,SUMMIT MEDICAL SPA,76.751.906-0,Providencia,Región Metropolitana de Santiago,1,42292900,"Equipamiento y suministros médicos / Productos quirúrgicos / Instrumentos quirúrgicos para el cierre de tejidos, suturas y productos relacionados",42292908,Dispositivos de sutura quirúrgica,"7002705 PINZA TIJERA ULTRASONICA PTA CURVA 35-37CM 


",6.0,,CLP,186000.0,1116000.0,1116000.0
1057472-2039-SE24,INSUMOS CLINICOS MARZO,2024-02-27T11:27:37.047,SE,1057472-169-LR22,Recepción Conforme,1379869,HOSPITAL CLINICO METROPOLITANO EL CARMEN DOCTOR LUIS VALENTIN FERRADA,61.980.320-5,Maipú,Región Metropolitana de Santiago,1580330,SUMMIT MEDICAL SPA,76.751.906-0,Providencia,Región Metropolitana de Santiago,2,42292900,"Equipamiento y suministros médicos / Productos quirúrgicos / Instrumentos quirúrgicos para el cierre de tejidos, suturas y productos relacionados",42292908,Dispositivos de sutura quirúrgica,"7001100 ENDOGRAPADORA LINEAL CORTANTE LAP 60MM Engrapadora articulada lineal cortante 60 mm ,que dispare grapas, desechable, estéril, libre de látex, modelo universal 12mm
",5.0,,CLP,136800.0,684000.0,684000.0
1057472-2039-SE24,INSUMOS CLINICOS MARZO,2024-02-27T11:27:37.047,SE,1057472-169-LR22,Recepción Conforme,1379869,HOSPITAL CLINICO METROPOLITANO EL CARMEN DOCTOR LUIS VALENTIN FERRADA,61.980.320-5,Maipú,Región Metropolitana de Santiago,1580330,SUMMIT MEDICAL SPA,76.751.906-0,Providencia,Región Metropolitana de Santiago,3,42292900,"Equipamiento y suministros médicos / Productos quirúrgicos / Instrumentos quirúrgicos para el cierre de tejidos, suturas y productos relacionados",42292908,Dispositivos de sutura quirúrgica,"7001072 CARGA ENDO.LINEAL LAP 60MM VASCULAR Recarga para grapadora lineal cortante 60mm para tejido vascular, ebe ser compatible con la grapadora ITEM 6.  Desechable, estéril, libre de látex.
",12.0,,CLP,78000.0,936000.0,936000.0
1057472-2064-SE24,INSUMOS CLINICOS MARZO,2024-02-27T13:43:28.88,SE,1057472-154-R123,Recepción Conforme,1379869,HOSPITAL CLINICO METROPOLITANO EL CARMEN DOCTOR LUIS VALENTIN FERRADA,61.980.320-5,Maipú,Región Metropolitana de Santiago,33773,RICARDO CID TECNOLOGIAS E.I.R.L,77.200.690-k,Peñalolén,Región Metropolitana de Santiago,1,42181700,Equipamiento y suministros médicos / Productos para exámenes y control de pacientes / Unidades de electrocardiografía (ECG) y productos relacionados,42181715,Soluciones o cremas para electrodos,"7000260	PASTA DE ELECTRODO P/NEURODIAGNOSTICO: Pasta conductora para procedimientos de neuromonitoreo. Hipoalergénico, no irritante. Soluble en agua. Libre de látex.
",10.0,,CLP,13500.0,135000.0,135000.0
1057472-2065-SE24,INSUMOS CLINICOS MARZO,2024-02-27T13:48:12.267,SE,1057472-160-LP23,Recepción Conforme,1379869,HOSPITAL CLINICO METROPOLITANO EL CARMEN DOCTOR LUIS VALENTIN FERRADA,61.980.320-5,Maipú,Región Metropolitana de Santiago,1637196,Pulsar Medical,76.923.737-2,Providencia,Región Metropolitana de Santiago,1,42161600,Equipamiento y suministros médicos / Equipo y suministros para diálisis / Equipo de hemodiálisis extracorpórea y suministros,42161601,Kits o sets de administración de hemodiálisis o accesorios,"7000277 CATETER PERCUTANEO 2LUM 5FR(PICC)C/INT catéter venoso central de inserción periférica 2 lumen 5 fr (entre 50-55 cm longitud apróx) con introductor. Fabricado de poliuretano radiopaco de tercera generación, diseño de forma cónica, resistente al enr
",30.0,,CLP,95000.0,2850000.0,2850000.0
1057472-2099-SE24,Compra de Insumos Clínicos,2024-02-27T15:35:35.19,SE,1057472-39-LQ22,Recepción Conforme,1379869,HOSPITAL CLINICO METROPOLITANO EL CARMEN DOCTOR LUIS VALENTIN FERRADA,61.980.320-5,Maipú,Región Metropolitana de Santiago,73335,UMS UNITED MEDICAL SYSTEMS CHILE S.A.,99.512.950-7,Alhué,Región Metropolitana de Santiago,1,42142700,Equipamiento y suministros médicos / Suministros y productos clínicos / Suministros urológicos,42142709,Sets de nefrostomía o accesorios,"7001645	CATETER URETERAL 5FR X 70CM: Cateter ureteral 5 fr x 70 cm. Poliuretano. Extremo abierto. Flexible. Libre de látex con punta atraumatica flexible. Envase unitario.
",40.0,,CLP,6990.0,279600.0,279600.0
1057472-2122-SE24,INSUMOS CLINICOS MARZO,2024-02-27T16:45:14.043,SE,1057472-26-LP23,Recepción Conforme,1379869,HOSPITAL CLINICO METROPOLITANO EL CARMEN DOCTOR LUIS VALENTIN FERRADA,61.980.320-5,Maipú,Región Metropolitana de Santiago,58744,MEDICINA TECNICA LTDA,78.297.510-2,Las Condes,Región Metropolitana de Santiago,1,42221800,Equipamiento y suministros médicos / Productos administrados por vía intravenosa y arterial / Aparatos para posicionar agujas y catéteres intravenosos o arteriales,42221803,"Cintas, vendaje, correas o puños para posicionar e","7000401 PARCHE FIJACION CATETER PERCUTANEO Parche fijación para anestesia regional. Previene desplazamiento o migración del catéter. Permite visualización del sitio de inserción, estéril, desechable, libre de látex.
",100.0,,CLP,5500.0,550000.0,550000.0
1057472-2130-SE24,Compra de Insumos Clínicos,2024-02-28T08:51:46.893,SE,1057472-55-LQ22,Recepción Conforme,1379869,HOSPITAL CLINICO METROPOLITANO EL CARMEN DOCTOR LUIS VALENTIN FERRADA,61.980.320-5,Maipú,Región Metropolitana de Santiago,14630,NIPRO MEDICAL CORPORATION (AGENCIA EN CHILE),59.077.290-9,Providencia,Región Metropolitana de Santiago,1,42142600,Equipamiento y suministros médicos / Suministros y productos clínicos / Jeringas y accesorios,42142601,Jeringas médicas de aspiración o irrigación,"7000017 JERINGA 3CC LUER LOCK C/AGUJA 21G X 11/2"" JERINGA 3CC LUER LOCK C/AGUJA 21G X 11/2"", Transparente, libre de látex, PVC y DEHP, envase individual, estéril.
",5000.0,,CLP,37.0,185000.0,185000.0
1057472-2130-SE24,Compra de Insumos Clínicos,2024-02-28T08:51:46.893,SE,1057472-55-LQ22,Recepción Conforme,1379869,HOSPITAL CLINICO METROPOLITANO EL CARMEN DOCTOR LUIS VALENTIN FERRADA,61.980.320-5,Maipú,Región Metropolitana de Santiago,14630,NIPRO MEDICAL CORPORATION (AGENCIA EN CHILE),59.077.290-9,Providencia,Región Metropolitana de Santiago,2,42142600,Equipamiento y suministros médicos / Suministros y productos clínicos / Jeringas y accesorios,42142601,Jeringas médicas de aspiración o irrigación,"7000020 JERINGA 5CC LUER SLIP C/AGUJA 21G X 11/2"" JERINGA 5CC LUER SLIP C/AGUJA 21G X 11/2"", Transparente, libre de látex, PVC y DEHP, envase individual, estéril.
",8000.0,,CLP,39.0,312000.0,312000.0
1057472-2130-SE24,Compra de Insumos Clínicos,2024-02-28T08:51:46.893,SE,1057472-55-LQ22,Recepción Conforme,1379869,HOSPITAL CLINICO METROPOLITANO EL CARMEN DOCTOR LUIS VALENTIN FERRADA,61.980.320-5,Maipú,Región Metropolitana de Santiago,14630,NIPRO MEDICAL CORPORATION (AGENCIA EN CHILE),59.077.290-9,Providencia,Región Metropolitana de Santiago,3,42142600,Equipamiento y suministros médicos / Suministros y productos clínicos / Jeringas y accesorios,42142601,Jeringas médicas de aspiración o irrigación,"7000025 JERINGA INSULINA 1CC/100UI C/AGUJA 31GX6MM JERINGA INSULINA 1CC/100UI CON AGUJA 31GX6MM
",15000.0,,CLP,40.0,600000.0,600000.0
1057472-2134-SE24,Compra de Insumos Clínicos,2024-02-28T09:09:35.657,SE,1057472-57-LQ22,Recepción Conforme,1379869,HOSPITAL CLINICO METROPOLITANO EL CARMEN DOCTOR LUIS VALENTIN FERRADA,61.980.320-5,Maipú,Región Metropolitana de Santiago,140226,SERVICIOS ASESORIAS Y SOLUCIONES FINANCIERAS LIMITADA,77.606.220-0,Pudahuel,Región Metropolitana de Santiago,1,42142700,Equipamiento y suministros médicos / Suministros y productos clínicos / Suministros urológicos,42142711,Sets de sonda uretral,"7001332 SONDA F. 2 VIAS 22FR LATEX C/B 5-15CC SONDA FOLEY 22 FR, DOBLE LUMEN CON BALÓN INFLABLE 5-15CC, LATEX, EMPAQUE INDIVIDUAL, ESTÉRIL",50.0,,CLP,485.0,24250.0,24250.0
1057472-2154-SE24,Compra de Insumos Clínicos,2024-02-28T09:59:12.293,SE,1057472-58-LQ22,Recepción Conforme,1379869,HOSPITAL CLINICO METROPOLITANO EL CARMEN DOCTOR LUIS VALENTIN FERRADA,61.980.320-5,Maipú,Región Metropolitana de Santiago,30766,PV EQUIP  SA,79.895.670-1,Huechuraba,Región Metropolitana de Santiago,1,42142400,Equipamiento y suministros médicos / Suministros y productos clínicos / Productos médicos para vacío y succión,42142402,Cánulas o tubos de succión médicos o accesorios,"7001870 SIST. ASPIRACION CERRADA 6 FR EN CODO SONDA DE ASPIRACIÓN DE SECRECIONES EN CIRCUITO CERRADO DE ASPIRACION CON ADAPTADOR EN CODO 6 FRENCH. LIBRE DE LÁTEX. FLEXIBLE CON PUNTA ROMA Y 3 ORIFICIOS 1 DISTAL Y 2 LATERALES ESCALONADOS QUE FACILITE LA INS

",10.0,,CLP,15550.0,155500.0,155500.0
1057472-2154-SE24,Compra de Insumos Clínicos,2024-02-28T09:59:12.293,SE,1057472-58-LQ22,Recepción Conforme,1379869,HOSPITAL CLINICO METROPOLITANO EL CARMEN DOCTOR LUIS VALENTIN FERRADA,61.980.320-5,Maipú,Región Metropolitana de Santiago,30766,PV EQUIP  SA,79.895.670-1,Huechuraba,Región Metropolitana de Santiago,2,42142400,Equipamiento y suministros médicos / Suministros y productos clínicos / Productos médicos para vacío y succión,42142402,Cánulas o tubos de succión médicos o accesorios,"7001871 SIST. ASPIRACION CERRADA 8 FR EN CODO SONDA DE ASPIRACIÓN DE SECRECIONES EN CIRCUITO CERRADO DE ASPIRACION CON ADAPTADOR EN CODO 8 FRENCH. LIBRE DE LÁTEX. FLEXIBLE CON PUNTA ROMA Y 3 ORIFICIOS 1 DISTAL Y 2 LATERALES ESCALONADOS QUE FACILITE LA INS
",10.0,,CLP,15550.0,155500.0,155500.0
1057472-2154-SE24,Compra de Insumos Clínicos,2024-02-28T09:59:12.293,SE,1057472-58-LQ22,Recepción Conforme,1379869,HOSPITAL CLINICO METROPOLITANO EL CARMEN DOCTOR LUIS VALENTIN FERRADA,61.980.320-5,Maipú,Región Metropolitana de Santiago,30766,PV EQUIP  SA,79.895.670-1,Huechuraba,Región Metropolitana de Santiago,3,42142400,Equipamiento y suministros médicos / Suministros y productos clínicos / Productos médicos para vacío y succión,42142402,Cánulas o tubos de succión médicos o accesorios,"7001872 SIST. ASPIRACION CERRADO 10 FR EN Y SONDA DE ASPIRACIÓN DE SECRECIONES EN CIRCUITO CERRADO DE ASPIRACION CON ADAPTADOR EN ""Y"" 10 FRENCH. LIBRE DE LÁTEX. FLEXIBLE CON PUNTA ROMA Y 3 ORIFICIOS 1 DISTAL Y 2 LATERALES ESCALONADOS QUE FACILITE LA INSER
",10.0,,CLP,15550.0,155500.0,155500.0
1057472-2154-SE24,Compra de Insumos Clínicos,2024-02-28T09:59:12.293,SE,1057472-58-LQ22,Recepción Conforme,1379869,HOSPITAL CLINICO METROPOLITANO EL CARMEN DOCTOR LUIS VALENTIN FERRADA,61.980.320-5,Maipú,Región Metropolitana de Santiago,30766,PV EQUIP  SA,79.895.670-1,Huechuraba,Región Metropolitana de Santiago,4,42142400,Equipamiento y suministros médicos / Suministros y productos clínicos / Productos médicos para vacío y succión,42142402,Cánulas o tubos de succión médicos o accesorios,"7001873 SIST. ASPIRACION CERRADO 12 FR EN Y SONDA DE ASPIRACIÓN DE SECRECIONES EN CIRCUITO CERRADO DE ASPIRACION CON ADAPTADOR EN ""Y"" 12 FRENCH. LIBRE DE LÁTEX. FLEXIBLE CON PUNTA ROMA Y 3 ORIFICIOS 1 DISTAL Y 2 LATERALES ESCALONADOS QUE FACILITE LA INSER
",10.0,,CLP,15550.0,155500.0,155500.0
1057472-672-CM24,Orden de Compra: 1057472-672-CM24,2024-01-23T15:16:07.757,CM,,Recepción Conforme,1379869,HOSPITAL CLINICO METROPOLITANO EL CARMEN DOCTOR LUIS VALENTIN FERRADA,61.980.320-5,,,77292,Barron Vieyra International Ltda.,78.723.570-0,,,1,0,,0,PAÑO ABSORBENTE MULTIUSO FORTEX ROLLO 870 HOJAS UNIDAD REGIÓN RM,(1917402) PAÑO ABSORBENTE MULTIUSO FORTEX ROLLO 870 HOJAS UNIDAD REGIÓN RM,120.0,,CLP,34498.0,4139760.0,4139760.0
1057473-420-AG23,Recarga de Bidones de Agua Purificada 20 Lts,2023-10-04T09:33:10.24,AG,,Recepción Conforme,1549752,Centro Metropolitano de Atención Prehospitalaria,61.999.030-7,Santiago,Región Metropolitana de Santiago,1847909,SOCIEDAD COMERCIAL MARREN SPA,77.506.451-K,Quinta Normal,Región Metropolitana de Santiago,1,50202300,"Alimentos, bebidas y tabaco / Bebidas / Bebidas no alcohólicas",50202301,Agua,Recarga de Bidones de Agua Purificada 20 litros,200.0,,CLP,1200.0,240000.0,0.0
1057473-43-CM24,ARTICULOS DE ASEO MES DE ENERO-FEBRERO 2024,2024-01-30T13:15:27.417,CM,,Recepción Conforme,1549752,Centro Metropolitano de Atención Prehospitalaria,61.999.030-7,Santiago Centro,Región Metropolitana de Santiago,1351091,COMERCIAL AGUSTIN LIMITADA,76.287.853-4,,,1,0,,0,PROTECTOR SOLAR RAYTAN FACTOR 50 200 ML UNIDAD REGIÓN RM,(1922230) PROTECTOR SOLAR RAYTAN FACTOR 50 200 ML UNIDAD REGIÓN RM,200.0,,CLP,2737.0,547400.0,547400.0
1057473-43-CM24,ARTICULOS DE ASEO MES DE ENERO-FEBRERO 2024,2024-01-30T13:15:27.417,CM,,Recepción Conforme,1549752,Centro Metropolitano de Atención Prehospitalaria,61.999.030-7,Santiago Centro,Región Metropolitana de Santiago,1351091,COMERCIAL AGUSTIN LIMITADA,76.287.853-4,,,2,0,,0,TOALLA DE PAPEL ELITE SABANILLA PLUS 48 METROS 2 ROLLOS UNIDAD REGIÓN RM,(1946891) TOALLA DE PAPEL ELITE SABANILLA PLUS 48 METROS 2 ROLLOS UNIDAD REGIÓN RM,150.0,,CLP,3784.0,567600.0,567600.0
1057473-43-CM24,ARTICULOS DE ASEO MES DE ENERO-FEBRERO 2024,2024-01-30T13:15:27.417,CM,,Recepción Conforme,1549752,Centro Metropolitano de Atención Prehospitalaria,61.999.030-7,Santiago Centro,Región Metropolitana de Santiago,1351091,COMERCIAL AGUSTIN LIMITADA,76.287.853-4,,,3,0,,0,PAÑO ABSORBENTE MULTIUSO ELITE PROFESSIONAL ROLLO 890 HOJAS UNIDAD REGIÓN RM,(1916807) PAÑO ABSORBENTE MULTIUSO ELITE PROFESSIONAL ROLLO 890 HOJAS UNIDAD REGIÓN RM,30.0,,CLP,28585.0,857550.0,857550.0
1057473-43-CM24,ARTICULOS DE ASEO MES DE ENERO-FEBRERO 2024,2024-01-30T13:15:27.417,CM,,Recepción Conforme,1549752,Centro Metropolitano de Atención Prehospitalaria,61.999.030-7,Santiago Centro,Región Metropolitana de Santiago,1351091,COMERCIAL AGUSTIN LIMITADA,76.287.853-4,,,4,0,,0,BOLSA DE BASURA CLEAN CARGA PESADA 110X120 200 L ROLLO X 10 UNIDADES REGIÓN RM,(1887839) BOLSA DE BASURA CLEAN CARGA PESADA 110X120 200 L ROLLO X 10 UNIDADES REGIÓN RM,50.0,,CLP,2797.0,139850.0,139850.0
1057473-43-CM24,ARTICULOS DE ASEO MES DE ENERO-FEBRERO 2024,2024-01-30T13:15:27.417,CM,,Recepción Conforme,1549752,Centro Metropolitano de Atención Prehospitalaria,61.999.030-7,Santiago Centro,Región Metropolitana de Santiago,1351091,COMERCIAL AGUSTIN LIMITADA,76.287.853-4,,,5,0,,0,BOLSA DE BASURA IMPEKE MEDIANA 70X90 70 L ROLLO X 10 UNIDADES REGIÓN RM,(1888995) BOLSA DE BASURA IMPEKE MEDIANA 70X90 70 L ROLLO X 10 UNIDADES REGIÓN RM,200.0,,CLP,403.0,80600.0,80600.0
1057473-43-CM24,ARTICULOS DE ASEO MES DE ENERO-FEBRERO 2024,2024-01-30T13:15:27.417,CM,,Recepción Conforme,1549752,Centro Metropolitano de Atención Prehospitalaria,61.999.030-7,Santiago Centro,Región Metropolitana de Santiago,1351091,COMERCIAL AGUSTIN LIMITADA,76.287.853-4,,,6,0,,0,BOLSA DE BASURA TREMEX PEQUEÑA 50X70 30 L ROLLO X 10 UNIDADES REGIÓN RM,(1890406) BOLSA DE BASURA TREMEX PEQUEÑA 50X70 30 L ROLLO X 10 UNIDADES REGIÓN RM,200.0,,CLP,343.0,68600.0,68600.0
1057473-43-CM24,ARTICULOS DE ASEO MES DE ENERO-FEBRERO 2024,2024-01-30T13:15:27.417,CM,,Recepción Conforme,1549752,Centro Metropolitano de Atención Prehospitalaria,61.999.030-7,Santiago Centro,Región Metropolitana de Santiago,1351091,COMERCIAL AGUSTIN LIMITADA,76.287.853-4,,,7,0,,0,ESCOBILLÓN VIRUTEX PRO USO INTERIOR FIBRA MEDIA MANGO METÁLICO 30 CM UNIDAD REGIÓN RM,(1902034) ESCOBILLÓN VIRUTEX PRO USO INTERIOR FIBRA MEDIA MANGO METÁLICO 30 CM UNIDAD REGIÓN RM,96.0,,CLP,1295.0,124320.0,124320.0
1057473-43-CM24,ARTICULOS DE ASEO MES DE ENERO-FEBRERO 2024,2024-01-30T13:15:27.417,CM,,Recepción Conforme,1549752,Centro Metropolitano de Atención Prehospitalaria,61.999.030-7,Santiago Centro,Región Metropolitana de Santiago,1351091,COMERCIAL AGUSTIN LIMITADA,76.287.853-4,,,8,0,,0,PALA DE ASEO ECOSAFE PLÁSTICA MANGO LARGO 90 CM UNIDAD REGIÓN RM,(1912761) PALA DE ASEO ECOSAFE PLÁSTICA MANGO LARGO 90 CM UNIDAD REGIÓN RM,24.0,,CLP,734.0,17616.0,17616.0
1057473-43-CM24,ARTICULOS DE ASEO MES DE ENERO-FEBRERO 2024,2024-01-30T13:15:27.417,CM,,Recepción Conforme,1549752,Centro Metropolitano de Atención Prehospitalaria,61.999.030-7,Santiago Centro,Región Metropolitana de Santiago,1351091,COMERCIAL AGUSTIN LIMITADA,76.287.853-4,,,9,0,,0,TRAPERO REUTILIZABLE VIRUTEX ALGODÓN SIMPLE C/OJAL 50X50 CM UNIDAD REGIÓN RM,(1926837) TRAPERO REUTILIZABLE VIRUTEX ALGODÓN SIMPLE C/OJAL 50X50 CM UNIDAD REGIÓN RM,200.0,,CLP,758.0,151600.0,151600.0
1057473-43-CM24,ARTICULOS DE ASEO MES DE ENERO-FEBRERO 2024,2024-01-30T13:15:27.417,CM,,Recepción Conforme,1549752,Centro Metropolitano de Atención Prehospitalaria,61.999.030-7,Santiago Centro,Región Metropolitana de Santiago,1351091,COMERCIAL AGUSTIN LIMITADA,76.287.853-4,,,10,0,,0,LIMPIADOR DE PISOS IGENIX DESINFECTANTE BOTELLA 900 ML UNIDAD REGIÓN RM,(1910415) LIMPIADOR DE PISOS IGENIX DESINFECTANTE BOTELLA 900 ML UNIDAD REGIÓN RM,360.0,,CLP,810.0,291600.0,291600.0
1057473-43-CM24,ARTICULOS DE ASEO MES DE ENERO-FEBRERO 2024,2024-01-30T13:15:27.417,CM,,Recepción Conforme,1549752,Centro Metropolitano de Atención Prehospitalaria,61.999.030-7,Santiago Centro,Región Metropolitana de Santiago,1351091,COMERCIAL AGUSTIN LIMITADA,76.287.853-4,,,11,0,,0,DESODORANTE AMBIENTAL AROM AEROSOL 360 CC MARINO UNIDAD REGIÓN RM,(1898532) DESODORANTE AMBIENTAL AROM AEROSOL 360 CC MARINO UNIDAD REGIÓN RM,360.0,,CLP,956.0,344160.0,344160.0
1057473-43-CM24,ARTICULOS DE ASEO MES DE ENERO-FEBRERO 2024,2024-01-30T13:15:27.417,CM,,Recepción Conforme,1549752,Centro Metropolitano de Atención Prehospitalaria,61.999.030-7,Santiago Centro,Región Metropolitana de Santiago,1351091,COMERCIAL AGUSTIN LIMITADA,76.287.853-4,,,12,0,,0,CLORO CONCENTRADO IMPEKE 5% 975 ML UNIDAD REGIÓN RM,(1896611) CLORO CONCENTRADO IMPEKE 5% 975 ML UNIDAD REGIÓN RM,130.0,,CLP,713.0,92690.0,92690.0
1057473-43-CM24,ARTICULOS DE ASEO MES DE ENERO-FEBRERO 2024,2024-01-30T13:15:27.417,CM,,Recepción Conforme,1549752,Centro Metropolitano de Atención Prehospitalaria,61.999.030-7,Santiago Centro,Región Metropolitana de Santiago,1351091,COMERCIAL AGUSTIN LIMITADA,76.287.853-4,,,13,0,,0,DESENGRASANTE COCINA TREMEX MULTIUSO CREMA ANTIGRASA 750 ML UNIDAD REGIÓN RM,(1945374) DESENGRASANTE COCINA TREMEX MULTIUSO CREMA ANTIGRASA 750 ML UNIDAD REGIÓN RM,120.0,,CLP,1195.0,143400.0,143400.0
1057473-43-CM24,ARTICULOS DE ASEO MES DE ENERO-FEBRERO 2024,2024-01-30T13:15:27.417,CM,,Recepción Conforme,1549752,Centro Metropolitano de Atención Prehospitalaria,61.999.030-7,Santiago Centro,Región Metropolitana de Santiago,1351091,COMERCIAL AGUSTIN LIMITADA,76.287.853-4,,,14,0,,0,LAVALOZAS CONCENTRADO LAVADO MANUAL IMPEKE ANTIGRASA CÍTRICO 750 ML UNIDAD REGIÓN RM,(1908851) LAVALOZAS CONCENTRADO LAVADO MANUAL IMPEKE ANTIGRASA CÍTRICO 750 ML UNIDAD REGIÓN RM,360.0,,CLP,806.0,290160.0,290160.0
1057473-43-CM24,ARTICULOS DE ASEO MES DE ENERO-FEBRERO 2024,2024-01-30T13:15:27.417,CM,,Recepción Conforme,1549752,Centro Metropolitano de Atención Prehospitalaria,61.999.030-7,Santiago Centro,Región Metropolitana de Santiago,1351091,COMERCIAL AGUSTIN LIMITADA,76.287.853-4,,,15,0,,0,TOALLA DE PAPEL ELITE PROFESSIONAL INTERFOLIADA DOBLE HOJA 200 UN 1 PAQUETE REGIÓN RM,(1924032) TOALLA DE PAPEL ELITE PROFESSIONAL INTERFOLIADA DOBLE HOJA 200 UN 1 PAQUETE REGIÓN RM,828.0,,CLP,1056.0,874368.0,874368.0
1057473-43-CM24,ARTICULOS DE ASEO MES DE ENERO-FEBRERO 2024,2024-01-30T13:15:27.417,CM,,Recepción Conforme,1549752,Centro Metropolitano de Atención Prehospitalaria,61.999.030-7,Santiago Centro,Región Metropolitana de Santiago,1351091,COMERCIAL AGUSTIN LIMITADA,76.287.853-4,,,16,0,,0,DESINFECTANTE SUPERFICIES EN AEROSOL IGENIX ANTIBACTERIAL 360 ML UNIDAD REGIÓN RM,(1931416) DESINFECTANTE SUPERFICIES EN AEROSOL IGENIX ANTIBACTERIAL 360 ML UNIDAD REGIÓN RM,420.0,,CLP,1330.0,558600.0,558600.0
1057473-78-AG24,RESUCITADOR DESECHABLE PARA ADULTOS CON VALVULAS PEEP,2024-02-20T16:30:14.423,AG,,Recepción Conforme,1549752,Centro Metropolitano de Atención Prehospitalaria,61.999.030-7,Santiago,Región Metropolitana de Santiago,69350,HOSPITALIA PRODUCTOS MEDICOS LTDA,78.233.420-4,Quilicura,Región Metropolitana de Santiago,1,42271700,"Equipamiento y suministros médicos / Productos de resucitación, anestesia y respiratorios / Sistemas y dispositivos de terapia de entrega de oxígeno",42271708,Mascarillas de oxígeno médicas o piezas,RESUCITADOR DESECHABLE PARA ADULTOS CON VALVULAS PEEP INCLUIDA,120.0,,CLP,13300.0,1596000.0,0.0
1057473-89-AG24,TOALLITAS ALCOHOL ISOPROPILICO 70% EN SACHET INDIVIDUAL 15 x 15 cm FORMATO PACK 24 CAJAS DE 100,2024-02-23T13:09:48.743,AG,,Recepción Conforme,1549752,Centro Metropolitano de Atención Prehospitalaria,61.999.030-7,Santiago,Región Metropolitana de Santiago,139257,EDUARDO AWAD MANZUR,5.398.787-7,Quilicura,Región Metropolitana de Santiago,1,53131600,"Ropa, maletas y productos de aseo personal / Artículos de baño o tocador / Artículos de baño y cuerpo",53131624,Toallitas húmedas,TOALLITAS ALCOHOL ISOPROPILICO 70% EN SACHET INDIVIDUAL 15 x 15 cm FORMATO PACK 24 CAJAS DE 100,5.0,,CLP,288000.0,1440000.0,0.0
1057473-92-AG24,Electrodos CPR stat padz - AED Pro - AED Plus - Serie X - coneccion verde,2024-02-26T08:11:53.27,AG,,Recepción Conforme,1549752,Centro Metropolitano de Atención Prehospitalaria,61.999.030-7,Santiago,Región Metropolitana de Santiago,30766,PV EQUIP  SA,79.895.670-1,Huechuraba,Región Metropolitana de Santiago,1,42181700,Equipamiento y suministros médicos / Productos para exámenes y control de pacientes / Unidades de electrocardiografía (ECG) y productos relacionados,42181708,Electrodos de parche de electrocardiografía (ECG),"Electrodos CPR stat padz - AED Pro - AED Plus - Serie X - Serie E Compatibilidad Equipos: Serie E, Serie X, AED plus, AED pro. Tipo conector: Verde",12.0,,CLP,133500.0,1602000.0,0.0
1057474-190-SE22,Servicio de electrocardiografía - Informes.,2022-07-14T13:17:09.667,SE,1057474-10-LP22,Recepción Conforme,6963,SERVICIO DE SALUD METROPOLITANO NORTE,61.608.000-8,Independencia,Región Metropolitana de Santiago,66175,INTERNATIONAL TELEMEDICAL SYSTEMS CHILE SPA,96.995.590-3,Las Condes,Región Metropolitana de Santiago,1,85111600,"Salud, servicios sanitarios y alimentación / Prevención y control de enfermedades / Prevención y control de enfermedades no contagiosas",85111604,Servicios de prevención o control de enfermedades ,"SERVICIO DE ELECTROCARDIOGRAFÍA A DISTANCIA INFORMES POR PUNTO DE TRANSMISIÓN IAM (SAR Y SAPU), POR UN PERIODO DE 24 MESES.",24.0,,CLP,2173500.0,52164000.0,52164000.0
1057474-191-SE22,Servicio de electrocardiografía - arriendo de equi,2022-07-14T13:26:46.327,SE,1057474-10-LP22,Recepción Conforme,6963,SERVICIO DE SALUD METROPOLITANO NORTE,61.608.000-8,Independencia,Región Metropolitana de Santiago,66175,INTERNATIONAL TELEMEDICAL SYSTEMS CHILE SPA,96.995.590-3,Las Condes,Región Metropolitana de Santiago,1,42181700,Equipamiento y suministros médicos / Productos para exámenes y control de pacientes / Unidades de electrocardiografía (ECG) y productos relacionados,42181719,Transmisores o equipo de telemetría de electrocard,ARRIENDO DE EQUIPOS DE ELECTROCARDIOGRAFÍA POR UN PERIODO DE 24 MESES.,24.0,,CLP,162000.0,3888000.0,3888000.0
1057476-127-SE24,TD ADSCRIPCIÓN PEEC 2024,2024-01-22T15:18:59.263,SE,,Recepción Conforme,7044,INSTITUTO PSIQUIATRICO DR JOSE HORWITZ BARAK,61.608.003-2,Recoleta,Región Metropolitana de Santiago,16205,INSTITUTO DE SALUD PUBLICA DE CHILE,61.605.000-1,Ñuñoa,Región Metropolitana de Santiago,1,41116100,"Equipamiento para laboratorios / Instrumentos de medida y experimentación / Kits para ensayos manuales, controles de calidad, calibradores y normativas",41116103,"Controles de calidad, calibradores o normativas de",PEEC Perfil Hematológico (Ver resolución adjunta),1.0,,CLP,106137.0,106137.0,106137.0
1057476-127-SE24,TD ADSCRIPCIÓN PEEC 2024,2024-01-22T15:18:59.263,SE,,Recepción Conforme,7044,INSTITUTO PSIQUIATRICO DR JOSE HORWITZ BARAK,61.608.003-2,Recoleta,Región Metropolitana de Santiago,16205,INSTITUTO DE SALUD PUBLICA DE CHILE,61.605.000-1,Ñuñoa,Región Metropolitana de Santiago,2,41116100,"Equipamiento para laboratorios / Instrumentos de medida y experimentación / Kits para ensayos manuales, controles de calidad, calibradores y normativas",41116103,"Controles de calidad, calibradores o normativas de",PEEC Química Sanguínea (Ver resolución adjunta),1.0,,CLP,148547.0,148547.0,148547.0
1057476-127-SE24,TD ADSCRIPCIÓN PEEC 2024,2024-01-22T15:18:59.263,SE,,Recepción Conforme,7044,INSTITUTO PSIQUIATRICO DR JOSE HORWITZ BARAK,61.608.003-2,Recoleta,Región Metropolitana de Santiago,16205,INSTITUTO DE SALUD PUBLICA DE CHILE,61.605.000-1,Ñuñoa,Región Metropolitana de Santiago,3,41116100,"Equipamiento para laboratorios / Instrumentos de medida y experimentación / Kits para ensayos manuales, controles de calidad, calibradores y normativas",41116103,"Controles de calidad, calibradores o normativas de",PEEC Química Orina Cualitativa (Ver resolución adjunta),1.0,,CLP,80824.0,80824.0,80824.0
1057476-127-SE24,TD ADSCRIPCIÓN PEEC 2024,2024-01-22T15:18:59.263,SE,,Recepción Conforme,7044,INSTITUTO PSIQUIATRICO DR JOSE HORWITZ BARAK,61.608.003-2,Recoleta,Región Metropolitana de Santiago,16205,INSTITUTO DE SALUD PUBLICA DE CHILE,61.605.000-1,Ñuñoa,Región Metropolitana de Santiago,4,41116100,"Equipamiento para laboratorios / Instrumentos de medida y experimentación / Kits para ensayos manuales, controles de calidad, calibradores y normativas",41116103,"Controles de calidad, calibradores o normativas de",PEEC Hemoglobina Glicada (Ver resolución adjunta),1.0,,CLP,84949.0,84949.0,84949.0
1057476-127-SE24,TD ADSCRIPCIÓN PEEC 2024,2024-01-22T15:18:59.263,SE,,Recepción Conforme,7044,INSTITUTO PSIQUIATRICO DR JOSE HORWITZ BARAK,61.608.003-2,Recoleta,Región Metropolitana de Santiago,16205,INSTITUTO DE SALUD PUBLICA DE CHILE,61.605.000-1,Ñuñoa,Región Metropolitana de Santiago,5,41116100,"Equipamiento para laboratorios / Instrumentos de medida y experimentación / Kits para ensayos manuales, controles de calidad, calibradores y normativas",41116103,"Controles de calidad, calibradores o normativas de",PEEC Drogas de Abuso (Ver resolución adjunta),1.0,,CLP,74568.0,74568.0,74568.0
1057476-127-SE24,TD ADSCRIPCIÓN PEEC 2024,2024-01-22T15:18:59.263,SE,,Recepción Conforme,7044,INSTITUTO PSIQUIATRICO DR JOSE HORWITZ BARAK,61.608.003-2,Recoleta,Región Metropolitana de Santiago,16205,INSTITUTO DE SALUD PUBLICA DE CHILE,61.605.000-1,Ñuñoa,Región Metropolitana de Santiago,6,41116100,"Equipamiento para laboratorios / Instrumentos de medida y experimentación / Kits para ensayos manuales, controles de calidad, calibradores y normativas",41116103,"Controles de calidad, calibradores o normativas de",PEEC Morfología Hematológica Digital (Ver resolución adjunta),1.0,,CLP,40184.0,40184.0,40184.0
1057476-1472-SE23,SERVICIO DE PERSONAL DE APOYO ASEO CR. URGENCIAS.,2023-12-27T10:40:01.2,SE,1057476-46-LQ23,Recepción Conforme,7044,INSTITUTO PSIQUIATRICO DR JOSE HORWITZ BARAK,61.608.003-2,Recoleta,Región Metropolitana de Santiago,1293338,LOGISTIC WAY SPA,76.140.696-5,San Miguel,Región Metropolitana de Santiago,1,76111500,Servicios de limpieza industrial / Servicios de limpieza / Servicios de limpieza de edificios y oficinas en general,76111501,Servicios de limpieza de edificios,"CONTRATACIÓN DE PRESTACIÓN DEL SERVICIO DE APOYO DE PERSONAL DE ASEO PARA CR. DE URGENCIA, PERIODO ENERO A
MARZO 2024.",3.0,,CLP,7130000.0,21390000.0,21390000.0
1057486-129-SE24,IDO/Lic 33-LQ21/Req 304018-2/Impresoras TI,2024-02-19T12:09:54.827,SE,1057486-33-LQ21,Recepción Conforme,7272,DIRECCION SERVICIO SALUD METROPOLITANO O,61.608.400-3,Providencia,Región Metropolitana de Santiago,59347,SOC DE SERVICIOS COMPUTACIONALES MICROSERV LIMITADA,79.642.560-1,Providencia,Región Metropolitana de Santiago,1,43212100,"Tecnologías de la información, telecomunicaciones y radiodifusión / Equipos informáticos y accesorios / Impresoras",43212110,Impresoras multifunción o multifuncionales,"Servicio de arriendo del Parque de impresoras DSSMO, correspondiente al mes de enero del 2024 - 23/36",1.0,,USD,3488.575,3488.575,3488.575
1057486-131-SE24,IDO/Lic 22-LQ22/Req 304028-4/TI,2024-02-19T12:53:48.81,SE,1057486-22-LQ22,Recepción Conforme,7272,DIRECCION SERVICIO SALUD METROPOLITANO O,61.608.400-3,Providencia,Región Metropolitana de Santiago,1316525,ASESORIAS CLAUDIO ANTONIO MACAYA SALCEDO EMPRESA INDIVIDUAL DE RESPONS,76.224.442-K,Santiago,Región Metropolitana de Santiago,1,80111600,"Servicios profesionales, administrativos y consultorías de gestión empresarial / Servicios de recursos humanos / Servicios de personal temporal",80111604,Personal técnico temporal,Servicios profesionales para proyectos TI (desarrolladores de software) enero 2024,1.0,,CLP,4839478.0,4839478.0,4839478.0
1057486-676-SE23,IDO/TD/Req 3030040-9/Operaciones,2023-11-02T12:15:47.787,SE,,Recepción Conforme,7272,DIRECCION SERVICIO SALUD METROPOLITANO O,61.608.400-3,Providencia,Región Metropolitana de Santiago,31980,Ascensores Otis-Chile Limitada,96.797.340-8,Providencia,Región Metropolitana de Santiago,1,72101500,"Servicios de construcción y mantenimiento / Servicios de atención, mantenimiento y reparaciones de edificios / Servicios de apoyo para la construcción",72101506,Servicios de mantenimiento de ascensores,Mantención preventiva ,12.0,,CLF,5.2,62.4,62.400000000000006
1057489-2380-SE24,2003400069 	VAINA INTRODUCTOR 20FR X 25CM  ,2024-03-04T10:01:05.48,SE,1057489-279-H221,Aceptada,7428,SERVICIO DE SALUD ORIENTE HOSPITAL DEL SALVADOR,61.608.406-2,Providencia,Región Metropolitana de Santiago,27097,CENTRAL DE COMPRAS DEL EXTRASISTEMA S.A.,96.515.660-7,Quilicura,Región Metropolitana de Santiago,1,42203400,"Equipamiento y suministros médicos / Productos para imágenes y de medicina nuclear / Artículos para imágenes vasculares, cardiología intervencional y laboratorio de cateterización cardiaca",42203402,Catéteres o juegos vasculares intervencional o diagnósticos,"2003400069 VAINA INTRODUCTORA 20 FR X 25 CM

",1.0,,CLP,380000.0,380000.0,380000.0
1057490-269-SE24,ORDEN DE COMPRA DESDE 1057490-8-LQ23,2024-01-29T13:58:33.643,SE,1057490-8-LQ23,Recepción Conforme,7474,Instituto de Neurocirugía,61.608.407-0,Providencia,Región Metropolitana de Santiago,1441037,C.G. DEMERCADO SPA,76.432.389-0,Ñuñoa,Región Metropolitana de Santiago,1,50192300,"Alimentos, bebidas y tabaco / Alimentos preparados y conservados / Postres y decoraciones",50192303,"Postres, helados o yogurt congelado","AAL-0229
Yogurt sin azúcar, variedad de sabores; 125 grs.",10.0,,CLP,300.0,3000.0,3000.0
1057490-269-SE24,ORDEN DE COMPRA DESDE 1057490-8-LQ23,2024-01-29T13:58:33.643,SE,1057490-8-LQ23,Recepción Conforme,7474,Instituto de Neurocirugía,61.608.407-0,Providencia,Región Metropolitana de Santiago,1441037,C.G. DEMERCADO SPA,76.432.389-0,Ñuñoa,Región Metropolitana de Santiago,2,50101500,"Alimentos, bebidas y tabaco / Frutas, verduras y frutos secos / Verduras",50101540,Verduras estables sin refrigerar,"AAL-0231
Puré o pasta de palta",4.0,,CLP,8200.0,32800.0,32800.0
1057490-269-SE24,ORDEN DE COMPRA DESDE 1057490-8-LQ23,2024-01-29T13:58:33.643,SE,1057490-8-LQ23,Recepción Conforme,7474,Instituto de Neurocirugía,61.608.407-0,Providencia,Región Metropolitana de Santiago,1441037,C.G. DEMERCADO SPA,76.432.389-0,Ñuñoa,Región Metropolitana de Santiago,3,50221200,"Alimentos, bebidas y tabaco / Cereales y Legumbres / Cereales procesados",50221201,Cereales precocidos y listos para comer,"AAL-0159
Sémola con leche, pote 140 grs.",250.0,,CLP,590.0,147500.0,147500.0
1057490-269-SE24,ORDEN DE COMPRA DESDE 1057490-8-LQ23,2024-01-29T13:58:33.643,SE,1057490-8-LQ23,Recepción Conforme,7474,Instituto de Neurocirugía,61.608.407-0,Providencia,Región Metropolitana de Santiago,1441037,C.G. DEMERCADO SPA,76.432.389-0,Ñuñoa,Región Metropolitana de Santiago,4,50111500,"Alimentos, bebidas y tabaco / Productos de carne y aves de corral / Carnes y aves de corral",50111510,Carne de ave o carne fresca,"AAL-0161
Hamburguesa 100/150 grs., unidad ",50.0,,CLP,590.0,29500.0,29500.0
1057490-269-SE24,ORDEN DE COMPRA DESDE 1057490-8-LQ23,2024-01-29T13:58:33.643,SE,1057490-8-LQ23,Recepción Conforme,7474,Instituto de Neurocirugía,61.608.407-0,Providencia,Región Metropolitana de Santiago,1441037,C.G. DEMERCADO SPA,76.432.389-0,Ñuñoa,Región Metropolitana de Santiago,5,50202300,"Alimentos, bebidas y tabaco / Bebidas / Bebidas no alcohólicas",50202310,Agua mineral,"AAL-0169
Agua mineral sin gas, botella 500 ml.",3000.0,,CLP,490.0,1470000.0,1470000.0
1057490-269-SE24,ORDEN DE COMPRA DESDE 1057490-8-LQ23,2024-01-29T13:58:33.643,SE,1057490-8-LQ23,Recepción Conforme,7474,Instituto de Neurocirugía,61.608.407-0,Providencia,Región Metropolitana de Santiago,1441037,C.G. DEMERCADO SPA,76.432.389-0,Ñuñoa,Región Metropolitana de Santiago,6,50131700,"Alimentos, bebidas y tabaco / Productos lácteos y huevos / Productos de leche y mantequilla",50131701,Leche o productos de mantequilla,"AAL-0112
Margarina, pan 250 grs.",72.0,,CLP,760.0,54720.0,54720.0
1057490-269-SE24,ORDEN DE COMPRA DESDE 1057490-8-LQ23,2024-01-29T13:58:33.643,SE,1057490-8-LQ23,Recepción Conforme,7474,Instituto de Neurocirugía,61.608.407-0,Providencia,Región Metropolitana de Santiago,1441037,C.G. DEMERCADO SPA,76.432.389-0,Ñuñoa,Región Metropolitana de Santiago,7,50131700,"Alimentos, bebidas y tabaco / Productos lácteos y huevos / Productos de leche y mantequilla",50131701,Leche o productos de mantequilla,"AAL-0129
Manjar de leche, kilo",1.0,,CLP,3400.0,3400.0,3400.0
1057490-269-SE24,ORDEN DE COMPRA DESDE 1057490-8-LQ23,2024-01-29T13:58:33.643,SE,1057490-8-LQ23,Recepción Conforme,7474,Instituto de Neurocirugía,61.608.407-0,Providencia,Región Metropolitana de Santiago,1441037,C.G. DEMERCADO SPA,76.432.389-0,Ñuñoa,Región Metropolitana de Santiago,8,50192300,"Alimentos, bebidas y tabaco / Alimentos preparados y conservados / Postres y decoraciones",50192303,"Postres, helados o yogurt congelado","Yogurt batido sabor vainilla, 120 grs.",50.0,,CLP,300.0,15000.0,15000.0
1057490-269-SE24,ORDEN DE COMPRA DESDE 1057490-8-LQ23,2024-01-29T13:58:33.643,SE,1057490-8-LQ23,Recepción Conforme,7474,Instituto de Neurocirugía,61.608.407-0,Providencia,Región Metropolitana de Santiago,1441037,C.G. DEMERCADO SPA,76.432.389-0,Ñuñoa,Región Metropolitana de Santiago,9,50192300,"Alimentos, bebidas y tabaco / Alimentos preparados y conservados / Postres y decoraciones",50192303,"Postres, helados o yogurt congelado","AAL-0198
Yogurt batido sabor chirimoya, 120 grs.",50.0,,CLP,300.0,15000.0,15000.0
1057490-269-SE24,ORDEN DE COMPRA DESDE 1057490-8-LQ23,2024-01-29T13:58:33.643,SE,1057490-8-LQ23,Recepción Conforme,7474,Instituto de Neurocirugía,61.608.407-0,Providencia,Región Metropolitana de Santiago,1441037,C.G. DEMERCADO SPA,76.432.389-0,Ñuñoa,Región Metropolitana de Santiago,10,50181900,"Alimentos, bebidas y tabaco / Productos de panadería / Pan, galletas y pastelitos dulces",50181905,Galletas dulces o pastelitos,"AAL-0221
Galletas individuales 40 grs.",40.0,,CLP,180.0,7200.0,7200.0
1057490-269-SE24,ORDEN DE COMPRA DESDE 1057490-8-LQ23,2024-01-29T13:58:33.643,SE,1057490-8-LQ23,Recepción Conforme,7474,Instituto de Neurocirugía,61.608.407-0,Providencia,Región Metropolitana de Santiago,1441037,C.G. DEMERCADO SPA,76.432.389-0,Ñuñoa,Región Metropolitana de Santiago,11,50171900,"Alimentos, bebidas y tabaco / Condimentos y preservantes / Salmuera, salsas y aceitunas",50171901,Conservas,"AAL-0222
compota de frutas individual 100/120 grs.",90.0,,CLP,400.0,36000.0,36000.0
1057490-269-SE24,ORDEN DE COMPRA DESDE 1057490-8-LQ23,2024-01-29T13:58:33.643,SE,1057490-8-LQ23,Recepción Conforme,7474,Instituto de Neurocirugía,61.608.407-0,Providencia,Región Metropolitana de Santiago,1441037,C.G. DEMERCADO SPA,76.432.389-0,Ñuñoa,Región Metropolitana de Santiago,12,50171800,"Alimentos, bebidas y tabaco / Condimentos y preservantes / Salsas, condimentos y productos para untar",50171833,Paté u otras pastas para untar,"AAL-0225
Paté variedad  ternera/jamón/pollo; kilo",5.0,,CLP,4200.0,21000.0,21000.0
1057490-269-SE24,ORDEN DE COMPRA DESDE 1057490-8-LQ23,2024-01-29T13:58:33.643,SE,1057490-8-LQ23,Recepción Conforme,7474,Instituto de Neurocirugía,61.608.407-0,Providencia,Región Metropolitana de Santiago,1441037,C.G. DEMERCADO SPA,76.432.389-0,Ñuñoa,Región Metropolitana de Santiago,13,50101600,"Alimentos, bebidas y tabaco / Frutas, verduras y frutos secos / Frutas",50101636,Fruta estable sin refrigerar,"AAL-0226
Dulce de membrillo",5.0,,CLP,2900.0,14500.0,14500.0
1057490-269-SE24,ORDEN DE COMPRA DESDE 1057490-8-LQ23,2024-01-29T13:58:33.643,SE,1057490-8-LQ23,Recepción Conforme,7474,Instituto de Neurocirugía,61.608.407-0,Providencia,Región Metropolitana de Santiago,1441037,C.G. DEMERCADO SPA,76.432.389-0,Ñuñoa,Región Metropolitana de Santiago,14,50181900,"Alimentos, bebidas y tabaco / Productos de panadería / Pan, galletas y pastelitos dulces",50181905,Galletas dulces o pastelitos,"AAL-0219
Queque individual 25/30 grs ",90.0,,CLP,290.0,26100.0,26100.0
1057490-269-SE24,ORDEN DE COMPRA DESDE 1057490-8-LQ23,2024-01-29T13:58:33.643,SE,1057490-8-LQ23,Recepción Conforme,7474,Instituto de Neurocirugía,61.608.407-0,Providencia,Región Metropolitana de Santiago,1441037,C.G. DEMERCADO SPA,76.432.389-0,Ñuñoa,Región Metropolitana de Santiago,15,50131800,"Alimentos, bebidas y tabaco / Productos lácteos y huevos / Quesos",50131801,Queso natural,"AAL-0109
Quesillo natural vaca, 250 grs.",5.0,,CLP,2100.0,10500.0,10500.0
1057490-269-SE24,ORDEN DE COMPRA DESDE 1057490-8-LQ23,2024-01-29T13:58:33.643,SE,1057490-8-LQ23,Recepción Conforme,7474,Instituto de Neurocirugía,61.608.407-0,Providencia,Región Metropolitana de Santiago,1441037,C.G. DEMERCADO SPA,76.432.389-0,Ñuñoa,Región Metropolitana de Santiago,16,50131800,"Alimentos, bebidas y tabaco / Productos lácteos y huevos / Quesos",50131801,Queso natural,"AAL-0111
Queso gauda laminada, kilo",25.0,,CLP,7100.0,177500.0,177500.0
1057490-269-SE24,ORDEN DE COMPRA DESDE 1057490-8-LQ23,2024-01-29T13:58:33.643,SE,1057490-8-LQ23,Recepción Conforme,7474,Instituto de Neurocirugía,61.608.407-0,Providencia,Región Metropolitana de Santiago,1441037,C.G. DEMERCADO SPA,76.432.389-0,Ñuñoa,Región Metropolitana de Santiago,17,50192300,"Alimentos, bebidas y tabaco / Alimentos preparados y conservados / Postres y decoraciones",50192303,"Postres, helados o yogurt congelado","AAL-0105
Yogurt probiótico, botella 100 ml.",30.0,,CLP,390.0,11700.0,11700.0
1057490-269-SE24,ORDEN DE COMPRA DESDE 1057490-8-LQ23,2024-01-29T13:58:33.643,SE,1057490-8-LQ23,Recepción Conforme,7474,Instituto de Neurocirugía,61.608.407-0,Providencia,Región Metropolitana de Santiago,1441037,C.G. DEMERCADO SPA,76.432.389-0,Ñuñoa,Región Metropolitana de Santiago,18,50131600,"Alimentos, bebidas y tabaco / Productos lácteos y huevos / Huevos y sustitutos",50131606,Huevos frescos,"AAL-0106
Huevos fresco, extra, gramaje 54/61 gr.",540.0,,CLP,220.0,118800.0,118800.0
1057490-425-SE24,"S. MANTENCION REPARATIVA ASCENSORES, S-COM-5797",2024-02-20T07:53:12.817,SE,,Recepción Conforme,7474,Instituto de Neurocirugía,61.608.407-0,Providencia,Región Metropolitana de Santiago,22222,Comercial e Industrial Aldunce y Compañia Limitada,79.670.710-0,Ñuñoa,Región Metropolitana de Santiago,1,72101500,"Servicios de construcción y mantenimiento / Servicios de atención, mantenimiento y reparaciones de edificios / Servicios de apoyo para la construcción",72101506,Servicios de mantenimiento de ascensores,"SER-0227
Servicio de Mantención Reparativa de Ascensor Monta Camilla N°2
Retiro de tarjeta de freno con problemas
Instalación de tarjeta de freno nueva
Pruebas y ajustes

",1.0,,CLP,583990.0,583990.0,583990.0
1057490-436-AG24,Orden de Compra generada por invitación a compra ágil: 1057490-17-COT24,2024-02-21T15:16:50.8,AG,,Recepción Conforme,7474,Instituto de Neurocirugía,61.608.407-0,Providencia,Región Metropolitana de Santiago,1372206,Claudio Andres,76.305.668-6,Quinta Normal,Región Metropolitana de Santiago,1,44121600,"Equipos, accesorios y suministros de oficina / Suministros de oficina / Suministros de escritorio",44121604,Timbres y sellos,SSC-0745 TIMBRE DIF. MODELOS (CCI-0153)	,3.0,,CLP,15000.0,45000.0,0.0
1057490-495-SE24,ORDEN DE COMPRA DESDE 1057490-49-LE23	,2024-02-27T14:49:22.64,SE,1057490-49-LE23,Recepción Conforme,7474,Instituto de Neurocirugía,61.608.407-0,Providencia,Región Metropolitana de Santiago,1539372,IMPORTADORA COMERCIALIZADORA Y,76.587.992-2,,,1,52152000,"Muebles, accesorios, electrodomésticos y productos electrónicos / Utensilios y baterías de cocina, vajillas y otros productos de uso doméstico / Platos, utensilios para servir y recipientes para almacenar",52152007,Pocillos,MME-0074 POCILLO TÉRMICO DESECHABLE (355 ML/12 OZ) (MME-0074),1000.0,,CLP,63.0,63000.0,63000.0
1057490-508-SE24,ORDEN DE COMPRA DESDE 1057490-24-LE23,2024-02-28T11:51:44.117,SE,1057490-24-LE23,Recepción Conforme,7474,Instituto de Neurocirugía,61.608.407-0,Providencia,Región Metropolitana de Santiago,44174,ROBERTO GARCES VIAL Y COMPANIA LIMITADA,79.568.510-3,El Bosque,Región Metropolitana de Santiago,1,52152000,"Muebles, accesorios, electrodomésticos y productos electrónicos / Utensilios y baterías de cocina, vajillas y otros productos de uso doméstico / Platos, utensilios para servir y recipientes para almacenar",52152007,Pocillos,MME-0078 VASO TERMICO DESECHABLE CON TAPA (240 ML/80 OZ) (MME-0078),2000.0,,CLP,58.0,116000.0,116000.0
1057490-908-SE22,Bolsas Polietileno,2022-06-03T08:04:14.393,SE,,Recepción Conforme,7474,Instituto de Neurocirugía,61.608.407-0,Providencia,Región Metropolitana de Santiago,1130050,Comercial Jesmo Limitada,76.075.042-5,Providencia,Región Metropolitana de Santiago,1,13102000,"Resinas, cauchos, espumas y elastómeros / Caucho y elastómeros / Plásticos termoplásticos",13102017,Polietileno de alta densidad (HDPE),"UUA-0404
BOLSA CAMISETA 50X60
",6000.0,,CLP,57.0,342000.0,342000.0
1057490-908-SE22,Bolsas Polietileno,2022-06-03T08:04:14.393,SE,,Recepción Conforme,7474,Instituto de Neurocirugía,61.608.407-0,Providencia,Región Metropolitana de Santiago,1130050,Comercial Jesmo Limitada,76.075.042-5,Providencia,Región Metropolitana de Santiago,2,13102000,"Resinas, cauchos, espumas y elastómeros / Caucho y elastómeros / Plásticos termoplásticos",13102017,Polietileno de alta densidad (HDPE),"UUA-0009
BOLSA TRANSPARENTE 120 X 200x0,07
",6000.0,,CLP,1343.0,8058000.0,8058000.0
1057490-908-SE22,Bolsas Polietileno,2022-06-03T08:04:14.393,SE,,Recepción Conforme,7474,Instituto de Neurocirugía,61.608.407-0,Providencia,Región Metropolitana de Santiago,1130050,Comercial Jesmo Limitada,76.075.042-5,Providencia,Región Metropolitana de Santiago,3,13102000,"Resinas, cauchos, espumas y elastómeros / Caucho y elastómeros / Plásticos termoplásticos",13102017,Polietileno de alta densidad (HDPE),"UUA-0040
BOLSA TRANSPARENTE 70X90X0.07
",1000.0,,CLP,395.0,395000.0,395000.0
1057490-908-SE22,Bolsas Polietileno,2022-06-03T08:04:14.393,SE,,Recepción Conforme,7474,Instituto de Neurocirugía,61.608.407-0,Providencia,Región Metropolitana de Santiago,1130050,Comercial Jesmo Limitada,76.075.042-5,Providencia,Región Metropolitana de Santiago,4,13102000,"Resinas, cauchos, espumas y elastómeros / Caucho y elastómeros / Plásticos termoplásticos",13102017,Polietileno de alta densidad (HDPE),"UUA-0049
BOLSA POLIETILENO RECICLADO 70*90*0,07
",20000.0,,CLP,300.0,6000000.0,6000000.0
1057490-908-SE22,Bolsas Polietileno,2022-06-03T08:04:14.393,SE,,Recepción Conforme,7474,Instituto de Neurocirugía,61.608.407-0,Providencia,Región Metropolitana de Santiago,1130050,Comercial Jesmo Limitada,76.075.042-5,Providencia,Región Metropolitana de Santiago,5,13102000,"Resinas, cauchos, espumas y elastómeros / Caucho y elastómeros / Plásticos termoplásticos",13102017,Polietileno de alta densidad (HDPE),"UUA-0071
BOLSA TRANSPARENTE 40*60*0,07
",1000.0,,CLP,174.0,174000.0,174000.0
1057490-908-SE22,Bolsas Polietileno,2022-06-03T08:04:14.393,SE,,Recepción Conforme,7474,Instituto de Neurocirugía,61.608.407-0,Providencia,Región Metropolitana de Santiago,1130050,Comercial Jesmo Limitada,76.075.042-5,Providencia,Región Metropolitana de Santiago,6,13102000,"Resinas, cauchos, espumas y elastómeros / Caucho y elastómeros / Plásticos termoplásticos",13102017,Polietileno de alta densidad (HDPE),"UUA-0323
BOLSA TRANSPARENTE 25X50X0.07
",3200.0,,CLP,87.0,278400.0,278400.0
1057490-908-SE22,Bolsas Polietileno,2022-06-03T08:04:14.393,SE,,Recepción Conforme,7474,Instituto de Neurocirugía,61.608.407-0,Providencia,Región Metropolitana de Santiago,1130050,Comercial Jesmo Limitada,76.075.042-5,Providencia,Región Metropolitana de Santiago,7,13102000,"Resinas, cauchos, espumas y elastómeros / Caucho y elastómeros / Plásticos termoplásticos",13102017,Polietileno de alta densidad (HDPE),"UUA-0403
BOLSA PREPICADA TRANSPARENTE 20X30CM
",20.0,,CLP,26550.0,531000.0,531000.0
1057490-908-SE22,Bolsas Polietileno,2022-06-03T08:04:14.393,SE,,Recepción Conforme,7474,Instituto de Neurocirugía,61.608.407-0,Providencia,Región Metropolitana de Santiago,1130050,Comercial Jesmo Limitada,76.075.042-5,Providencia,Región Metropolitana de Santiago,8,13102000,"Resinas, cauchos, espumas y elastómeros / Caucho y elastómeros / Plásticos termoplásticos",13102017,Polietileno de alta densidad (HDPE),"UUA-0047
MANGA POLIETILENO 15 CMS. * 0,07
",1.0,,CLP,120000.0,120000.0,120000.0
1057490-908-SE22,Bolsas Polietileno,2022-06-03T08:04:14.393,SE,,Recepción Conforme,7474,Instituto de Neurocirugía,61.608.407-0,Providencia,Región Metropolitana de Santiago,1130050,Comercial Jesmo Limitada,76.075.042-5,Providencia,Región Metropolitana de Santiago,9,13102000,"Resinas, cauchos, espumas y elastómeros / Caucho y elastómeros / Plásticos termoplásticos",13102017,Polietileno de alta densidad (HDPE),"UUA-0363
MANGA PLASTICA NEGRA 10CM ANCHO (ROLLO X50MTS)
",1.0,,CLP,25000.0,25000.0,25000.0
1057490-908-SE22,Bolsas Polietileno,2022-06-03T08:04:14.393,SE,,Recepción Conforme,7474,Instituto de Neurocirugía,61.608.407-0,Providencia,Región Metropolitana de Santiago,1130050,Comercial Jesmo Limitada,76.075.042-5,Providencia,Región Metropolitana de Santiago,10,13102000,"Resinas, cauchos, espumas y elastómeros / Caucho y elastómeros / Plásticos termoplásticos",13102017,Polietileno de alta densidad (HDPE),"UUA-0326
BOLSA TRANSPARENTE 35X50X0.07
",300.0,,CLP,105.0,31500.0,31500.0
1057490-967-SE23,ORDEN DE COMPRA DESDE 1057490-6-LE21	,2023-06-01T11:21:15.203,SE,1057490-6-LE21,Recepción Conforme,7474,Instituto de Neurocirugía,61.608.407-0,Providencia,Región Metropolitana de Santiago,17838,FUND ARTURO LOPEZ PEREZ,70.377.400-8,Providencia,Región Metropolitana de Santiago,1,85122200,"Salud, servicios sanitarios y alimentación / Medicina y servicios de salud / Evaluaciones de salud individuales",85122201,Exámenes médicos,SER-0096 EXAMEN DE ESTUDIOS DE CODELECIÓN 1P 19Q,1.0,,CLP,247899.0,247899.0,247899.0
1057491-1070-SE24,MPO/MANT.PREVENTIVA AUTOCLAVES OPPICI/FEBRERO 2024,2024-02-20T09:14:07.227,SE,1057491-34-LP23,Recepción Conforme,6918,SERVICIO DE SALUD ORIENTE HOSPITAL LUIS CALVO MACKENNA,61.608.408-9,Providencia,Región Metropolitana de Santiago,1481956,ALTERNA INGENIERIA SPA,76.486.127-2,Santiago,Región Metropolitana de Santiago,1,42281500,Equipamiento y suministros médicos / Productos para la esterilización médica / Equipos y accesorios de esterilizadores y autoclaves,42281508,Esterilizadores o autoclaves de vapor,SER-0807 - SERVICIO DE MANTENCIÓN PREVENTIVA DE EQUIPOS DE AUTOCLAVES MARCA OPPICI ,4.0,,CLP,210000.0,840000.0,840000.0
1057491-1080-SE24,MPO/SERVICIOS ADMINISTRACIÓN DE ROPERIA Y LAVANDERIA/FEBRERO 2024,2024-02-20T10:47:00.053,SE,1057491-84-LR23,Recepción Conforme,6918,SERVICIO DE SALUD ORIENTE HOSPITAL LUIS CALVO MACKENNA,61.608.408-9,Providencia,Región Metropolitana de Santiago,116145,Golden Clean,99.574.920-3,Cerrillos,Región Metropolitana de Santiago,1,91111500,Servicios de cuidado personal y domésticos / Servicio doméstico y de cuidados / Servicios de lavado,91111502,Servicios de lavandería,SER-0122 - SERVICIO DE LAVADO DE ROPA CLÍNICA Y ADMINISTRACIÓN DE ROPERÍA,12196.0,,CLP,1639.0,19989244.0,19989244.0
1057491-1180-SE24,JTR/PROGRAMA QUIMICOS/MARZO 2024,2024-02-22T10:34:06.377,SE,1057491-30-LQ23,Recepción Conforme,6918,SERVICIO DE SALUD ORIENTE HOSPITAL LUIS CALVO MACKENNA,61.608.408-9,Providencia,Región Metropolitana de Santiago,1731632,TCL GROUP SPA,76.505.914-3,Renca,Región Metropolitana de Santiago,1,41121600,Equipamiento para laboratorios / Suministros para laboratorios / Puntas de pipeta,41121604,Puntas de pipeta de referencia,"203-0068	PUNTAS <200 MICROLITRO S/ CORONA  /PUNTAS/CAJA 1000 PUNTAS
",20000.0,,CLP,4.99,99800.0,99800.0
1057491-1180-SE24,JTR/PROGRAMA QUIMICOS/MARZO 2024,2024-02-22T10:34:06.377,SE,1057491-30-LQ23,Recepción Conforme,6918,SERVICIO DE SALUD ORIENTE HOSPITAL LUIS CALVO MACKENNA,61.608.408-9,Providencia,Región Metropolitana de Santiago,1731632,TCL GROUP SPA,76.505.914-3,Renca,Región Metropolitana de Santiago,2,41121600,Equipamiento para laboratorios / Suministros para laboratorios / Puntas de pipeta,41121604,Puntas de pipeta de referencia,"203-0073	PUNTAS BLANCAS PARA MICROPIPETAS VOL <10 MICROLITRO
",5000.0,,CLP,4.99,24950.0,24950.0
1057491-1180-SE24,JTR/PROGRAMA QUIMICOS/MARZO 2024,2024-02-22T10:34:06.377,SE,1057491-30-LQ23,Recepción Conforme,6918,SERVICIO DE SALUD ORIENTE HOSPITAL LUIS CALVO MACKENNA,61.608.408-9,Providencia,Región Metropolitana de Santiago,1731632,TCL GROUP SPA,76.505.914-3,Renca,Región Metropolitana de Santiago,3,41121700,Equipamiento para laboratorios / Suministros para laboratorios / Tubos de ensayo,41121701,Tubos de ensayo multipropósito o generales,"209-1056	TUBO EPPENDORF  0,6 ML LIBRE DE (DNASA) /PAQUETE/PAQUETE 1000 UNIDADES
",1000.0,,CLP,16.99,16990.0,16990.0
1057491-1232-CM24,JCO/PERECIBLES/PACIENTES/MARZO 2024,2024-02-23T15:07:02.013,CM,,Recepción Conforme,6918,SERVICIO DE SALUD ORIENTE HOSPITAL LUIS CALVO MACKENNA,61.608.408-9,Providencia,Región Metropolitana de Santiago,1394362,SERVICIOS INTEGRADOS SIDAPT LIMITADA,76.299.358-9,,,1,0,,0,YOGURT CON CEREAL SOPROLE 1+1 CHOCO KRISPIS POTE 140 G UNIDAD RM,(1435107) YOGURT CON CEREAL SOPROLE 1+1 CHOCO KRISPIS POTE 140 G UNIDAD RM,40.0,,CLP,585.0,23400.0,23400.0
1057491-1232-CM24,JCO/PERECIBLES/PACIENTES/MARZO 2024,2024-02-23T15:07:02.013,CM,,Recepción Conforme,6918,SERVICIO DE SALUD ORIENTE HOSPITAL LUIS CALVO MACKENNA,61.608.408-9,Providencia,Región Metropolitana de Santiago,1394362,SERVICIOS INTEGRADOS SIDAPT LIMITADA,76.299.358-9,,,2,0,,0,YOGURT CON CEREAL SOPROLE 1+1 ZUCARITAS POTE 140 G UNIDAD RM,(1435122) YOGURT CON CEREAL SOPROLE 1+1 ZUCARITAS POTE 140 G UNIDAD RM,40.0,,CLP,596.0,23840.0,23840.0
1057491-1232-CM24,JCO/PERECIBLES/PACIENTES/MARZO 2024,2024-02-23T15:07:02.013,CM,,Recepción Conforme,6918,SERVICIO DE SALUD ORIENTE HOSPITAL LUIS CALVO MACKENNA,61.608.408-9,Providencia,Región Metropolitana de Santiago,1394362,SERVICIOS INTEGRADOS SIDAPT LIMITADA,76.299.358-9,,,3,0,,0,POSTRE REFRIGERADO NESTLE FLAN CARAMELO POTE 120 G UNIDAD RM,(1448637) POSTRE REFRIGERADO NESTLE FLAN CARAMELO POTE 120 G UNIDAD RM,1550.0,,CLP,359.0,556450.0,556450.0
1057491-1232-CM24,JCO/PERECIBLES/PACIENTES/MARZO 2024,2024-02-23T15:07:02.013,CM,,Recepción Conforme,6918,SERVICIO DE SALUD ORIENTE HOSPITAL LUIS CALVO MACKENNA,61.608.408-9,Providencia,Región Metropolitana de Santiago,1394362,SERVICIOS INTEGRADOS SIDAPT LIMITADA,76.299.358-9,,,4,0,,0,YOGURT BATIDO NESTLE VAINILLA POTE 120 G UNIDAD RM,(1448922) YOGURT BATIDO NESTLE VAINILLA POTE 120 G UNIDAD RM,1988.0,,CLP,238.0,473144.0,473144.0
1057491-1232-CM24,JCO/PERECIBLES/PACIENTES/MARZO 2024,2024-02-23T15:07:02.013,CM,,Recepción Conforme,6918,SERVICIO DE SALUD ORIENTE HOSPITAL LUIS CALVO MACKENNA,61.608.408-9,Providencia,Región Metropolitana de Santiago,1394362,SERVICIOS INTEGRADOS SIDAPT LIMITADA,76.299.358-9,,,5,0,,0,YOGURT BATIDO SOPROLE DAMASCO POTE 120 G UNIDAD RM,(1435047) YOGURT BATIDO SOPROLE DAMASCO POTE 120 G UNIDAD RM,288.0,,CLP,230.0,66240.0,66240.0
1057491-1232-CM24,JCO/PERECIBLES/PACIENTES/MARZO 2024,2024-02-23T15:07:02.013,CM,,Recepción Conforme,6918,SERVICIO DE SALUD ORIENTE HOSPITAL LUIS CALVO MACKENNA,61.608.408-9,Providencia,Región Metropolitana de Santiago,1394362,SERVICIOS INTEGRADOS SIDAPT LIMITADA,76.299.358-9,,,6,0,,0,YOGURT BATIDO SOPROLE FRUTILLA POTE 120 G UNIDAD RM,(1434822) YOGURT BATIDO SOPROLE FRUTILLA POTE 120 G UNIDAD RM,1138.0,,CLP,230.0,261740.0,261740.0
1057491-1232-CM24,JCO/PERECIBLES/PACIENTES/MARZO 2024,2024-02-23T15:07:02.013,CM,,Recepción Conforme,6918,SERVICIO DE SALUD ORIENTE HOSPITAL LUIS CALVO MACKENNA,61.608.408-9,Providencia,Región Metropolitana de Santiago,1394362,SERVICIOS INTEGRADOS SIDAPT LIMITADA,76.299.358-9,,,7,0,,0,YOGURT LIGHT DANONE SEMIDESCREMADO FRUTILLA POTE 115 G UNIDAD RM,(1509132) YOGURT LIGHT DANONE SEMIDESCREMADO FRUTILLA POTE 115 G UNIDAD RM,80.0,,CLP,282.0,22560.0,22560.0
1057491-1232-CM24,JCO/PERECIBLES/PACIENTES/MARZO 2024,2024-02-23T15:07:02.013,CM,,Recepción Conforme,6918,SERVICIO DE SALUD ORIENTE HOSPITAL LUIS CALVO MACKENNA,61.608.408-9,Providencia,Región Metropolitana de Santiago,1394362,SERVICIOS INTEGRADOS SIDAPT LIMITADA,76.299.358-9,,,8,0,,0,LECHE SABORIZADA SEMIDESCREMADA SOPROLE CHOCOLATE CAJA 200 ML UNIDAD RM,(1433937) LECHE SABORIZADA SEMIDESCREMADA SOPROLE CHOCOLATE CAJA 200 ML UNIDAD RM,4100.0,,CLP,449.0,1840900.0,1840900.0
1057491-1258-SE24,MPO/RRFF-EEMM/RRFF-EEMM/SERVICIO DE CENTRO DE INCLUSION /FEBRERO 2024,2024-02-23T20:09:07.8,SE,1057491-162-LE22,Recepción Conforme,6918,SERVICIO DE SALUD ORIENTE HOSPITAL LUIS CALVO MACKENNA,61.608.408-9,Providencia,Región Metropolitana de Santiago,1373412,IMPORTADORA Y DISTRIBUIDORA NOVAMEDICAL CHILE LIMITADA,76.298.809-7,San Miguel,Región Metropolitana de Santiago,1,41104400,Equipamiento para laboratorios / Equipos e insumos para laboratorio / Equipo de incubación para laboratorio,41104403,Incubadores de cultivo de tejidos,SER-0934-SERVICIO DE MANTENCIÓN PREVENTIVA DE EQUIPO CENTRO DE INCLUSIÓN,1.0,,CLP,175000.0,175000.0,175000.0
1057491-1270-SE24,MPO/EEMM-MANTENIMIENTO PREVENTIVO SERIÓGRAFO/FEBRERO 2024,2024-02-24T17:52:58,SE,1057491-27-LE22,Recepción Conforme,6918,SERVICIO DE SALUD ORIENTE HOSPITAL LUIS CALVO MACKENNA,61.608.408-9,Providencia,Región Metropolitana de Santiago,1490987,SIEMENS HEALTHCARE EQUIPOS MEDICOS SPA,76.481.921-7,Las Condes,Región Metropolitana de Santiago,1,42201800,Equipamiento y suministros médicos / Productos para imágenes y de medicina nuclear / Artículos radiográficos de diagnóstico médico,42201815,Unidades radiográficas médicas para uso diagnóstico general,SER-0675 - SERVICIO DE MANTENCION PREVENTIVA Y CORRECTIVA EQUIPO SERIOGRAFO,1.0,,CLP,1781993.0,1781993.0,1781993.0
1057491-1274-SE24,MPO/RRFF-EEMM/MANTENCION PREVENTIVA EQUIPOS RX PORTATIL/FEBRERO 2024,2024-02-24T18:11:29.293,SE,1057491-77-LE22,Recepción Conforme,6918,SERVICIO DE SALUD ORIENTE HOSPITAL LUIS CALVO MACKENNA,61.608.408-9,Providencia,Región Metropolitana de Santiago,20354,TECNOLOGIAS EN IMAGENES MEDICAS CHILE S.A.,78.196.790-4,Ñuñoa,Región Metropolitana de Santiago,1,41111800,Equipamiento para laboratorios / Instrumentos de medida y experimentación / Equipo de examen no invasivo,41111808,Equipo de examen por rayos X,SER-0700 - MANTENCION PREVENTIVA Y CORRECTIVA DE EQUIPOS RAYOS X PORTÁTIL MARCA FUJI,1.0,,CLP,210084.0,210084.0,210084.0
1057491-1289-SE24,MPO/PROGRAMA IMG/MARZO 2024,2024-02-24T20:29:32.243,SE,1057491-106-LQ22,Recepción Conforme,6918,SERVICIO DE SALUD ORIENTE HOSPITAL LUIS CALVO MACKENNA,61.608.408-9,Providencia,Región Metropolitana de Santiago,44105,Fresenius Kabi Chile Ltda.,77.478.120-k,San Joaquín,Región Metropolitana de Santiago,1,42221600,"Equipamiento y suministros médicos / Productos administrados por vía intravenosa y arterial / Tuberías, juegos de administración y productos relacionados intravenosos y arteriales",42221604,"Protectores, tapas, cierres, conectores o adaptado",205-1159 - CONECTOR ARTERIAL M/H 150 CMS TPS,2000.0,,CLP,2750.0,5500000.0,5500000.0
1057491-1359-SE24,MPO/PROGRAMA IMG/MARZO 2024,2024-02-26T09:15:37.347,SE,1057491-176-LQ22,Recepción Conforme,6918,SERVICIO DE SALUD ORIENTE HOSPITAL LUIS CALVO MACKENNA,61.608.408-9,Providencia,Región Metropolitana de Santiago,47740,B BRAUN MEDICAL SPA,96.756.540-7,San Bernardo,Región Metropolitana de Santiago,1,42311500,"Equipamiento y suministros médicos / Productos para el cuidado de heridas / Vendas, vendajes y productos relacionados",42311526,Vendajes de apósitos,"206-0408	LIMPIADOR DE HERIDAS TIPO LINOVERA FRASCO 30 ML
",40.0,,CLP,9900.0,396000.0,396000.0
1057491-1372-SE24,MPO/PROGRAMA IMG/MARZO 2024,2024-02-26T10:33:59.697,SE,1057491-56-LP23,Recepción Conforme,6918,SERVICIO DE SALUD ORIENTE HOSPITAL LUIS CALVO MACKENNA,61.608.408-9,Providencia,Región Metropolitana de Santiago,27097,CENTRAL DE COMPRAS DEL EXTRASISTEMA S.A.,96.515.660-7,Quilicura,Región Metropolitana de Santiago,1,42272200,"Equipamiento y suministros médicos / Productos de resucitación, anestesia y respiratorios / Ventiladores y accesorios de presión mecánica positiva",42272224,Kits de circuito de ventilación,"205-1484	FILTRO HUMIFICADOR THERMOVENT T-2 CON PUERTO DE OXIGENO Y ASPIRACION
",600.0,,CLP,3490.0,2094000.0,2094000.0
1057491-1430-SE24,ACHV/PEDIDO PACIENTE HEMODINAMIA/FEBRERO 2024,2024-02-27T10:36:35.853,SE,1057491-44-LQ22,Recepción Conforme,6918,SERVICIO DE SALUD ORIENTE HOSPITAL LUIS CALVO MACKENNA,61.608.408-9,Providencia,Región Metropolitana de Santiago,33956,IMPORTADORA Y EXPORTADORA CAMIR SPA,77.487.960-9,Viña del Mar,Región de Valparaíso ,1,42203500,Equipamiento y suministros médicos / Productos para imágenes y de medicina nuclear / Marcapasos cardiacos y productos relacionados,42203504,Equipo de laboratorios de cateterización cardiaca,212-0015 - BALON ANGIOPLASTIA 4-9 MM X 20 MM,3.0,,CLP,155000.0,465000.0,465000.0
1057491-1448-SE24,MPO/CIRUGIAS IMPLANTES ESCOLIOSIS/FEBRERO 2024,2024-02-27T14:14:45.03,SE,1057491-12-LR22,Recepción Conforme,6918,SERVICIO DE SALUD ORIENTE HOSPITAL LUIS CALVO MACKENNA,61.608.408-9,Providencia,Región Metropolitana de Santiago,106111,ORTOPROTEC Y COMPANIA LIMITADA,77.572.630-k,Providencia,Región Metropolitana de Santiago,1,42295500,"Equipamiento y suministros médicos / Productos quirúrgicos / Implantes quirúrgicos, ensanchadores, extensores, alambres quirúrgicos y productos relacionados",42295507,Implantes ortopédicos o alambres quirúrgicos,205-0299 - BARRA DE TITANIO 5.5 MM A 5.6 MM,2.0,,CLP,78000.0,156000.0,156000.0
1057491-1448-SE24,MPO/CIRUGIAS IMPLANTES ESCOLIOSIS/FEBRERO 2024,2024-02-27T14:14:45.03,SE,1057491-12-LR22,Recepción Conforme,6918,SERVICIO DE SALUD ORIENTE HOSPITAL LUIS CALVO MACKENNA,61.608.408-9,Providencia,Región Metropolitana de Santiago,106111,ORTOPROTEC Y COMPANIA LIMITADA,77.572.630-k,Providencia,Región Metropolitana de Santiago,2,42295500,"Equipamiento y suministros médicos / Productos quirúrgicos / Implantes quirúrgicos, ensanchadores, extensores, alambres quirúrgicos y productos relacionados",42295507,Implantes ortopédicos o alambres quirúrgicos,205-0300 - DTT O CROSS LINK DE TITANIO PARA BARRA 5.5 MM A 5.6 MM,1.0,,CLP,148000.0,148000.0,148000.0
1057491-1448-SE24,MPO/CIRUGIAS IMPLANTES ESCOLIOSIS/FEBRERO 2024,2024-02-27T14:14:45.03,SE,1057491-12-LR22,Recepción Conforme,6918,SERVICIO DE SALUD ORIENTE HOSPITAL LUIS CALVO MACKENNA,61.608.408-9,Providencia,Región Metropolitana de Santiago,106111,ORTOPROTEC Y COMPANIA LIMITADA,77.572.630-k,Providencia,Región Metropolitana de Santiago,3,42295500,"Equipamiento y suministros médicos / Productos quirúrgicos / Implantes quirúrgicos, ensanchadores, extensores, alambres quirúrgicos y productos relacionados",42295507,Implantes ortopédicos o alambres quirúrgicos,"205-2153 - GANCHOS CUALQUIER TIPO, PARA BARRA 5.5 MM A 5.6 MM",2.0,,CLP,169000.0,338000.0,338000.0
1057491-1465-SE24,ACHV/PEDIDO FP IMG IMAGENOLOGÍA/FEBRERO 2024,2024-02-27T18:01:31.69,SE,1057491-13-LE24,Recepción Conforme,6918,SERVICIO DE SALUD ORIENTE HOSPITAL LUIS CALVO MACKENNA,61.608.408-9,Providencia,Región Metropolitana de Santiago,1485487,MED-RAY E.I.R.L.,76.567.232-5,Providencia,Región Metropolitana de Santiago,1,42204000,Equipamiento y suministros médicos / Productos para imágenes y de medicina nuclear / Productos de protección y resguardo radiológico médico,42204002,Cortinas o máscaras o delantales médicos de resgua,"205-1323	LENTE PLOMADO

*Despachar lentes plomados modelo RG-52, 4 unidades (negro), 3 unidades (azul/negro) y 3 unidades (café)",10.0,,CLP,120000.0,1200000.0,1200000.0
1057491-1536-SE24,MPO/PROGRAMA IMG/MARZO 2024,2024-02-28T21:19:27.713,SE,1057491-36-LP23,Recepción Conforme,6918,SERVICIO DE SALUD ORIENTE HOSPITAL LUIS CALVO MACKENNA,61.608.408-9,Providencia,Región Metropolitana de Santiago,1014164,Sylex Biomédica Spa,76.015.781-3,Quilicura,Región Metropolitana de Santiago,1,42161500,Equipamiento y suministros médicos / Equipo y suministros para diálisis / Equipo de diálisis peritoneal,42161504,Adaptadores o abrazadoras o conectores de catéter ,"202-0241	TAPON VALVULA ANTIREFLUJO (POSIFLOW) X UD
",3900.0,,CLP,485.0,1891500.0,1891500.0
1057491-1542-SE24,MPO/PROGRAMA IMG/MARZO 2024,2024-02-28T21:43:04.197,SE,1057491-60-LQ22,Recepción Conforme,6918,SERVICIO DE SALUD ORIENTE HOSPITAL LUIS CALVO MACKENNA,61.608.408-9,Providencia,Región Metropolitana de Santiago,1383978,SCHONFELDT VIDAMEDICA SPA,76.352.414-0,Quilicura,Región Metropolitana de Santiago,1,42311500,"Equipamiento y suministros médicos / Productos para el cuidado de heridas / Vendas, vendajes y productos relacionados",42311504,Vendas o vendajes para el cuidado de quemaduras,"206-0261	FIXOMULL STRECH DE 10 CM X 10 MT
",29.0,,CLP,7628.0,221212.0,221212.0
1057491-653-SE24,MPO/MANTENCION PREV TORRE BRONCOSCOPIA/ENERO 2024,2024-01-24T18:48:28.42,SE,1057491-119-LP23,Recepción Conforme,6918,SERVICIO DE SALUD ORIENTE HOSPITAL LUIS CALVO MACKENNA,61.608.408-9,Providencia,Región Metropolitana de Santiago,111395,SUR MEDICAL SPA,99.576.080-0,Las Condes,Región Metropolitana de Santiago,1,39112000,Artículos eléctricos y de iluminación / Artefactos y accesorios de iluminación / Iluminación móvil,39112001,Torre ligera,SER-0909 - SERVICIO DE MANTENCIÓN PREVENTIVA DE TORRE DE BRONCOSCOPIA MARCA OLYMPUS,1.0,,CLP,195066.0,195066.0,195066.0
1057491-834-SE24,JCO/EXAMEN PACIENTE/ENERO 2024,2024-01-30T16:32:22.91,SE,,Recepción Conforme,6918,SERVICIO DE SALUD ORIENTE HOSPITAL LUIS CALVO MACKENNA,61.608.408-9,Providencia,Región Metropolitana de Santiago,265016,UC CHRISTUS SERVICIOS CLINICOS SPA,99.573.490-7,Calama,Región de Antofagasta ,1,85122200,"Salud, servicios sanitarios y alimentación / Medicina y servicios de salud / Evaluaciones de salud individuales",85122201,Exámenes médicos,704-0174 - EXAMENES (CONVENIO),1.0,,CLP,205000.0,205000.0,205000.0
1057492-2803-CM23,A01I0046 REGULADOR GOTEO y  A01I0038	  ALARGADOR VENOSO NEONATAL 15CM S/LLAVE EN T 1057492-2803-CM23,2023-07-18T09:38:46.27,CM,,Recepción Conforme,7130,HOSPITAL ORIENTE DR LUIS TISNE BROUSSE,61.959.800-8,Peñalolén,Región Metropolitana de Santiago,227926,NEMO CHILE S.A.,76.215.260-6,,,1,0,,0,ALARGADOR NEMO MINILINE 15 CM NEONATAL EN T 100 UNIDADES CENTRO,(1851201) ALARGADOR NEMO MINILINE 15 CM NEONATAL EN T 100 UNIDADES CENTRO,11.0,,CLP,39520.0,434720.0,434720.0
1057492-2803-CM23,A01I0046 REGULADOR GOTEO y  A01I0038	  ALARGADOR VENOSO NEONATAL 15CM S/LLAVE EN T 1057492-2803-CM23,2023-07-18T09:38:46.27,CM,,Recepción Conforme,7130,HOSPITAL ORIENTE DR LUIS TISNE BROUSSE,61.959.800-8,Peñalolén,Región Metropolitana de Santiago,227926,NEMO CHILE S.A.,76.215.260-6,,,2,0,,0,ALARGADOR NEMO VENOSO 30 CM CON REGULADOR DE FLUJO/GOTEO 30 UNIDADES CENTRO,(1851221) ALARGADOR NEMO VENOSO 30 CM CON REGULADOR DE FLUJO/GOTEO 30 UNIDADES CENTRO,1000.0,,CLP,20155.0,20155000.0,20155000.0
1057492-519-SE24,COMPRA DE SOFTWARE PARA DECLARACION JURADA,2024-02-09T10:48:26.057,SE,,Recepción Conforme,7130,HOSPITAL ORIENTE DR LUIS TISNE BROUSSE,61.959.800-8,Peñalolén,Región Metropolitana de Santiago,1504641,ASESORIAS E INVERSIONES INVERSOL SPA,96.702.870-3,Las Condes,Región Metropolitana de Santiago,1,43231500,"Tecnologías de la información, telecomunicaciones y radiodifusión / Software / Software de gestión",43231505,Software de gestión de recursos humanos,COTIZACIÓN N°11.602,1.0,,CLP,164500.0,164500.0,164500.0
1057492-5331-SE23,A01I0325 - OC SALDO DESPACHO PARCIALIZADO,2023-12-28T13:59:10.993,SE,1057492-85-LP23,Recepción Conforme,7130,HOSPITAL ORIENTE DR LUIS TISNE BROUSSE,61.959.800-8,Peñalolén,Región Metropolitana de Santiago,227926,NEMO CHILE S.A.,76.215.260-6,Recoleta,Región Metropolitana de Santiago,1,42272000,"Equipamiento y suministros médicos / Productos de resucitación, anestesia y respiratorios / Suministros de intubación",42272011,Catéteres de succión o sus accesorios,"(CODIGO HSO A01I0325)	
TUBO CONEXION ASPIR. Y OXIG. 3MTS.
",49490.0,,CLP,749.0,37068010.0,37068010.0
1057492-543-AG24,"A01I0265 - CATÉTER PICC 1 LUMEN, 1FR X 20CM compra ágil: 1057492-117-COT24",2024-02-12T15:16:03.837,AG,,Recepción Conforme,7130,HOSPITAL ORIENTE DR LUIS TISNE BROUSSE,61.959.800-8,Peñalolén,Región Metropolitana de Santiago,1704622,FRIMED SPA,77.067.168-K,Vitacura,Región Metropolitana de Santiago,1,42221500,"Equipamiento y suministros médicos / Productos administrados por vía intravenosa y arterial / Accesorios, catéteres y cánulas intravenosas y arteriales",42221504,Catéteres intravenosos periféricos para uso general,"CATÉTER PICC 1 LUMEN, 1FR X 20CM, FLUJO DE 1,50ml/min. ESTÉRIL, LIBRE DE LÁTEX, EN EMPAQUE INDIVIDUAL.",4.0,,CLP,64990.0,259960.0,0.0
1057492-727-SE24,SUMINISTRO DE INSUMOS ENFIT PROG.MARZO,2024-02-27T16:11:22.92,SE,1057492-88-LE23,Recepción Conforme,7130,HOSPITAL ORIENTE DR LUIS TISNE BROUSSE,61.959.800-8,Peñalolén,Región Metropolitana de Santiago,1312302,ARTICULOS MEDICOS Y QUIRURGICOS CHILE S.A.,76.209.836-9,Las Condes,Región Metropolitana de Santiago,1,42142600,Equipamiento y suministros médicos / Suministros y productos clínicos / Jeringas y accesorios,42142615,Accesorios para jeringas,"A01I0580 JERINGA DE 60 ML PARA ADMINISTRACIÓN DE NUTRICIÓN, LÍQUIDOS Y MEDICAMENTOS (VER DETALLE FORMULARIO N°5)",700.0,,CLP,320.0,224000.0,224000.0
1057492-727-SE24,SUMINISTRO DE INSUMOS ENFIT PROG.MARZO,2024-02-27T16:11:22.92,SE,1057492-88-LE23,Recepción Conforme,7130,HOSPITAL ORIENTE DR LUIS TISNE BROUSSE,61.959.800-8,Peñalolén,Región Metropolitana de Santiago,1312302,ARTICULOS MEDICOS Y QUIRURGICOS CHILE S.A.,76.209.836-9,Las Condes,Región Metropolitana de Santiago,2,42231700,Equipamiento y suministros médicos / Nutrición clínica / Tubos nasoentéricos,42231701,Tubos nasogástricos,"A01I0578 SONDA NASOGÁSTRICA DE 14 FR, PARA ADMINISTRACIÓN DE NUTRICIÓN, LÍQUIDOS Y MEDICAMENTOS (VER DETALLE FORMULARIO N°5)",100.0,,CLP,4900.0,490000.0,490000.0
1057492-727-SE24,SUMINISTRO DE INSUMOS ENFIT PROG.MARZO,2024-02-27T16:11:22.92,SE,1057492-88-LE23,Recepción Conforme,7130,HOSPITAL ORIENTE DR LUIS TISNE BROUSSE,61.959.800-8,Peñalolén,Región Metropolitana de Santiago,1312302,ARTICULOS MEDICOS Y QUIRURGICOS CHILE S.A.,76.209.836-9,Las Condes,Región Metropolitana de Santiago,3,42231700,Equipamiento y suministros médicos / Nutrición clínica / Tubos nasoentéricos,42231701,Tubos nasogástricos,"A01I0579 SONDA NASOGÁSTRICA DE 16 FR, PARA ADMINISTRACIÓN DE NUTRICIÓN, LÍQUIDOS Y MEDICAMENTOS (VER DETALLE FORMULARIO N°5)",60.0,,CLP,4950.0,297000.0,297000.0
1057492-728-SE24,A01K0022 - GASA PLANA 7.6 X 7.6CM X 2 U PROG. MARZ,2024-02-27T16:33:20.027,SE,1057492-146-LQ22,Recepción Conforme,7130,HOSPITAL ORIENTE DR LUIS TISNE BROUSSE,61.959.800-8,Peñalolén,Región Metropolitana de Santiago,1312302,ARTICULOS MEDICOS Y QUIRURGICOS CHILE S.A.,76.209.836-9,Las Condes,Región Metropolitana de Santiago,1,42311500,"Equipamiento y suministros médicos / Productos para el cuidado de heridas / Vendas, vendajes y productos relacionados",42311505,Vendas o vendajes para uso general,"A01K0022	GASA NO TEJIDA DE 7,5CM X 7,5CM, 4 PLIEGUES, ESTÉRIL, COLOR BLANCO, LIBRE DE LÁTEX, HIPOALERGÉNICO.",4000.0,,CLP,22.0,88000.0,88000.0
