codigo_oc,nombre_oc,fecha_creacion,tipo,codigo_licitacion,estado,organismo_codigo,organismo_nombre,organismo_rut,comuna,region,proveedor_codigo,proveedor_nombre,proveedor_rut,proveedor_comuna,proveedor_region,item_correlativo,codigo_categoria,categoria,codigo_producto,catalogo_id,producto,especificacion_comprador,cantidad,unidad,moneda,precio_neto_unitario,total_linea_derivado,total_item_reportado
1047027-76-SE20,,2020-11-05T19:26:11Z,direct,,,,Hospital Quilpué | FARMACIA MEDICAMENTOS,616066048,,Región de Valparaíso ,,SOCOFAR S A | SOCOFAR S A,915750001,,Región de Valparaíso ,,,,,,WARFARINA CM 5 MG enero,Warfarina sódicaWARFARINA CM 5MG caja x 30 comprimidos,7.0,000,CLP,17265.0,,
1057384-40-SE20,,2020-11-05T19:26:53Z,direct,,,,Hospital Tocopilla | Bienes y Servicios,616062034,,Región de Antofagasta ,,KAUFMANN S.A. Vehículos Motorizados | KAUFMANN S.A - SUC. CALAMA,924750006,,Región de Antofagasta ,,,,,,Reparación Ambulancia Hospital Tocopilla.,"AmbulanciasServicio Reparación Ambulancia Mercedes Benz Inv. 043, Patente GKLY 86 de Hospital de Tocopilla.",1.0,000,CLP,1657836.0,,
1057402-209-SE20,,2020-11-05T19:26:53Z,direct,,,,HOSPITAL CLINICO DE MAGALLANES DR. LAUTARO NAVARRO AVARIA | Bienes y Servicios,616079018,,Región de Magallanes y de la Antártica,,Il. Municipalidad de Punta Arenas | Il. Municipalidad de Punta Arenas,692502000,,Región de Magallanes y de la Antártica,,,,,,5076  INGRESO CREMATORIO DICIEMBRE 2019,Crematorios y CementeriosCREMACIÓN DE RESTOS ORGÁNICOS CON UN TOTAL DE 50.55 KILOS,4.0,EA,CLP,124183.0,,
1057417-412-SE20,,2020-11-05T19:26:53Z,direct,,,,Complejo Asistencial Dr. Victor Ríos Ruíz | Bienes y Servicios,61607301K,,Región del Biobío ,,SOLUCIONES INTEGRALES DE LIMPIEZA LTDA. (BIENEK) | SOLUCIONES INTEGRALES DE LIMPIEZA LTDA. (BIENEK),89842300K,,Región del Biobío ,,,,,,"IG msp TD RESOL. 235, Compra Insumos de aseo, Pedidos 2,3,4 y5","Cloro Cl501-0025	HIPOCLORITO DE SODIO 10% ESTABILIZADO 5 LTS.
",100.0,KGM,CLP,5237.0,,
1057417-412-SE20,,2020-11-05T19:26:53Z,direct,,,,Complejo Asistencial Dr. Victor Ríos Ruíz | Bienes y Servicios,61607301K,,Región del Biobío ,,SOLUCIONES INTEGRALES DE LIMPIEZA LTDA. (BIENEK) | SOLUCIONES INTEGRALES DE LIMPIEZA LTDA. (BIENEK),89842300K,,Región del Biobío ,,,,,,"IG msp TD RESOL. 235, Compra Insumos de aseo, Pedidos 2,3,4 y5",Toallas de papel501-0353	TOALLAS DESINFECTANTES VIRUTEX ,20.0,EA,CLP,1234.0,,
1057417-412-SE20,,2020-11-05T19:26:53Z,direct,,,,Complejo Asistencial Dr. Victor Ríos Ruíz | Bienes y Servicios,61607301K,,Región del Biobío ,,SOLUCIONES INTEGRALES DE LIMPIEZA LTDA. (BIENEK) | SOLUCIONES INTEGRALES DE LIMPIEZA LTDA. (BIENEK),89842300K,,Región del Biobío ,,,,,,"IG msp TD RESOL. 235, Compra Insumos de aseo, Pedidos 2,3,4 y5","Cubre camillas503-0169	SABANILLAS DESECHABLES X 2 RO
",2626.0,RO,CLP,2499.0,,
1057417-412-SE20,,2020-11-05T19:26:53Z,direct,,,,Complejo Asistencial Dr. Victor Ríos Ruíz | Bienes y Servicios,61607301K,,Región del Biobío ,,SOLUCIONES INTEGRALES DE LIMPIEZA LTDA. (BIENEK) | SOLUCIONES INTEGRALES DE LIMPIEZA LTDA. (BIENEK),89842300K,,Región del Biobío ,,,,,,"IG msp TD RESOL. 235, Compra Insumos de aseo, Pedidos 2,3,4 y5",Guantes protectores501-0062 GUANTES INDUSTRIALES CORTOS,22.0,PR,CLP,1381.0,,
1057417-412-SE20,,2020-11-05T19:26:53Z,direct,,,,Complejo Asistencial Dr. Victor Ríos Ruíz | Bienes y Servicios,61607301K,,Región del Biobío ,,SOLUCIONES INTEGRALES DE LIMPIEZA LTDA. (BIENEK) | SOLUCIONES INTEGRALES DE LIMPIEZA LTDA. (BIENEK),89842300K,,Región del Biobío ,,,,,,"IG msp TD RESOL. 235, Compra Insumos de aseo, Pedidos 2,3,4 y5","Guantes protectores501-0378	DETERGENTE MATIC CON ESPUMA CONTROLADA 6 KG.
",72.0,KGM,CLP,13260.0,,
1057417-412-SE20,,2020-11-05T19:26:53Z,direct,,,,Complejo Asistencial Dr. Victor Ríos Ruíz | Bienes y Servicios,61607301K,,Región del Biobío ,,SOLUCIONES INTEGRALES DE LIMPIEZA LTDA. (BIENEK) | SOLUCIONES INTEGRALES DE LIMPIEZA LTDA. (BIENEK),89842300K,,Región del Biobío ,,,,,,"IG msp TD RESOL. 235, Compra Insumos de aseo, Pedidos 2,3,4 y5",Guantes protectores501-0063 GUANTES ANTICORTES,16.0,PR,CLP,10751.0,,
1057417-412-SE20,,2020-11-05T19:26:53Z,direct,,,,Complejo Asistencial Dr. Victor Ríos Ruíz | Bienes y Servicios,61607301K,,Región del Biobío ,,SOLUCIONES INTEGRALES DE LIMPIEZA LTDA. (BIENEK) | SOLUCIONES INTEGRALES DE LIMPIEZA LTDA. (BIENEK),89842300K,,Región del Biobío ,,,,,,"IG msp TD RESOL. 235, Compra Insumos de aseo, Pedidos 2,3,4 y5",Guantes protectores501-0127 GUANTES CABRETILLA,118.0,PR,CLP,830.0,,
1057417-412-SE20,,2020-11-05T19:26:53Z,direct,,,,Complejo Asistencial Dr. Victor Ríos Ruíz | Bienes y Servicios,61607301K,,Región del Biobío ,,SOLUCIONES INTEGRALES DE LIMPIEZA LTDA. (BIENEK) | SOLUCIONES INTEGRALES DE LIMPIEZA LTDA. (BIENEK),89842300K,,Región del Biobío ,,,,,,"IG msp TD RESOL. 235, Compra Insumos de aseo, Pedidos 2,3,4 y5",Paños de limpieza501-0102	JABON TOCADOR BARRA,148.0,EA,CLP,633.0,,
1057417-412-SE20,,2020-11-05T19:26:53Z,direct,,,,Complejo Asistencial Dr. Victor Ríos Ruíz | Bienes y Servicios,61607301K,,Región del Biobío ,,SOLUCIONES INTEGRALES DE LIMPIEZA LTDA. (BIENEK) | SOLUCIONES INTEGRALES DE LIMPIEZA LTDA. (BIENEK),89842300K,,Región del Biobío ,,,,,,"IG msp TD RESOL. 235, Compra Insumos de aseo, Pedidos 2,3,4 y5",Paños de limpieza absorbente501-0053	PAÑOS ABSORBENTES X 3 UD.,236.0,000,CLP,1161.0,,
1057417-412-SE20,,2020-11-05T19:26:53Z,direct,,,,Complejo Asistencial Dr. Victor Ríos Ruíz | Bienes y Servicios,61607301K,,Región del Biobío ,,SOLUCIONES INTEGRALES DE LIMPIEZA LTDA. (BIENEK) | SOLUCIONES INTEGRALES DE LIMPIEZA LTDA. (BIENEK),89842300K,,Región del Biobío ,,,,,,"IG msp TD RESOL. 235, Compra Insumos de aseo, Pedidos 2,3,4 y5",Paños de limpieza absorbente503-0165	PAÑAL DESECHABLE CHICO 24 UD.,576.0,EA,CLP,129.0,,
1057417-412-SE20,,2020-11-05T19:26:53Z,direct,,,,Complejo Asistencial Dr. Victor Ríos Ruíz | Bienes y Servicios,61607301K,,Región del Biobío ,,SOLUCIONES INTEGRALES DE LIMPIEZA LTDA. (BIENEK) | SOLUCIONES INTEGRALES DE LIMPIEZA LTDA. (BIENEK),89842300K,,Región del Biobío ,,,,,,"IG msp TD RESOL. 235, Compra Insumos de aseo, Pedidos 2,3,4 y5",Mopas húmedas503-0112	TRAPEROS,56.0,EA,CLP,585.0,,
1057417-412-SE20,,2020-11-05T19:26:53Z,direct,,,,Complejo Asistencial Dr. Victor Ríos Ruíz | Bienes y Servicios,61607301K,,Región del Biobío ,,SOLUCIONES INTEGRALES DE LIMPIEZA LTDA. (BIENEK) | SOLUCIONES INTEGRALES DE LIMPIEZA LTDA. (BIENEK),89842300K,,Región del Biobío ,,,,,,"IG msp TD RESOL. 235, Compra Insumos de aseo, Pedidos 2,3,4 y5","Limpiadores de uso general501-0066	GUANTES INDUSTRIALES LARGOS
",22.0,PR,CLP,635.0,,
1057417-412-SE20,,2020-11-05T19:26:53Z,direct,,,,Complejo Asistencial Dr. Victor Ríos Ruíz | Bienes y Servicios,61607301K,,Región del Biobío ,,SOLUCIONES INTEGRALES DE LIMPIEZA LTDA. (BIENEK) | SOLUCIONES INTEGRALES DE LIMPIEZA LTDA. (BIENEK),89842300K,,Región del Biobío ,,,,,,"IG msp TD RESOL. 235, Compra Insumos de aseo, Pedidos 2,3,4 y5",Limpiadores de uso general501-0012 DETERGEM X 5 LTS.,10.0,LTR,CLP,27000.0,,
1057417-412-SE20,,2020-11-05T19:26:53Z,direct,,,,Complejo Asistencial Dr. Victor Ríos Ruíz | Bienes y Servicios,61607301K,,Región del Biobío ,,SOLUCIONES INTEGRALES DE LIMPIEZA LTDA. (BIENEK) | SOLUCIONES INTEGRALES DE LIMPIEZA LTDA. (BIENEK),89842300K,,Región del Biobío ,,,,,,"IG msp TD RESOL. 235, Compra Insumos de aseo, Pedidos 2,3,4 y5","Limpiadores de uso general501-0017	DETER.DIVERM. D-1 (SUMA STAT PLUS)
",34.0,EA,CLP,19672.0,,
1057417-412-SE20,,2020-11-05T19:26:53Z,direct,,,,Complejo Asistencial Dr. Victor Ríos Ruíz | Bienes y Servicios,61607301K,,Región del Biobío ,,SOLUCIONES INTEGRALES DE LIMPIEZA LTDA. (BIENEK) | SOLUCIONES INTEGRALES DE LIMPIEZA LTDA. (BIENEK),89842300K,,Región del Biobío ,,,,,,"IG msp TD RESOL. 235, Compra Insumos de aseo, Pedidos 2,3,4 y5","Productos para lavar platos501-0016	SUMAGRILL 2 LTS.
",20.0,LTR,CLP,7242.0,,
1057417-412-SE20,,2020-11-05T19:26:53Z,direct,,,,Complejo Asistencial Dr. Victor Ríos Ruíz | Bienes y Servicios,61607301K,,Región del Biobío ,,SOLUCIONES INTEGRALES DE LIMPIEZA LTDA. (BIENEK) | SOLUCIONES INTEGRALES DE LIMPIEZA LTDA. (BIENEK),89842300K,,Región del Biobío ,,,,,,"IG msp TD RESOL. 235, Compra Insumos de aseo, Pedidos 2,3,4 y5",Overol y sobretodo para hombre501-0344	BUZO BLANCO DE POLIPROPILENO TALLA L,40.0,EA,CLP,3148.0,,
1057417-412-SE20,,2020-11-05T19:26:53Z,direct,,,,Complejo Asistencial Dr. Victor Ríos Ruíz | Bienes y Servicios,61607301K,,Región del Biobío ,,SOLUCIONES INTEGRALES DE LIMPIEZA LTDA. (BIENEK) | SOLUCIONES INTEGRALES DE LIMPIEZA LTDA. (BIENEK),89842300K,,Región del Biobío ,,,,,,"IG msp TD RESOL. 235, Compra Insumos de aseo, Pedidos 2,3,4 y5",Overol y sobretodo para hombre501-0343	BUZO BLANCO DE POLIPROPILENO TALLA M,15.0,EA,CLP,3148.0,,
1057417-412-SE20,,2020-11-05T19:26:53Z,direct,,,,Complejo Asistencial Dr. Victor Ríos Ruíz | Bienes y Servicios,61607301K,,Región del Biobío ,,SOLUCIONES INTEGRALES DE LIMPIEZA LTDA. (BIENEK) | SOLUCIONES INTEGRALES DE LIMPIEZA LTDA. (BIENEK),89842300K,,Región del Biobío ,,,,,,"IG msp TD RESOL. 235, Compra Insumos de aseo, Pedidos 2,3,4 y5",Overol y sobretodo para hombre501-0342	BUZO BLANCO DE POLIPROPILENO TALLA S,19.0,EA,CLP,3148.0,,
1057417-412-SE20,,2020-11-05T19:26:53Z,direct,,,,Complejo Asistencial Dr. Victor Ríos Ruíz | Bienes y Servicios,61607301K,,Región del Biobío ,,SOLUCIONES INTEGRALES DE LIMPIEZA LTDA. (BIENEK) | SOLUCIONES INTEGRALES DE LIMPIEZA LTDA. (BIENEK),89842300K,,Región del Biobío ,,,,,,"IG msp TD RESOL. 235, Compra Insumos de aseo, Pedidos 2,3,4 y5",Overol y sobretodo para hombre501-0345	BUZO BLANCO DE POLIPROPILENO TALLA XL,114.0,EA,CLP,3148.0,,
1057417-412-SE20,,2020-11-05T19:26:53Z,direct,,,,Complejo Asistencial Dr. Victor Ríos Ruíz | Bienes y Servicios,61607301K,,Región del Biobío ,,SOLUCIONES INTEGRALES DE LIMPIEZA LTDA. (BIENEK) | SOLUCIONES INTEGRALES DE LIMPIEZA LTDA. (BIENEK),89842300K,,Región del Biobío ,,,,,,"IG msp TD RESOL. 235, Compra Insumos de aseo, Pedidos 2,3,4 y5",Pañales para bebé503-0211	PAÑAL DESECHABLE ADULTO LISO 8 UD.,12424.0,EA,CLP,334.0,,
1057417-412-SE20,,2020-11-05T19:26:53Z,direct,,,,Complejo Asistencial Dr. Victor Ríos Ruíz | Bienes y Servicios,61607301K,,Región del Biobío ,,SOLUCIONES INTEGRALES DE LIMPIEZA LTDA. (BIENEK) | SOLUCIONES INTEGRALES DE LIMPIEZA LTDA. (BIENEK),89842300K,,Región del Biobío ,,,,,,"IG msp TD RESOL. 235, Compra Insumos de aseo, Pedidos 2,3,4 y5",Pañales para adultos501-0319	PANOS ABSORBENTE WIPAL X70 JUMBO ROLLO 870,30.0,EA,CLP,30354.0,,
1057417-412-SE20,,2020-11-05T19:26:53Z,direct,,,,Complejo Asistencial Dr. Victor Ríos Ruíz | Bienes y Servicios,61607301K,,Región del Biobío ,,SOLUCIONES INTEGRALES DE LIMPIEZA LTDA. (BIENEK) | SOLUCIONES INTEGRALES DE LIMPIEZA LTDA. (BIENEK),89842300K,,Región del Biobío ,,,,,,"IG msp TD RESOL. 235, Compra Insumos de aseo, Pedidos 2,3,4 y5","Jabones501-0191	JABÓN DE CARA BARRA
",6.0,EA,CLP,633.0,,
1057417-429-SE20,,2020-11-05T19:26:53Z,direct,,,,Complejo Asistencial Dr. Victor Ríos Ruíz | Bienes y Servicios,61607301K,,Región del Biobío ,,Importadora y Exportadora CAMIR Limitada | Importadora y Exportadora CAMIR Limitada,774879609,,Región de Valparaíso ,,,,,,IC fcsm LP oic Consignacion Intervenciones Hemodin,"Dispositivos o tubos de compresión vascular secuen306-2095 Guía De  Angioplastia Con Cubierta Hidrofilica De
Alto Soporte, Doble Malla De 0.5gr En La Punta, De 180cm De
Largo

Pcte./Lote
Fermin O.M.	190831a191
",1.0,000,CLP,85000.0,,
1057439-147-SE20,,2020-11-05T19:26:11Z,direct,,,,Hospital La Serena | Bienes y Servicios,616064029,,Región de Coquimbo ,,JOHNSON Y JOHNSON DE CHILE S A | 2 Janssen-Cilag Chile,937450001,,Región Metropolitana de Santiago,,,,,,INS-3223/MALLA POLIDIOXANONA + CELULOSA Y POLIPROP,"Productos quirúrgicos de barrera de tisú o de mallINS-3223	MALLA POLIDIOXANONA + CELULOSA Y POLIPROPILENO 20*30 CM RECTANGULAR (PROCEED)
",3.0,EA,CLP,550000.0,,
1057439-236-SE20,,2020-11-05T19:26:52Z,direct,,,,Hospital La Serena | Bienes y Servicios,616064029,,Región de Coquimbo ,,F&F Clima SpA | Jorge Osvaldo,762364980,,Región de Coquimbo ,,,,,,MANTENIMIENTO CORRECTIVO VITRINA CONGELADORA,"Instalación, reparación o mantenimiento de sistemaMANTENIMIENTO CORRECTIVO DE VITRINA CONGELADORA MARCA MAIGAS, SEGÚN PRESUPUESTO",1.0,EA,CLP,293249.0,,
1057440-258-SE20,,2020-11-05T19:26:12Z,direct,,,,SERVICIO DE SALUD COQUIMBO HOSPITAL DE COQUIMBO | Bienes y Servicios,616064037,,Región de Coquimbo ,,SERVICIOS OSTEOMED SPA | Alberto Eduardo,767224117,,Región de Coquimbo ,,,,,,SERVICIO INTERVENCIÓN QUIRÚRGICA NOVIEMBRE 2019,"Servicios quirúrgicosCONTRATO DE
SERVICIOS
QUIRÚRGICOS
TRAUMATOLÓGICOS
DE CADERA.",11.0,000,CLP,1300000.0,,
1057440-268-SE20,,2020-11-05T19:26:12Z,direct,,,,SERVICIO DE SALUD COQUIMBO HOSPITAL DE COQUIMBO | Bienes y Servicios,616064037,,Región de Coquimbo ,,Productos Médicos Promedon Chile S.A. | Productos Médicos Promedon Chile S.A.,785662504,,Región Metropolitana de Santiago,,,,,,AINSUMOS PARA ASPIRADOR ULTRASONICO ,Puntas de torno o pulidor dentalKIT DE ASPIRACIÓN E IRRIGACION HEPÁTICA ,5.0,EA,CLP,208425.0,,
1057440-268-SE20,,2020-11-05T19:26:12Z,direct,,,,SERVICIO DE SALUD COQUIMBO HOSPITAL DE COQUIMBO | Bienes y Servicios,616064037,,Región de Coquimbo ,,Productos Médicos Promedon Chile S.A. | Productos Médicos Promedon Chile S.A.,785662504,,Región Metropolitana de Santiago,,,,,,AINSUMOS PARA ASPIRADOR ULTRASONICO ,Puntas y ganchos quirúrgicosKIT DE ASPIRACION E IRRIGACION NEURO ,5.0,EA,CLP,208425.0,,
1057440-268-SE20,,2020-11-05T19:26:12Z,direct,,,,SERVICIO DE SALUD COQUIMBO HOSPITAL DE COQUIMBO | Bienes y Servicios,616064037,,Región de Coquimbo ,,Productos Médicos Promedon Chile S.A. | Productos Médicos Promedon Chile S.A.,785662504,,Región Metropolitana de Santiago,,,,,,AINSUMOS PARA ASPIRADOR ULTRASONICO ,Puntas y ganchos quirúrgicosLLAVE PARA AJUSTE DE PIEZA DE 23KHZ,5.0,EA,CLP,103215.0,,
1057440-268-SE20,,2020-11-05T19:26:12Z,direct,,,,SERVICIO DE SALUD COQUIMBO HOSPITAL DE COQUIMBO | Bienes y Servicios,616064037,,Región de Coquimbo ,,Productos Médicos Promedon Chile S.A. | Productos Médicos Promedon Chile S.A.,785662504,,Región Metropolitana de Santiago,,,,,,AINSUMOS PARA ASPIRADOR ULTRASONICO ,Puntas y ganchos quirúrgicosPUNTA PARA CIRUGIA NEURO ,5.0,EA,CLP,475860.0,,
1057440-268-SE20,,2020-11-05T19:26:12Z,direct,,,,SERVICIO DE SALUD COQUIMBO HOSPITAL DE COQUIMBO | Bienes y Servicios,616064037,,Región de Coquimbo ,,Productos Médicos Promedon Chile S.A. | Productos Médicos Promedon Chile S.A.,785662504,,Región Metropolitana de Santiago,,,,,,AINSUMOS PARA ASPIRADOR ULTRASONICO ,Puntas y ganchos quirúrgicosLLAVE PARA AJUSTE DE PIEZA DE 36KHZ,5.0,EA,CLP,103215.0,,
1057440-268-SE20,,2020-11-05T19:26:12Z,direct,,,,SERVICIO DE SALUD COQUIMBO HOSPITAL DE COQUIMBO | Bienes y Servicios,616064037,,Región de Coquimbo ,,Productos Médicos Promedon Chile S.A. | Productos Médicos Promedon Chile S.A.,785662504,,Región Metropolitana de Santiago,,,,,,AINSUMOS PARA ASPIRADOR ULTRASONICO ,Puntas y ganchos quirúrgicosFILTRO PARA EQUIPO CUSA ,5.0,EA,CLP,104770.0,,
1057440-268-SE20,,2020-11-05T19:26:12Z,direct,,,,SERVICIO DE SALUD COQUIMBO HOSPITAL DE COQUIMBO | Bienes y Servicios,616064037,,Región de Coquimbo ,,Productos Médicos Promedon Chile S.A. | Productos Médicos Promedon Chile S.A.,785662504,,Región Metropolitana de Santiago,,,,,,AINSUMOS PARA ASPIRADOR ULTRASONICO ,Puntas y ganchos quirúrgicosPUNTA PARA CIRUGIA NEURO ,5.0,EA,CLP,475860.0,,
1057440-401-SE20,,2020-11-05T19:26:53Z,direct,,,,SERVICIO DE SALUD COQUIMBO HOSPITAL DE COQUIMBO | Bienes y Servicios,616064037,,Región de Coquimbo ,,INDURA S.A | INDURA MEDICA,76150343K,,Región Metropolitana de Santiago,,,,,,arriendo oxigeno medico noviembre 2019,Accesorios para productos de administración de oxiarriendo oxycalm 50% n20 y #x2013;50% 02 12kg,358.0,000,CLP,60.0,,
1057440-401-SE20,,2020-11-05T19:26:53Z,direct,,,,SERVICIO DE SALUD COQUIMBO HOSPITAL DE COQUIMBO | Bienes y Servicios,616064037,,Región de Coquimbo ,,INDURA S.A | INDURA MEDICA,76150343K,,Región Metropolitana de Santiago,,,,,,arriendo oxigeno medico noviembre 2019,"Accesorios para productos de administración de oxi(12-L) Arriendo aire comprimido 8.5 m3 (CL. 2.2 NU 1002)
",462.0,000,CLP,60.0,,
1057440-401-SE20,,2020-11-05T19:26:53Z,direct,,,,SERVICIO DE SALUD COQUIMBO HOSPITAL DE COQUIMBO | Bienes y Servicios,616064037,,Región de Coquimbo ,,INDURA S.A | INDURA MEDICA,76150343K,,Región Metropolitana de Santiago,,,,,,arriendo oxigeno medico noviembre 2019,Accesorios para productos de administración de oxi(15-MED)Arriendo Cil. Acetileno mediano  (CL. 2.1 NU 1001),145.0,000,CLP,60.0,,
1057440-401-SE20,,2020-11-05T19:26:53Z,direct,,,,SERVICIO DE SALUD COQUIMBO HOSPITAL DE COQUIMBO | Bienes y Servicios,616064037,,Región de Coquimbo ,,INDURA S.A | INDURA MEDICA,76150343K,,Región Metropolitana de Santiago,,,,,,arriendo oxigeno medico noviembre 2019,"Accesorios para productos de administración de oxi(24-A) Arriendo Argon gaseoso 2 m3  (CL. 2.2 NU 1006)
",29.0,000,CLP,60.0,,
1057440-401-SE20,,2020-11-05T19:26:53Z,direct,,,,SERVICIO DE SALUD COQUIMBO HOSPITAL DE COQUIMBO | Bienes y Servicios,616064037,,Región de Coquimbo ,,INDURA S.A | INDURA MEDICA,76150343K,,Región Metropolitana de Santiago,,,,,,arriendo oxigeno medico noviembre 2019,Accesorios para productos de administración de oxi(37-LJ) Arriendo CO2 G. Alimento 32 kg (CL. 2.2 NU 1013),87.0,000,CLP,60.0,,
1057440-401-SE20,,2020-11-05T19:26:53Z,direct,,,,SERVICIO DE SALUD COQUIMBO HOSPITAL DE COQUIMBO | Bienes y Servicios,616064037,,Región de Coquimbo ,,INDURA S.A | INDURA MEDICA,76150343K,,Región Metropolitana de Santiago,,,,,,arriendo oxigeno medico noviembre 2019,Accesorios para productos de administración de oxi(37-LW) Arriendo CO2 G. Alimento 35 kg (CL. 2.2 NU 1013)13),116.0,000,CLP,60.0,,
1057440-401-SE20,,2020-11-05T19:26:53Z,direct,,,,SERVICIO DE SALUD COQUIMBO HOSPITAL DE COQUIMBO | Bienes y Servicios,616064037,,Región de Coquimbo ,,INDURA S.A | INDURA MEDICA,76150343K,,Región Metropolitana de Santiago,,,,,,arriendo oxigeno medico noviembre 2019,Accesorios para productos de administración de oxiArriendo Ahidrido carb 27 kg (CL. 2.2 NU 1013),116.0,000,CLP,60.0,,
1057440-401-SE20,,2020-11-05T19:26:53Z,direct,,,,SERVICIO DE SALUD COQUIMBO HOSPITAL DE COQUIMBO | Bienes y Servicios,616064037,,Región de Coquimbo ,,INDURA S.A | INDURA MEDICA,76150343K,,Región Metropolitana de Santiago,,,,,,arriendo oxigeno medico noviembre 2019,Accesorios para productos de administración de oxiArriendo Ahidrido carb 29 kg (CL. 2.2 NU 1013),58.0,000,CLP,60.0,,
1057440-401-SE20,,2020-11-05T19:26:53Z,direct,,,,SERVICIO DE SALUD COQUIMBO HOSPITAL DE COQUIMBO | Bienes y Servicios,616064037,,Región de Coquimbo ,,INDURA S.A | INDURA MEDICA,76150343K,,Región Metropolitana de Santiago,,,,,,arriendo oxigeno medico noviembre 2019,Accesorios para productos de administración de oxiArriendo oxigeno medico 0.7 m3 (cl.2.2 nu 1072),87.0,000,CLP,60.0,,
1057440-401-SE20,,2020-11-05T19:26:53Z,direct,,,,SERVICIO DE SALUD COQUIMBO HOSPITAL DE COQUIMBO | Bienes y Servicios,616064037,,Región de Coquimbo ,,INDURA S.A | INDURA MEDICA,76150343K,,Región Metropolitana de Santiago,,,,,,arriendo oxigeno medico noviembre 2019,"Accesorios para productos de administración de oxi(101-H)Arriendo Oxigeno medico 10 m3 (CL. 2.2 NU 1072)
",296.0,000,CLP,60.0,,
1057440-401-SE20,,2020-11-05T19:26:53Z,direct,,,,SERVICIO DE SALUD COQUIMBO HOSPITAL DE COQUIMBO | Bienes y Servicios,616064037,,Región de Coquimbo ,,INDURA S.A | INDURA MEDICA,76150343K,,Región Metropolitana de Santiago,,,,,,arriendo oxigeno medico noviembre 2019,"Accesorios para productos de administración de oxi(146-LW)Arriendo Oxido nitroso medicinal 35 kg 
",315.0,000,CLP,60.0,,
1057440-401-SE20,,2020-11-05T19:26:53Z,direct,,,,SERVICIO DE SALUD COQUIMBO HOSPITAL DE COQUIMBO | Bienes y Servicios,616064037,,Región de Coquimbo ,,INDURA S.A | INDURA MEDICA,76150343K,,Región Metropolitana de Santiago,,,,,,arriendo oxigeno medico noviembre 2019,Accesorios para productos de administración de oxiarrendo oxido nitroso 35 kg,87.0,000,CLP,60.0,,
1057441-392-SE20,,2020-11-05T19:26:53Z,direct,,,,SERVICIO DE SALUD COQUIMBO HOSPITAL DE O | Bienes y Servicios,616064045,,Región de Coquimbo ,,UC CHRISTUS SALUD SpA | UC CHRISTUS SERVICIOS CLINICOS SpA,995734907,,Región Metropolitana de Santiago,,,,,,exámenes médicos,"Exámenes médicosPCR Inestabilidad microsatelital
paciente Maribel Vega Acuña Run: 13.536577-7  ",1.0,EA,CLP,240000.0,,
1057461-57-SE20,,2020-11-05T19:26:12Z,direct,,,,Hospital Cauquenes | Bienes y Servicios,616069136,,Región del Maule ,,camila paz | camila paz,651185033,,Región Metropolitana de Santiago,,,,,,BE / RESIDENCIA PROTEGIDA MES DE NOVIEMBRE 2019,"Servicios de asistencia puertas adentroCOMPRA DE SERVICIOS CUPO RESIDENCIA PROTEGIDA SEGUN RESOLUCION 041 DEL 09/01/2020, CORRESPONDIENTE AL MES DE NOVIEMBRE DEL 2019.",30.0,000,CLP,18760.0,,
1057491-252-SE20,,2020-11-05T19:26:11Z,direct,,,,Hospital Doctor Luis Calvo Mackenna | Bienes y Servicios,616084089,,Región Metropolitana de Santiago,,DISTRIBUIDORA DE ARTICULOS MEDICOS PEREZ SPA | DIST. ARTICULOS MEDICOS PÉREZ SPA,897528002,,Región Metropolitana de Santiago,,,,,,DSH/PROGRAMA/ECONOMATO/ENERO 2020,"Tiras para pruebas de desinfectante702-0165 SOBRE PAPEL 1/2 KILO /SOBRE/PAQUETE X 1000 SOBRES
",6000.0,000,CLP,6.0,,
1057500-96-SE20,,2020-11-05T19:26:52Z,direct,,,,Servicio de Salud Metropolitano Sur Oriente | Bienes y Servicios,61608500K,,Región Metropolitana de Santiago,,MUNICIPALIDAD DE PUENTE ALTO | MUNICIPALIDAD DE PUENTE ALTO,690721007,,Región Metropolitana de Santiago,,,,,,CONVENIO PROBLEMAS DERIVADOS CONSUMO DROGAS,"Servicios de rehabilitación de drogas o abuso de sPUENTE ALTO $ 1.213.500
CONVENIO PROBLEMAS DERIVADOS CONSUMO DROGAS
RES.5246/27-12-2019
ADENDUM CONVENIO 2019",12.0,000,CLP,101125.0,,
1057501-726-MC20,,2020-11-05T19:26:53Z,direct,,,,COMPLEJO ASISTENCIAL DR. SOTERO DEL RIO | Bienes y Servicios,616085026,,Región Metropolitana de Santiago,,QuoRux Chile SPA | QuoRux Chile SPA,761311425,,Región Metropolitana de Santiago,,,,,,TRATO DIRECTO 2020,Reactivos o soluciones químicos50-244-100-006-00 AGAR SALMONELLA SHIGELLA FC 500GR,2.0,000,CLP,61000.0,,
1057503-138-SE20,,2020-11-05T19:26:12Z,direct,,,,Hospital Padre Alberto Hurtado | Bienes y Servicios,619585003,,Región Metropolitana de Santiago,,PV EQUIP S.A. | PV EQUIP S.A.,798956701,,Región Metropolitana de Santiago,,,,,,MEMO N°582 UGCM Y RN 22.11.2019,Contenedores de recogida de orina12024565 TRAMPA DE AGUA PARA MONITOR CRITICARE COD-AMB:TRP-100 CRITICARE ,80.0,EA,CLP,18800.0,,
1057503-208-SE20,,2020-11-05T19:26:53Z,direct,,,,Hospital Padre Alberto Hurtado | Bienes y Servicios,619585003,,Región Metropolitana de Santiago,,Cencomex S.A. | Cencomex S.A.,965156607,,Región Metropolitana de Santiago,,,,,,AGUJA DE PUNCION ENDOSONOGRAFICA,Agujas de biopsia04108632 AGUJA DE PUNCION ENDOSONOGRAFIA 19 G.,1.0,EA,CLP,341500.0,,
1057509-167-SE20,,2020-11-05T19:26:11Z,direct,,,,Hospital Herminda Martin | Bienes y Servicios,616070010,,Región del Ñuble,,REICH DE COMERCIO EXTERIOR SpA | REICH DE COMERCIO EXTERIOR SpA,852180005,,Región Metropolitana de Santiago,,,,,,ADQ. BOLSAS EXTRACTORAS DE RIÑON(T.D PROV.UNICO-NV,Impresora de etiquetas de bolsaBOLSA EXTRACTORA DE RIÑON (CAJA X 5 UNIDADES),3.0,000,CLP,296529.0,,
1057539-276-SE20,,2020-11-05T19:26:12Z,direct,,,,HOSPITAL PUERTO MONTT SERVICIO DE SALUD DEL RELONCAVI | Bienes y Servicios,619751000,,Región de los Lagos ,,Miriam Teresa Hidalgo Fortunatti | Miriam Teresa Hidalgo Fortunatti,84398861,,Región Metropolitana de Santiago,,,,,,INSUMOS MEDICOS ENERO/2020,"Cintas, vendaje, correas o puños para posicionar e1470230	ALPHA STRAP, 2.5 CM DE ANCHO: CORREAS ACOLCHADAS
",2.0,000,CLP,29500.0,,
1057539-276-SE20,,2020-11-05T19:26:12Z,direct,,,,HOSPITAL PUERTO MONTT SERVICIO DE SALUD DEL RELONCAVI | Bienes y Servicios,619751000,,Región de los Lagos ,,Miriam Teresa Hidalgo Fortunatti | Miriam Teresa Hidalgo Fortunatti,84398861,,Región Metropolitana de Santiago,,,,,,INSUMOS MEDICOS ENERO/2020,"Servicios de terapia ocupacional1253505	PLANCHA ENCORE 3,2 MM.ESPESOR MINI PERFORADO 

",2.0,PL,CLP,98700.0,,
1057539-276-SE20,,2020-11-05T19:26:12Z,direct,,,,HOSPITAL PUERTO MONTT SERVICIO DE SALUD DEL RELONCAVI | Bienes y Servicios,619751000,,Región de los Lagos ,,Miriam Teresa Hidalgo Fortunatti | Miriam Teresa Hidalgo Fortunatti,84398861,,Región Metropolitana de Santiago,,,,,,INSUMOS MEDICOS ENERO/2020,"Servicios de terapia ocupacional1259644	PLANCHA ENCORE MICROPERFORADO  2.4 MM 45 X 60  NEGRO (KLARITY MULT)
",2.0,000,CLP,63700.0,,
1057539-379-SE20,,2020-11-05T19:26:53Z,direct,,,,HOSPITAL PUERTO MONTT SERVICIO DE SALUD DEL RELONCAVI | Bienes y Servicios,619751000,,Región de los Lagos ,,ERWIN | ERWIN,761887173,,Región de los Lagos ,,,,,,"COMPRAS INSUMOS HEMODINAMIA, SEGUN PEDIDO # 188318","Orinales de enfermo para uso general9320086, PATO URINARIO

",4.0,000,CLP,3353.0,,
1057539-380-SE20,,2020-11-05T19:26:53Z,direct,,,,HOSPITAL PUERTO MONTT SERVICIO DE SALUD DEL RELONCAVI | Bienes y Servicios,619751000,,Región de los Lagos ,,UC CHISTUS SERVICIOS AMBULATORIOS SpA | UC CHISTUS SERVICIOS AMBULATORIOS SpA,767540973,,Región Metropolitana de Santiago,,,,,,Exámen Tilt Test,Servicios hospitalarios de emergencia o quirúrgico9510016 EXAMENES Y PROCEDIMIENTOS EXTERNOS,1.0,000,CLP,217816.0,,
1057539-386-SE20,,2020-11-05T19:26:53Z,direct,,,,HOSPITAL PUERTO MONTT SERVICIO DE SALUD DEL RELONCAVI | Bienes y Servicios,619751000,,Región de los Lagos ,,DISTRIBUIDORA DE ARTICULOS MEDICOS PEREZ SPA | DIST. ARTICULOS MEDICOS PÉREZ SPA,897528002,,Región Metropolitana de Santiago,,,,,,INSUMOS MEDICOS ENERO/2020,"Frascos rotativos1151920	FRASCO AMBAR 100 ML CONO Y TAPA REF:F9 (L)
",50.0,000,CLP,280.0,,
1057539-386-SE20,,2020-11-05T19:26:53Z,direct,,,,HOSPITAL PUERTO MONTT SERVICIO DE SALUD DEL RELONCAVI | Bienes y Servicios,619751000,,Región de los Lagos ,,DISTRIBUIDORA DE ARTICULOS MEDICOS PEREZ SPA | DIST. ARTICULOS MEDICOS PÉREZ SPA,897528002,,Región Metropolitana de Santiago,,,,,,INSUMOS MEDICOS ENERO/2020,Frascos rotativos1151924  FRASCO AMBAR 200 ML CONO Y TAPA REF:FA11 (L) I50,150.0,000,CLP,250.0,,
1057547-438-SE20,,2020-11-05T19:26:53Z,direct,,,,SERVICIO DE SALUD VALDIVIA HOSPITAL BASE | Bienes y Servicios,616075020,,Región de Los Ríos,,CLINICA ALEMANA DE VALDIVIA | CLINICA ALEMANA DE VALDIVIA,765558700,,Región de Los Ríos,,,,,,Compra de Servicios de Cinecoronariografia y Angio,Exámenes médicosUSO STENT ADICIONAL.-,1.0,EA,CLP,3730650.0,,
1057547-441-SE20,,2020-11-05T19:26:53Z,direct,,,,SERVICIO DE SALUD VALDIVIA HOSPITAL BASE | Bienes y Servicios,616075020,,Región de Los Ríos,,CLINICA ALEMANA DE VALDIVIA | CLINICA ALEMANA DE VALDIVIA,765558700,,Región de Los Ríos,,,,,,Compra de Servicios de Cinecoronariografia y Angio,Exámenes médicosCINECORONARIOGRAFIA DE URGENCIA,3.0,EA,CLP,450000.0,,
1057547-441-SE20,,2020-11-05T19:26:53Z,direct,,,,SERVICIO DE SALUD VALDIVIA HOSPITAL BASE | Bienes y Servicios,616075020,,Región de Los Ríos,,CLINICA ALEMANA DE VALDIVIA | CLINICA ALEMANA DE VALDIVIA,765558700,,Región de Los Ríos,,,,,,Compra de Servicios de Cinecoronariografia y Angio,Exámenes médicosANGIOPLASTIA DE URGENCIA ,5.0,EA,CLP,2000000.0,,
1057547-444-SE20,,2020-11-05T19:26:53Z,direct,,,,SERVICIO DE SALUD VALDIVIA HOSPITAL BASE | Bienes y Servicios,616075020,,Región de Los Ríos,,CLINICA ALEMANA DE VALDIVIA | CLINICA ALEMANA DE VALDIVIA,765558700,,Región de Los Ríos,,,,,,Compra de Servicios de Atencion y Derivacion de Ur,Exámenes médicosATENCION PAC. JOSE TORRES PATIÑO.-,1.0,EA,CLP,3129179.0,,
1057547-455-SE20,,2020-11-05T19:26:53Z,direct,,,,SERVICIO DE SALUD VALDIVIA HOSPITAL BASE | Bienes y Servicios,616075020,,Región de Los Ríos,,CLINICA ALEMANA DE VALDIVIA | CLINICA ALEMANA DE VALDIVIA,765558700,,Región de Los Ríos,,,,,,Compra de Servicios de Atencion y Derivacion de Ur,Exámenes médicosATENCION PACIENTE: JUAN ZUÑIGA MUÑOZ.-,1.0,EA,CLP,6572046.0,,
1057547-461-SE20,,2020-11-05T19:26:52Z,direct,,,,SERVICIO DE SALUD VALDIVIA HOSPITAL BASE | Bienes y Servicios,616075020,,Región de Los Ríos,,DIAGNOSTICOS CLINICA ALEMANA DE VALDIVIA LTDA.  | DIAGNOSTICOS CLINICA ALEMANA DE VALDIVIA LTDA,762190214,,Región de Los Ríos,,,,,,Atención pacientes.	,Servicios médicos de emergenciaATENCION PACIENTE: JULIETA CAMPOS CALFULEF..-,1.0,EA,CLP,33590.0,,
1057547-469-SE20,,2020-11-05T19:26:53Z,direct,,,,SERVICIO DE SALUD VALDIVIA HOSPITAL BASE | Bienes y Servicios,616075020,,Región de Los Ríos,,CLINICA ALEMANA DE VALDIVIA | CLINICA ALEMANA DE VALDIVIA,765558700,,Región de Los Ríos,,,,,,Compra de Servicios de Atencion y Derivacion de Ur,Exámenes médicosATENCION PACIENTE: MARIA REYES GONZALEZ.-,1.0,EA,CLP,5246919.0,,
1058043-38-SE20,,2020-11-05T19:26:53Z,direct,,,,Hospital La Serena | Fármarcos,616064029,,Región de Coquimbo ,,LABORATORIO CHILE S.A. | LABORATORIO CHILE S.A.,775969407,,Región Metropolitana de Santiago,,,,,,CEFAZOLINA,"Cefazolina213-0014	CEFAZOLINA FA 1 GM
",1200.0,000,CLP,630.0,,
1058044-37-SE20,,2020-11-05T19:26:52Z,direct,,,,SERVICIO DE SALUD COQUIMBO HOSPITAL DE COQUIMBO | Fármarcos,616064037,,Región de Coquimbo ,,SOCOFAR S A | SOCOFAR S A,915750001,,Región de Valparaíso ,,,,,,Fármacos Stock Enero 2020,"Clorhidrato de diltiazem214-0126      12155   DILTIAZEM CLORHIDRATO CM 90 MG
",1800.0,CMP,CLP,371.7,,
1058044-37-SE20,,2020-11-05T19:26:52Z,direct,,,,SERVICIO DE SALUD COQUIMBO HOSPITAL DE COQUIMBO | Fármarcos,616064037,,Región de Coquimbo ,,SOCOFAR S A | SOCOFAR S A,915750001,,Región de Valparaíso ,,,,,,Fármacos Stock Enero 2020,"Clorhidrato de propanolol214-0099      273865  PROPANOLOL CM 10 MG
",5500.0,CMP,CLP,11.9,,
1058044-37-SE20,,2020-11-05T19:26:52Z,direct,,,,SERVICIO DE SALUD COQUIMBO HOSPITAL DE COQUIMBO | Fármarcos,616064037,,Región de Coquimbo ,,SOCOFAR S A | SOCOFAR S A,915750001,,Región de Valparaíso ,,,,,,Fármacos Stock Enero 2020,"Citrato de sildenafil214-0183       260677  SILDENAFIL CM 50 MG
",3090.0,CMP,CLP,225.0,,
1058090-112-SE20,,2020-11-05T19:26:11Z,direct,,,,SERVICIO DE SALUD SUR HOSPITAL EXEQUIEL | Fármarcos,616081020,,Región Metropolitana de Santiago,,SOCOFAR S A | SOCOFAR S A,915750001,,Región de Valparaíso ,,,,,,"CETIRIZINA  10 MG CM,CP ","Clorhidrato de cetirizina2140058 CETIRIZINA 10 MG CM,CP",9000.0,000,CLP,104.4,,
1058097-23-SE20,,2020-11-05T19:26:52Z,direct,,,,Hospital Padre Alberto Hurtado | Fármarcos,619585003,,Región Metropolitana de Santiago,,SOCIEDAD FARMACEUTICA BULFOR LTDA | FARMACIA BULFOR,761867555,,Región Metropolitana de Santiago,,,,,,PREPARADOS MAGISTRALES ENERO_2020,Eritromicina01001068   ERITROMICINA ETILSUCCINATO FC 400 MG/5 ML FC 45 ML SUSP,1.0,VI,CLP,12500.0,,
1058097-23-SE20,,2020-11-05T19:26:52Z,direct,,,,Hospital Padre Alberto Hurtado | Fármarcos,619585003,,Región Metropolitana de Santiago,,SOCIEDAD FARMACEUTICA BULFOR LTDA | FARMACIA BULFOR,761867555,,Región Metropolitana de Santiago,,,,,,PREPARADOS MAGISTRALES ENERO_2020,Clorhidrato de hidralazina01001181  HIDRALAZINA 5 MG/ML 100 ML (PREPARADO),5.0,VI,CLP,4900.0,,
1058097-23-SE20,,2020-11-05T19:26:52Z,direct,,,,Hospital Padre Alberto Hurtado | Fármarcos,619585003,,Región Metropolitana de Santiago,,SOCIEDAD FARMACEUTICA BULFOR LTDA | FARMACIA BULFOR,761867555,,Región Metropolitana de Santiago,,,,,,PREPARADOS MAGISTRALES ENERO_2020,Clorhidrato de propanolol01010006   PROPANOLOL JARABE 5 MG/ML FCO 100 ML (PREPARADO),4.0,VI,CLP,2850.0,,
1058097-23-SE20,,2020-11-05T19:26:52Z,direct,,,,Hospital Padre Alberto Hurtado | Fármarcos,619585003,,Región Metropolitana de Santiago,,SOCIEDAD FARMACEUTICA BULFOR LTDA | FARMACIA BULFOR,761867555,,Región Metropolitana de Santiago,,,,,,PREPARADOS MAGISTRALES ENERO_2020,Antiácidos de bicarbonato de sodio01010008   BICARBONATO DE SODIO CP/1 G (PREPARADO),2000.0,CAPS,CLP,40.0,,
1058097-23-SE20,,2020-11-05T19:26:52Z,direct,,,,Hospital Padre Alberto Hurtado | Fármarcos,619585003,,Región Metropolitana de Santiago,,SOCIEDAD FARMACEUTICA BULFOR LTDA | FARMACIA BULFOR,761867555,,Región Metropolitana de Santiago,,,,,,PREPARADOS MAGISTRALES ENERO_2020,Famotidina01001180    FAMOTIDINA 8 MG/ML 100 ML (PREPARADO),30.0,VI,CLP,4900.0,,
1058097-23-SE20,,2020-11-05T19:26:52Z,direct,,,,Hospital Padre Alberto Hurtado | Fármarcos,619585003,,Región Metropolitana de Santiago,,SOCIEDAD FARMACEUTICA BULFOR LTDA | FARMACIA BULFOR,761867555,,Región Metropolitana de Santiago,,,,,,PREPARADOS MAGISTRALES ENERO_2020,Omeprazol01010007  OMEPRAZOL 5 MG CP (PREPARADO),150.0,CAPS,CLP,50.0,,
1058097-23-SE20,,2020-11-05T19:26:52Z,direct,,,,Hospital Padre Alberto Hurtado | Fármarcos,619585003,,Región Metropolitana de Santiago,,SOCIEDAD FARMACEUTICA BULFOR LTDA | FARMACIA BULFOR,761867555,,Región Metropolitana de Santiago,,,,,,PREPARADOS MAGISTRALES ENERO_2020,Hidrocortisona01010005  HIDROCORTISONA JARABE 2 MG/ML FCO 60 ML (PREPARADO),30.0,VI,CLP,2800.0,,
1058097-23-SE20,,2020-11-05T19:26:52Z,direct,,,,Hospital Padre Alberto Hurtado | Fármarcos,619585003,,Región Metropolitana de Santiago,,SOCIEDAD FARMACEUTICA BULFOR LTDA | FARMACIA BULFOR,761867555,,Región Metropolitana de Santiago,,,,,,PREPARADOS MAGISTRALES ENERO_2020,Espironolactona01001182   ESPIRONOLACTONA  5 MG/ML 100 ML (PREPARADO),3.0,VI,CLP,4600.0,,
1058097-23-SE20,,2020-11-05T19:26:52Z,direct,,,,Hospital Padre Alberto Hurtado | Fármarcos,619585003,,Región Metropolitana de Santiago,,SOCIEDAD FARMACEUTICA BULFOR LTDA | FARMACIA BULFOR,761867555,,Región Metropolitana de Santiago,,,,,,PREPARADOS MAGISTRALES ENERO_2020,Suplementos vitamínicos01010019  HIDROCLOROTIAZIDA 2 MG/ML JARABE FCO 60 ML (PREPARADO),12.0,VI,CLP,2800.0,,
1058339-11-SE20,,2020-11-05T19:26:53Z,direct,,,,ILUSTRE MUNICIPALIDAD DE HUARA | DIDECO,690102005,,Región de Tarapacá  ,,PAMELA ALEJANDRA | PAMELA ALEJANDRA,768311390,,Región de Tarapacá  ,,,,,,ADQUISICIÓN E INSTALACIÓN DE EQUIPO DE AIRE ACONDICIONADO. MEMO N°08,"Aire industrialAdquisición e instalación de equipo de aire acondicionado
-Equipo Split muro de 18000 BTU, 220V, R410 frio – calor, modo ON-OFF, IKA o equivalente
",1.0,GL,CLP,504202.0,,
1070620-180-SE20,,2020-11-05T19:26:11Z,direct,,,,Hospital Dr. Ernesto Torres Galdames | Hospital Dr. Ernesto Torres Galdames,620005304,,Región de Tarapacá  ,,LABORATORIOS ANDROMACO S.A. | LABORATORIOS ANDROMACO S.A.,762372665,,Región Metropolitana de Santiago,,,,,2210144,JIF-COMPRA MEDICAMENTO DONEPECILO 10 MG,Desogestrel y etinilestradiolDONEPECILO 10 MG CM (2210144),300.0,CMP,CLP,933.0,,
1070620-185-SE20,,2020-11-05T19:26:12Z,direct,,,,Hospital Dr. Ernesto Torres Galdames | Hospital Dr. Ernesto Torres Galdames,620005304,,Región de Tarapacá  ,,Imp. Dist. Arquimed Ltda. | Arquimed Endoscopios,929990005,,Región Metropolitana de Santiago,,,,,,efd Cuota 4 Arriendo equipos Arquimed,"Camillas de paciente o accesorios de camillaCuota 4 arriendo 12 camas clínicas eléctricas, 12 veladores y 12 mesas de alimentación, 10 Camillas de transporte y 1 Cama Clinica Eléctrica de Parto Integral Full Procedimiento ",1.0,EA,CLP,4724500.0,,
1070620-187-SE20,,2020-11-05T19:26:12Z,direct,,,,Hospital Dr. Ernesto Torres Galdames | Hospital Dr. Ernesto Torres Galdames,620005304,,Región de Tarapacá  ,,IMPORT EXPORT KORPUS CHILE LIMITADA | IMPORT EXPORT KORPUS CHILE LIMITADA,761123696,,Región de Tarapacá  ,,,,,,pzm-TD N°2025 SUMINISTRO DE PLACAS BLOQUEADAS 2020,Implantes ortopédicos o alambres quirúrgicosPLACA BLOQUEADA CALCANEO,3.0,EA,CLP,590000.0,,
1070620-187-SE20,,2020-11-05T19:26:12Z,direct,,,,Hospital Dr. Ernesto Torres Galdames | Hospital Dr. Ernesto Torres Galdames,620005304,,Región de Tarapacá  ,,IMPORT EXPORT KORPUS CHILE LIMITADA | IMPORT EXPORT KORPUS CHILE LIMITADA,761123696,,Región de Tarapacá  ,,,,,,pzm-TD N°2025 SUMINISTRO DE PLACAS BLOQUEADAS 2020,Implantes ortopédicos o alambres quirúrgicosPLACA BLOQUEADA DE CLAVICULA,4.0,EA,CLP,630000.0,,
1070620-187-SE20,,2020-11-05T19:26:12Z,direct,,,,Hospital Dr. Ernesto Torres Galdames | Hospital Dr. Ernesto Torres Galdames,620005304,,Región de Tarapacá  ,,IMPORT EXPORT KORPUS CHILE LIMITADA | IMPORT EXPORT KORPUS CHILE LIMITADA,761123696,,Región de Tarapacá  ,,,,,,pzm-TD N°2025 SUMINISTRO DE PLACAS BLOQUEADAS 2020,Implantes ortopédicos o alambres quirúrgicosPLACA BLOQUEADA DE MUÑECA,20.0,EA,CLP,590000.0,,
1070620-187-SE20,,2020-11-05T19:26:12Z,direct,,,,Hospital Dr. Ernesto Torres Galdames | Hospital Dr. Ernesto Torres Galdames,620005304,,Región de Tarapacá  ,,IMPORT EXPORT KORPUS CHILE LIMITADA | IMPORT EXPORT KORPUS CHILE LIMITADA,761123696,,Región de Tarapacá  ,,,,,,pzm-TD N°2025 SUMINISTRO DE PLACAS BLOQUEADAS 2020,Implantes ortopédicos o alambres quirúrgicosPLACA BLOQUEADA DE HUMERO DISTAL LATERAL MEDIAL,5.0,EA,CLP,600000.0,,
1070620-187-SE20,,2020-11-05T19:26:12Z,direct,,,,Hospital Dr. Ernesto Torres Galdames | Hospital Dr. Ernesto Torres Galdames,620005304,,Región de Tarapacá  ,,IMPORT EXPORT KORPUS CHILE LIMITADA | IMPORT EXPORT KORPUS CHILE LIMITADA,761123696,,Región de Tarapacá  ,,,,,,pzm-TD N°2025 SUMINISTRO DE PLACAS BLOQUEADAS 2020,Implantes ortopédicos o alambres quirúrgicosPLACA BLOQUEADA PEQUEÑO FRAGMENTO RECTA,3.0,EA,CLP,530000.0,,
1070620-187-SE20,,2020-11-05T19:26:12Z,direct,,,,Hospital Dr. Ernesto Torres Galdames | Hospital Dr. Ernesto Torres Galdames,620005304,,Región de Tarapacá  ,,IMPORT EXPORT KORPUS CHILE LIMITADA | IMPORT EXPORT KORPUS CHILE LIMITADA,761123696,,Región de Tarapacá  ,,,,,,pzm-TD N°2025 SUMINISTRO DE PLACAS BLOQUEADAS 2020,Implantes ortopédicos o alambres quirúrgicosPLACA BLOQUEADA TIBIA PROXIMAL,10.0,EA,CLP,650000.0,,
1070620-187-SE20,,2020-11-05T19:26:12Z,direct,,,,Hospital Dr. Ernesto Torres Galdames | Hospital Dr. Ernesto Torres Galdames,620005304,,Región de Tarapacá  ,,IMPORT EXPORT KORPUS CHILE LIMITADA | IMPORT EXPORT KORPUS CHILE LIMITADA,761123696,,Región de Tarapacá  ,,,,,,pzm-TD N°2025 SUMINISTRO DE PLACAS BLOQUEADAS 2020,Implantes ortopédicos o alambres quirúrgicosPLACA BLOQUEADA TIBIA DISTAL,11.0,EA,CLP,650000.0,,
1070620-187-SE20,,2020-11-05T19:26:12Z,direct,,,,Hospital Dr. Ernesto Torres Galdames | Hospital Dr. Ernesto Torres Galdames,620005304,,Región de Tarapacá  ,,IMPORT EXPORT KORPUS CHILE LIMITADA | IMPORT EXPORT KORPUS CHILE LIMITADA,761123696,,Región de Tarapacá  ,,,,,,pzm-TD N°2025 SUMINISTRO DE PLACAS BLOQUEADAS 2020,Implantes ortopédicos o alambres quirúrgicosPLACA BLOQUEADA MINIFRAGMENTO,3.0,EA,CLP,540000.0,,
1070620-187-SE20,,2020-11-05T19:26:12Z,direct,,,,Hospital Dr. Ernesto Torres Galdames | Hospital Dr. Ernesto Torres Galdames,620005304,,Región de Tarapacá  ,,IMPORT EXPORT KORPUS CHILE LIMITADA | IMPORT EXPORT KORPUS CHILE LIMITADA,761123696,,Región de Tarapacá  ,,,,,,pzm-TD N°2025 SUMINISTRO DE PLACAS BLOQUEADAS 2020,Implantes ortopédicos o alambres quirúrgicosPLACA BLOQUEADA OLECRANON,4.0,EA,CLP,590000.0,,
1070620-282-SE20,,2020-11-05T19:26:52Z,direct,,,,Hospital Dr. Ernesto Torres Galdames | Hospital Dr. Ernesto Torres Galdames,620005304,,Región de Tarapacá  ,,ABBVIE PRODUCTOS FARMACEUTICOS LIMITADA | ABBVIE PRODUCTOS FARMACEUTICOS LIMITADA,762127326,,Región Metropolitana de Santiago,,,,,,STC-Med Enero TD,Adalimumab21917230 ADALIMUMATO 40 MG/0.4 ML (HUMIRA) AM JERINGAS PRE LLENADA,10.0,BX,CLP,602850.0,,
1075963-284-MC20,,2020-11-05T19:26:53Z,direct,,,,SERVICIO DE SALUD ARICA HOSP DR JUAN NOE CREVANI | Hospital Juan Noé,616060015,,Región de Arica y Parinacota,,MADERAS ENCO S A | MADERAS ENCO S A,926480006,,Región de Arica y Parinacota,,,,,,T.D. ADQUISICIÓN DE MATERIALES PARA NEONATOLOGÍA”,Tablero de partículasPLANCHA MELAMINA BLANCA 18 MM.,1.0,EA,CLP,32731.0,,
1075963-284-MC20,,2020-11-05T19:26:53Z,direct,,,,SERVICIO DE SALUD ARICA HOSP DR JUAN NOE CREVANI | Hospital Juan Noé,616060015,,Región de Arica y Parinacota,,MADERAS ENCO S A | MADERAS ENCO S A,926480006,,Región de Arica y Parinacota,,,,,,T.D. ADQUISICIÓN DE MATERIALES PARA NEONATOLOGÍA”,Tablero de partículasTAPACANTO PVC BLANCO SIN PEGAMENTO,100.0,MTR,CLP,71.0,,
1075963-284-MC20,,2020-11-05T19:26:53Z,direct,,,,SERVICIO DE SALUD ARICA HOSP DR JUAN NOE CREVANI | Hospital Juan Noé,616060015,,Región de Arica y Parinacota,,MADERAS ENCO S A | MADERAS ENCO S A,926480006,,Región de Arica y Parinacota,,,,,,T.D. ADQUISICIÓN DE MATERIALES PARA NEONATOLOGÍA”,Tablero de partículasPLANCHA MELAMINA BLANCO 15 MM.,9.0,EA,CLP,23488.0,,
1075963-284-MC20,,2020-11-05T19:26:53Z,direct,,,,SERVICIO DE SALUD ARICA HOSP DR JUAN NOE CREVANI | Hospital Juan Noé,616060015,,Región de Arica y Parinacota,,MADERAS ENCO S A | MADERAS ENCO S A,926480006,,Región de Arica y Parinacota,,,,,,T.D. ADQUISICIÓN DE MATERIALES PARA NEONATOLOGÍA”,Tablero de partículasPLANCHA DURALOC BLANCO,2.0,EA,CLP,6681.0,,
1077204-60-SE20,,2020-11-05T19:26:53Z,direct,,,,SERVICIO DE SALUD NUBLE | ADMINISTRACIÓN DE FONDOS,616070002,,Región del Ñuble,,Harold Andres | Harold Andres,761578820,,Región Metropolitana de Santiago,,,,,,TD reparacion y traslado de columnas del Antiguo H,Servicios temporales de ingenieríaServicios especializados de ingeniería por concepto de reparación y traslado de columnas del antiguo Hospital de Chillan.-,1.0,000,CLF,795.2,,
1077392-3364-SE19,,2020-11-05T20:18:16Z,direct,,,,SERVICIO DE SALUD ANTOFAGASTA HOSPITAL L | Administración de Fondos,616062018,,Región de Antofagasta ,,B BRAUN MEDICAL SPA | B.BRAUN MEDICAL SpA,967565407,,Región Metropolitana de Santiago,,,,,,PROPOFOL 200 ML,"Propofol216-P064 PROPOFOL AMP 10 MG/ ML

(DESPACHO DIFERIDO DE 1200 MENSUAL
ENERO, FEBRERO,MARZO)",3600.0,AMP,CLP,1750.0,,
1078126-124-SE20,,2020-11-05T19:26:12Z,direct,,,,Corporación Nacional Forestal - CONAF | Administración de Fondos CONAF,613130004,,Región Metropolitana de Santiago,,COVEPA SPA | COVEPA SPA,889098007,,Región de los Lagos ,,,,,,DESBROZADORA,Segadora de céspedDESBROZADORA 36 CC,1.0,000,CLP,279832.0,,
1078126-180-SE20,,2020-11-05T19:26:53Z,direct,,,,Corporación Nacional Forestal - CONAF | Administración de Fondos CONAF,613130004,,Región Metropolitana de Santiago,,SERVICE EQUIPOS LTDA. | SERVICE EQUIPOS LTDA.,778665409,,Región del Ñuble,,,,,,Servicio de Instalción de 8 Anexos,Sistema telefónico de entradasServicio de Instalación de 8 Anexos Telefónicos en Oficinas Remodeladas de la Oficina Regional Ñuble,1.0,000,CLP,398670.0,,
1084156-11-SE20,,2020-11-05T19:26:13Z,direct,,,,SERVICIO LOCAL DE EDUCACION PUBLICA ANDALIEN SUR | Compras y Licitaciones,651816726,,Región del Biobío ,,carelis | carelis,100781662,,Región del Biobío ,,,,,,Traslado de pasajeros desde Hualqui a Pelluhue SELP ANDALIEN SUR,Servicios de autobuses contratadosTraslado de pasajeros desde Hualqui a Pelluhue salida el día 12 de Enero y el regreso el día 19 de enero.,1.0,000,CLP,880000.0,,
1085944-4-SE20,,2020-11-05T19:26:53Z,direct,,,,HOSPITAL CLINICO DE MAGALLANES DR. LAUTARO NAVARRO AVARIA | Fondos Extrapresupuestarios,616079018,,Región de Magallanes y de la Antártica,,LKM Chile SpA | LKM Chile,763779815,,Región Metropolitana de Santiago,,,,,,FARMACO ONCOLOGICO/ MITOMICINA 20 MG,MitomicinaMITOMICINA FA 20 MG/10 ML SOL. INY (USO I.V.),2.0,AMPF,CLP,30500.0,,
1085944-6-SE20,,2020-11-05T19:26:53Z,direct,,,,HOSPITAL CLINICO DE MAGALLANES DR. LAUTARO NAVARRO AVARIA | Fondos Extrapresupuestarios,616079018,,Región de Magallanes y de la Antártica,,Gador Limitada | GADOR LIMITADA,760849456,,Región Metropolitana de Santiago,,,,,,COMPRA URGENTE ONCOLOGIA/ TEMOZOLOMIDA 20 Y 100,"TemozolomidaTEMOZOLAMIDA 20 MG.
",40.0,CAPS,CLP,9800.0,,
1085944-6-SE20,,2020-11-05T19:26:53Z,direct,,,,HOSPITAL CLINICO DE MAGALLANES DR. LAUTARO NAVARRO AVARIA | Fondos Extrapresupuestarios,616079018,,Región de Magallanes y de la Antártica,,Gador Limitada | GADOR LIMITADA,760849456,,Región Metropolitana de Santiago,,,,,,COMPRA URGENTE ONCOLOGIA/ TEMOZOLOMIDA 20 Y 100,TemozolomidaTEMOZOLAMIDA 100 MG,85.0,CAPS,CLP,54000.0,,
1201-3-SE20,,2020-11-05T19:26:11Z,direct,,,,INSTITUTO NACIONAL DE DEPORTES DE CHILE | I.N.D. REGION XI,611070004,,Región Aysén del General Carlos Ibáñez del Campo,,sociedad parque austral s.a.c | sociedad parque austral s.a.c,968128000,,Región Aysén del General Carlos Ibáñez del Campo,,,,,,Arriendo de piscina CEM,Piscina de nataciónSegun requerimiento y convenio de uso,1.0,000,CLP,7260504.0,,
1380-487-SE20,,2020-11-05T19:26:12Z,direct,,,,Hospital Doctor Hernán Henríquez Aravena | HOSPITAL HERNAN HENRIQUEZ ARAVENA - ABASTECIMIENTO,616022326,,Región de la Araucanía ,,Roche Chile Ltda. Roche Pharma | Roche Chile Ltda. Roche Pharma ,829994003,,Región Metropolitana de Santiago,,,,,,PTTA-154-TD-20 ALFACALCIDO 0.5 MCG,"Clorhidrato de oxibutinina214-0268 ALFACALCIDOL 0,5 MCG ",12000.0,CMP,CLP,945.0,,
1380-689-MC20,,2020-11-05T19:26:52Z,direct,,,,Hospital Doctor Hernán Henríquez Aravena | HOSPITAL HERNAN HENRIQUEZ ARAVENA - ABASTECIMIENTO,616022326,,Región de la Araucanía ,,ANDRES LEONARDO | ANDRES LEONARDO,139636848,,Región de la Araucanía ,,,,,,RESOL.EXENTA 853 ABARROTES	,Pasta o tallarines naturales estables sin refrigerCABELLOS DE ANGEL KG,60.0,KGM,CLP,2255.0,,
1380-689-MC20,,2020-11-05T19:26:52Z,direct,,,,Hospital Doctor Hernán Henríquez Aravena | HOSPITAL HERNAN HENRIQUEZ ARAVENA - ABASTECIMIENTO,616022326,,Región de la Araucanía ,,ANDRES LEONARDO | ANDRES LEONARDO,139636848,,Región de la Araucanía ,,,,,,RESOL.EXENTA 853 ABARROTES	,Pasta o tallarines naturales estables sin refrigerFIDEOS MARIPOSAS KG,60.0,KGM,CLP,2772.0,,
1403-47-SE20,,2020-11-05T19:26:12Z,direct,,,,DIRECCION GENERAL DE GENDARMERIA DE CHIL | Región de Aysén,610041019,,Región Aysén del General Carlos Ibáñez del Campo,,Ferreteria sur | Ferreteria Sur,764248589,,,,,,,,COMPRA DE TALADRO PARA EL CET DE CH-CH,Taladro de mano o empujeTALADRO CON PERCUTOR BOSCH,1.0,EA,CLP,157983.1932,,
1403-64-MC20,,2020-11-05T19:26:53Z,direct,,,,DIRECCION GENERAL DE GENDARMERIA DE CHIL | Región de Aysén,610041019,,Región Aysén del General Carlos Ibáñez del Campo,,SODIMAC S.A. - CONVENIOS MARCO | SODIMAC S.A. - TRATOS DIRECTOS,96792430K,,Región Metropolitana de Santiago,,,,,,ADQURIR CORTINAS PARA CET COYHAIQUE,CortinasCORTINAS BLACK OUT,16.0,EA,CLP,22680.672,,
1549-158-MC20,,2020-11-05T19:26:53Z,direct,,,,Hospital San José | Hospital San  José,616080024,,Región Metropolitana de Santiago,,IRL SPA | IRL SPA,762684470,,Región Metropolitana de Santiago,,,,,,COMPRA MENOR 10 UTM (PLANCHA DE POLIPROPILENO 6MM),"Polímero de cristal líquido (LCP)238-1311 PLANCHA DE POLIPROPILENO 6MM
",2.0,PL,CLP,160650.0,,
1554-119-SE20,,2020-11-05T19:26:52Z,direct,,,,SERVICIO DE SALUD ATACAMA HOSPITAL COPIA | Abastecimiento Hospital de Copiapó,616063073,,Región de Atacama ,,OFTOMED | OFTOMED,780759003,,Región Metropolitana de Santiago,,,,,,SEM-055-19  MANTENIMIENTO PREVENTIVO ANUAL EQUIPO FACOEMULSIFICADOR DE PABELLON OFT.,"Tonómetros oftalmológicos o accesoriosMANTENIMIENTO PREVENTIVO ANUAL DE EQUIPO FACOEMULSIFICADOR MARCA ABBOTT, MODELO SIGNATURE DE SERVICIO DE PABELLON QUIRURGICO CENTRAL (OFTALMOLOGIA), SEGUN SEM-055-2019 DE UNIDAD DE EQUIPOS MEDICOS DEL HOSPITAL REGIONAL DE COPIAPO",1.0,EA,CLP,1045413.0,,
1555-153-SE20,,2020-11-05T19:26:52Z,direct,,,,HOSPITAL PROVINCIAL   DEL HUASCO MSR FERNANDO ARIZTIA RUIZ | Adquisiciones Clinicas Medicamentos e Insumos,616063030,,Región de Atacama ,,TECNIGEN S.A. | TECNIGEN S.A.,93020000K,,Región Metropolitana de Santiago,,,,,,"Laboratorio, enero 2020",Reactivos de analizadores de coagulaciónT3101 TCOAG TRINILA D-DIMER Kit. 2 490.664,2.0,000,CLP,490664.0,,
1555-153-SE20,,2020-11-05T19:26:52Z,direct,,,,HOSPITAL PROVINCIAL   DEL HUASCO MSR FERNANDO ARIZTIA RUIZ | Adquisiciones Clinicas Medicamentos e Insumos,616063030,,Región de Atacama ,,TECNIGEN S.A. | TECNIGEN S.A.,93020000K,,Región Metropolitana de Santiago,,,,,,"Laboratorio, enero 2020",Reactivos de analizadores de coagulaciónT4304 TCOAG TRINICHECK D DIMER 2 4x1ml 1 174.962,1.0,000,CLP,174962.0,,
1555-153-SE20,,2020-11-05T19:26:52Z,direct,,,,HOSPITAL PROVINCIAL   DEL HUASCO MSR FERNANDO ARIZTIA RUIZ | Adquisiciones Clinicas Medicamentos e Insumos,616063030,,Región de Atacama ,,TECNIGEN S.A. | TECNIGEN S.A.,93020000K,,Región Metropolitana de Santiago,,,,,,"Laboratorio, enero 2020",Reactivos de analizadores de coagulaciónT4303 TCOAG TRINICHECK D DIMER 1 4x1ml 1 156.125,1.0,000,CLP,156125.0,,
1555-153-SE20,,2020-11-05T19:26:52Z,direct,,,,HOSPITAL PROVINCIAL   DEL HUASCO MSR FERNANDO ARIZTIA RUIZ | Adquisiciones Clinicas Medicamentos e Insumos,616063030,,Región de Atacama ,,TECNIGEN S.A. | TECNIGEN S.A.,93020000K,,Región Metropolitana de Santiago,,,,,,"Laboratorio, enero 2020",Reactivos de analizadores de coagulaciónZ04050 TCOAG BANDEJAS CUBETA DESTIN (2400 test mec.+2000opt.) KIT 1 569.598,1.0,000,CLP,569598.0,,
1555-153-SE20,,2020-11-05T19:26:52Z,direct,,,,HOSPITAL PROVINCIAL   DEL HUASCO MSR FERNANDO ARIZTIA RUIZ | Adquisiciones Clinicas Medicamentos e Insumos,616063030,,Región de Atacama ,,TECNIGEN S.A. | TECNIGEN S.A.,93020000K,,Región Metropolitana de Santiago,,,,,,"Laboratorio, enero 2020",Reactivos de analizadores de coagulaciónT1202 TCOAG CLOT APTT S 5x3ml 6 64.924,6.0,000,CLP,64924.0,,
1555-153-SE20,,2020-11-05T19:26:52Z,direct,,,,HOSPITAL PROVINCIAL   DEL HUASCO MSR FERNANDO ARIZTIA RUIZ | Adquisiciones Clinicas Medicamentos e Insumos,616063030,,Región de Atacama ,,TECNIGEN S.A. | TECNIGEN S.A.,93020000K,,Región Metropolitana de Santiago,,,,,,"Laboratorio, enero 2020",Reactivos de analizadores de coagulaciónT1104 TCOAG CLOT EXCEL S 10x6ml 5 111.314,5.0,000,CLP,111314.0,,
1572-34-MC20,,2020-11-05T19:26:54Z,direct,,,,JUNTA NACIONAL DE JARDINES         INFANTILES | Junji - XV Región - Arica,700726002,,Región de Arica y Parinacota,,"Plaza, servicio y mantencion | Plaza, servicio y mantencion",98275363,,Región de Arica y Parinacota,,,,,,TRATO DIRECTO SERVICIO LIMPIEZA/SANIT. SC51086,Servicios de limpieza de edificiosSERVICIO DE LIMPIEZA Y SANITIZACIÓN PARA JARDÍN INFATIL VISTA HERMOSA,1.0,000,CLP,345000.0,,
1641-552-SE20,,2020-11-05T19:26:53Z,direct,,,,SERVICIO DE SALUD OCCIDENTE HOSPITAL SAN JUAN DE DIOS | Hospital San Juan de Dios,616082043,,Región Metropolitana de Santiago,,Nicolas  Alberto  | Nicolas  Alberto ,764443071,,Región Metropolitana de Santiago,,,,,,DRM/REPARACIÓN DE COMPRESOR,"Bombas de aguaREPARACIÓN DE COMPRESOR
SEGUN COTIZACION N° 489.
",1.0,GL,CLP,3360000.0,,
1641-565-SE20,,2020-11-05T19:26:53Z,direct,,,,SERVICIO DE SALUD OCCIDENTE HOSPITAL SAN JUAN DE DIOS | Hospital San Juan de Dios,616082043,,Región Metropolitana de Santiago,,Alejandra Sofia | Alejandra Sofia,183949578,,Región Metropolitana de Santiago,,,,,,"MMA/RES. EXTA. Nº  5550 (31-12-2019) /TD COMPRA SERVICIOS AÑO 2020 CON ALEJANDRA PEREZ ALVARADO, SERVICIOS PROFESIONALES DE ENFERMERIA, UNIDAD URGENCIA, HSJD.","Servicios de enfermería
",1.0,GL,CLP,15407675.0,,
1641-569-SE20,,2020-11-05T19:26:53Z,direct,,,,SERVICIO DE SALUD OCCIDENTE HOSPITAL SAN JUAN DE DIOS | Hospital San Juan de Dios,616082043,,Región Metropolitana de Santiago,,Daniela Alejandra | Daniela Alejandra,167433502,,Región Metropolitana de Santiago,,,,,,"MMA/RES. EXTA. Nº  5551 (31-12-2019) /TD COMPRA SERVICIOS AÑO 2020 CON DANIELA MARIN ANCAMILLA, SERVICIOS PROFESIONALES DE ENFERMERIA, UNIDAD URGENCIA, HSJD.","Servicios de enfermería10-012-001-0007 CONTRATACION RES. EXTA. Nº  5551 (31-12-2019)/TD COMPRA SERVICIOS AÑO 2020 CON DANIELA MARIN ANCAMILLA, UNIDAD URGENCIA, DESDE EL 01/01/2020 AL 31/12/2020
",1.0,GL,CLP,15407675.0,,
1641-571-SE20,,2020-11-05T19:26:53Z,direct,,,,SERVICIO DE SALUD OCCIDENTE HOSPITAL SAN JUAN DE DIOS | Hospital San Juan de Dios,616082043,,Región Metropolitana de Santiago,,Ximena Scarlette  | Ximena Scarlette ,182504025,,Región Metropolitana de Santiago,,,,,,"VDH/RES. EXTA. Nº  5517 (31-12-2019) /TD COMPRA SERVICIOS AÑO 2020 CON XIMENA QUEZADA APABLAZA, SERVICIOS PROFESIONALES DE ENFERMERIA, C.R. CUIDADOS AMBULATORIOS, HSJD.",Servicios de enfermería,1.0,GL,CLP,13181169.0,,
1641-581-SE20,,2020-11-05T19:26:52Z,direct,,,,SERVICIO DE SALUD OCCIDENTE HOSPITAL SAN JUAN DE DIOS | Hospital San Juan de Dios,616082043,,Región Metropolitana de Santiago,,Mariajose Isabella | Mariajose Isabella,174151636,,Región Metropolitana de Santiago,,,,,,"VDH/RES. EXTA. Nº  5536 (31-12-2019) /TD COMPRA SERVICIOS AÑO 2020 CON MARÍAJOSÉ ISABELLA HIDALGO VELASQUEZ, SERVICIOS PROFESIONALES DE ENFERMERIA, C.R. CUIDADOS INFANTILES, HSJD.",Servicios de enfermería,1.0,GL,CLP,803250.0,,
1641-582-SE20,,2020-11-05T19:26:52Z,direct,,,,SERVICIO DE SALUD OCCIDENTE HOSPITAL SAN JUAN DE DIOS | Hospital San Juan de Dios,616082043,,Región Metropolitana de Santiago,,Camilo ignacio | Camilo ignacio,189289618,,Región Metropolitana de Santiago,,,,,,"CMO/RES. EXTA. Nº  5602 (31-12-2019 /TD COMPRA SERVICIOS AÑO 2020 CON CAMILO ARAGON GUAJARDO, SERVICIOS DE AUXILIAR, UNIDAD LABORATORIO CLINICO, HSJD.","Personal administrativo temporal10-012-002-0006 CONTRATACION RES. EXTA. Nº  5602 (31-12-2019/TD COMPRA SERVICIOS AÑO 2020 CON CAMILO ARAGON GUAJARDO, UNIDAD LABORATORIO CLINICO, DESDE EL 01/01/2020 AL 31/12/2020
",1.0,GL,CLP,5916027.0,,
1641-583-SE20,,2020-11-05T19:26:52Z,direct,,,,SERVICIO DE SALUD OCCIDENTE HOSPITAL SAN JUAN DE DIOS | Hospital San Juan de Dios,616082043,,Región Metropolitana de Santiago,,Pamela Rosario de los Angeles | Pamela Rosario de los Angeles,187304253,,Región Metropolitana de Santiago,,,,,,"MMA/RES. EXTA. Nº  5557 (31-12-2019) /TD COMPRA SERVICIOS AÑO 2020 CON PAMELA DAUVIN CHAMORRO, SERVICIOS PROFESIONALES DE ENFERMERIA, UNIDAD URGENCIA, HSJD.","Servicios de enfermería10-012-001-0007 CONTRATACION RES. EXTA. Nº  5557 (31-12-2019)/TD COMPRA SERVICIOS AÑO 2020 CON PAMELA DAUVIN CHAMORRO, UNIDAD URGENCIA, DESDE EL 01/01/2020 AL 31/12/2020
",1.0,GL,CLP,15407675.0,,
1641-588-SE20,,2020-11-05T19:26:52Z,direct,,,,SERVICIO DE SALUD OCCIDENTE HOSPITAL SAN JUAN DE DIOS | Hospital San Juan de Dios,616082043,,Región Metropolitana de Santiago,,DANIELA IVON | DANIELA IVON,153618453,,Región Metropolitana de Santiago,,,,,,"CMO/RES. EXTA. Nº  5605 (31-12-2019) /TD COMPRA SERVICIOS AÑO 2020 CON DANIELA SANCHEZ VALENZUELA, SERVICIOS DE TECNOLOGO MEDICO, UNIDAD LABORATORIO CLINICO, HSJD.","Servicios paramédicos10-012-001-0008 CONTRATACION RES. EXTA. Nº  5605 (31-12-2019)/TD COMPRA SERVICIOS AÑO 2020 CON DANIELA SANCHEZ VALENZUELA, UNIDAD LABORATORIO CLINICO, DESDE EL 01/01/2020 AL 31/12/2020
",1.0,GL,CLP,5916027.0,,
1641-592-SE20,,2020-11-05T19:26:53Z,direct,,,,SERVICIO DE SALUD OCCIDENTE HOSPITAL SAN JUAN DE DIOS | Hospital San Juan de Dios,616082043,,Región Metropolitana de Santiago,,constanza isabel  | constanza isabel ,188350399,,Región Metropolitana de Santiago,,,,,,"CMO/RES. EXTA. Nº  5522 (31-12-2019) /TD COMPRA SERVICIOS AÑO 2020 CON CONSTANZA ISABEL RAMÍREZ LLANTEN, SERVICIOS TENS, UNIDAD MEDICINA, HSJD.","Servicios paramédicos10-012-001-0009 CONTRATACION RES. EXTA. Nº  5522 (31-12-2019)/TD COMPRA SERVICIOS AÑO 2020 CON CONSTANZA ISABEL RAMÍREZ LLANTEN, UNIDAD MEDICINA, DESDE EL 01/01/2020 AL 31/12/2020
",1.0,GL,CLP,10968314.0,,
1691-230-SE20,,2020-11-05T19:26:52Z,direct,,,,Hospital Coyhaique | Adquisiciones Hospital Regional Coyhaique,616022806,,Región Aysén del General Carlos Ibáñez del Campo,,BIOHEIS SPA | BIOHEIS SPA,765327229,,Región Metropolitana de Santiago,,,,,,RELE-ORDEN DE COMPRA: BIOHEIS SPA RELE OC N°83.128.-,"Cánulas o piezas de mano o quistotomes o puntas deCODIGO  2223676	SONDA PARA GASTROSTOMIA 3 LUMEN 24

",8.0,000,CLP,24500.0,,
1691-237-SE20,,2020-11-05T19:26:52Z,direct,,,,Hospital Coyhaique | Adquisiciones Hospital Regional Coyhaique,616022806,,Región Aysén del General Carlos Ibáñez del Campo,,Equipos Médicos Zepeda y Compañia Ltda. | Equipos Médicos Zepeda y Compañia Ltda.,761122126,,Región Metropolitana de Santiago,,,,,,VEOZ-EQUIPOS MÉDICOS ZEPEDA-OC ,"Sistemas de administración de fármacos o accesorioSB3, CAPSULA ENDOSCOPICA PARA INTESTINO DELGADO DESECHABLE.",1.0,000,CLP,446355.0,,
1702-60-SE20,,2020-11-05T19:26:53Z,direct,,,,Hospital Peñablanca | Abastecimiento,616066056,,Región de Valparaíso ,,INDURA S.A | INDURA MEDICA,76150343K,,Región Metropolitana de Santiago,,,,,,THERMOS DE OXIGENO,Oxígeno O,3.0,EA,CLP,106593.0,,
1704-178-SE20,,2020-11-05T19:26:53Z,direct,,,,Hospital San Martín de Quillota | Hospital San Martín de Quillota,616066080,,Región de Valparaíso ,,LABORATORIO SANDERSON S.A. | LABORATORIO SANDERSON S.A.,915460003,,Región Metropolitana de Santiago,,,,,,COMPRA MEDICAMENTO GENTAMICINA,"Clorhidrato de dobutamina[CodInt:2133150|1.000,0] GENTAMICINA 80MG/2ML

",10.0,BX,CLP,14600.0,,
1704-181-SE20,,2020-11-05T19:26:53Z,direct,,,,Hospital San Martín de Quillota | Hospital San Martín de Quillota,616066080,,Región de Valparaíso ,,UC CHRISTUS SALUD SpA | UC CHRISTUS SERVICIOS CLINICOS SpA,995734907,,Región Metropolitana de Santiago,,,,,,COMPRA EXÁMENES SOLICITUD 002 DE COMPRA JEFE LAB,"Exámenes médicosCOMPRA EXAMEN CROMOGRANINA A POR ELISA $35.288.-

SOLICITUD 002 LABORATORIO",1.0,000,CLP,35288.0,,
1718-18-SE20,,2020-11-05T19:26:11Z,direct,,,,Municipalidad de San Ramon | Departamento de Adquisiciones San Ramon,692539001,,Región Metropolitana de Santiago,,JULIO GERARDO AGUAYO CAMPOS | JULIO GERARDO AGUAYO CAMPOS,86000474,,Región Metropolitana de Santiago,,,,,,M5059. SERVICIO RESTAURANT Y PRESENT. ARTISTICA,Concesionarios de casino de comidaSERVICIO ..,1.0,000,CLP,15857143.0,,
1729-13-SE20,,2020-11-05T19:26:11Z,direct,,,,Ilustre Municipalidad de Tierra Amarilla | Departamento de Abastecimiento,690304007,,Región de Atacama ,,COSEMAR S.A. | COSEMAR S.A.,968273701,,Región de Valparaíso ,,,,,,SERVICIO DE RELLENO SANITARIO,"Recolección, destrucción, transformación o eliminaSERVICIO DE RELLENO SANITARIO MES DE JUNIO 2019",306.52,TNE,CLP,18403.0,,
1736-201-SE20,,2020-11-05T19:26:53Z,direct,,,,I MUNICIPALIDAD DE LA COMUNA DE EL BOSQUE | Ilustre Municipalidad de El Bosque,692553004,,Región Metropolitana de Santiago,,ASOCIACIÓN CHILENA DE MUNICIPALIDADES | ASOCIACIÓN CHILENA DE MUNICIPALIDADES,692659902,,Región Metropolitana de Santiago,,,,,,DA 41  autoriza curso a concejal Carlos Contreras,"Capacitaciones directas en el concesionariodecreto alcaldicio N°41 autoriza asistencia al concejal  Carlos contreras, al curso ""nuevos ejes en el presupuesto y modernización de la gestión municipal"" dictado por la asociación chilena de municipalidades, rut: 69.265.990-2, en la ciudad de Valdivia por la suma de $207000.- pesos",1.0,000,CLP,207000.0,,
1738-13-MC20,,2020-11-05T19:26:52Z,direct,,,,I MUNICIPALIDAD DE VILLA ALEGRE | Ilustre Municipalidad de Villa Alegre,691302008,,Región del Maule ,,COTACO - Casa Matriz | COTACO - División Industrial,812863002,,Región Metropolitana de Santiago,,,,,,COMPRA DE INSUMOS PISCINA MUNICIPAL,Cloro ClBIDONES PISCINEX 60 LITROS,1.0,000,CLP,72000.0,,
1738-13-MC20,,2020-11-05T19:26:52Z,direct,,,,I MUNICIPALIDAD DE VILLA ALEGRE | Ilustre Municipalidad de Villa Alegre,691302008,,Región del Maule ,,COTACO - Casa Matriz | COTACO - División Industrial,812863002,,Región Metropolitana de Santiago,,,,,,COMPRA DE INSUMOS PISCINA MUNICIPAL,Desinfectantes domésticosBIDON CLORIMAX,2.0,000,CLP,170000.0,,
1743-16-SE20,,2020-11-05T19:26:53Z,direct,,,,Ilustre Municipalidad de Litueche | Ilustre Municipalidad de Litueche,690911000,,Región del Libertador General Bernardo O´Higgins,,HECTOR ENRIQUE | HECTOR ENRIQUE,69408389,,Región del Libertador General Bernardo O´Higgins,,,,,,Servicio de Arbitraje,Servicios de organización y producción de eventos Servicio Arbitraje (Terna),8.0,000,CLP,42000.0,,
1743-16-SE20,,2020-11-05T19:26:53Z,direct,,,,Ilustre Municipalidad de Litueche | Ilustre Municipalidad de Litueche,690911000,,Región del Libertador General Bernardo O´Higgins,,HECTOR ENRIQUE | HECTOR ENRIQUE,69408389,,Región del Libertador General Bernardo O´Higgins,,,,,,Servicio de Arbitraje,Servicios de organización y producción de eventos Servicio Arbitraje (Individual),24.0,000,CLP,14000.0,,
1953-102-SE20,,2020-11-05T19:26:53Z,direct,,,,DIRECCION GENERAL DE GENDARMERIA DE CHIL | Región de Valparaíso,610040241,,Región de Valparaíso ,,WIENECKE CORREDORES DE SEGUROS LIMITADA | WIENECKE CORREDORES DE SEGUROS LIMITADA,772145403,,Región Metropolitana de Santiago,,,,,,501 PRÓRROGA SEGUROS WIENECKE CORREDORES SEG LTDA.,"Seguros contra accidentesPRÓRROGA CONTRATO SEGURO PERSONAS QUE CUMPLEN PENA DE PRESTACIÓN DE SERVICIOS EN BENEFICIO DE LA COMUNIDAD EN GENDARMERÍA DE CHILE, REGIÓN DE VALPARAÍSO.
DESDE 01/01/2020 HASTA EL 30/04/2020.",4.0,MON,CLP,1250000.0,,
1978-42-SE20,,2020-11-05T19:26:11Z,direct,,,,Servicio de Salud del Maule | Servicio de Salud del Maule,616069004,,Región del Maule ,,Medscan Concepcion | PET - CT,761923773,,Región del Biobío ,,,,,,Adquisión de Examenes PET-CT,Laboratorios de rayos XExamen PET-CT para pacientes del HRT,8.0,000,CLP,623340.0,,
1978-43-SE20,,2020-11-05T19:26:11Z,direct,,,,Servicio de Salud del Maule | Servicio de Salud del Maule,616069004,,Región del Maule ,,PONTIFICIA UNIVERSIDAD CATOLICA DE CHILE | GERENCIA COMERCIAL RED DE SALUD UC-CHRISTUS,816989000,,Región Metropolitana de Santiago,,,,,,Adquisición Examen Resonancia Magnética Pediátrica bajo Anestesia,Laboratorios de rayos XExamen Resonancia Magnetica Pediatrica bajo Anestesia  para paciente J.C.G. Rut: 24.057.xxx-x,1.0,000,CLP,545350.0,,
1981-32-SE20,,2020-11-05T19:26:11Z,direct,,,,GOBERNACION PROVINCIAL DE CAUTIN | Gobernación Provincial de Cautín,605110924,,Región de la Araucanía ,,ANDRES FUENTES | ANDRES FUENTES,116040603,,Región de la Araucanía ,,,,,,Servicio de distribución de Agua potable,"Distribución de aguaServicio de distribución de agua potable a través de 1 camión aljibe mes octubre de 2019, Comuna de Gorbea, Patente KSYD44








",1.0,000,CLP,2605042.0,,
1981-32-SE20,,2020-11-05T19:26:11Z,direct,,,,GOBERNACION PROVINCIAL DE CAUTIN | Gobernación Provincial de Cautín,605110924,,Región de la Araucanía ,,ANDRES FUENTES | ANDRES FUENTES,116040603,,Región de la Araucanía ,,,,,,Servicio de distribución de Agua potable,"Distribución de aguaServicio de distribución de agua potable a través de 1 camión aljibe mes noviembre de 2019, Comuna de Gorbea, Patente KSYD44






",1.0,000,CLP,2605042.0,,
1981-32-SE20,,2020-11-05T19:26:11Z,direct,,,,GOBERNACION PROVINCIAL DE CAUTIN | Gobernación Provincial de Cautín,605110924,,Región de la Araucanía ,,ANDRES FUENTES | ANDRES FUENTES,116040603,,Región de la Araucanía ,,,,,,Servicio de distribución de Agua potable,"Distribución de aguaServicio de distribución de agua potable a través de 1 camión aljibe mes diciembre de 2019, Comuna de Gorbea, Patente KSYD44








",1.0,000,CLP,2605042.0,,
1981-57-SE20,,2020-11-05T19:26:52Z,direct,,,,GOBERNACION PROVINCIAL DE CAUTIN | Gobernación Provincial de Cautín,605110924,,Región de la Araucanía ,,Ricardo Alfonso | Ricardo Alfonso,73487757,,Región de la Araucanía ,,,,,,Servicio de distribución de Agua potable,"Distribución de aguaServicio de distribución de agua potable a través de 1 camión aljibe mes noviembre de 2019, Comuna de Padre las Casas, Patente JPCH25
",1.0,000,CLP,2605042.0,,
1981-57-SE20,,2020-11-05T19:26:52Z,direct,,,,GOBERNACION PROVINCIAL DE CAUTIN | Gobernación Provincial de Cautín,605110924,,Región de la Araucanía ,,Ricardo Alfonso | Ricardo Alfonso,73487757,,Región de la Araucanía ,,,,,,Servicio de distribución de Agua potable,"Distribución de aguaServicio de distribución de agua potable a través de 1 camión aljibe mes diciembre de 2019,  Comuna de Cunco, Patente BRJS36
",1.0,000,CLP,2605042.0,,
1981-59-SE20,,2020-11-05T19:26:53Z,direct,,,,GOBERNACION PROVINCIAL DE CAUTIN | Gobernación Provincial de Cautín,605110924,,Región de la Araucanía ,,MANUEL CARLOS  | MANUEL CARLOS ,92235629,,Región de la Araucanía ,,,,,,Servicio de distribución de Agua potable,"Distribución de aguaServicio de distribución de agua potable a través de 1 camión aljibe mes octubre de 2019, Comuna de Villarrica, Patente GZHC56
",1.0,000,CLP,2436975.0,,
1981-59-SE20,,2020-11-05T19:26:53Z,direct,,,,GOBERNACION PROVINCIAL DE CAUTIN | Gobernación Provincial de Cautín,605110924,,Región de la Araucanía ,,MANUEL CARLOS  | MANUEL CARLOS ,92235629,,Región de la Araucanía ,,,,,,Servicio de distribución de Agua potable,"Distribución de aguaServicio de distribución de agua potable a través de 1 camión aljibe mes noviembre de 2019, Comuna de Villarrica, Patente GZHC56",1.0,000,CLP,2436975.0,,
1981-59-SE20,,2020-11-05T19:26:53Z,direct,,,,GOBERNACION PROVINCIAL DE CAUTIN | Gobernación Provincial de Cautín,605110924,,Región de la Araucanía ,,MANUEL CARLOS  | MANUEL CARLOS ,92235629,,Región de la Araucanía ,,,,,,Servicio de distribución de Agua potable,"Distribución de aguaServicio de distribución de agua potable a través de 1 camión aljibe mes diciembre de 2019,  Comuna de Villarrica, Patente GZHC56",1.0,000,CLP,2436974.0,,
1981-65-SE20,,2020-11-05T19:26:53Z,direct,,,,GOBERNACION PROVINCIAL DE CAUTIN | Gobernación Provincial de Cautín,605110924,,Región de la Araucanía ,,VICTOR GUILLERMO | VICTOR GUILLERMO,90807161,,Región de la Araucanía ,,,,,,Servicio de distribución de Agua potable,"Distribución de aguaServicio de distribución de agua potable a través de 1 camión aljibe mes octubre de 2019, Comuna de cholchol, Patente HLDJ55
",1.0,000,CLP,2352941.0,,
1981-65-SE20,,2020-11-05T19:26:53Z,direct,,,,GOBERNACION PROVINCIAL DE CAUTIN | Gobernación Provincial de Cautín,605110924,,Región de la Araucanía ,,VICTOR GUILLERMO | VICTOR GUILLERMO,90807161,,Región de la Araucanía ,,,,,,Servicio de distribución de Agua potable,"Distribución de aguaServicio de distribución de agua potable a través de 1 camión aljibe mes noviembre de 2019, Comuna de Cholchol, Patente HLDJ55
",1.0,000,CLP,2352941.0,,
1981-65-SE20,,2020-11-05T19:26:53Z,direct,,,,GOBERNACION PROVINCIAL DE CAUTIN | Gobernación Provincial de Cautín,605110924,,Región de la Araucanía ,,VICTOR GUILLERMO | VICTOR GUILLERMO,90807161,,Región de la Araucanía ,,,,,,Servicio de distribución de Agua potable,"Distribución de aguaServicio de distribución de agua potable a través de 1 camión aljibe mes diciembre de 2019,  Comuna de Cholchol, Patente HLDJ55
",1.0,000,CLP,2352941.0,,
1981-67-SE20,,2020-11-05T19:26:54Z,direct,,,,GOBERNACION PROVINCIAL DE CAUTIN | Gobernación Provincial de Cautín,605110924,,Región de la Araucanía ,,ELIZABETH BOISIER CRUCES | ELIZABETH BOISIER CRUCES,92981568,,Región de la Araucanía ,,,,,,Servicio de distribución de Agua potable,"Distribución de aguaServicio de distribución de agua potable a través de 1 camión aljibe mes octubre de 2019, Comuna de cholchol, Patente HLFY84
",1.0,000,CLP,2689076.0,,
1981-67-SE20,,2020-11-05T19:26:54Z,direct,,,,GOBERNACION PROVINCIAL DE CAUTIN | Gobernación Provincial de Cautín,605110924,,Región de la Araucanía ,,ELIZABETH BOISIER CRUCES | ELIZABETH BOISIER CRUCES,92981568,,Región de la Araucanía ,,,,,,Servicio de distribución de Agua potable,"Distribución de aguaServicio de distribución de agua potable a través de 1 camión aljibe mes noviembre de 2019, Comuna de Cholchol, Patente HLFY84
",1.0,000,CLP,2689076.0,,
1981-67-SE20,,2020-11-05T19:26:54Z,direct,,,,GOBERNACION PROVINCIAL DE CAUTIN | Gobernación Provincial de Cautín,605110924,,Región de la Araucanía ,,ELIZABETH BOISIER CRUCES | ELIZABETH BOISIER CRUCES,92981568,,Región de la Araucanía ,,,,,,Servicio de distribución de Agua potable,"Distribución de aguaServicio de distribución de agua potable a través de 1 camión aljibe mes diciembre de 2019,  Comuna de Cholchol, Patente HLFY84
",1.0,000,CLP,2689075.0,,
1981-78-SE20,,2020-11-05T19:26:53Z,direct,,,,GOBERNACION PROVINCIAL DE CAUTIN | Gobernación Provincial de Cautín,605110924,,Región de la Araucanía ,,SERGIO ROBINSON  | SERGIO ROBINSON ,765541433,,Región de la Araucanía ,,,,,,Servicio de distribución de Agua potable,"Distribución de aguaServicio de distribución de agua potable a través de 1 camión aljibe mes octubre de 2019, Comuna de Lautaro, Patente HKSS82
",1.0,000,CLP,2647059.0,,
1981-78-SE20,,2020-11-05T19:26:53Z,direct,,,,GOBERNACION PROVINCIAL DE CAUTIN | Gobernación Provincial de Cautín,605110924,,Región de la Araucanía ,,SERGIO ROBINSON  | SERGIO ROBINSON ,765541433,,Región de la Araucanía ,,,,,,Servicio de distribución de Agua potable,"Distribución de aguaServicio de distribución de agua potable a través de 1 camión aljibe mes noviembre de 2019, Comuna de Lautaro, Patente HKSS82
",1.0,000,CLP,2647059.0,,
1981-78-SE20,,2020-11-05T19:26:53Z,direct,,,,GOBERNACION PROVINCIAL DE CAUTIN | Gobernación Provincial de Cautín,605110924,,Región de la Araucanía ,,SERGIO ROBINSON  | SERGIO ROBINSON ,765541433,,Región de la Araucanía ,,,,,,Servicio de distribución de Agua potable,"Distribución de aguaServicio de distribución de agua potable a través de 1 camión aljibe mes diciembre de 2019,  Comuna de Lautaro, Patente HKSS82
",1.0,000,CLP,2647058.0,,
1981-81-SE20,,2020-11-05T19:26:53Z,direct,,,,GOBERNACION PROVINCIAL DE CAUTIN | Gobernación Provincial de Cautín,605110924,,Región de la Araucanía ,,Reinaldo david | Reinaldo david,90152084,,Región de la Araucanía ,,,,,,Servicio de distribución de Agua potable,"Distribución de aguaServicio de distribución de agua potable a través de 1 camión aljibe mes octubre de 2019, Comuna de Lautaro, Patente SE3420
",1.0,000,CLP,2521008.0,,
1981-81-SE20,,2020-11-05T19:26:53Z,direct,,,,GOBERNACION PROVINCIAL DE CAUTIN | Gobernación Provincial de Cautín,605110924,,Región de la Araucanía ,,Reinaldo david | Reinaldo david,90152084,,Región de la Araucanía ,,,,,,Servicio de distribución de Agua potable,"Distribución de aguaServicio de distribución de agua potable a través de 1 camión aljibe mes noviembre de 2019, Comuna de Lautaro, Patente SE3420
",1.0,000,CLP,2521008.0,,
1981-81-SE20,,2020-11-05T19:26:53Z,direct,,,,GOBERNACION PROVINCIAL DE CAUTIN | Gobernación Provincial de Cautín,605110924,,Región de la Araucanía ,,Reinaldo david | Reinaldo david,90152084,,Región de la Araucanía ,,,,,,Servicio de distribución de Agua potable,"Distribución de aguaServicio de distribución de agua potable a través de 1 camión aljibe mes diciembre de 2019,  Comuna de Lautaro, Patente SE3420
",1.0,000,CLP,2521009.0,,
1981-90-SE20,,2020-11-05T19:26:53Z,direct,,,,GOBERNACION PROVINCIAL DE CAUTIN | Gobernación Provincial de Cautín,605110924,,Región de la Araucanía ,,norma quelempan huentulle | norma quelempan huentulle,66126285,,Región de la Araucanía ,,,,,,Servicio de distribución de Agua potable,"Distribución de aguaServicio de distribución de agua potable a través de 1 camión aljibe mes octubre de 2019, Comuna de Saavedra, Patente HKRH42

",1.0,000,CLP,2689076.0,,
1981-90-SE20,,2020-11-05T19:26:53Z,direct,,,,GOBERNACION PROVINCIAL DE CAUTIN | Gobernación Provincial de Cautín,605110924,,Región de la Araucanía ,,norma quelempan huentulle | norma quelempan huentulle,66126285,,Región de la Araucanía ,,,,,,Servicio de distribución de Agua potable,"Distribución de aguaServicio de distribución de agua potable a través de 1 camión aljibe mes noviembre de 2019, Comuna de Saavedra, Patente HKRH42

",1.0,000,CLP,2689076.0,,
1981-90-SE20,,2020-11-05T19:26:53Z,direct,,,,GOBERNACION PROVINCIAL DE CAUTIN | Gobernación Provincial de Cautín,605110924,,Región de la Araucanía ,,norma quelempan huentulle | norma quelempan huentulle,66126285,,Región de la Araucanía ,,,,,,Servicio de distribución de Agua potable,"Distribución de aguaServicio de distribución de agua potable a través de 1 camión aljibe mes diciembre de 2019,  Comuna de Saavedra, Patente HKRH42

",1.0,000,CLP,2689075.0,,
1981-91-SE20,,2020-11-05T19:26:53Z,direct,,,,GOBERNACION PROVINCIAL DE CAUTIN | Gobernación Provincial de Cautín,605110924,,Región de la Araucanía ,,norma quelempan huentulle | norma quelempan huentulle,66126285,,Región de la Araucanía ,,,,,,Servicio de distribución de Agua potable,"Distribución de aguaServicio de distribución de agua potable a través de 1 camión aljibe mes octubre de 2019, Comuna de Saavedra, Patente HKRH39

",1.0,000,CLP,2689076.0,,
1981-91-SE20,,2020-11-05T19:26:53Z,direct,,,,GOBERNACION PROVINCIAL DE CAUTIN | Gobernación Provincial de Cautín,605110924,,Región de la Araucanía ,,norma quelempan huentulle | norma quelempan huentulle,66126285,,Región de la Araucanía ,,,,,,Servicio de distribución de Agua potable,"Distribución de aguaServicio de distribución de agua potable a través de 1 camión aljibe mes noviembre de 2019, Comuna de Saavedra, Patente HKRH39

",1.0,000,CLP,2689076.0,,
1981-91-SE20,,2020-11-05T19:26:53Z,direct,,,,GOBERNACION PROVINCIAL DE CAUTIN | Gobernación Provincial de Cautín,605110924,,Región de la Araucanía ,,norma quelempan huentulle | norma quelempan huentulle,66126285,,Región de la Araucanía ,,,,,,Servicio de distribución de Agua potable,"Distribución de aguaServicio de distribución de agua potable a través de 1 camión aljibe mes diciembre de 2019,  Comuna de Saavedra, Patente HKRH39
",1.0,000,CLP,2689075.0,,
2012-8-MC20,,2020-11-05T19:26:12Z,direct,,,,Gobernación Provincial de Palena | GOBERNACION,619553004,,Región de los Lagos ,,jose raul | jose raul,761782533,,Región de los Lagos ,,,,,,Avisos Radiales 14 de enero corcovado,"Avisos en radioAvisos Radiales según texto adjunto:

",7.0,000,CLP,3000.0,,
2067-32-SE20,,2020-11-05T19:26:13Z,direct,,,,Hospital de Cunco | Hospital de Cunco,61602244K,,Región de la Araucanía ,,Domingo Regla Ramirez | Ambulancias ATM,133140611,,Región del Biobío ,,,,,,ARRIENDO AMBULANCIA ENERO,Arriendo de vehículosARRIENDO AMBULANCIA MES DE DICIEMBRE,1.0,000,CLP,1800000.0,,
2069-503-SE20,,2020-11-05T19:26:53Z,direct,,,,HOSPITAL BARROS LUCO TRUDEAU | HOSPITAL BARROS LUCO TRUDEAU,616081012,,Región Metropolitana de Santiago,,bioMérieux Chile SpA | bioMérieux Chile SpA,966599200,,Región Metropolitana de Santiago,,,,,,IGS-CP-022020-PROGRAMA REACTIVOS FEBRERO 2020,"Reactivos o soluciones químicos2440395	ETEST CIM BENZYLPENILLIN PGL 32 WW S30 ( BIOMERIEUX CODIGO412265) CAJA
",1.0,BX,CLP,111861.0,,
2069-503-SE20,,2020-11-05T19:26:53Z,direct,,,,HOSPITAL BARROS LUCO TRUDEAU | HOSPITAL BARROS LUCO TRUDEAU,616081012,,Región Metropolitana de Santiago,,bioMérieux Chile SpA | bioMérieux Chile SpA,966599200,,Región Metropolitana de Santiago,,,,,,IGS-CP-022020-PROGRAMA REACTIVOS FEBRERO 2020,"Reactivos o soluciones químicos2440979	VIDAS HBS AG ULTRA (BIOMERIEUX CODIGO 30315) UNIDAD
",1.0,EA,CLP,197918.0,,
2069-503-SE20,,2020-11-05T19:26:53Z,direct,,,,HOSPITAL BARROS LUCO TRUDEAU | HOSPITAL BARROS LUCO TRUDEAU,616081012,,Región Metropolitana de Santiago,,bioMérieux Chile SpA | bioMérieux Chile SpA,966599200,,Región Metropolitana de Santiago,,,,,,IGS-CP-022020-PROGRAMA REACTIVOS FEBRERO 2020,"Reactivos o soluciones químicos2430009	ETEST CIM CPROFLOXACINO (BIOMERIEUX 412311) CAJA
",1.0,BX,CLP,108317.0,,
2069-503-SE20,,2020-11-05T19:26:53Z,direct,,,,HOSPITAL BARROS LUCO TRUDEAU | HOSPITAL BARROS LUCO TRUDEAU,616081012,,Región Metropolitana de Santiago,,bioMérieux Chile SpA | bioMérieux Chile SpA,966599200,,Región Metropolitana de Santiago,,,,,,IGS-CP-022020-PROGRAMA REACTIVOS FEBRERO 2020,"Reactivos o soluciones químicos2430494	PLACA VRED ID AGAR EN ENVASE* 20 PLAQUETAS (BIOMERIEUX CODIGO 43004) ENVASE
",3.0,EA,CLP,36102.0,,
2069-503-SE20,,2020-11-05T19:26:53Z,direct,,,,HOSPITAL BARROS LUCO TRUDEAU | HOSPITAL BARROS LUCO TRUDEAU,616081012,,Región Metropolitana de Santiago,,bioMérieux Chile SpA | bioMérieux Chile SpA,966599200,,Región Metropolitana de Santiago,,,,,,IGS-CP-022020-PROGRAMA REACTIVOS FEBRERO 2020,"Reactivos o soluciones químicos2430536	PLACA MUELLER CON SANGRE DE FRANCIA CAJA*20 PLACAS (BIOMERIEUX CODIGO 43321) CAJA
",5.0,BX,CLP,10347.0,,
2069-503-SE20,,2020-11-05T19:26:53Z,direct,,,,HOSPITAL BARROS LUCO TRUDEAU | HOSPITAL BARROS LUCO TRUDEAU,616081012,,Región Metropolitana de Santiago,,bioMérieux Chile SpA | bioMérieux Chile SpA,966599200,,Región Metropolitana de Santiago,,,,,,IGS-CP-022020-PROGRAMA REACTIVOS FEBRERO 2020,"Reactivos o soluciones químicos2440855	ETEST DE AMIKACINA 256 WW S30 (BIOMERIEUX) CAJA
",1.0,BX,CLP,111861.0,,
2069-503-SE20,,2020-11-05T19:26:53Z,direct,,,,HOSPITAL BARROS LUCO TRUDEAU | HOSPITAL BARROS LUCO TRUDEAU,616081012,,Región Metropolitana de Santiago,,bioMérieux Chile SpA | bioMérieux Chile SpA,966599200,,Región Metropolitana de Santiago,,,,,,IGS-CP-022020-PROGRAMA REACTIVOS FEBRERO 2020,"Reactivos o soluciones químicos2430049	PLACA DE AGAR SALMONELLA - SHIGELLA (REF SS)
",4.0,EA,CLP,13000.0,,
2069-503-SE20,,2020-11-05T19:26:53Z,direct,,,,HOSPITAL BARROS LUCO TRUDEAU | HOSPITAL BARROS LUCO TRUDEAU,616081012,,Región Metropolitana de Santiago,,bioMérieux Chile SpA | bioMérieux Chile SpA,966599200,,Región Metropolitana de Santiago,,,,,,IGS-CP-022020-PROGRAMA REACTIVOS FEBRERO 2020,"Reactivos o soluciones químicos2440089	PLACA AGAR GRANADA CAJA*20 UNIDADES (BIOMERIEUX CODIGO 43712) CAJA
",3.0,BX,CLP,33856.0,,
2069-503-SE20,,2020-11-05T19:26:53Z,direct,,,,HOSPITAL BARROS LUCO TRUDEAU | HOSPITAL BARROS LUCO TRUDEAU,616081012,,Región Metropolitana de Santiago,,bioMérieux Chile SpA | bioMérieux Chile SpA,966599200,,Región Metropolitana de Santiago,,,,,,IGS-CP-022020-PROGRAMA REACTIVOS FEBRERO 2020,"Reactivos o soluciones químicos2430057	PLACA AGAR CHOCOLATE (BIOMERIEUX CODIGO 35109) UNIDAD
",30.0,EA,CLP,5173.0,,
2069-503-SE20,,2020-11-05T19:26:53Z,direct,,,,HOSPITAL BARROS LUCO TRUDEAU | HOSPITAL BARROS LUCO TRUDEAU,616081012,,Región Metropolitana de Santiago,,bioMérieux Chile SpA | bioMérieux Chile SpA,966599200,,Región Metropolitana de Santiago,,,,,,IGS-CP-022020-PROGRAMA REACTIVOS FEBRERO 2020,"Reactivos o soluciones químicos2440152	VIDAS TOXO IGG II
",3.0,EA,CLP,244862.0,,
2069-503-SE20,,2020-11-05T19:26:53Z,direct,,,,HOSPITAL BARROS LUCO TRUDEAU | HOSPITAL BARROS LUCO TRUDEAU,616081012,,Región Metropolitana de Santiago,,bioMérieux Chile SpA | bioMérieux Chile SpA,966599200,,Región Metropolitana de Santiago,,,,,,IGS-CP-022020-PROGRAMA REACTIVOS FEBRERO 2020,"Reactivos o soluciones químicos2430056	PLACAS COLUMBIA AGAR + 5% DE SANGRE DE CORDERO EN ENVASE*20 PLACAS ( BIOMERIEUX CODIGO 43041) ENVASE

",80.0,EA,CLP,19000.0,,
2069-503-SE20,,2020-11-05T19:26:53Z,direct,,,,HOSPITAL BARROS LUCO TRUDEAU | HOSPITAL BARROS LUCO TRUDEAU,616081012,,Región Metropolitana de Santiago,,bioMérieux Chile SpA | bioMérieux Chile SpA,966599200,,Región Metropolitana de Santiago,,,,,,IGS-CP-022020-PROGRAMA REACTIVOS FEBRERO 2020,"Reactivos o soluciones químicos2430508	PLACAS MUELLER HINTON CAJA*20 PLACAS (BIOMERIEUX CODIGO 43301) CAJA
",90.0,BX,CLP,10347.0,,
2069-503-SE20,,2020-11-05T19:26:53Z,direct,,,,HOSPITAL BARROS LUCO TRUDEAU | HOSPITAL BARROS LUCO TRUDEAU,616081012,,Región Metropolitana de Santiago,,bioMérieux Chile SpA | bioMérieux Chile SpA,966599200,,Región Metropolitana de Santiago,,,,,,IGS-CP-022020-PROGRAMA REACTIVOS FEBRERO 2020,"Reactivos o soluciones químicos2440058	PLACAS SCHAEDLER 5% CAJA*20 UNIDADES (BIOMERIEUX CODIGO 43401) CAJA
",4.0,BX,CLP,16799.0,,
2069-503-SE20,,2020-11-05T19:26:53Z,direct,,,,HOSPITAL BARROS LUCO TRUDEAU | HOSPITAL BARROS LUCO TRUDEAU,616081012,,Región Metropolitana de Santiago,,bioMérieux Chile SpA | bioMérieux Chile SpA,966599200,,Región Metropolitana de Santiago,,,,,,IGS-CP-022020-PROGRAMA REACTIVOS FEBRERO 2020,"Reactivos o soluciones químicos2430537	PLACA COLUMBIA ANC + 5% SANGRE DE CORDERO EN ENVASE*20 PLAQUETAS (BIOMERIUX CODIGO 43071) ENVASE
",3.0,EA,CLP,10680.0,,
2069-503-SE20,,2020-11-05T19:26:53Z,direct,,,,HOSPITAL BARROS LUCO TRUDEAU | HOSPITAL BARROS LUCO TRUDEAU,616081012,,Región Metropolitana de Santiago,,bioMérieux Chile SpA | bioMérieux Chile SpA,966599200,,Región Metropolitana de Santiago,,,,,,IGS-CP-022020-PROGRAMA REACTIVOS FEBRERO 2020,"Reactivos o soluciones químicos2430052	PLACAS DE AGAR MAC CONKEY
",3.0,BX,CLP,10691.0,,
2069-503-SE20,,2020-11-05T19:26:53Z,direct,,,,HOSPITAL BARROS LUCO TRUDEAU | HOSPITAL BARROS LUCO TRUDEAU,616081012,,Región Metropolitana de Santiago,,bioMérieux Chile SpA | bioMérieux Chile SpA,966599200,,Región Metropolitana de Santiago,,,,,,IGS-CP-022020-PROGRAMA REACTIVOS FEBRERO 2020,"Reactivos o soluciones químicos2430540	ETEST CIM MEROPENEM CAJA
",1.0,BX,CLP,109346.0,,
2069-503-SE20,,2020-11-05T19:26:53Z,direct,,,,HOSPITAL BARROS LUCO TRUDEAU | HOSPITAL BARROS LUCO TRUDEAU,616081012,,Región Metropolitana de Santiago,,bioMérieux Chile SpA | bioMérieux Chile SpA,966599200,,Región Metropolitana de Santiago,,,,,,IGS-CP-022020-PROGRAMA REACTIVOS FEBRERO 2020,"Reactivos o soluciones químicos2430021	RAPIDEC CARBA NP ( REF 415418) UNIDAD
",3.0,EA,CLP,52922.0,,
2069-503-SE20,,2020-11-05T19:26:53Z,direct,,,,HOSPITAL BARROS LUCO TRUDEAU | HOSPITAL BARROS LUCO TRUDEAU,616081012,,Región Metropolitana de Santiago,,bioMérieux Chile SpA | bioMérieux Chile SpA,966599200,,Región Metropolitana de Santiago,,,,,,IGS-CP-022020-PROGRAMA REACTIVOS FEBRERO 2020,"Reactivos o soluciones químicos2430471	PLACA AGAR CROMOGENO CPS ENVASE*20 PLAQUETAS (BIOMERIEUX CODIGO 43821) ENVASE
",50.0,EA,CLP,21687.0,,
2080-565-SE20,,2020-11-05T19:26:53Z,direct,,,,SERVICIO DE SALUD DEL LIBERTADOR B O'HIGGINS HOSPITAL REG RANCAGUA | Hospital Regional Rancagua - HRR,616021389,,Región del Libertador General Bernardo O´Higgins,,LABORATORIO GENZYME CHILE LIMITADA  | LABORATORIO GENZYME CHILE LIMITADA,760515507,,Región Metropolitana de Santiago,,,,,,COMPRA DE TIMOGLOBULINA PARA EL HRLBO,Globulina antilinfocítica o inmunoglobulina de la TIMOGLOBULINA LIOFILI SOL. INYECTABLE (262-0118),35.0,AMPF,CLP,149605.0,,
2080-566-SE20,,2020-11-05T19:26:53Z,direct,,,,SERVICIO DE SALUD DEL LIBERTADOR B O'HIGGINS HOSPITAL REG RANCAGUA | Hospital Regional Rancagua - HRR,616021389,,Región del Libertador General Bernardo O´Higgins,,KAESER COMPRESORES DE CHILE LIMITADA | KAESER COMPRESORES DE CHILE LIMITADA,771528309,,Región Metropolitana de Santiago,,,,,,MANTENCION COMPRESORES ,"Lavadoras tipo lavanderíaServicio mantención preventiva a 3 Compresores Serv. Lavandería y Esterilización.  Incluye: Kit filtros, Aceite refrigerante, Correas y Kit Drenado.",1.0,EA,CLP,1429876.0,,
2136-12-MC20,,2020-11-05T19:26:54Z,direct,,,,SERVICIO SALUD DEL RELONCAVI | HOSPITAL DE FRUTILLAR,616022709,,Región de los Lagos ,,Patricia de la Nieves | Patricia de la Nieves,767046898,,Región de los Lagos ,,,,,,fundas de almohadas atención cerrada,Almohadas90 fundas de almohadas tela crea super 2.80 hilos color blanco ,90.0,000,CLP,3697.48,,
2137-32-SE20,,2020-11-05T19:26:12Z,direct,,,,Servicio de Salud Chiloé | Hospital de Achao,616022784,,Región de los Lagos ,,BIOLINE LIMITADA | BIOLINE LIMITADA,760206504,,Región Metropolitana de Santiago,,,,,,COMPRA DE DIAGNOSTICO EMBARAZO ENERO 2020,Unidades de laboratoriokit  bhcg  strip  test embarazo  s/u x 50  un,1.0,000,CLP,14890.0,,
2137-45-SE20,,2020-11-05T19:26:53Z,direct,,,,Servicio de Salud Chiloé | Hospital de Achao,616022784,,Región de los Lagos ,,Marcelo Hernan | Marcelo Hernan,15291184K,,Región de los Lagos ,,,,,,COMPRA ARTICULOS DE ASEO ENERO 2020,AluminioPAPEL ALUMINIO ROLLO DE 7.5 mts.,10.0,000,CLP,1512.0,,
2137-45-SE20,,2020-11-05T19:26:53Z,direct,,,,Servicio de Salud Chiloé | Hospital de Achao,616022784,,Región de los Lagos ,,Marcelo Hernan | Marcelo Hernan,15291184K,,Región de los Lagos ,,,,,,COMPRA ARTICULOS DE ASEO ENERO 2020,Papel usadoPAPEL ALUSA ROLLO DE 7.5 mts:,10.0,000,CLP,1261.0,,
2137-45-SE20,,2020-11-05T19:26:53Z,direct,,,,Servicio de Salud Chiloé | Hospital de Achao,616022784,,Región de los Lagos ,,Marcelo Hernan | Marcelo Hernan,15291184K,,Región de los Lagos ,,,,,,COMPRA ARTICULOS DE ASEO ENERO 2020,CerillasCAJA DE FÓSFOROS LARGOS.,10.0,000,CLP,1639.0,,
2137-45-SE20,,2020-11-05T19:26:53Z,direct,,,,Servicio de Salud Chiloé | Hospital de Achao,616022784,,Región de los Lagos ,,Marcelo Hernan | Marcelo Hernan,15291184K,,Región de los Lagos ,,,,,,COMPRA ARTICULOS DE ASEO ENERO 2020,Amortiguadores de chispasCHISPEROS,3.0,000,CLP,1681.0,,
2137-45-SE20,,2020-11-05T19:26:53Z,direct,,,,Servicio de Salud Chiloé | Hospital de Achao,616022784,,Región de los Lagos ,,Marcelo Hernan | Marcelo Hernan,15291184K,,Región de los Lagos ,,,,,,COMPRA ARTICULOS DE ASEO ENERO 2020,Bolsas de basuraBOLSAS DE BASURA DE 50X70 PAQUETE DE 10 UNIDADES.,350.0,000,CLP,588.0,,
2137-45-SE20,,2020-11-05T19:26:53Z,direct,,,,Servicio de Salud Chiloé | Hospital de Achao,616022784,,Región de los Lagos ,,Marcelo Hernan | Marcelo Hernan,15291184K,,Región de los Lagos ,,,,,,COMPRA ARTICULOS DE ASEO ENERO 2020,Paños de limpiezaPAÑO DE COCINA PARA SECAR LOZA,10.0,000,CLP,672.0,,
2137-45-SE20,,2020-11-05T19:26:53Z,direct,,,,Servicio de Salud Chiloé | Hospital de Achao,616022784,,Región de los Lagos ,,Marcelo Hernan | Marcelo Hernan,15291184K,,Región de los Lagos ,,,,,,COMPRA ARTICULOS DE ASEO ENERO 2020,Paños de limpiezaPAÑOS AMARILLOS DANZARINAS,30.0,000,CLP,1681.0,,
2137-45-SE20,,2020-11-05T19:26:53Z,direct,,,,Servicio de Salud Chiloé | Hospital de Achao,616022784,,Región de los Lagos ,,Marcelo Hernan | Marcelo Hernan,15291184K,,Región de los Lagos ,,,,,,COMPRA ARTICULOS DE ASEO ENERO 2020,EsponjasVIRUTILLA PAGO PADS CON JABÓN POR 4 UNIDADES,15.0,000,CLP,672.0,,
2137-45-SE20,,2020-11-05T19:26:53Z,direct,,,,Servicio de Salud Chiloé | Hospital de Achao,616022784,,Región de los Lagos ,,Marcelo Hernan | Marcelo Hernan,15291184K,,Región de los Lagos ,,,,,,COMPRA ARTICULOS DE ASEO ENERO 2020,EsponjasFIBRA ESPONJA DE OLLAS COLOR VERDE/AMARILLA,20.0,000,CLP,378.0,,
2137-45-SE20,,2020-11-05T19:26:53Z,direct,,,,Servicio de Salud Chiloé | Hospital de Achao,616022784,,Región de los Lagos ,,Marcelo Hernan | Marcelo Hernan,15291184K,,Región de los Lagos ,,,,,,COMPRA ARTICULOS DE ASEO ENERO 2020,EsponjasESPONJA DE OLLA ANATÓMICA ABRASIVA 3 UNIDADES,10.0,000,CLP,1176.0,,
2137-45-SE20,,2020-11-05T19:26:53Z,direct,,,,Servicio de Salud Chiloé | Hospital de Achao,616022784,,Región de los Lagos ,,Marcelo Hernan | Marcelo Hernan,15291184K,,Región de los Lagos ,,,,,,COMPRA ARTICULOS DE ASEO ENERO 2020,EsponjasESPONJA VIRUTEX MIXTAS ACOPLAS OLLA,10.0,000,CLP,336.0,,
2137-45-SE20,,2020-11-05T19:26:53Z,direct,,,,Servicio de Salud Chiloé | Hospital de Achao,616022784,,Región de los Lagos ,,Marcelo Hernan | Marcelo Hernan,15291184K,,Región de los Lagos ,,,,,,COMPRA ARTICULOS DE ASEO ENERO 2020,Limpiadores de uso generalLAVA LOZA QUIX 500 ml.,10.0,000,CLP,1513.0,,
2137-45-SE20,,2020-11-05T19:26:53Z,direct,,,,Servicio de Salud Chiloé | Hospital de Achao,616022784,,Región de los Lagos ,,Marcelo Hernan | Marcelo Hernan,15291184K,,Región de los Lagos ,,,,,,COMPRA ARTICULOS DE ASEO ENERO 2020,Productos de lavanderíaRINSO 400 grs.,8.0,000,CLP,840.0,,
2137-45-SE20,,2020-11-05T19:26:53Z,direct,,,,Servicio de Salud Chiloé | Hospital de Achao,616022784,,Región de los Lagos ,,Marcelo Hernan | Marcelo Hernan,15291184K,,Región de los Lagos ,,,,,,COMPRA ARTICULOS DE ASEO ENERO 2020,ServilletasSERVILLETAS DE MESA,50.0,000,CLP,294.0,,
2137-45-SE20,,2020-11-05T19:26:53Z,direct,,,,Servicio de Salud Chiloé | Hospital de Achao,616022784,,Región de los Lagos ,,Marcelo Hernan | Marcelo Hernan,15291184K,,Región de los Lagos ,,,,,,COMPRA ARTICULOS DE ASEO ENERO 2020,JabonesJABÓN POPEYE EN BARRA,10.0,000,CLP,840.0,,
2137-45-SE20,,2020-11-05T19:26:53Z,direct,,,,Servicio de Salud Chiloé | Hospital de Achao,616022784,,Región de los Lagos ,,Marcelo Hernan | Marcelo Hernan,15291184K,,Región de los Lagos ,,,,,,COMPRA ARTICULOS DE ASEO ENERO 2020,Toallitas húmedasTOLLAS HÚMEDAS DESINFECTANTE FRASCOS,5.0,000,CLP,2941.0,,
2139-8-SE20,,2020-11-05T19:26:11Z,direct,,,,SERVICIO SALUD DEL RELONCAVI | HOSPITAL DE PALENA,616023128,,Región de los Lagos ,,LIBERTY COMPANIA DE SEGUROS GENERALES S A | PUERTO MONTT LIBERTY,990610002,,Región de los Lagos ,,,,,,SEGURO INTERNACIONAL AMBULANCIA FZHF-33,"Seguro de automóviles o camionesSEGURO INTERNACIONAL POR PERIODO DE UN AÑO DESDE 06/02/2020 HASTA 06/02/2021, PARA AMBULANCIA MERCEDES BENZ, PATENTE FZHF-33,  SEGÚN COTIZACIÓN DE FECHA 08-01-2020.",1.0,000,CLP,460098.0,,
2178-22-SE20,,2020-11-05T19:26:53Z,direct,,,,Corporacion Administrativa del Poder Judicial | Corp. Adm. del Poder Judicial - Concepción,603010019,,Región del Biobío ,,DIFOR CHILE SOCIEDAD ANONIMA | DIFOR CHILE SOCIEDAD ANONIMA,969183005,,Región del Biobío ,,,,,,Reparación por siniestro Vehículo patente GCLS57,Automóviles,1.0,GL,CLP,237914.0,,
218-58-MC20,,2020-11-05T19:26:12Z,direct,,,,Ilustre Municipalidad de San Joaquin | Ilustre Municipalidad de San Joaquin,692546008,,Región Metropolitana de Santiago,,Cesar Ramirez e hijo limitada | Cesar Ramirez e hijo limitada,77991710K,,Región Metropolitana de Santiago,,,,,,ARRIENDO DE VEHICULO,"Arriendo de vehículos“Arriendo de Vehículo para la Dirección de Higiene y Medio Ambiente”, este  servicio se  prestará  durante  un  período de  22 días para  apoyo en fiscalizaciones de Áreas Verdes en la comuna,  que  se  llevarán a cabo entre  los  días 16 de  Enero  al  16  de  Febrero del 2020.-, .",1.0,EA,CLP,417420.0,,
2199-37-SE20,,2020-11-05T19:26:11Z,direct,,,,Instituto Nacional de Geriatría | Instituto Nacional de Geriatría,616084038,,Región Metropolitana de Santiago,,CARESTREAM HEALTH CHILE LTDA | CARESTREAM HEALTH CHILE LTDA,767732104,,Región Metropolitana de Santiago,,,,,,Res. Ext. Ppto N°22 Mantto. Eq. CR VITA,Generadores de rayos XMantención Preventiva CR VITA k52421642,1.0,EA,USD,925.0,,
2215-96-SE20,,2020-11-05T19:26:53Z,direct,,,,Hospital Carlos Cisternas de Calama | Hospital Carlos Cisternas de Calama,616062026,,Región de Antofagasta ,,Imp. Dist. Arquimed Ltda. | Imp. Dist. Arquimed Ltda.,929990005,,Región Metropolitana de Santiago,,,,,,REACTIVOS PARA LABORATORIO,Unidades de laboratorioCALCIO 1450261 64254,5.0,000,CLP,64254.0,,
2215-96-SE20,,2020-11-05T19:26:53Z,direct,,,,Hospital Carlos Cisternas de Calama | Hospital Carlos Cisternas de Calama,616062026,,Región de Antofagasta ,,Imp. Dist. Arquimed Ltda. | Imp. Dist. Arquimed Ltda.,929990005,,Región Metropolitana de Santiago,,,,,,REACTIVOS PARA LABORATORIO,Unidades de laboratorioPUNTAS DESECHABLES VERSATIPS 6801715,20.0,000,CLP,24653.0,,
2215-96-SE20,,2020-11-05T19:26:53Z,direct,,,,Hospital Carlos Cisternas de Calama | Hospital Carlos Cisternas de Calama,616062026,,Región de Antofagasta ,,Imp. Dist. Arquimed Ltda. | Imp. Dist. Arquimed Ltda.,929990005,,Región Metropolitana de Santiago,,,,,,REACTIVOS PARA LABORATORIO,"Unidades de laboratorioCALIBRADOR GAS 2,34 BAR 962-184",1.0,000,CLP,402117.0,,
2215-96-SE20,,2020-11-05T19:26:53Z,direct,,,,Hospital Carlos Cisternas de Calama | Hospital Carlos Cisternas de Calama,616062026,,Región de Antofagasta ,,Imp. Dist. Arquimed Ltda. | Imp. Dist. Arquimed Ltda.,929990005,,Región Metropolitana de Santiago,,,,,,REACTIVOS PARA LABORATORIO,Unidades de laboratorioFILTRO DE VENTILADOR 924-073,1.0,000,CLP,17918.0,,
2215-96-SE20,,2020-11-05T19:26:53Z,direct,,,,Hospital Carlos Cisternas de Calama | Hospital Carlos Cisternas de Calama,616062026,,Región de Antofagasta ,,Imp. Dist. Arquimed Ltda. | Imp. Dist. Arquimed Ltda.,929990005,,Región Metropolitana de Santiago,,,,,,REACTIVOS PARA LABORATORIO,Unidades de laboratorioPROTEINA TOTAL 8392292,8.0,000,CLP,60239.0,,
2215-96-SE20,,2020-11-05T19:26:53Z,direct,,,,Hospital Carlos Cisternas de Calama | Hospital Carlos Cisternas de Calama,616062026,,Región de Antofagasta ,,Imp. Dist. Arquimed Ltda. | Imp. Dist. Arquimed Ltda.,929990005,,Región Metropolitana de Santiago,,,,,,REACTIVOS PARA LABORATORIO,Unidades de laboratorioLIPASA 8297749,10.0,000,CLP,36144.0,,
2215-96-SE20,,2020-11-05T19:26:53Z,direct,,,,Hospital Carlos Cisternas de Calama | Hospital Carlos Cisternas de Calama,616062026,,Región de Antofagasta ,,Imp. Dist. Arquimed Ltda. | Imp. Dist. Arquimed Ltda.,929990005,,Región Metropolitana de Santiago,,,,,,REACTIVOS PARA LABORATORIO,Unidades de laboratorioLYSECELL WDF 7837984001,2.0,000,CLP,235028.0,,
2215-96-SE20,,2020-11-05T19:26:53Z,direct,,,,Hospital Carlos Cisternas de Calama | Hospital Carlos Cisternas de Calama,616062026,,Región de Antofagasta ,,Imp. Dist. Arquimed Ltda. | Imp. Dist. Arquimed Ltda.,929990005,,Región Metropolitana de Santiago,,,,,,REACTIVOS PARA LABORATORIO,Unidades de laboratorioFLUOCELL WDF 6510256001,2.0,000,CLP,588436.0,,
2215-96-SE20,,2020-11-05T19:26:53Z,direct,,,,Hospital Carlos Cisternas de Calama | Hospital Carlos Cisternas de Calama,616062026,,Región de Antofagasta ,,Imp. Dist. Arquimed Ltda. | Imp. Dist. Arquimed Ltda.,929990005,,Región Metropolitana de Santiago,,,,,,REACTIVOS PARA LABORATORIO,Unidades de laboratorioCELLCLEAN AUTO 6952291001,4.0,000,CLP,63341.0,,
2215-96-SE20,,2020-11-05T19:26:53Z,direct,,,,Hospital Carlos Cisternas de Calama | Hospital Carlos Cisternas de Calama,616062026,,Región de Antofagasta ,,Imp. Dist. Arquimed Ltda. | Imp. Dist. Arquimed Ltda.,929990005,,Región Metropolitana de Santiago,,,,,,REACTIVOS PARA LABORATORIO,Unidades de laboratorioTIRAS DE ORINA ANA-9901GL ,20.0,000,CLP,62901.0,,
2215-96-SE20,,2020-11-05T19:26:53Z,direct,,,,Hospital Carlos Cisternas de Calama | Hospital Carlos Cisternas de Calama,616062026,,Región de Antofagasta ,,Imp. Dist. Arquimed Ltda. | Imp. Dist. Arquimed Ltda.,929990005,,Región Metropolitana de Santiago,,,,,,REACTIVOS PARA LABORATORIO,Unidades de laboratoriodHDL 6801895,8.0,000,CLP,240956.0,,
2215-96-SE20,,2020-11-05T19:26:53Z,direct,,,,Hospital Carlos Cisternas de Calama | Hospital Carlos Cisternas de Calama,616062026,,Región de Antofagasta ,,Imp. Dist. Arquimed Ltda. | Imp. Dist. Arquimed Ltda.,929990005,,Región Metropolitana de Santiago,,,,,,REACTIVOS PARA LABORATORIO,Unidades de laboratorioFS DILUYENTE 3 6801754,2.0,000,CLP,93038.0,,
2215-96-SE20,,2020-11-05T19:26:53Z,direct,,,,Hospital Carlos Cisternas de Calama | Hospital Carlos Cisternas de Calama,616062026,,Región de Antofagasta ,,Imp. Dist. Arquimed Ltda. | Imp. Dist. Arquimed Ltda.,929990005,,Región Metropolitana de Santiago,,,,,,REACTIVOS PARA LABORATORIO,Unidades de laboratorioCARDRACK AIRFILTER 5.1 6801967,1.0,000,CLP,49490.0,,
2215-96-SE20,,2020-11-05T19:26:53Z,direct,,,,Hospital Carlos Cisternas de Calama | Hospital Carlos Cisternas de Calama,616062026,,Región de Antofagasta ,,Imp. Dist. Arquimed Ltda. | Imp. Dist. Arquimed Ltda.,929990005,,Región Metropolitana de Santiago,,,,,,REACTIVOS PARA LABORATORIO,Unidades de laboratorioACIDO URICO 1943927,2.0,000,CLP,60239.0,,
2215-96-SE20,,2020-11-05T19:26:53Z,direct,,,,Hospital Carlos Cisternas de Calama | Hospital Carlos Cisternas de Calama,616062026,,Región de Antofagasta ,,Imp. Dist. Arquimed Ltda. | Imp. Dist. Arquimed Ltda.,929990005,,Región Metropolitana de Santiago,,,,,,REACTIVOS PARA LABORATORIO,Unidades de laboratorioBILIRRUBINA CONJ/NO CONJ 1612365,12.0,000,CLP,19277.0,,
2215-96-SE20,,2020-11-05T19:26:53Z,direct,,,,Hospital Carlos Cisternas de Calama | Hospital Carlos Cisternas de Calama,616062026,,Región de Antofagasta ,,Imp. Dist. Arquimed Ltda. | Imp. Dist. Arquimed Ltda.,929990005,,Región Metropolitana de Santiago,,,,,,REACTIVOS PARA LABORATORIO,Unidades de laboratorioGLUCOSA 1707801,10.0,000,CLP,60239.0,,
2215-96-SE20,,2020-11-05T19:26:53Z,direct,,,,Hospital Carlos Cisternas de Calama | Hospital Carlos Cisternas de Calama,616062026,,Región de Antofagasta ,,Imp. Dist. Arquimed Ltda. | Imp. Dist. Arquimed Ltda.,929990005,,Región Metropolitana de Santiago,,,,,,REACTIVOS PARA LABORATORIO,Unidades de laboratorioMAGNESIO 1921204,12.0,000,CLP,21686.0,,
2215-96-SE20,,2020-11-05T19:26:53Z,direct,,,,Hospital Carlos Cisternas de Calama | Hospital Carlos Cisternas de Calama,616062026,,Región de Antofagasta ,,Imp. Dist. Arquimed Ltda. | Imp. Dist. Arquimed Ltda.,929990005,,Región Metropolitana de Santiago,,,,,,REACTIVOS PARA LABORATORIO,Unidades de laboratorioBILIRRUBINA TOTAL 8159931,6.0,000,CLP,64254.0,,
2215-96-SE20,,2020-11-05T19:26:53Z,direct,,,,Hospital Carlos Cisternas de Calama | Hospital Carlos Cisternas de Calama,616062026,,Región de Antofagasta ,,Imp. Dist. Arquimed Ltda. | Imp. Dist. Arquimed Ltda.,929990005,,Región Metropolitana de Santiago,,,,,,REACTIVOS PARA LABORATORIO,Unidades de laboratorioPOTASIO K 8157596,66933.0,000,CLP,20.0,,
2215-96-SE20,,2020-11-05T19:26:53Z,direct,,,,Hospital Carlos Cisternas de Calama | Hospital Carlos Cisternas de Calama,616062026,,Región de Antofagasta ,,Imp. Dist. Arquimed Ltda. | Imp. Dist. Arquimed Ltda.,929990005,,Región Metropolitana de Santiago,,,,,,REACTIVOS PARA LABORATORIO,Unidades de laboratorioCK CREATINKINASA 8478034,10.0,000,CLP,36144.0,,
2215-96-SE20,,2020-11-05T19:26:53Z,direct,,,,Hospital Carlos Cisternas de Calama | Hospital Carlos Cisternas de Calama,616062026,,Región de Antofagasta ,,Imp. Dist. Arquimed Ltda. | Imp. Dist. Arquimed Ltda.,929990005,,Región Metropolitana de Santiago,,,,,,REACTIVOS PARA LABORATORIO,Unidades de laboratorioLACTATO 8150112,8.0,000,CLP,72287.0,,
2215-96-SE20,,2020-11-05T19:26:53Z,direct,,,,Hospital Carlos Cisternas de Calama | Hospital Carlos Cisternas de Calama,616062026,,Región de Antofagasta ,,Imp. Dist. Arquimed Ltda. | Imp. Dist. Arquimed Ltda.,929990005,,Región Metropolitana de Santiago,,,,,,REACTIVOS PARA LABORATORIO,Unidades de laboratorioVANCOMICINA ,1.0,000,CLP,1136000.0,,
2215-96-SE20,,2020-11-05T19:26:53Z,direct,,,,Hospital Carlos Cisternas de Calama | Hospital Carlos Cisternas de Calama,616062026,,Región de Antofagasta ,,Imp. Dist. Arquimed Ltda. | Imp. Dist. Arquimed Ltda.,929990005,,Región Metropolitana de Santiago,,,,,,REACTIVOS PARA LABORATORIO,Unidades de laboratorio%A1c HEMOLYSING REAGENT HbA1c 6842905,1.0,000,CLP,763542.0,,
2215-96-SE20,,2020-11-05T19:26:53Z,direct,,,,Hospital Carlos Cisternas de Calama | Hospital Carlos Cisternas de Calama,616062026,,Región de Antofagasta ,,Imp. Dist. Arquimed Ltda. | Imp. Dist. Arquimed Ltda.,929990005,,Región Metropolitana de Santiago,,,,,,REACTIVOS PARA LABORATORIO,Unidades de laboratorioSODIO  8379034,20.0,000,CLP,66933.0,,
2215-96-SE20,,2020-11-05T19:26:53Z,direct,,,,Hospital Carlos Cisternas de Calama | Hospital Carlos Cisternas de Calama,616062026,,Región de Antofagasta ,,Imp. Dist. Arquimed Ltda. | Imp. Dist. Arquimed Ltda.,929990005,,Región Metropolitana de Santiago,,,,,,REACTIVOS PARA LABORATORIO,Unidades de laboratorioCLORURO 6844471,20.0,000,CLP,66933.0,,
2215-96-SE20,,2020-11-05T19:26:53Z,direct,,,,Hospital Carlos Cisternas de Calama | Hospital Carlos Cisternas de Calama,616062026,,Región de Antofagasta ,,Imp. Dist. Arquimed Ltda. | Imp. Dist. Arquimed Ltda.,929990005,,Región Metropolitana de Santiago,,,,,,REACTIVOS PARA LABORATORIO,Unidades de laboratorioFOSFATASA ALCALINA ALKP 1053180,14.0,000,CLP,64254.0,,
2215-96-SE20,,2020-11-05T19:26:53Z,direct,,,,Hospital Carlos Cisternas de Calama | Hospital Carlos Cisternas de Calama,616062026,,Región de Antofagasta ,,Imp. Dist. Arquimed Ltda. | Imp. Dist. Arquimed Ltda.,929990005,,Región Metropolitana de Santiago,,,,,,REACTIVOS PARA LABORATORIO,Unidades de laboratorioTRIGLICERIDOS 1336544,2.0,000,CLP,64254.0,,
2215-96-SE20,,2020-11-05T19:26:53Z,direct,,,,Hospital Carlos Cisternas de Calama | Hospital Carlos Cisternas de Calama,616062026,,Región de Antofagasta ,,Imp. Dist. Arquimed Ltda. | Imp. Dist. Arquimed Ltda.,929990005,,Región Metropolitana de Santiago,,,,,,REACTIVOS PARA LABORATORIO,Unidades de laboratorioALBUMINA 8196057,6.0,000,CLP,60239.0,,
2215-96-SE20,,2020-11-05T19:26:53Z,direct,,,,Hospital Carlos Cisternas de Calama | Hospital Carlos Cisternas de Calama,616062026,,Región de Antofagasta ,,Imp. Dist. Arquimed Ltda. | Imp. Dist. Arquimed Ltda.,929990005,,Región Metropolitana de Santiago,,,,,,REACTIVOS PARA LABORATORIO,Unidades de laboratorioCAPSULA SEDIMIENTO ORINA URS-9961-1,36.0,000,CLP,61620.0,,
2215-96-SE20,,2020-11-05T19:26:53Z,direct,,,,Hospital Carlos Cisternas de Calama | Hospital Carlos Cisternas de Calama,616062026,,Región de Antofagasta ,,Imp. Dist. Arquimed Ltda. | Imp. Dist. Arquimed Ltda.,929990005,,Región Metropolitana de Santiago,,,,,,REACTIVOS PARA LABORATORIO,Unidades de laboratorioCONTROL DE ORINA LABUMAT URISED 1440-URLAB,2.0,000,CLP,205400.0,,
2215-96-SE20,,2020-11-05T19:26:53Z,direct,,,,Hospital Carlos Cisternas de Calama | Hospital Carlos Cisternas de Calama,616062026,,Región de Antofagasta ,,Imp. Dist. Arquimed Ltda. | Imp. Dist. Arquimed Ltda.,929990005,,Región Metropolitana de Santiago,,,,,,REACTIVOS PARA LABORATORIO,"Unidades de laboratorioS1820 CALIBRADOR SOLUCION 1 200 ML FOR ABL800FLEX
 944-128",2.0,000,CLP,194358.0,,
2215-96-SE20,,2020-11-05T19:26:53Z,direct,,,,Hospital Carlos Cisternas de Calama | Hospital Carlos Cisternas de Calama,616062026,,Región de Antofagasta ,,Imp. Dist. Arquimed Ltda. | Imp. Dist. Arquimed Ltda.,929990005,,Región Metropolitana de Santiago,,,,,,REACTIVOS PARA LABORATORIO,Unidades de laboratorioS1830 CALIBRADOR SOLUCION 2 200ML FOR ABL800 FLEX,2.0,000,CLP,194358.0,,
2215-96-SE20,,2020-11-05T19:26:53Z,direct,,,,Hospital Carlos Cisternas de Calama | Hospital Carlos Cisternas de Calama,616062026,,Región de Antofagasta ,,Imp. Dist. Arquimed Ltda. | Imp. Dist. Arquimed Ltda.,929990005,,Región Metropolitana de Santiago,,,,,,REACTIVOS PARA LABORATORIO,Unidades de laboratorioS4980 RINSE SOLUCION 600ML FOR ABL800 FLEX,25.0,000,CLP,154156.0,,
2215-96-SE20,,2020-11-05T19:26:53Z,direct,,,,Hospital Carlos Cisternas de Calama | Hospital Carlos Cisternas de Calama,616062026,,Región de Antofagasta ,,Imp. Dist. Arquimed Ltda. | Imp. Dist. Arquimed Ltda.,929990005,,Región Metropolitana de Santiago,,,,,,REACTIVOS PARA LABORATORIO,"Unidades de laboratorioS7745 AUTOCHECK 5+, LEVEL 2 BOX DE 30 AMPOLLAS  944-075",3.0,000,CLP,421665.0,,
2215-96-SE20,,2020-11-05T19:26:53Z,direct,,,,Hospital Carlos Cisternas de Calama | Hospital Carlos Cisternas de Calama,616062026,,Región de Antofagasta ,,Imp. Dist. Arquimed Ltda. | Imp. Dist. Arquimed Ltda.,929990005,,Región Metropolitana de Santiago,,,,,,REACTIVOS PARA LABORATORIO,"Unidades de laboratorioS7745 AUTOCHECK 5+, LEVEL 3 BOX DE 30 AMPOLLAS",3.0,000,CLP,421665.0,,
2215-96-SE20,,2020-11-05T19:26:53Z,direct,,,,Hospital Carlos Cisternas de Calama | Hospital Carlos Cisternas de Calama,616062026,,Región de Antofagasta ,,Imp. Dist. Arquimed Ltda. | Imp. Dist. Arquimed Ltda.,929990005,,Región Metropolitana de Santiago,,,,,,REACTIVOS PARA LABORATORIO,"Unidades de laboratorioS7745 AUTOCHECK 5+, LEVEL 4 BOX DE 30 AMPOLLAS",3.0,000,CLP,421665.0,,
2215-96-SE20,,2020-11-05T19:26:53Z,direct,,,,Hospital Carlos Cisternas de Calama | Hospital Carlos Cisternas de Calama,616062026,,Región de Antofagasta ,,Imp. Dist. Arquimed Ltda. | Imp. Dist. Arquimed Ltda.,929990005,,Región Metropolitana de Santiago,,,,,,REACTIVOS PARA LABORATORIO,"Unidades de laboratorioS7745 AUTOCHECK 5+, LEVEL 1 BOX DE 30 AMPOLLAS",3.0,000,CLP,421665.0,,
2215-96-SE20,,2020-11-05T19:26:53Z,direct,,,,Hospital Carlos Cisternas de Calama | Hospital Carlos Cisternas de Calama,616062026,,Región de Antofagasta ,,Imp. Dist. Arquimed Ltda. | Imp. Dist. Arquimed Ltda.,929990005,,Región Metropolitana de Santiago,,,,,,REACTIVOS PARA LABORATORIO,Unidades de laboratorioD513 DISPOSABLE WASTE CONTAINER 600ML 905-802,12.0,000,CLP,22344.0,,
2215-96-SE20,,2020-11-05T19:26:53Z,direct,,,,Hospital Carlos Cisternas de Calama | Hospital Carlos Cisternas de Calama,616062026,,Región de Antofagasta ,,Imp. Dist. Arquimed Ltda. | Imp. Dist. Arquimed Ltda.,929990005,,Región Metropolitana de Santiago,,,,,,REACTIVOS PARA LABORATORIO,Unidades de laboratorioLYSERCELL WNR 7838000001,1.0,000,CLP,222150.0,,
2215-96-SE20,,2020-11-05T19:26:53Z,direct,,,,Hospital Carlos Cisternas de Calama | Hospital Carlos Cisternas de Calama,616062026,,Región de Antofagasta ,,Imp. Dist. Arquimed Ltda. | Imp. Dist. Arquimed Ltda.,929990005,,Región Metropolitana de Santiago,,,,,,REACTIVOS PARA LABORATORIO,Unidades de laboratorioGPT/ALT 6844288,10.0,000,CLP,50199.0,,
2215-96-SE20,,2020-11-05T19:26:53Z,direct,,,,Hospital Carlos Cisternas de Calama | Hospital Carlos Cisternas de Calama,616062026,,Región de Antofagasta ,,Imp. Dist. Arquimed Ltda. | Imp. Dist. Arquimed Ltda.,929990005,,Región Metropolitana de Santiago,,,,,,REACTIVOS PARA LABORATORIO,Unidades de laboratorioNITROGENO UREICO 8102204,15.0,000,CLP,60239.0,,
2215-96-SE20,,2020-11-05T19:26:53Z,direct,,,,Hospital Carlos Cisternas de Calama | Hospital Carlos Cisternas de Calama,616062026,,Región de Antofagasta ,,Imp. Dist. Arquimed Ltda. | Imp. Dist. Arquimed Ltda.,929990005,,Región Metropolitana de Santiago,,,,,,REACTIVOS PARA LABORATORIO,Unidades de laboratorioPAQUETES HUMIFICADORES VITROS 5.1 1247873,6.0,000,CLP,66933.0,,
2215-96-SE20,,2020-11-05T19:26:53Z,direct,,,,Hospital Carlos Cisternas de Calama | Hospital Carlos Cisternas de Calama,616062026,,Región de Antofagasta ,,Imp. Dist. Arquimed Ltda. | Imp. Dist. Arquimed Ltda.,929990005,,Región Metropolitana de Santiago,,,,,,REACTIVOS PARA LABORATORIO,Unidades de laboratorioCKMB 8001133,5.0,000,CLP,72287.0,,
2215-96-SE20,,2020-11-05T19:26:53Z,direct,,,,Hospital Carlos Cisternas de Calama | Hospital Carlos Cisternas de Calama,616062026,,Región de Antofagasta ,,Imp. Dist. Arquimed Ltda. | Imp. Dist. Arquimed Ltda.,929990005,,Región Metropolitana de Santiago,,,,,,REACTIVOS PARA LABORATORIO,Unidades de laboratorioAMILASA 8112724,10.0,000,CLP,72287.0,,
2215-96-SE20,,2020-11-05T19:26:53Z,direct,,,,Hospital Carlos Cisternas de Calama | Hospital Carlos Cisternas de Calama,616062026,,Región de Antofagasta ,,Imp. Dist. Arquimed Ltda. | Imp. Dist. Arquimed Ltda.,929990005,,Región Metropolitana de Santiago,,,,,,REACTIVOS PARA LABORATORIO,Unidades de laboratorioGGT GAMAGLUTAMILTRANSFERASA 8257289,14.0,000,CLP,100398.0,,
2215-96-SE20,,2020-11-05T19:26:53Z,direct,,,,Hospital Carlos Cisternas de Calama | Hospital Carlos Cisternas de Calama,616062026,,Región de Antofagasta ,,Imp. Dist. Arquimed Ltda. | Imp. Dist. Arquimed Ltda.,929990005,,Región Metropolitana de Santiago,,,,,,REACTIVOS PARA LABORATORIO,Unidades de laboratorioGOT/AST 8433815,10.0,000,CLP,72287.0,,
2215-96-SE20,,2020-11-05T19:26:53Z,direct,,,,Hospital Carlos Cisternas de Calama | Hospital Carlos Cisternas de Calama,616062026,,Región de Antofagasta ,,Imp. Dist. Arquimed Ltda. | Imp. Dist. Arquimed Ltda.,929990005,,Región Metropolitana de Santiago,,,,,,REACTIVOS PARA LABORATORIO,Unidades de laboratorioXN CHECK 7051506001,3.0,000,CLP,678662.0,,
2215-96-SE20,,2020-11-05T19:26:53Z,direct,,,,Hospital Carlos Cisternas de Calama | Hospital Carlos Cisternas de Calama,616062026,,Región de Antofagasta ,,Imp. Dist. Arquimed Ltda. | Imp. Dist. Arquimed Ltda.,929990005,,Región Metropolitana de Santiago,,,,,,REACTIVOS PARA LABORATORIO,Unidades de laboratorioCELLPACK DCL 6510167001,13.0,000,CLP,154625.0,,
2273-102-MC20,,2020-11-05T19:26:53Z,direct,,,,I MUNICIPALIDAD DE LA PINTANA | DEPARTAMENTO ADQUISICIONES MUNICIPAL,692538005,,Región Metropolitana de Santiago,,RHONA SA | RHONA SA,923070001,,Región Metropolitana de Santiago,,,,,,INTERRUPTOR DECRETO 2000-42 CODIGO DE AREA 056,Piezas de interruptor y accesoriosINTERRUPTOR AUTOMATICO NF 125-SGV 35-50A 36KA 380V,1.0,EA,CLP,116812.0,,
2287-48-MC20,,2020-11-05T19:26:12Z,direct,,,,I.MUNICIPALIDAD DE MACUL | DASG-DEPTO.ADQUISICIONES,692537009,,Región Metropolitana de Santiago,,"JIMENEZ Y GALVEZ, TRANSPORTES Y SERVICIOS LIMITADA | TRANVIAL",76228166K,,Región de Valparaíso ,,,,,,$-20-DIDECO-OOCC-TRASLADO DE PERSONAS,"Servicios de autobuses regulares, recorridos fijos1 bus para traslado de pasajeros para 44 personas, para el día 11.01.2020 “Comité de Adelanto María Mondaca” hacia Los Braseros de Coltauco sexta región, salida Plaza Gabriela Mistral Villa Jaime Eyzaguirre a las 08:00 am, regreso desde los Braseros de Coltauco hasta Jaime Eyzaguirre a las 19:00 hrs",1.0,EA,CLP,299000.0,,
2288-17-SE20,,2020-11-05T19:26:52Z,direct,,,,ILUSTRE MUNICIPALIDAD DE CANELA | ILUSTRE MUNICIPALIDAD DE CANELA,690413000,,Región de Coquimbo ,,sociedad comercial lopez jara limitada | bronceria chile limitada,760996483,,Región Metropolitana de Santiago,,,,,,TROFEOS GALA DE GIMNASIA ARTISITICA,TrofeosCRISTAL 376 A 18 CM DE ALTO.,18.0,EA,CLP,9680.672,,
2288-17-SE20,,2020-11-05T19:26:52Z,direct,,,,ILUSTRE MUNICIPALIDAD DE CANELA | ILUSTRE MUNICIPALIDAD DE CANELA,690413000,,Región de Coquimbo ,,sociedad comercial lopez jara limitada | bronceria chile limitada,760996483,,Región Metropolitana de Santiago,,,,,,TROFEOS GALA DE GIMNASIA ARTISITICA,Grabado en placas metálicasGRABADO DE LASER LOGO Y TEXTO,18.0,000,CLP,4621.8487,,
2288-19-SE20,,2020-11-05T19:26:53Z,direct,,,,ILUSTRE MUNICIPALIDAD DE CANELA | ILUSTRE MUNICIPALIDAD DE CANELA,690413000,,Región de Coquimbo ,,Soc. Hermanas Callegari Limitada | HermanasCallegari,763499707,,Región de Coquimbo ,,,,,,MANTENCION DE VEHICULO MUNICIPAL,"Servicios de cambio de fluidos de aceite o de la tMANTENCION DE VEHICULO CAMIONETA NISSAN NP300
MANO DE OBRA Y OTROS.
ACEITE 5W30 LITRO 7 
2 LIJA-FIERRO/CP LIJA FIERRO 
LIMP. SISTEMA FRENO 
SHAMPOO LIMPIAPARABRISAS 
",1.0,000,CLP,272907.0,,
2292-58-MC20,,2020-11-05T19:26:53Z,direct,,,,I. MUNICIPALIDAD DE TALCA | DIR. COMUNAL DE SALUD,691104001,,Región del Maule ,,CODIMED CHILE LTDA. | CODIMED CHILE LTDA.,781247707,,Región del Biobío ,,,,,,CABLES ELECTROCARDIOGRAMA -GESTION INTERNA ,"Comprobadores de cables, electrodos o unidades de CABLE ELECTROCARDIOGRAMA PARA EDAN SE-1-3-6, 10 DERIVACION  BANANA ",1.0,000,CLP,120000.0,,
2292-58-MC20,,2020-11-05T19:26:53Z,direct,,,,I. MUNICIPALIDAD DE TALCA | DIR. COMUNAL DE SALUD,691104001,,Región del Maule ,,CODIMED CHILE LTDA. | CODIMED CHILE LTDA.,781247707,,Región del Biobío ,,,,,,CABLES ELECTROCARDIOGRAMA -GESTION INTERNA ,"Comprobadores de cables, electrodos o unidades de CABLE CONECCION A LA RED ",1.0,000,CLP,15000.0,,
2297-44-MC20,,2020-11-05T19:26:11Z,direct,,,,ILUSTRE MUNICIPALIDAD DE OSORNO | IMUNI_OSORNO DIRECCION DE ADM Y FINANZAS,692101006,,Región de los Lagos ,,raul alejandro | raul alejandro,767383819,,Región de los Lagos ,,,,,, BOMBA DE CONDENSADOS AIRE ACONDICIONADO,"Servicios de reparación, mantenimiento o reparacióBOMBA CONDENSADO ZERO 9/36 BTU TC",1.0,000,CLP,82250.0,,
2297-48-MC20,,2020-11-05T19:26:11Z,direct,,,,ILUSTRE MUNICIPALIDAD DE OSORNO | IMUNI_OSORNO DIRECCION DE ADM Y FINANZAS,692101006,,Región de los Lagos ,,IMPRENTA FULLPRINT LTDA. | IMPRENTA FULLPRINT LTDA.,762923475,,Región de los Lagos ,,,,,,IMPRESION E INSTALACION ADHESIVOS ,Adhesivos de láminasIMPRESION DE 40 UNIDADES ADHESIVOS TAMAÑO 50 X 30 CMS EN ADHESIVO 3M COMUN IMPRESO A COLOR CON INSTALACION.,1.0,000,CLP,155000.0,,
2297-49-MC20,,2020-11-05T19:26:11Z,direct,,,,ILUSTRE MUNICIPALIDAD DE OSORNO | IMUNI_OSORNO DIRECCION DE ADM Y FINANZAS,692101006,,Región de los Lagos ,,FERRETERIAS WEITZLER S.A. | FERRETERIAS WEITZLER S.A.,928740005,,Región de los Lagos ,,,,,,"ADQUISICIÓN MONOMANDO PARA CASINO CAV, RENTAS","Llave ""T"" para grifosMONOMANDO ",1.0,EA,CLP,80008.0,,
2306-10-MC20,,2020-11-05T19:26:52Z,direct,,,,ILUSTRE MUNICIPALIDAD DE OSORNO | IMUNI_OSORNO DEPTO EDUCACION,692101006,,Región de los Lagos ,,david antonio | david antonio,769381996,,Región de los Lagos ,,,,,,"CONTRATACIÓN DE SERVICIO DE SANITIZACION PARA ESTABLECIMIENTOS EDUCACIONALES, FONDOS DAEM","Servicios de exterminación o fumigaciónCONTRATACIÓN DE SERVICIO DE SANITIZACION PARA ESCUELAS ESPAÑA, SOC. SOCORRO Y CARLOS CONDELL",1.0,EA,CLP,124000.0,,
2324-174-SE20,,2020-11-05T19:26:53Z,direct,,,,I MUNICIPALIDAD DE PUERTO MONTT | Departamento de Licitaciones y gestión de Abastecimiento ,692201000,,Región de los Lagos ,,Jaime Ignacio | Jaime Ignacio,197591307,,Región de los Lagos ,,,,,,SERVICIO DE PRESENTACION ARTISTICA GRUPO MUSICAL G,Servicios Audio VisualesSERVICIO DE PRESENTACION ARTISTICA GRUPO MUSICAL GALANES EN ACTIVIDAD ORGANIZADA POR DELEGACION MUNICIPAL DE ALERCE EN EL MARCO DE LA RUTA DE LAS TRADICIONES 2020 (25-01-2020 – SENDA SUR) Y (26-01-2020 - SENDA SUR). BOLETEAR CON IMPTO RETENCION DESGLOZADO,1.0,EA,CLP,448179.0,,
2324-175-SE20,,2020-11-05T19:26:53Z,direct,,,,I MUNICIPALIDAD DE PUERTO MONTT | Departamento de Licitaciones y gestión de Abastecimiento ,692201000,,Región de los Lagos ,,CLAUDIO MARCELO SERÓN CHÁVEZ | CLAUDIO MARCELO SERÓN CHÁVEZ,127133344,,Región de los Lagos ,,,,,,SERVICIO DE ANIMACION EN ACTIVIDAD ORGANIZADA POR ,Servicios Audio VisualesSERVICIO DE ANIMACION EN ACTIVIDAD ORGANIZADA POR DIDECO EN EL MARCO DE LA RUTA DE LAS TRADICIONES 2020 (25-01-2020 Y 26-01-2020 – METRI). BOLETEAR CON IMPTO RETENCION DESGLOZADO,1.0,EA,CLP,300000.0,,
2333-33-SE20,,2020-11-05T19:26:53Z,direct,,,,ILUSTRE MUNICIPALIDAD DE LINARES | ILUSTRE MUNICIPALIDAD DE LINARES,691303004,,Región del Maule ,,SOLANGELA  | SOLANGELA ,769043136,,Región del Maule ,,,,,,MATERIALES ELECTRICOS ,Materiales de termoformaciónMATERIALES ELECTRICOS SEGUN OP Nº 4268-4269-4270 Y OC Nº 15 SOLICITADO SPOR EL DEPARTAMENTO DE ASISTENCIA SOCIAL SEGUN DOCUEMNTACION ADJUNTA ,1.0,000,CLP,171620.0,,
2333-34-SE20,,2020-11-05T19:26:54Z,direct,,,,ILUSTRE MUNICIPALIDAD DE LINARES | ILUSTRE MUNICIPALIDAD DE LINARES,691303004,,Región del Maule ,,Juan Carlos | Juan Carlos,763396827,,Región del Maule ,,,,,,PERFILES ,"Materiales de termoformaciónPERFILES, SOLICITADO POR EL DEPARTAMENTO DE INGENERIA Y ESTUDIO DE LA DIRECCION DE TRANSITO, SEGUN OP Nº 3784 Y OC Nº 2481 SEGUN DOCUMENTACIÓN ADJUNTA ",40.0,000,CLP,6800.0,,
2336-32-SE20,,2020-11-05T19:26:53Z,direct,,,,ILUSTRE MUNICIPALIDAD DE LINARES | DEPARTAMENTO DE EDUCACION MUNICIPAL,609020636,,Región del Maule ,,COMERCIAL VYB SPA | COMERCIAL VYB SPA,765834791,,,,,,,,SERVICIO SUMINISTRO DE ARRIENDO DE DOS CAMIONETAS NISSAN MODELO NP300 AÑO 2019 POR LOS MESES DE ENERO Y FEBRERO 2020,Arriendo de vehículosSERVICIO SUMINISTRO DE ARRIENDO DE DOS CAMIONETAS NISSAN MODELO NP300 AÑO 2019 POR LOS MESES DE ENERO Y FEBRERO 2020,4.0,000,CLP,800000.0,,
2341-42-SE20,,2020-11-05T19:26:53Z,direct,,,,ILUSTRE MUNICIPALIDAD DE SAN BERNARDO | OFICINA DE ADQUISICIONES,690727005,,Región Metropolitana de Santiago,,"Ferreteria y Mat. ""PUCOYAM"" | Ferreteria y Mat. ""PUCOYAM""",81129428,,Región Metropolitana de Santiago,,,,,,CONTRATACION DIRECTA,"CementoCOMPRA DE MATERIALES PARA REALIZAR ARREGLOS Y MEJORAS EN DEPENDENCIAS MUNICIPALES, DEBIDO A DISTURBIOS OCURRIDOS. SEGÚN ANEXO ADJUNTO.",1.0,000,CLP,1699749.0,,
2341-44-SE20,,2020-11-05T19:26:53Z,direct,,,,ILUSTRE MUNICIPALIDAD DE SAN BERNARDO | OFICINA DE ADQUISICIONES,690727005,,Región Metropolitana de Santiago,,TCHILECOM | TCHILECOM,773491208,,Región de la Araucanía ,,,,,,CONTRATACION DIRECTA,"ServidoresSERVICIO DE ALOJAMIENTO DE LA PAGINA WEB WWW.SANBERNAROD.CL, SEGÚN ANEXO ADJUNTO",1.0,000,CLF,58.8,,
2345-68-SE20,,2020-11-05T19:26:52Z,direct,,,,I MUNICIPALIDAD DE LAS CONDES | IMUNI_LAS CONDES DEPTO. ADMINISTRACION,690704005,,Región Metropolitana de Santiago,,Mauco Ambienta | Mauco Ambienta,778799006,,Región Metropolitana de Santiago,,,,,,ARRIENDO DE DISPENSADORES BACTEREOLOGICOS,Dispensadores de portaobjetosARRIENDO DE DISPENSADORES BACTEREOLOGICOS,1.0,EA,CLP,141651.0,,
2376-52-SE20,,2020-11-05T19:26:54Z,direct,,,,ILUSTRE MUNICIPALIDAD DE ÑUÑOA | DPTO. ADQUISICIONES,690705001,,Región Metropolitana de Santiago,,ASOCIACIÓN CHILENA DE MUNICIPALIDADES | ASOCIACIÓN CHILENA DE MUNICIPALIDADES,692659902,,Región Metropolitana de Santiago,,,,,,INSCRIPCIÓN ESCUELA DE VERANO,"Centros de conferenciasINSCRIPCIÓN PARA PARTICIPAR DE ESCUELA DE VERANO ""DEMANDAS SOCIALES E IMPACTO EN EL MUNICIPIO"", A LOS SRES. JULIO MARTINEZ COLINA (RUT: 7.257.719-1) Y JAIME CASTILLO SOTO (RUT: 5.056.388-k), A REALIZARSE LOS DÍAS 27 AL 31 ENERO DE 2020, EN LA CIUDAD DE VIÑA DEL MAR. DA N°28 (10.01.20)",2.0,000,CLP,207000.0,,
2422-44-SE20,,2020-11-05T19:26:52Z,direct,,,,I MUNICIPALIDAD DE PUENTE ALTO | IMUNI_PTEALTO ADQUISICIONES,690721007,,Región Metropolitana de Santiago,,Caterina Elisabetta | Caterina Elisabetta,764550846,,Región Metropolitana de Santiago,,,,,,"SOL. 931669, ARTICULOS DE ASEO.",Cloro ClARTICULOS DE ASEO SEGUN DETALLE ADJUNTO EN LA ORDEN DE COMPRA,1.0,PK,CLP,388800.0,,
2446-7-MC20,,2020-11-05T19:26:53Z,direct,,,,I. MUNICIPALIDAD DE COQUIMBO | IMUNI_COQUIMBO,690403005,,Región de Coquimbo ,,REFUGIO EL MOLLE | REFUGIO EL MOLLE,764070607,,Región de Coquimbo ,,,,,,DIRECCION DE DESARROLLO COMUNITARIO (RAYUN),Centros de conferenciasSERVICIO DE ARRIENDO DE SALON PARA JORNADA DE AUTOCUIDADO PARA EL 16 Y 17 DE ENERO DE 2020.,1.0,000,CLP,418487.0,,
2452-27-MC20,,2020-11-05T19:26:11Z,direct,,,,MUNICIPALIDAD DE SANTIAGO | DIRECCION DE SALUD,690701006,,Región Metropolitana de Santiago,,BENEDETTI TASACIONES E.I.R.L | BENEDETTI TASACIONES E.I.R.L,761819879,,Región Metropolitana de Santiago,,,,,,TASACIÓN - PADRE ORELLANA,Servicios de tasación inmobiliariaSERVICIO TASACIÓN CON INFORME,1.0,000,CLF,7.5,,
2564-12-MC20,,2020-11-05T19:26:11Z,direct,,,,I.MUNICIPALIDAD DE CHEPICA | ADQUISICIONES,690907003,,Región del Libertador General Bernardo O´Higgins,,Elizabeth  | Elizabeth ,134564237,,Región del Libertador General Bernardo O´Higgins,,,,,,Bicicletas,"BicicletasAdquisición de dos bicicletas, para ser obsequiadas en actividad deportiva Campeonato de Voleibol Verano 2020. ",1.0,GL,CLP,252101.0,,
2591-26-SE20,,2020-11-05T19:26:53Z,direct,,,,I. MUNICIPALIDAD POZO ALMONTE | IMUNI_POZOALMONTE  ADQUISICIONES,830175008,,Región de Tarapacá  ,,Alexandra | Alexandra,767677278,,Región de Tarapacá  ,,,,,,SERV. DE REGURALIZACION Y SERV. DE ARRIENDO DE VEH,"Arriendo de vehículosSERVICIO DE REGURALIZACDE ARRIENDO DE CAMION 3/4 PARA EL TRASLADO DE PERSONAS Y MATERIALES PARA TRABAJOS AVOCADOS A LA DELEGACION DE LA TIRANA DE LOS MESES DE NOVIEMBRE Y DICIEMBRE DE 2019, ADEMAS CONSIDERAR LA CONTRATACION DEL MISMO SERVICO PARA LOS MESES DE ENERO, FEBRERO Y MARZO DE 2020",5.0,000,CLP,900000.0,,
2594-59-SE20,,2020-11-05T19:26:52Z,direct,,,,I.MUNICIPALIDAD DE CONCON | I.MUNICIPALIDAD DE CONCON,735686003,,Región de Valparaíso ,,CACHUREOS | CACHUREOS,796287500,,Región Metropolitana de Santiago,,,,,,"RATIFÍQUESE CONTRATACIÓN CACHUREOS PRODUCCIONES LTDA ""CONCÓN EMPRENDE ENTRETENIDO"", EVENTOS.","CantantesCONTRATACIÓN CACHUREOS PRODUCCIONES LIMITADA RUT Nº79.628.750-0 POR SHOW ARTÍSTICO CON DURACIÓN DE UNA HORA EN ACTIVIDAD ""CONCÓN EMPRENDE ENTRETENIDO"" EL DÍA DOMINGO 12/01/2020 EN POBLACIÓN VISTA AL MAR, CALETA HIGUERILLAS.",1.0,EA,CLP,7000000.0,,
2658-54-SE20,,2020-11-05T19:26:52Z,direct,,,,Municipalidad de Ancud | Municipalidad de Ancud,692301005,,Región de los Lagos ,,juan mario morales olave | contructora morales,136209086,,Región de los Lagos ,,,,,,INSTALACION DE VENTANAS.O.P.N. 1 DOM,"Mano de obra temporalINSTALACION DE VENTANAS DE 1,31 X 2,64",1.0,000,CLP,226685.0,,
2664-52-SE20,,2020-11-05T19:26:53Z,direct,,,,I MUNICIPALIDAD DE TOME | Dirección de Salud Municipal,691501027,,Región del Biobío ,,NOVOFARMA SERVICE S A | NOVOFARMA-FERRER,969456702,,Región Metropolitana de Santiago,,,,,,MEDICAMENTOS FARMACIA POPULAR. S/P.  01-24-20,"Cajas de medicamentos de servicios médicos de urgeCitoneuron 30 capsulas
",4.0,BX,CLP,9275.0,,
2664-52-SE20,,2020-11-05T19:26:53Z,direct,,,,I MUNICIPALIDAD DE TOME | Dirección de Salud Municipal,691501027,,Región del Biobío ,,NOVOFARMA SERVICE S A | NOVOFARMA-FERRER,969456702,,Región Metropolitana de Santiago,,,,,,MEDICAMENTOS FARMACIA POPULAR. S/P.  01-24-20,"Cajas de medicamentos de servicios médicos de urgeCoveram 10/10 mg 30 comprimidos
",1.0,BX,CLP,19451.0,,
2664-52-SE20,,2020-11-05T19:26:53Z,direct,,,,I MUNICIPALIDAD DE TOME | Dirección de Salud Municipal,691501027,,Región del Biobío ,,NOVOFARMA SERVICE S A | NOVOFARMA-FERRER,969456702,,Región Metropolitana de Santiago,,,,,,MEDICAMENTOS FARMACIA POPULAR. S/P.  01-24-20,"Cajas de medicamentos de servicios médicos de urgeCoveram 10/5 mg 30 comprimidos
",1.0,BX,CLP,18454.0,,
2664-52-SE20,,2020-11-05T19:26:53Z,direct,,,,I MUNICIPALIDAD DE TOME | Dirección de Salud Municipal,691501027,,Región del Biobío ,,NOVOFARMA SERVICE S A | NOVOFARMA-FERRER,969456702,,Región Metropolitana de Santiago,,,,,,MEDICAMENTOS FARMACIA POPULAR. S/P.  01-24-20,"Cajas de medicamentos de servicios médicos de urgeDislep 25 mg 20 comprimidos
",2.0,BX,CLP,8238.0,,
2664-52-SE20,,2020-11-05T19:26:53Z,direct,,,,I MUNICIPALIDAD DE TOME | Dirección de Salud Municipal,691501027,,Región del Biobío ,,NOVOFARMA SERVICE S A | NOVOFARMA-FERRER,969456702,,Región Metropolitana de Santiago,,,,,,MEDICAMENTOS FARMACIA POPULAR. S/P.  01-24-20,"Cajas de medicamentos de servicios médicos de urgeNatrilix SR 1,5 mg 30 comprimidos
",1.0,BX,CLP,16123.0,,
2664-52-SE20,,2020-11-05T19:26:53Z,direct,,,,I MUNICIPALIDAD DE TOME | Dirección de Salud Municipal,691501027,,Región del Biobío ,,NOVOFARMA SERVICE S A | NOVOFARMA-FERRER,969456702,,Región Metropolitana de Santiago,,,,,,MEDICAMENTOS FARMACIA POPULAR. S/P.  01-24-20,"Cajas de medicamentos de servicios médicos de urgeSomazina 1000 mg 10 sobres
",2.0,BX,CLP,28534.0,,
2664-52-SE20,,2020-11-05T19:26:53Z,direct,,,,I MUNICIPALIDAD DE TOME | Dirección de Salud Municipal,691501027,,Región del Biobío ,,NOVOFARMA SERVICE S A | NOVOFARMA-FERRER,969456702,,Región Metropolitana de Santiago,,,,,,MEDICAMENTOS FARMACIA POPULAR. S/P.  01-24-20,"Cajas de medicamentos de servicios médicos de urgeVastarel mr 35 mg 30 comprimidos
",4.0,BX,CLP,10574.0,,
2675-33-SE20,,2020-11-05T19:26:53Z,direct,,,,I.Municipalidad de Mostazal | I.Municipalidad de Mostazal,690805006,,Región del Libertador General Bernardo O´Higgins,,CARLOS ANTONIO | CARLOS ANTONIO,764882911,,Región Metropolitana de Santiago,,,,,,REPARACIÓN EMPALME ELÉCTRICO,"Cajas eléctricasREPARACIÓN EMPALME ELÉCTRICO
SEGÚN COTIZACIÓN N°19-1008",1.0,EA,CLP,1729717.0,,
2676-18-SE20,,2020-11-05T19:26:11Z,direct,,,,I. MUNICIPALIDAD DE INDEPENDENCIA | DEPARTAMENTO DE ADQUISICIONES,692555007,,Región Metropolitana de Santiago,,SERVIBOMBA | SERVIBOMBA,773850801,,Región Metropolitana de Santiago,,,,,,MANTENCION DE SALA DE ELECTROBOMBAS POR 12 MESES,"Servicios de mantenimiento o administración de estMANTENCION DE SALA DE LECTROBOMBAS QUE CONTIENE 4 BOMBAS 1 HIDRONEUMATICAS , 1 TABLERO ELECTRICO , ESTANQUE DE ACUMULACION CON VALVULA MECANICA Y SOLENOIDE , PRESOSTATO, MANOMETRO, 1 BOMBA SENTINA Y SENSORES (SERVICIO MENSUAL)",12.0,000,CLP,95000.0,,
2705-94-MC20,,2020-11-05T19:26:11Z,direct,,,,Universidad del Bío-Bío | Universidad del Bío-Bío - Campus Chillán,609110066,,Región del Ñuble,,maifed5 | maifed5,103290872,,Región del Ñuble,,,,,,CONFECCIÓN DE ESTOLAS SC 5203,"Corbatas, bufandas, echarpes o pañuelos para cuellEstolas en tela mate, de tres colores (colores por definir) con logo bordado, tamaño de logo 9 cms., longitud: 148 cm. – anchura: 15cm., completamente dobladas.",15.0,000,CLP,9160.0,,
2711-79-SE20,,2020-11-05T19:26:53Z,direct,,,,MUNICIPALIDAD DE OVALLE | Municipalidad de Ovalle - Educación,690407000,,Región de Coquimbo ,,ORLANDO PATRICIO | ORLANDO PATRICIO,762095041,,Región de Coquimbo ,,,,,,747 FFAEP2018 MInfraestructura,"Construcción de obras civilesEMERGENCIA SANITARIA, CONSTRUCCIÓN POZO ABSORBENTE.",1.0,EA,CLP,5685211.0,,
2713-75-SE20,,2020-11-05T19:26:52Z,direct,,,,I MUNICIPALIDAD DE AYSEN | I.MUNICIPALIDAD AYSEN-ADQUISICIONES,69240100K,,Región Aysén del General Carlos Ibáñez del Campo,,NICOLE  ESTEFANI | NICOLE  ESTEFANI,770898439,,Región Aysén del General Carlos Ibáñez del Campo,,,,,,ARRIENDO DE ANDAMIOS PARQUE MUNICIPAL MEMO 32,"AndamiosARRIENDO DE 18 CUERPOS DE ANDAMIOS, PARA UBICAR EQUIPOS DE ILUMINACIÓN  Y SONIDO A UTILIZAR EN PARQUE MUNICIPAL, ANIVERSARIO DE AYSEN 2020 (EVENTOS ARTÍSTICOS)",1.0,000,CLP,270000.0,,
2731-10-SE20,,2020-11-05T19:26:11Z,direct,,,,MUNICIPALIDAD DE PEÑAFLOR | DEPARTAMENTO DE ADQUISICIONES MUNICIPALES.-,69071700K,,Región Metropolitana de Santiago,,STGO a MIL | STGO a MIL,654091609,,Región Metropolitana de Santiago,,,,,,SC N°05-01_DIDECO_Contratación de la Intervención Cultural de la Fundación Teatro a Mil,"TeatroContratación de la Intervención Cultural de la Fundación Teatro a Mil, para la presentación de 2 obras artísticas denominadas “Tragicomedia del Ande” y “Garden Of Angels”, los días 10 y 18 de enero de 2020, aprobado mediante Decreto Alcaldicio N° 24 de fecha 09/01/2020.",1.0,GL,CLP,15000000.0,,
2745-10-MC20,,2020-11-05T19:26:54Z,direct,,,,I MUNICIPALIDAD DE ANGOL | EDUCACION,691801004,,Región de la Araucanía ,,María Fernanda Daniela | María Fernanda Daniela,183193465,,Región de la Araucanía ,,,,,,Evaluación Fonoaudiológica,"ProfesionalesEvaluación Fonoaudiológica de 28 alumnos de las escuelas: Juan Ferriere Caire, Regimiento Húsares y Chacaico.",1.0,000,CLP,476000.0,,
2765-58-SE20,,2020-11-05T19:26:52Z,direct,,,,Ilustre Municipalidad de La Cisterna | MUNICIPAL,690720000,,Región Metropolitana de Santiago,,Ivan Ignacio | Ivan Ignacio,764683315,,Región Metropolitana de Santiago,,,,,,Reposición vidrios vandalizados Casa de La Cultura,"Fragmentos de vidrios de coloresReposición de vidrios en vandalizados en Casa de la Cultura, según detalle de cotización 197/2019 ",1.0,GL,CLP,2570400.0,,
2783-29-MC20,,2020-11-05T19:26:11Z,direct,,,,ILUSTRE MUNICIPALIDAD DE LA LIGUA | Direccion de Administracion y Finanzas,690501007,,Región de Valparaíso ,,DEPORTES SCUTTI | DEPORTES SCUTTI,44810182,,Región Metropolitana de Santiago,,,,,,COMPRA DE COPAS Y MEDALLAS,TrofeosTRIOS DE COPAS MODELO GIJON DE 40 - 35 - 32 CMS DE ALTO CON PLACA GRABADA.,19.0,000,CLP,21052.6315,,
2785-29-SE20,,2020-11-05T19:26:52Z,direct,,,,MUNICIPALIDAD DE SAN PEDRO DE LA PAZ | MUNICIPALIDAD DE SAN PEDRO DE LA PAZ,692648005,,Región del Biobío ,,PRISA S.A. | PRISA S A. - sucursal,151016812,,Región Metropolitana de Santiago,,,,,,"SDA 796831/ PAQUETES DE ANILLOS, ENCUADERNACION","AnillosPAQUETES DE ANILLOS DE ENCUADERNACIÓN Y CAJAS DE MICAS PARA ANILLADO DOCUMENTACIÓN DISTINTOS DEPARTAMENTO D.A.F., SEGÚN DETALLE EN COTIZACIÓN ADJUNTA
CONTACTO: CLAUDIA BEIZA FONO: 41-2505125",1.0,000,CLP,42291.0,,
2799-48-MC20,,2020-11-05T19:26:53Z,direct,,,,I. Municipalidad de Los Andes | Administracion Municipal,690511002,,Región de Valparaíso ,,nibaldo cesar | nibaldo cesar,762849739,,Región de Valparaíso ,,,,,,Jockey Programa Equinoterapia,"SombrerosGorro tipo Jockey, color a elección incluye dos bordados Programa Equinoperapia",90.0,000,CLP,3990.0,,
2859-51-SE20,,2020-11-05T19:26:53Z,direct,,,,universidad de atacama | SECCIÓN ABASTECIMIENTO,712367008,,Región de Atacama ,,CHILENA CONSOLIDADA SEGUROS GENERALES S.A. | CHILENA CONSOLIDADA SEGUROS GENERALES S.A.,990370001,,Región Metropolitana de Santiago,,,,,,SEGURO ACCIDENTES PERSONALES PORTEROS Y RONDINES,Seguros de vidaSEGURO VIDA ACCIDENTES PERSONALES PARA PORTEROS Y RONDINES DE LA UNIVERSIDAD DE ATACAMA PERIODO 2020,1.0,EA,CLF,15.9005,,
2885-14-MC20,,2020-11-05T19:26:53Z,direct,,,,ILUSTRE MUNICIPALIDAD DE PUYEHUE | DIRECCION DE ADMINISTRACION Y FINANZAS,692106008,,Región de los Lagos ,,MOULINSART S.A. | MOULINSART S.A.,969578905,,,,,,,,ADQUISICION DE IMPLEMENTOS  Y ROPA,"Máscaras, aletas o tubosJUEGO DE ALETAS.",2.0,SET,CLP,39000.0,,
2885-14-MC20,,2020-11-05T19:26:53Z,direct,,,,ILUSTRE MUNICIPALIDAD DE PUYEHUE | DIRECCION DE ADMINISTRACION Y FINANZAS,692106008,,Región de los Lagos ,,MOULINSART S.A. | MOULINSART S.A.,969578905,,,,,,,,ADQUISICION DE IMPLEMENTOS  Y ROPA,VestuarioBUZO SALVAVIDAS (CHAQUETA-PANTALÓN) CON LOGO MUNICIPAL EN LA CHAQUETA,2.0,EA,CLP,49000.0,,
2885-14-MC20,,2020-11-05T19:26:53Z,direct,,,,ILUSTRE MUNICIPALIDAD DE PUYEHUE | DIRECCION DE ADMINISTRACION Y FINANZAS,692106008,,Región de los Lagos ,,MOULINSART S.A. | MOULINSART S.A.,969578905,,,,,,,,ADQUISICION DE IMPLEMENTOS  Y ROPA,VestuarioPOLERAS SALVAVIDAS MANGA CORTA  CON LOGO MUNICIPAL,6.0,EA,CLP,8900.0,,
2885-14-MC20,,2020-11-05T19:26:53Z,direct,,,,ILUSTRE MUNICIPALIDAD DE PUYEHUE | DIRECCION DE ADMINISTRACION Y FINANZAS,692106008,,Región de los Lagos ,,MOULINSART S.A. | MOULINSART S.A.,969578905,,,,,,,,ADQUISICION DE IMPLEMENTOS  Y ROPA,VestuarioPOLERAS SALVAVIDAS MANGA LARGA  CON LOGO MUNICIPAL,2.0,EA,CLP,9900.0,,
2885-14-MC20,,2020-11-05T19:26:53Z,direct,,,,ILUSTRE MUNICIPALIDAD DE PUYEHUE | DIRECCION DE ADMINISTRACION Y FINANZAS,692106008,,Región de los Lagos ,,MOULINSART S.A. | MOULINSART S.A.,969578905,,,,,,,,ADQUISICION DE IMPLEMENTOS  Y ROPA,VestuarioSHORT SALVAVIDAS CON LOGO MUNICIPAL,6.0,EA,CLP,9900.0,,
2885-14-MC20,,2020-11-05T19:26:53Z,direct,,,,ILUSTRE MUNICIPALIDAD DE PUYEHUE | DIRECCION DE ADMINISTRACION Y FINANZAS,692106008,,Región de los Lagos ,,MOULINSART S.A. | MOULINSART S.A.,969578905,,,,,,,,ADQUISICION DE IMPLEMENTOS  Y ROPA,VestuarioGORRO LEGIONARIO SALVAVIDAS CON LOGO MUNICIPAL.,2.0,EA,CLP,4500.0,,
2885-6-SE20,,2020-11-05T19:26:12Z,direct,,,,ILUSTRE MUNICIPALIDAD DE PUYEHUE | DIRECCION DE ADMINISTRACION Y FINANZAS,692106008,,Región de los Lagos ,,LEONARDO PATRICIO | LEONARDO PATRICIO,763016978,,Región de los Lagos ,,,,,,PRODUCCION DE EVENTO  FIESTA COSTUMBRISTA,Producción de eventosSERVICIO DE PRODUCCION DE EVENTOS 4TA FIESTA COSTUMBRISTA MAPUCHE HUILLICHE 2020,1.0,000,CLP,850000.0,,
2910-23-SE20,,2020-11-05T19:26:52Z,direct,,,,Ilustre Municipalidad de Futrono | Departamento de Salud,69200700K,,Región de Los Ríos,,COMERCIAL BIO-PHARMAMED LTDA | BIO-PHARMAMED LIMITADA,766952267,,Región Metropolitana de Santiago,,,,,,GLUCOSA LÍQUIDA,DextrosaGLUCOSA LÍQUIDA,484.0,000,CLP,855.0,,
2912-118-SE20,,2020-11-05T19:26:53Z,direct,,,,ILUSTRE MUNICIPALIDAD DE FRUTILLAR | Municipalidad de Frutillar Depto. Adm. Salud ,692207025,,Región de los Lagos ,,Abbott Laboratories de Chile Ltda. | Abbott Laboratories de Chile Ltda.,813783002,,Región Metropolitana de Santiago,,,,,,MEDICAMENTOS PARA LA FARMACIA MUNICIPAL DE FRUTILL,Cajas de medicamentos de servicios médicos de urgeGLUCERNA TRIPLECARE POLVO VAINILLA 850 G.,12.0,EA,CLP,11277.0,,
2912-119-SE20,,2020-11-05T19:26:53Z,direct,,,,ILUSTRE MUNICIPALIDAD DE FRUTILLAR | Municipalidad de Frutillar Depto. Adm. Salud ,692207025,,Región de los Lagos ,,Merck S.A. Productos Químicos | Merck S.A. Productos Farmacéuticos,806212008,,Región Metropolitana de Santiago,,,,,,MEDICAMENTOS PARA LA FARMACIA CESFAM DE FRUTILLAR,Clorhidrato de metforminaGLAFORNIL 850 MG ,200.0,BX,CLP,10000.0,,
2912-51-SE20,,2020-11-05T19:26:12Z,direct,,,,ILUSTRE MUNICIPALIDAD DE FRUTILLAR | Municipalidad de Frutillar Depto. Adm. Salud ,692207025,,Región de los Lagos ,,MARYORIE LISETTE | MARYORIE LISETTE,176594802,,Región de los Lagos ,,,,,,SERVICIOS DE ENFERMERA EN SAPU ,ProfesionalesSERVICIOS DE ENFERMERA EN SAPU ,21.0,HUR,CLP,8280.0,,
2912-64-SE20,,2020-11-05T19:26:11Z,direct,,,,ILUSTRE MUNICIPALIDAD DE FRUTILLAR | Municipalidad de Frutillar Depto. Adm. Salud ,692207025,,Región de los Lagos ,,MARIA TERESITA | MARIA TERESITA,140860646,,Región de los Lagos ,,,,,,SERVICIOS DE AUXILIAR DE SERVICIOS EN SAPU ,ProfesionalesSERVICIOS DE AUXILIAR DE SERVICIOS EN SAPU ,59.0,HUR,CLP,2390.0,,
2912-67-SE20,,2020-11-05T19:26:11Z,direct,,,,ILUSTRE MUNICIPALIDAD DE FRUTILLAR | Municipalidad de Frutillar Depto. Adm. Salud ,692207025,,Región de los Lagos ,,YOCELYN FRANCISCA | YOCELYN FRANCISCA,182061654,,Región de los Lagos ,,,,,,SERVICIOS DE MEDICO EN SAPU ,ProfesionalesSERVICIOS DE MEDICO EN SAPU ,23.0,HUR,CLP,16870.0,,
2923-11-SE20,,2020-11-05T19:26:52Z,direct,,,,ILUSTRE MUNICIPALIDAD DE CHAÑARAL | DAF,690301008,,Región de Atacama ,,Mario Alejandro | Mario Alejandro,765847753,,Región Metropolitana de Santiago,,,,,,GESTION DE PERSONAS ,Producción de eventos,1.0,000,CLP,26660000.0,,
2926-2-SE20,,2020-11-05T19:26:12Z,direct,,,,ILUSTRE MUNICIPALIDAD DE CHAÑARAL | SALUD,690301008,,Región de Atacama ,,LABORATORIO CHILE S.A. | LABORATORIO CHILE S.A.,775969407,,Región Metropolitana de Santiago,,,,,,ADQUISICIÓN MERTFORMINA CESFAM CHAÑARAL,Clorhidrato de metformina,25000.0,000,CLP,127.0,,
2980-18-SE20,,2020-11-05T19:26:11Z,direct,,,,Fuerza Aérea de Chile | Comando de Personal CEAFOSS,611030053,,Región Metropolitana de Santiago,,General Biotec Ltda. | General Biotec Ltda.,778720906,,Región Metropolitana de Santiago,,,,,,FAMEFA CTA 2 JMC,Suplemento de potasioNEOCATE JUNIOR TARRO X 400GR.,20.0,JR,CLP,26500.0,,
2980-19-SE20,,2020-11-05T19:26:11Z,direct,,,,Fuerza Aérea de Chile | Comando de Personal CEAFOSS,611030053,,Región Metropolitana de Santiago,,ABBVIE PRODUCTOS FARMACEUTICOS LIMITADA | ABBVIE PRODUCTOS FARMACEUTICOS LIMITADA,762127326,,Región Metropolitana de Santiago,,,,,,FAMEFA CTA 3 TAC,AdalimumabHUMIRA AC (40MG / 0.4 ML) X 2 PEN,6.0,000,CLP,568218.0,,
2980-22-SE20,,2020-11-05T19:26:11Z,direct,,,,Fuerza Aérea de Chile | Comando de Personal CEAFOSS,611030053,,Región Metropolitana de Santiago,,NOVARTIS CHILE S A | NOVARTIS CHILE S A,83002400K,,Región Metropolitana de Santiago,,,,,,FOSSAP CTA 2 VARIOS PACIENTES,Acetato de octreotidoSANDOSTATIN LAR 20 MG X 1 VIAL (BOM),3.0,000,CLP,641326.0,,
2980-22-SE20,,2020-11-05T19:26:11Z,direct,,,,Fuerza Aérea de Chile | Comando de Personal CEAFOSS,611030053,,Región Metropolitana de Santiago,,NOVARTIS CHILE S A | NOVARTIS CHILE S A,83002400K,,Región Metropolitana de Santiago,,,,,,FOSSAP CTA 2 VARIOS PACIENTES,Acetato de octreotidoSANDOSTATIN LAR 30 MG X 1 VIAL (BOM),1.0,000,CLP,990849.0,,
2980-27-SE20,,2020-11-05T19:26:11Z,direct,,,,Fuerza Aérea de Chile | Comando de Personal CEAFOSS,611030053,,Región Metropolitana de Santiago,,NOVOFARMA SERVICE S A | Novofarma Service S.A. - Bagó,969456702,,Región Metropolitana de Santiago,,,,,,FOSSAP CTA 2 MLA,Maleato de timololVARGATEF 150 MG ,1.0,000,CLP,1811513.0,,
3000-17-MC20,,2020-11-05T19:26:12Z,direct,,,,I MUNICIPALIDAD DE MONTEPATRIA | Dirección  Adm. y  Finanzas,690408007,,Región de Coquimbo ,,Comercial Flor María | Comercial Flor María,90449095,,Región de Coquimbo ,,,,,,Alimentos campeonato de futbol - DIDECO-DEPORTES ,Papel higiénicoPapel higiénico doble hoja de 120 metros ,24.0,EA,CLP,294.0,,
3000-17-MC20,,2020-11-05T19:26:12Z,direct,,,,I MUNICIPALIDAD DE MONTEPATRIA | Dirección  Adm. y  Finanzas,690408007,,Región de Coquimbo ,,Comercial Flor María | Comercial Flor María,90449095,,Región de Coquimbo ,,,,,,Alimentos campeonato de futbol - DIDECO-DEPORTES ,Bolsas de plásticoBolsa de basura de 80x110,10.0,EA,CLP,832.0,,
3000-17-MC20,,2020-11-05T19:26:12Z,direct,,,,I MUNICIPALIDAD DE MONTEPATRIA | Dirección  Adm. y  Finanzas,690408007,,Región de Coquimbo ,,Comercial Flor María | Comercial Flor María,90449095,,Región de Coquimbo ,,,,,,Alimentos campeonato de futbol - DIDECO-DEPORTES ,Verduras frescasLechuga ,15.0,EA,CLP,420.0,,
3000-17-MC20,,2020-11-05T19:26:12Z,direct,,,,I MUNICIPALIDAD DE MONTEPATRIA | Dirección  Adm. y  Finanzas,690408007,,Región de Coquimbo ,,Comercial Flor María | Comercial Flor María,90449095,,Región de Coquimbo ,,,,,,Alimentos campeonato de futbol - DIDECO-DEPORTES ,Verduras frescasZanahoria ,15.0,KGM,CLP,504.0,,
3000-17-MC20,,2020-11-05T19:26:12Z,direct,,,,I MUNICIPALIDAD DE MONTEPATRIA | Dirección  Adm. y  Finanzas,690408007,,Región de Coquimbo ,,Comercial Flor María | Comercial Flor María,90449095,,Región de Coquimbo ,,,,,,Alimentos campeonato de futbol - DIDECO-DEPORTES ,Verduras frescasZapallo Camote ,3.0,KGM,CLP,832.0,,
3000-17-MC20,,2020-11-05T19:26:12Z,direct,,,,I MUNICIPALIDAD DE MONTEPATRIA | Dirección  Adm. y  Finanzas,690408007,,Región de Coquimbo ,,Comercial Flor María | Comercial Flor María,90449095,,Región de Coquimbo ,,,,,,Alimentos campeonato de futbol - DIDECO-DEPORTES ,Verduras frescasZapallo Italiano ,10.0,EA,CLP,252.0,,
3000-17-MC20,,2020-11-05T19:26:12Z,direct,,,,I MUNICIPALIDAD DE MONTEPATRIA | Dirección  Adm. y  Finanzas,690408007,,Región de Coquimbo ,,Comercial Flor María | Comercial Flor María,90449095,,Región de Coquimbo ,,,,,,Alimentos campeonato de futbol - DIDECO-DEPORTES ,Verduras frescasPAPAS ,1.0,SA,CLP,10084.0,,
3000-17-MC20,,2020-11-05T19:26:12Z,direct,,,,I MUNICIPALIDAD DE MONTEPATRIA | Dirección  Adm. y  Finanzas,690408007,,Región de Coquimbo ,,Comercial Flor María | Comercial Flor María,90449095,,Región de Coquimbo ,,,,,,Alimentos campeonato de futbol - DIDECO-DEPORTES ,Verduras frescasPepinos de ensalada ,15.0,EA,CLP,252.0,,
3000-17-MC20,,2020-11-05T19:26:12Z,direct,,,,I MUNICIPALIDAD DE MONTEPATRIA | Dirección  Adm. y  Finanzas,690408007,,Región de Coquimbo ,,Comercial Flor María | Comercial Flor María,90449095,,Región de Coquimbo ,,,,,,Alimentos campeonato de futbol - DIDECO-DEPORTES ,Verduras frescasCebolla,1.0,SA,CLP,5882.0,,
3000-17-MC20,,2020-11-05T19:26:12Z,direct,,,,I MUNICIPALIDAD DE MONTEPATRIA | Dirección  Adm. y  Finanzas,690408007,,Región de Coquimbo ,,Comercial Flor María | Comercial Flor María,90449095,,Región de Coquimbo ,,,,,,Alimentos campeonato de futbol - DIDECO-DEPORTES ,Fruta frescaFrutas surtidas  (manzana-naranja-durazno-platano),720.0,EA,CLP,210.0,,
3000-17-MC20,,2020-11-05T19:26:12Z,direct,,,,I MUNICIPALIDAD DE MONTEPATRIA | Dirección  Adm. y  Finanzas,690408007,,Región de Coquimbo ,,Comercial Flor María | Comercial Flor María,90449095,,Región de Coquimbo ,,,,,,Alimentos campeonato de futbol - DIDECO-DEPORTES ,Carnes frescas procesadas y preparadasJamón Sándwich ,120.0,OA,CLP,84.0,,
3000-17-MC20,,2020-11-05T19:26:12Z,direct,,,,I MUNICIPALIDAD DE MONTEPATRIA | Dirección  Adm. y  Finanzas,690408007,,Región de Coquimbo ,,Comercial Flor María | Comercial Flor María,90449095,,Región de Coquimbo ,,,,,,Alimentos campeonato de futbol - DIDECO-DEPORTES ,Pescado estable sin refrigerarJurel tipo salmón ,20.0,EA,CLP,840.0,,
3000-17-MC20,,2020-11-05T19:26:12Z,direct,,,,I MUNICIPALIDAD DE MONTEPATRIA | Dirección  Adm. y  Finanzas,690408007,,Región de Coquimbo ,,Comercial Flor María | Comercial Flor María,90449095,,Región de Coquimbo ,,,,,,Alimentos campeonato de futbol - DIDECO-DEPORTES ,Huevos frescosHuevos ( 30 unidades),2.0,BAN,CLP,3782.0,,
3000-17-MC20,,2020-11-05T19:26:12Z,direct,,,,I MUNICIPALIDAD DE MONTEPATRIA | Dirección  Adm. y  Finanzas,690408007,,Región de Coquimbo ,,Comercial Flor María | Comercial Flor María,90449095,,Región de Coquimbo ,,,,,,Alimentos campeonato de futbol - DIDECO-DEPORTES ,MayonesaMayonesa ,2.0,EA,CLP,2101.0,,
3000-17-MC20,,2020-11-05T19:26:12Z,direct,,,,I MUNICIPALIDAD DE MONTEPATRIA | Dirección  Adm. y  Finanzas,690408007,,Región de Coquimbo ,,Comercial Flor María | Comercial Flor María,90449095,,Región de Coquimbo ,,,,,,Alimentos campeonato de futbol - DIDECO-DEPORTES ,Leche o productos de mantequillaLeche liquida blanca de 1 litro ,30.0,EA,CLP,756.0,,
3000-17-MC20,,2020-11-05T19:26:12Z,direct,,,,I MUNICIPALIDAD DE MONTEPATRIA | Dirección  Adm. y  Finanzas,690408007,,Región de Coquimbo ,,Comercial Flor María | Comercial Flor María,90449095,,Región de Coquimbo ,,,,,,Alimentos campeonato de futbol - DIDECO-DEPORTES ,Productos de mantequilla o leche en conservamargarina en pote de 1 kilo ,2.0,EA,CLP,1681.0,,
3000-17-MC20,,2020-11-05T19:26:12Z,direct,,,,I MUNICIPALIDAD DE MONTEPATRIA | Dirección  Adm. y  Finanzas,690408007,,Región de Coquimbo ,,Comercial Flor María | Comercial Flor María,90449095,,Región de Coquimbo ,,,,,,Alimentos campeonato de futbol - DIDECO-DEPORTES ,Queso naturalQueso amarillo laminado ,120.0,OA,CLP,168.0,,
3000-17-MC20,,2020-11-05T19:26:12Z,direct,,,,I MUNICIPALIDAD DE MONTEPATRIA | Dirección  Adm. y  Finanzas,690408007,,Región de Coquimbo ,,Comercial Flor María | Comercial Flor María,90449095,,Región de Coquimbo ,,,,,,Alimentos campeonato de futbol - DIDECO-DEPORTES ,Aceites de plantas y verduras comestiblesAceite vegetal ,12.0,EA,CLP,840.0,,
3000-17-MC20,,2020-11-05T19:26:12Z,direct,,,,I MUNICIPALIDAD DE MONTEPATRIA | Dirección  Adm. y  Finanzas,690408007,,Región de Coquimbo ,,Comercial Flor María | Comercial Flor María,90449095,,Región de Coquimbo ,,,,,,Alimentos campeonato de futbol - DIDECO-DEPORTES ,Productos de edulcorantes o azúcares naturalesAzúcar,8.0,EA,CLP,546.0,,
3000-17-MC20,,2020-11-05T19:26:12Z,direct,,,,I MUNICIPALIDAD DE MONTEPATRIA | Dirección  Adm. y  Finanzas,690408007,,Región de Coquimbo ,,Comercial Flor María | Comercial Flor María,90449095,,Región de Coquimbo ,,,,,,Alimentos campeonato de futbol - DIDECO-DEPORTES ,Hierbas secasorégano ,1.0,EA,CLP,1681.0,,
3000-17-MC20,,2020-11-05T19:26:12Z,direct,,,,I MUNICIPALIDAD DE MONTEPATRIA | Dirección  Adm. y  Finanzas,690408007,,Región de Coquimbo ,,Comercial Flor María | Comercial Flor María,90449095,,Región de Coquimbo ,,,,,,Alimentos campeonato de futbol - DIDECO-DEPORTES ,"Sal de cocina o de mesaSal
",2.0,KGM,CLP,378.0,,
3000-17-MC20,,2020-11-05T19:26:12Z,direct,,,,I MUNICIPALIDAD DE MONTEPATRIA | Dirección  Adm. y  Finanzas,690408007,,Región de Coquimbo ,,Comercial Flor María | Comercial Flor María,90449095,,Región de Coquimbo ,,,,,,Alimentos campeonato de futbol - DIDECO-DEPORTES ,Salsas para cocinarSalsa de tomates ,40.0,EA,CLP,336.0,,
3000-17-MC20,,2020-11-05T19:26:12Z,direct,,,,I MUNICIPALIDAD DE MONTEPATRIA | Dirección  Adm. y  Finanzas,690408007,,Región de Coquimbo ,,Comercial Flor María | Comercial Flor María,90449095,,Región de Coquimbo ,,,,,,Alimentos campeonato de futbol - DIDECO-DEPORTES ,Paté u otras pastas para untarPate de ternera ,10.0,EA,CLP,420.0,,
3000-17-MC20,,2020-11-05T19:26:12Z,direct,,,,I MUNICIPALIDAD DE MONTEPATRIA | Dirección  Adm. y  Finanzas,690408007,,Región de Coquimbo ,,Comercial Flor María | Comercial Flor María,90449095,,Región de Coquimbo ,,,,,,Alimentos campeonato de futbol - DIDECO-DEPORTES ,Pasta o tallarines naturales frescosFideos tipo tallarines ,30.0,EA,CLP,588.0,,
3000-17-MC20,,2020-11-05T19:26:12Z,direct,,,,I MUNICIPALIDAD DE MONTEPATRIA | Dirección  Adm. y  Finanzas,690408007,,Región de Coquimbo ,,Comercial Flor María | Comercial Flor María,90449095,,Región de Coquimbo ,,,,,,Alimentos campeonato de futbol - DIDECO-DEPORTES ,Pasta o tallarines naturales frescosFideos tipo corbatas,19.0,EA,CLP,588.0,,
3000-17-MC20,,2020-11-05T19:26:12Z,direct,,,,I MUNICIPALIDAD DE MONTEPATRIA | Dirección  Adm. y  Finanzas,690408007,,Región de Coquimbo ,,Comercial Flor María | Comercial Flor María,90449095,,Región de Coquimbo ,,,,,,Alimentos campeonato de futbol - DIDECO-DEPORTES ,CaféCafe ,1.0,JR,CLP,8403.0,,
3000-17-MC20,,2020-11-05T19:26:12Z,direct,,,,I MUNICIPALIDAD DE MONTEPATRIA | Dirección  Adm. y  Finanzas,690408007,,Región de Coquimbo ,,Comercial Flor María | Comercial Flor María,90449095,,Región de Coquimbo ,,,,,,Alimentos campeonato de futbol - DIDECO-DEPORTES ,Té de hierbasTe en bolsas de 100 unidades ,3.0,EA,CLP,1681.0,,
3000-17-MC20,,2020-11-05T19:26:12Z,direct,,,,I MUNICIPALIDAD DE MONTEPATRIA | Dirección  Adm. y  Finanzas,690408007,,Región de Coquimbo ,,Comercial Flor María | Comercial Flor María,90449095,,Región de Coquimbo ,,,,,,Alimentos campeonato de futbol - DIDECO-DEPORTES ,Jugo en polvoJugo en polvo sabor naranja ,60.0,EA,CLP,168.0,,
3000-17-MC20,,2020-11-05T19:26:12Z,direct,,,,I MUNICIPALIDAD DE MONTEPATRIA | Dirección  Adm. y  Finanzas,690408007,,Región de Coquimbo ,,Comercial Flor María | Comercial Flor María,90449095,,Región de Coquimbo ,,,,,,Alimentos campeonato de futbol - DIDECO-DEPORTES ,Granos de LegumbresLentejas ,4.0,KGM,CLP,1681.0,,
3000-17-MC20,,2020-11-05T19:26:12Z,direct,,,,I MUNICIPALIDAD DE MONTEPATRIA | Dirección  Adm. y  Finanzas,690408007,,Región de Coquimbo ,,Comercial Flor María | Comercial Flor María,90449095,,Región de Coquimbo ,,,,,,Alimentos campeonato de futbol - DIDECO-DEPORTES ,Granos de LegumbresPorotos ,3.0,KGM,CLP,1681.0,,
3000-17-MC20,,2020-11-05T19:26:12Z,direct,,,,I MUNICIPALIDAD DE MONTEPATRIA | Dirección  Adm. y  Finanzas,690408007,,Región de Coquimbo ,,Comercial Flor María | Comercial Flor María,90449095,,Región de Coquimbo ,,,,,,Alimentos campeonato de futbol - DIDECO-DEPORTES ,Granos de CerealesArroz ,20.0,EA,CLP,580.0,,
3000-17-MC20,,2020-11-05T19:26:12Z,direct,,,,I MUNICIPALIDAD DE MONTEPATRIA | Dirección  Adm. y  Finanzas,690408007,,Región de Coquimbo ,,Comercial Flor María | Comercial Flor María,90449095,,Región de Coquimbo ,,,,,,Alimentos campeonato de futbol - DIDECO-DEPORTES ,AjoAjo (cabeza),10.0,EA,CLP,168.0,,
3000-17-MC20,,2020-11-05T19:26:12Z,direct,,,,I MUNICIPALIDAD DE MONTEPATRIA | Dirección  Adm. y  Finanzas,690408007,,Región de Coquimbo ,,Comercial Flor María | Comercial Flor María,90449095,,Región de Coquimbo ,,,,,,Alimentos campeonato de futbol - DIDECO-DEPORTES ,ServilletasServilleta blanca de 100 unidades ,7.0,EA,CLP,588.0,,
3000-55-MC20,,2020-11-05T19:26:53Z,direct,,,,I MUNICIPALIDAD DE MONTEPATRIA | Dirección  Adm. y  Finanzas,690408007,,Región de Coquimbo ,,leonor T Castillo | leonor T Castillo,104884709,,Región de Coquimbo ,,,,,,BIDONES DE AGUA DEPENDENCIAS MUNICIPALES,Agua mineralAgua mineral sin gas de 20 litros ,178.0,BD,CLP,1900.0,,
3000-56-MC20,,2020-11-05T19:26:53Z,direct,,,,I MUNICIPALIDAD DE MONTEPATRIA | Dirección  Adm. y  Finanzas,690408007,,Región de Coquimbo ,,pedro valencia | valmay,135360422,,Región de Coquimbo ,,,,,,"Servicio de traslado, DIDECO","Mini-furgonetas o furgonetasServicio de traslado en 2 furgones con capacidad para 20 personas c/u , para  Delegaciones participantes en Campeonato de Futbol “Copa Internacional Monte Patria 2020”, el día 16.01.2020, desde Rapel hasta cancha municipal de El Peralito, salida 17:00 hrs y regreso a las 22:30 hrs.",1.0,GL,CLP,140000.0,,
3000-58-MC20,,2020-11-05T19:26:53Z,direct,,,,I MUNICIPALIDAD DE MONTEPATRIA | Dirección  Adm. y  Finanzas,690408007,,Región de Coquimbo ,,Comercial Flor María | Comercial Flor María,90449095,,Región de Coquimbo ,,,,,,INSUMOS ACTIVIDADES VERANO 2020,Leche o productos de mantequillaMARGARINA EN POTE 1 KILO ,2.0,KGM,CLP,3008.0,,
3000-58-MC20,,2020-11-05T19:26:53Z,direct,,,,I MUNICIPALIDAD DE MONTEPATRIA | Dirección  Adm. y  Finanzas,690408007,,Región de Coquimbo ,,Comercial Flor María | Comercial Flor María,90449095,,Región de Coquimbo ,,,,,,INSUMOS ACTIVIDADES VERANO 2020,CaféCAFÉ EN TARRO 170 GRAMOS ,1.0,EA,CLP,3983.0,,
3000-58-MC20,,2020-11-05T19:26:53Z,direct,,,,I MUNICIPALIDAD DE MONTEPATRIA | Dirección  Adm. y  Finanzas,690408007,,Región de Coquimbo ,,Comercial Flor María | Comercial Flor María,90449095,,Región de Coquimbo ,,,,,,INSUMOS ACTIVIDADES VERANO 2020,Té instantáneoTE EN BOLSAS DE 100 UNIDADES ,1.0,BX,CLP,1672.0,,
3000-58-MC20,,2020-11-05T19:26:53Z,direct,,,,I MUNICIPALIDAD DE MONTEPATRIA | Dirección  Adm. y  Finanzas,690408007,,Región de Coquimbo ,,Comercial Flor María | Comercial Flor María,90449095,,Región de Coquimbo ,,,,,,INSUMOS ACTIVIDADES VERANO 2020,Jugo en polvoJUGOS EN POLVO VARIEDAD DE SABORES ,20.0,EA,CLP,336.0,,
3000-58-MC20,,2020-11-05T19:26:53Z,direct,,,,I MUNICIPALIDAD DE MONTEPATRIA | Dirección  Adm. y  Finanzas,690408007,,Región de Coquimbo ,,Comercial Flor María | Comercial Flor María,90449095,,Región de Coquimbo ,,,,,,INSUMOS ACTIVIDADES VERANO 2020,Harina de trigoHARINA BLANCA 1 KILO ,8.0,KGM,CLP,580.0,,
3000-58-MC20,,2020-11-05T19:26:53Z,direct,,,,I MUNICIPALIDAD DE MONTEPATRIA | Dirección  Adm. y  Finanzas,690408007,,Región de Coquimbo ,,Comercial Flor María | Comercial Flor María,90449095,,Región de Coquimbo ,,,,,,INSUMOS ACTIVIDADES VERANO 2020,Producción de remolacha azucarera y caña de azúcarAZÚCAR 1 KILO,2.0,KGM,CLP,546.0,,
3013-32-SE20,,2020-11-05T19:26:12Z,direct,,,,ILUSTRE MUNICIPALIDAD DE RETIRO | Adquisiciones,691308006,,Región del Maule ,,MARIA | MARIA,191276116,,Región del Maule ,,,,,,COORDINADORA CENTRO ABIERTO COPIHUE,"Mano de obra temporalContratación de servicio de Coordinadora de Centro de Atención de Hijos de Madres Temporeras localidad de Copihue, labor que se desarrollará desde el 13 de enero al 07 de febrero 2020, según Decreto Exento Nº 155 de fecha 10/01/2020.",1.0,GL,CLP,650000.0,,
3016-28-MC20,,2020-11-05T19:26:53Z,direct,,,,ILUSTRE MUNICIPALIDAD DE LOLOL | ADQUISICIONES,690905000,,Región del Libertador General Bernardo O´Higgins,,Gabriela Giudici Valenzuela | Gabriela Giudici,102905474,,Región Metropolitana de Santiago,,,,,,Servicios Fotográficos 12° Encuentro de las Letras,"Servicios de fotografía aéreaServicios Fotográficos 12° Encuentro de las Letras del Valle de Lolol, 17 y 18 de Enero 2020, memo N°36",1.0,000,CLP,273890.0,,
3047-59-MC20,,2020-11-05T19:26:53Z,direct,,,,DIRECCION GENERAL DE LOS SERVICIOS DE LA ARMADA | ACADEMIA POLITECNICA NAVAL,619301005,,Región de Valparaíso ,,JACQUELINE | JACQUELINE,765136687,,Región de Valparaíso ,,,,,,MATERIALES MANTENCION DE DEPENDENCIAS GRUMETES,Conductos eléctricosCOMPRA SEGÚN COTIZACIÓN N° 2014,1.0,EA,CLP,410163.0,,
3052-1-SE20,,2020-11-05T19:26:52Z,direct,,,,I MUNICIPALIDAD DE SAN PEDRO DE ATACAMA | Dirección de Obras,692525000,,Región de Antofagasta ,,GLOBAL SYSTEM | CAPACITACIONES,769240330,,Región de los Lagos ,,,,,,CONSULTORIA ,Asesorías en gestión estratégicaCONSULTORIA ESTRATEGICA EN BASES DE LICITACION E INSPECCION TECNICA DE OBRAS 16 Y 17 DE ENERO 2020,1.0,000,CLP,6200000.0,,
3082-8-MC20,,2020-11-05T19:26:12Z,direct,,,,Municipalidad de Panquehue | Dpto. Administraciòn y Finanzas,690508001,,Región de Valparaíso ,,bella roxana | bella roxana,533162657,,Región de Valparaíso ,,,,,,Compra de Insumos de Aseo,Bolsas de basuraCompra de artículos de aseo para uso en los diferentes departamentos municipales.,1.0,EA,CLP,125640.0,,
3117-62-MC20,,2020-11-05T19:26:12Z,direct,,,,DIRECCION GENERAL DE LOS SERVICIOS DE LA ARMADA | DEPTO. DE BIENESTAR SOCIAL (V),611020066,,Región de Valparaíso ,,CRISTIAN  | CRISTIAN ,770233372,,Región de Valparaíso ,,,,,,CONFECCION PLANOS SISTEMA HIDRAULICO CR. MAITENES,Dibujo técnicoCONFECCION DE PLANO SISTEMA HIDRAULICO PARA ACCESO A PISCINA.,1.0,EA,CLP,416000.0,,
3131-31-SE20,,2020-11-05T19:26:52Z,direct,,,,DIRECCION GENERAL DE LOS SERVICIOS DE LA ARMADA | ESTACION NAVAL METROPOLITANA,611020708,,Región Metropolitana de Santiago,,Automotores Gildemeister SPA | SERVICIO TECNICO GILDEMEISTER,79649140K,,Región Metropolitana de Santiago,,,,,,Mantenimiento preventivo vehiculo fiscal AU-441,"Kit de mantenimiento de vehículo de soporte en tieServicio de mantenimiento preventivo por 110.000 km  de vehículo fiscal SIGLA NAVAL AU-441, dependiente de la Estación Naval Metropolitana.
MARCA: HYUNDAI
MODELO: ELANTRA 1.6
PATENTE: DZRH11

*ACEPTAR ORDEN DE COMPRA EN EL PORTAL*
*ENVÍAR FACTURA ELECTRÓNICA A LOS CORREOS ELECTRÓNICOS:
 acaniunir@armada.cl, fbenavides@armada.cl, mgrandon@armada.cl, facturasestanavmet@armada.cl*",1.0,EA,CLP,94512.0,,
3159-14-MC20,,2020-11-05T19:26:53Z,direct,,,,DIRECCION GENERAL DE LOS SERVICIOS DE LA ARMADA | DEPTO. DE BIENESTAR SOCIAL (I),611020384,,Región de Tarapacá  ,,JOSE ALFREDO | JOSE ALFREDO,769734244,,Región de Tarapacá  ,,,,,,"Mantención de Extintores - Casa de Huéspedes ""Caleta Angamos""","ExtintoresServicio de mantención de extintores, según cotización del proveedor.",4.0,000,CLP,10000.0,,
316-40-MC20,,2020-11-05T19:26:52Z,direct,,,,Ilustre Municipalidad de Villa Alemana | ADQUISICIONES,690615002,,Región de Valparaíso ,,TRANSPORTES ARACIS LIMITADA | TRANSPORTES ARACIS LTDA,765568846,,Región de Valparaíso ,,,,,,P. N° 2 D.A.F,"Vehículos de servicioTransporte para los días - 16,22,23,29,30 mes enero. total 5 días. horarios desde 09:30 horas hasta las 15:30 horas.",1.0,EA,CLP,325000.0,,
3171-7-MC20,,2020-11-05T19:26:12Z,direct,,,,DIRECCION GENERAL DE LOS SERVICIOS DE LA ARMADA | GOBERNACION MARITIMA DE AYSEN,611020945,,Región Aysén del General Carlos Ibáñez del Campo,,marcelo enrique | marcelo enrique,179117177,,Región Aysén del General Carlos Ibáñez del Campo,,,,,,PODAR ÁRBOLES ÁREAS VERDES GOBERNACIÓN MARÍTIMA,"Servicios de poda de árbolesSERVICIO DE PODA DE 24 ÁRBOLES (PINO), SE ADJUNTA COTIZACIÓN.",1.0,EA,CLP,294000.0,,
3191-288-SE20,,2020-11-05T19:26:53Z,direct,,,,DIRECCION GENERAL DE LOS SERVICIOS DE LA ARMADA | HOSPITAL NAVAL ALMIRANTE NEF,611020171,,Región de Valparaíso ,,Roche Chile Ltda. Roche Pharma | Roche Chile Ltda. Roche Diagnostics,829994003,,Región Metropolitana de Santiago,,,,,,"NN INSUMOS CLÍNICOS Y REACTIVOS ART.10,N°7,LETRA F","Reactivos o soluciones químicosDERIVADOS DE HEMOGLOBINA	3	1150	3450
GASES (CALCIO IONICO-PH)	344	1150	395600
GASES Y EQUILIBRIO ACIDO BASE	506	1150	581900

*DESDE	01-12-2019
*HASTA	31-12-2019
",1.0,EA,CLP,980950.0,,
3268-48-MC20,,2020-11-05T19:26:53Z,direct,,,,Fuerza Aérea de Chile | IVª Brigada Aérea,611030215,,Región de Magallanes y de la Antártica,,Sistemas Informaticos  Ltda. | Sistemas Informaticos  Ltda.,772597207,,Región de Magallanes y de la Antártica,,,,,,210 001/2020 GA DISCO DURO,"Discos durosDISCO DURO PC 1 TB SATA 3,5 BLUE WESTERN DIGITAL ",1.0,EA,CLP,37815.0,,
3286-34-MC20,,2020-11-05T19:26:52Z,direct,,,,I MUNICIPALIDAD DE TUCAPEL | Dirección  de Administración  y Finanzas ,691418006,,Región del Biobío ,,FERRETERIA OROMPELLO LTDA. | FERRETERIA OROMPELLO LTDA.,764400615,,Región del Biobío ,,,,,,ADQUISICION DE 01 ODÓMETRO,Ruedas de medición para distanciasODOMETRO GREAT WALL GW-QL05 100,1.0,EA,CLP,23269.0,,
3442-23-SE20,,2020-11-05T19:26:53Z,direct,,,,Ilustre Municipalidad de Vichuquén | Administración y Finanzas,691007006,,Región del Maule ,,Inversiones CHL Limitada  | Inversiones CHL LImitada,763879526,,Región Metropolitana de Santiago,,,,,,BOMBAS SUMERGIBLES PLANTA DE TRATAMIENTO DE AGUAS SERVIDAS LLICO,Bombas sumergiblesBOMBA SUMERGIBLE 1.5 HP,2.0,000,CLP,299000.0,,
3479-60-MC20,,2020-11-05T19:26:11Z,direct,,,,Ilustre Municipalidad de Calbuco | Municipalidad De Calbuco,692206002,,Región de los Lagos ,,RED OFFICE SUR LTDA. | RED OFFICE SUR LTDA.,778060000,,Región de los Lagos ,,,,,,MATERIALES DE ASEO/DAF,Detergentes surfactantesLIMPIADOR LIQUIDO POETT LAVANDA 900 ML,10.0,000,CLP,1264.0,,
3479-60-MC20,,2020-11-05T19:26:11Z,direct,,,,Ilustre Municipalidad de Calbuco | Municipalidad De Calbuco,692206002,,Región de los Lagos ,,RED OFFICE SUR LTDA. | RED OFFICE SUR LTDA.,778060000,,Región de los Lagos ,,,,,,MATERIALES DE ASEO/DAF,Detergentes surfactantesLIMPIADOR CIF CREMA 750GR,15.0,000,CLP,1456.0,,
3479-60-MC20,,2020-11-05T19:26:11Z,direct,,,,Ilustre Municipalidad de Calbuco | Municipalidad De Calbuco,692206002,,Región de los Lagos ,,RED OFFICE SUR LTDA. | RED OFFICE SUR LTDA.,778060000,,Región de los Lagos ,,,,,,MATERIALES DE ASEO/DAF,Guantes quirúrgicosGUANTES LATEX VITUTEX C/POLVO T/M 100 UNIDADES,1.0,000,CLP,2422.0,,
3479-60-MC20,,2020-11-05T19:26:11Z,direct,,,,Ilustre Municipalidad de Calbuco | Municipalidad De Calbuco,692206002,,Región de los Lagos ,,RED OFFICE SUR LTDA. | RED OFFICE SUR LTDA.,778060000,,Región de los Lagos ,,,,,,MATERIALES DE ASEO/DAF,Bolsas de basuraBOLSA DE BASURA VIRUTEX NEGRA ROLLO 70X90 10 UNIDADES,15.0,000,CLP,798.0,,
3479-60-MC20,,2020-11-05T19:26:11Z,direct,,,,Ilustre Municipalidad de Calbuco | Municipalidad De Calbuco,692206002,,Región de los Lagos ,,RED OFFICE SUR LTDA. | RED OFFICE SUR LTDA.,778060000,,Región de los Lagos ,,,,,,MATERIALES DE ASEO/DAF,Bolsas de basuraBOLSA DE BASURA 50X70 BIO ROLLO X10 UNIDADES,15.0,000,CLP,409.0,,
3479-60-MC20,,2020-11-05T19:26:11Z,direct,,,,Ilustre Municipalidad de Calbuco | Municipalidad De Calbuco,692206002,,Región de los Lagos ,,RED OFFICE SUR LTDA. | RED OFFICE SUR LTDA.,778060000,,Región de los Lagos ,,,,,,MATERIALES DE ASEO/DAF,Escurridor de traperoTRAPERO ALGODON VIRUTEX - PRODOBLE CON OJAL,15.0,000,CLP,1029.0,,
3479-60-MC20,,2020-11-05T19:26:11Z,direct,,,,Ilustre Municipalidad de Calbuco | Municipalidad De Calbuco,692206002,,Región de los Lagos ,,RED OFFICE SUR LTDA. | RED OFFICE SUR LTDA.,778060000,,Región de los Lagos ,,,,,,MATERIALES DE ASEO/DAF,Frazadas o mopas para limpieza del sueloLIMPIAVIDRIO VIRUTEX  MANGO LARGO 40 CM,1.0,000,CLP,3077.0,,
3479-60-MC20,,2020-11-05T19:26:11Z,direct,,,,Ilustre Municipalidad de Calbuco | Municipalidad De Calbuco,692206002,,Región de los Lagos ,,RED OFFICE SUR LTDA. | RED OFFICE SUR LTDA.,778060000,,Región de los Lagos ,,,,,,MATERIALES DE ASEO/DAF,Paños de limpiezaPAÑO DE GENERO 40X35,15.0,000,CLP,262.0,,
3479-60-MC20,,2020-11-05T19:26:11Z,direct,,,,Ilustre Municipalidad de Calbuco | Municipalidad De Calbuco,692206002,,Región de los Lagos ,,RED OFFICE SUR LTDA. | RED OFFICE SUR LTDA.,778060000,,Región de los Lagos ,,,,,,MATERIALES DE ASEO/DAF,Paños de gamuza o guantes lavablesGUANTES SCOTCH BRITE MULTIUSO T/M,10.0,000,CLP,1148.0,,
3479-60-MC20,,2020-11-05T19:26:11Z,direct,,,,Ilustre Municipalidad de Calbuco | Municipalidad De Calbuco,692206002,,Región de los Lagos ,,RED OFFICE SUR LTDA. | RED OFFICE SUR LTDA.,778060000,,Región de los Lagos ,,,,,,MATERIALES DE ASEO/DAF,EsponjasESPONJA VIRUTEX LISA COBRE CREATIVA X2 UNIDADES,6.0,000,CLP,965.0,,
3479-60-MC20,,2020-11-05T19:26:11Z,direct,,,,Ilustre Municipalidad de Calbuco | Municipalidad De Calbuco,692206002,,Región de los Lagos ,,RED OFFICE SUR LTDA. | RED OFFICE SUR LTDA.,778060000,,Región de los Lagos ,,,,,,MATERIALES DE ASEO/DAF,Cepillos de limpiezaESCOBILLA WC VIRUTEX CIRCULAR  BLANCA C/BASE,2.0,000,CLP,2533.0,,
3479-60-MC20,,2020-11-05T19:26:11Z,direct,,,,Ilustre Municipalidad de Calbuco | Municipalidad De Calbuco,692206002,,Región de los Lagos ,,RED OFFICE SUR LTDA. | RED OFFICE SUR LTDA.,778060000,,Región de los Lagos ,,,,,,MATERIALES DE ASEO/DAF,Desinfectantes domésticosCLORO TREMEX TRADICIONAL 900CC,10.0,000,CLP,1267.0,,
3479-60-MC20,,2020-11-05T19:26:11Z,direct,,,,Ilustre Municipalidad de Calbuco | Municipalidad De Calbuco,692206002,,Región de los Lagos ,,RED OFFICE SUR LTDA. | RED OFFICE SUR LTDA.,778060000,,Región de los Lagos ,,,,,,MATERIALES DE ASEO/DAF,Productos para lavar platosLAVALOZA LIQUIDO QUIX 750ML,10.0,000,CLP,1652.0,,
3479-60-MC20,,2020-11-05T19:26:11Z,direct,,,,Ilustre Municipalidad de Calbuco | Municipalidad De Calbuco,692206002,,Región de los Lagos ,,RED OFFICE SUR LTDA. | RED OFFICE SUR LTDA.,778060000,,Región de los Lagos ,,,,,,MATERIALES DE ASEO/DAF,DesodorantesDESODORANTE AMBIENTAL POETT LAVANDA 360ML,15.0,000,CLP,1231.0,,
3479-60-MC20,,2020-11-05T19:26:11Z,direct,,,,Ilustre Municipalidad de Calbuco | Municipalidad De Calbuco,692206002,,Región de los Lagos ,,RED OFFICE SUR LTDA. | RED OFFICE SUR LTDA.,778060000,,Región de los Lagos ,,,,,,MATERIALES DE ASEO/DAF,ServilletasSERVILLETAS NOVA CLASICA 50 UNIDADES,30.0,000,CLP,203.0,,
3479-60-MC20,,2020-11-05T19:26:11Z,direct,,,,Ilustre Municipalidad de Calbuco | Municipalidad De Calbuco,692206002,,Región de los Lagos ,,RED OFFICE SUR LTDA. | RED OFFICE SUR LTDA.,778060000,,Región de los Lagos ,,,,,,MATERIALES DE ASEO/DAF,JabonesJABON LIQUIDO RAYTANTRICLOSAN 5 LITROS,3.0,000,CLP,6557.0,,
3494-6-SE20,,2020-11-05T19:26:53Z,direct,,,,Ilustre Municipalidad de Vilcún | Departamento Educación,691908003,,Región de la Araucanía ,,Jose Antonio | Jose Antonio,762914123,,Región de la Araucanía ,,,,,,COMPRA DE MATERIALES REPARACIÓN,SoldaduraSOLDADURA ESTAÑO 50% 450GR ROLLO ,1.0,000,CLP,9656.0,,
3494-6-SE20,,2020-11-05T19:26:53Z,direct,,,,Ilustre Municipalidad de Vilcún | Departamento Educación,691908003,,Región de la Araucanía ,,Jose Antonio | Jose Antonio,762914123,,Región de la Araucanía ,,,,,,COMPRA DE MATERIALES REPARACIÓN,Uniones HidráulicasTEE SOLDAR 1/2 BRONCE,4.0,000,CLP,630.0,,
3494-6-SE20,,2020-11-05T19:26:53Z,direct,,,,Ilustre Municipalidad de Vilcún | Departamento Educación,691908003,,Región de la Araucanía ,,Jose Antonio | Jose Antonio,762914123,,Región de la Araucanía ,,,,,,COMPRA DE MATERIALES REPARACIÓN,Uniones HidráulicasTERMINAL SOLDAR HE 1/2,6.0,000,CLP,496.0,,
3494-6-SE20,,2020-11-05T19:26:53Z,direct,,,,Ilustre Municipalidad de Vilcún | Departamento Educación,691908003,,Región de la Araucanía ,,Jose Antonio | Jose Antonio,762914123,,Región de la Araucanía ,,,,,,COMPRA DE MATERIALES REPARACIÓN,Uniones HidráulicasTERMINAL SOLDAR HI 1/2,6.0,000,CLP,546.0,,
3494-6-SE20,,2020-11-05T19:26:53Z,direct,,,,Ilustre Municipalidad de Vilcún | Departamento Educación,691908003,,Región de la Araucanía ,,Jose Antonio | Jose Antonio,762914123,,Región de la Araucanía ,,,,,,COMPRA DE MATERIALES REPARACIÓN,Conductos de cobreCAÑERIA COBRE 1/2 X 6 MT,2.0,000,CLP,18488.0,,
3494-6-SE20,,2020-11-05T19:26:53Z,direct,,,,Ilustre Municipalidad de Vilcún | Departamento Educación,691908003,,Región de la Araucanía ,,Jose Antonio | Jose Antonio,762914123,,Región de la Araucanía ,,,,,,COMPRA DE MATERIALES REPARACIÓN,Tubería de bronceMETRO CAÑERIA COBRE 1/2 GAS L,4.0,000,CLP,3235.0,,
3494-6-SE20,,2020-11-05T19:26:53Z,direct,,,,Ilustre Municipalidad de Vilcún | Departamento Educación,691908003,,Región de la Araucanía ,,Jose Antonio | Jose Antonio,762914123,,Región de la Araucanía ,,,,,,COMPRA DE MATERIALES REPARACIÓN,Tomas de aguaFLEXIBLE GAS 1/2 X 1/2 X1MT,4.0,000,CLP,7395.0,,
3494-6-SE20,,2020-11-05T19:26:53Z,direct,,,,Ilustre Municipalidad de Vilcún | Departamento Educación,691908003,,Región de la Araucanía ,,Jose Antonio | Jose Antonio,762914123,,Región de la Araucanía ,,,,,,COMPRA DE MATERIALES REPARACIÓN,Tubería de bronceCOPLA DE BRONCE SO 1/2,5.0,000,CLP,336.0,,
3494-6-SE20,,2020-11-05T19:26:53Z,direct,,,,Ilustre Municipalidad de Vilcún | Departamento Educación,691908003,,Región de la Araucanía ,,Jose Antonio | Jose Antonio,762914123,,Región de la Araucanía ,,,,,,COMPRA DE MATERIALES REPARACIÓN,Reguladores de gasLLAVE DE GAS BRONCE 1/2,4.0,000,CLP,3235.0,,
3494-6-SE20,,2020-11-05T19:26:53Z,direct,,,,Ilustre Municipalidad de Vilcún | Departamento Educación,691908003,,Región de la Araucanía ,,Jose Antonio | Jose Antonio,762914123,,Región de la Araucanía ,,,,,,COMPRA DE MATERIALES REPARACIÓN,Codos de tuboCODO SOLDAR 1/2,10.0,000,CLP,412.0,,
3507-19-SE20,,2020-11-05T19:26:11Z,direct,,,,Ilustre Municipalidad de Calbuco | Departamento de Salud,653218907,,Región de los Lagos ,,Centro de Resonancia Magnética Sinapsis | Centro de Resonancia Magnética Sinapsis,762622785,,Región de los Lagos ,,,,,,ECOTOMOGRAFIAS ABDOMINALES,Exámenes médicosECOTOMOGRAFIA ABDOMINAL CON CD E INFORME,30.0,000,CLP,23500.0,,
355-5-SE20,,2020-11-05T19:26:11Z,direct,,,,DIRECCION SERVICIO SALUD METROPOLITANO O | HOSPITAL HANGA ROA,61979270K,,Región de Valparaíso ,,Arau-Chile | Arau-Chile ,995490102,,Región Metropolitana de Santiago,,,,,,Servicio de radio taxi en santiago - Diciembre 19,"Servicios de taxiServicio de radiotaxi en Santiago para pacientes del HHR, enviados a la Red del SSMO entre el 23-11-2019 y el 24-12-2019.",1.0,MON,CLP,546950.0,,
3597-42-MC20,,2020-11-05T19:26:53Z,direct,,,,Ilustre Municipalidad de Vicuña | Ilustre Municipalidad de Vicuña,690405008,,Región de Coquimbo ,,ceda | ceda,764359119,,,,,,,,OC TRATO DIRECTO MENOR 10 UTM,Letreros publicitarios•	Confección e instalación de letras troqueladas de material pvc blanco 20mm 19 letras 1 cruz pintadas.,20.0,EA,CLP,20800.0,,
3597-45-MC20,,2020-11-05T19:26:53Z,direct,,,,Ilustre Municipalidad de Vicuña | Ilustre Municipalidad de Vicuña,690405008,,Región de Coquimbo ,,OBED | OBED,109503630,,Región de Coquimbo ,,,,,,OC TRATO DIRECTO MENOR 10 UTM,Silicona VMQ y PMQ y PVMQsilicona acética  blanca ,2.0,EA,CLP,2100.8403,,
3597-45-MC20,,2020-11-05T19:26:53Z,direct,,,,Ilustre Municipalidad de Vicuña | Ilustre Municipalidad de Vicuña,690405008,,Región de Coquimbo ,,OBED | OBED,109503630,,Región de Coquimbo ,,,,,,OC TRATO DIRECTO MENOR 10 UTM,Urea (UF)barreta 1.65mts,1.0,EA,CLP,10924.3697,,
3597-45-MC20,,2020-11-05T19:26:53Z,direct,,,,Ilustre Municipalidad de Vicuña | Ilustre Municipalidad de Vicuña,690405008,,Región de Coquimbo ,,OBED | OBED,109503630,,Región de Coquimbo ,,,,,,OC TRATO DIRECTO MENOR 10 UTM,Carretillascarretilla difemat,1.0,EA,CLP,30252.1003,,
3597-45-MC20,,2020-11-05T19:26:53Z,direct,,,,Ilustre Municipalidad de Vicuña | Ilustre Municipalidad de Vicuña,690405008,,Región de Coquimbo ,,OBED | OBED,109503630,,Región de Coquimbo ,,,,,,OC TRATO DIRECTO MENOR 10 UTM,Sierrasserrucho ,1.0,EA,CLP,5042.0168,,
3597-45-MC20,,2020-11-05T19:26:53Z,direct,,,,Ilustre Municipalidad de Vicuña | Ilustre Municipalidad de Vicuña,690405008,,Región de Coquimbo ,,OBED | OBED,109503630,,Región de Coquimbo ,,,,,,OC TRATO DIRECTO MENOR 10 UTM,Martillosmartillo anti vibración,1.0,EA,CLP,8403.3613,,
3597-45-MC20,,2020-11-05T19:26:53Z,direct,,,,Ilustre Municipalidad de Vicuña | Ilustre Municipalidad de Vicuña,690405008,,Región de Coquimbo ,,OBED | OBED,109503630,,Región de Coquimbo ,,,,,,OC TRATO DIRECTO MENOR 10 UTM,Cintas métricashuincha medir 10 mts,1.0,EA,CLP,7394.957,,
3597-45-MC20,,2020-11-05T19:26:53Z,direct,,,,Ilustre Municipalidad de Vicuña | Ilustre Municipalidad de Vicuña,690405008,,Región de Coquimbo ,,OBED | OBED,109503630,,Región de Coquimbo ,,,,,,OC TRATO DIRECTO MENOR 10 UTM,Piezas de interruptor y accesorios betonera 130 LTS liol,1.0,EA,CLP,201680.6722,,
3597-45-MC20,,2020-11-05T19:26:53Z,direct,,,,Ilustre Municipalidad de Vicuña | Ilustre Municipalidad de Vicuña,690405008,,Región de Coquimbo ,,OBED | OBED,109503630,,Región de Coquimbo ,,,,,,OC TRATO DIRECTO MENOR 10 UTM,Tubería de broncecopla panza ½ ,20.0,EA,CLP,420.168,,
3597-45-MC20,,2020-11-05T19:26:53Z,direct,,,,Ilustre Municipalidad de Vicuña | Ilustre Municipalidad de Vicuña,690405008,,Región de Coquimbo ,,OBED | OBED,109503630,,Región de Coquimbo ,,,,,,OC TRATO DIRECTO MENOR 10 UTM,Sets de extensión para catéteres intravenosos o arextensión 20 mts,1.0,EA,CLP,17647.0588,,
3597-45-MC20,,2020-11-05T19:26:53Z,direct,,,,Ilustre Municipalidad de Vicuña | Ilustre Municipalidad de Vicuña,690405008,,Región de Coquimbo ,,OBED | OBED,109503630,,Región de Coquimbo ,,,,,,OC TRATO DIRECTO MENOR 10 UTM,Candadoscandado liso 60 mm,2.0,EA,CLP,10084.0336,,
3639-6-MC20,,2020-11-05T19:26:53Z,direct,,,,Ilustre Municipalidad de San Gregorio | Municipalidad de San Gregorio - Educación – Punta Delgada,692515005,,Región de Magallanes y de la Antártica,,Quijada y Quijada Elemento Patagonia Ltda | Q3 Elemento Patagonia,760072966,,Región de Magallanes y de la Antártica,,,,,,Recarga 80 bidones de agua ,Abastecimiento de agua,80.0,EA,CLP,3193.0,,
3682-18-MC20,,2020-11-05T19:26:12Z,direct,,,,Ilustre Municipalidad de Salamanca | Dirección Administración y Finanzas,690414007,,Región de Coquimbo ,,Botilleria El Buen Mosto | sucesion2005,532329809,,Región de Coquimbo ,,,,,,Insumos para colaciones Sr. de la Tierra,Bolsas de plásticoBOLSAS PLASTICAS,50.0,EA,CLP,16.8067,,
3682-18-MC20,,2020-11-05T19:26:12Z,direct,,,,Ilustre Municipalidad de Salamanca | Dirección Administración y Finanzas,690414007,,Región de Coquimbo ,,Botilleria El Buen Mosto | sucesion2005,532329809,,Región de Coquimbo ,,,,,,Insumos para colaciones Sr. de la Tierra,Galletas dulces o pastelitosGALLETAS GRANDES,50.0,EA,CLP,462.1848,,
3682-18-MC20,,2020-11-05T19:26:12Z,direct,,,,Ilustre Municipalidad de Salamanca | Dirección Administración y Finanzas,690414007,,Región de Coquimbo ,,Botilleria El Buen Mosto | sucesion2005,532329809,,Región de Coquimbo ,,,,,,Insumos para colaciones Sr. de la Tierra,"Galletas dulces o pastelitosPASTELITO DULCE, CHOCMAN O SIMILAR.",50.0,EA,CLP,168.0672,,
3682-18-MC20,,2020-11-05T19:26:12Z,direct,,,,Ilustre Municipalidad de Salamanca | Dirección Administración y Finanzas,690414007,,Región de Coquimbo ,,Botilleria El Buen Mosto | sucesion2005,532329809,,Región de Coquimbo ,,,,,,Insumos para colaciones Sr. de la Tierra,Jugos y néctar envasadosNECTAR EN CAJITA,50.0,EA,CLP,210.084,,
3682-18-MC20,,2020-11-05T19:26:12Z,direct,,,,Ilustre Municipalidad de Salamanca | Dirección Administración y Finanzas,690414007,,Región de Coquimbo ,,Botilleria El Buen Mosto | sucesion2005,532329809,,Región de Coquimbo ,,,,,,Insumos para colaciones Sr. de la Tierra,Agua mineralAGUA MINERAL 500 CC SIN GAS,100.0,EA,CLP,462.1848,,
3682-44-MC20,,2020-11-05T19:26:52Z,direct,,,,Ilustre Municipalidad de Salamanca | Dirección Administración y Finanzas,690414007,,Región de Coquimbo ,,EDUARDO MANUEL | EDUARDO MANUEL,118187431,,Región de Coquimbo ,,,,,,SERVICIOS DE TRASLADO PARA LA ENTREGA DE TARJETAS ,Servicios de taxiSERVICIO DE TRASLADO DE PERSONAL POR 3 DIAS DESDE SALAMANCA A ACENTAMIENTOS DE LA COMUNA DE SALAMANCA SEGUN MEMORANDUM N° 433/2019 RRPP Y CC,1.0,GL,CLP,176469.0,,
3703-10-MC20,,2020-11-05T19:26:53Z,direct,,,,Ilustre Municipalidad de Huasco | Finanzas,690307006,,Región de Atacama ,,Jhan Alvaro Javier | Jhan Alvaro Javier,769201890,,Región de Atacama ,,,,,,Impresión de Tela,"Impresión textilServicios de impresión de tela con tinta eco solvente, filtro UV, 4,91x1,81 mtrs.",1.0,GL,CLP,130000.0,,
3704-25-SE20,,2020-11-05T19:26:53Z,direct,,,,Ilustre Municipalidad de Cabo de Hornos | Adquisiciones,692544005,,Región de Magallanes y de la Antártica,,KAUFMANN S.A. Vehículos Motorizados | KAUFMANN S.A - SUC. PTA ARENAS,924750006,,Región de Magallanes y de la Antártica,,,,,,Adquirir reparación y mantención camión compactado,"Aceite de motorcompra de:

Reparación y mantención de camión compactador consistentes en lo detallado en la cotización N°0101286702:
-	Mano de obra mecánica.
-	Repuestos para camión compactador.
-	Lubricantes para camión compactador.
-	Materiales e insumos para camión compactador.

Esta compra se efectuará para un modelo previamente adquirido, y se utilizará en el mantenimiento del camión marca Mercedes Benz, modelo 2726 k 36, año 2012
",1.0,GL,CLP,464209.0,,
3707-7-SE20,,2020-11-05T19:26:12Z,direct,,,,Ilustre Municipalidad de La Higuera | Adquisiciones,690402009,,Región de Coquimbo ,,IMPLEMENTOS S.A. | IMPLEMENTOS S.A. (Coquimbo),789240302,,Región de Coquimbo ,,,,,,ADQUISICION DE FOCOS POR MANTENCION DE BUS PPU BDLF-79,Iluminación exterior para automóviles,1.0,GL,CLP,186699.0,,
3734-21-SE20,,2020-11-05T19:26:53Z,direct,,,,Ilustre Municipalidad de Laja | Adquisiciones,691703002,,Región del Biobío ,,Laboratorio Hidrolab S.A. | Laboratorio Hidrolab S.A.,783703602,,Región Metropolitana de Santiago,,,,,,ANALISIS CALIDAD DE AGUA,"Sistemas de análisis de aguaSERVICIO DE ANALISIS DE CALIDAD DE AGUA EN LAGUNA LA SEÑORAZA, SEGUN COTIZACION # 72034.",1.0,000,CLP,363829.0,,
3750-17-SE20,,2020-11-05T19:26:53Z,direct,,,,Ilustre Municipalidad de La Higuera | Salud,690402009,,Región de Coquimbo ,,TERATEK | TERATEK,767952171,,Región Metropolitana de Santiago,,,,,,RENOVACIÓN DE LICENCIA DE USO MANUAL SAAP,Reloj de controlSEGÚN COTIZACIÓN PRESENTADA POR EL PROVEEDOR.,1.0,GL,CLP,176000.0,,
3759-3-MC20,,2020-11-05T19:26:53Z,direct,,,,Ilustre Municipalidad de Yerbas Buenas | Municipalidad de Yerbas Buenas,691304000,,Región del Maule ,,Microgeo S.A. | Microgeo S.A. - Casa Matriz,885798004,,Región Metropolitana de Santiago,,,,,,SERVICIO TECNICO PLOTER DOM,Impresoras multifunción o multifuncionalesServicio de revisión y reparación a Ploter HP Designjet T830 ,1.0,EA,CLP,165557.98,,
3764-64-MC20,,2020-11-05T19:26:11Z,direct,,,,Ilustre Municipalidad de Nancagua | Municipalidad de Nancagua,690904004,,Región del Libertador General Bernardo O´Higgins,,Transporte Los Tres Antonio Ltda | Transporte Los Tres Antonio Ltda,776886904,,Región del Libertador General Bernardo O´Higgins,,,,,,CONTRATACION DE ARRIENDO DE 3 DIAS DE CAMION ,"Recolección, destrucción, transformación o eliminaCONTRATACION DE ARRRIENDO POR UNA CANTIDAD DE 3 VIAJES DE CAMION PARA RETIRO DE BASURAS Y ESCOMBROS EN CEMENTERIO MUNICIPAL.",1.0,GL,CLP,403361.0,,
3766-3-SE20,,2020-11-05T19:26:12Z,direct,,,,Ilustre Municipalidad de Pelarco | Salud,691106004,,Región del Maule ,,INDURA S.A | INDURA MEDICA,76150343K,,Región Metropolitana de Santiago,,,,,,Oxigneo Medico 6 m3,Oxígeno OSERVICIO DE LLENADO (CYL BAJA CAPACIDAD),3.0,000,CLP,5142.0,,
3766-3-SE20,,2020-11-05T19:26:12Z,direct,,,,Ilustre Municipalidad de Pelarco | Salud,691106004,,Región del Maule ,,INDURA S.A | INDURA MEDICA,76150343K,,Región Metropolitana de Santiago,,,,,,Oxigneo Medico 6 m3,Oxígeno OOXIGENO MEDICO 6 M3,3.0,EA,CLP,23853.0,,
3776-32-MC20,,2020-11-05T19:26:53Z,direct,,,,Ilustre Municipalidad de Hijuelas | UNIDAD DE ADMINISTRACIÓN Y FINANZAS,690605007,,Región de Valparaíso ,,automotriz | automotriz,786587808,,Región de Valparaíso ,,,,,,Servicio reparación móvil Municipal p.p. DLKR-33.-,"Kits de reparación de frenosRegulación de frenos.
Cambio de foco trasero izquierdo.-",1.0,000,CLP,62185.0,,
3791-67-MC20,,2020-11-05T19:26:53Z,direct,,,,Ilustre Municipalidad de Cisnes | Finanzas,692402006,,Región Aysén del General Carlos Ibáñez del Campo,,5.207.962-4 | 5.207.962-4,52079624,,Región Aysén del General Carlos Ibáñez del Campo,,,,,,Orden de pasaje N° 5,"Servicios de autobuses regulares, recorridos fijosOrden de pasaje N° 5",1.0,000,CLP,14000.0,,
3791-74-MC20,,2020-11-05T19:26:53Z,direct,,,,Ilustre Municipalidad de Cisnes | Finanzas,692402006,,Región Aysén del General Carlos Ibáñez del Campo,,Gastón Maldonado | La Economia,86856964,,Región Aysén del General Carlos Ibáñez del Campo,,,,,,Coffe break sesion grupales programa vinculo ,Galletas simples saladascoffe programa vinculo,1.0,000,CLP,36410.084,,
3791-76-MC20,,2020-11-05T19:26:53Z,direct,,,,Ilustre Municipalidad de Cisnes | Finanzas,692402006,,Región Aysén del General Carlos Ibáñez del Campo,,5.207.962-4 | 5.207.962-4,52079624,,Región Aysén del General Carlos Ibáñez del Campo,,,,,,Orden de pasaje N° 3,"Servicios de autobuses regulares, recorridos fijosPasaje para Sra. Dulia Delgado Retamal, tramo La Junta - Coyahique el día 17.01.2020 y regreso 18.01.2020 ",1.0,000,CLP,20000.0,,
3797-26-SE20,,2020-11-05T19:26:12Z,direct,,,,Ilustre Municipalidad de Cochrane | I. Municipalidad de Cochrane,692545001,,Región Aysén del General Carlos Ibáñez del Campo,,JOSE GUILLERMO MELERO REYES E HIJOS LTDA | JOSE GUILLERMO MELERO REYES E HIJOS LTDA,77691780K,,Región Aysén del General Carlos Ibáñez del Campo,,,,,,DESMALEZADORAS DPTO DE OBRAS,Segadora de céspedDESMALEZADORA FS 120,3.0,000,CLP,250840.336,,
3797-26-SE20,,2020-11-05T19:26:12Z,direct,,,,Ilustre Municipalidad de Cochrane | I. Municipalidad de Cochrane,692545001,,Región Aysén del General Carlos Ibáñez del Campo,,JOSE GUILLERMO MELERO REYES E HIJOS LTDA | JOSE GUILLERMO MELERO REYES E HIJOS LTDA,77691780K,,Región Aysén del General Carlos Ibáñez del Campo,,,,,,DESMALEZADORAS DPTO DE OBRAS,Segadora de céspedDESMALEZADORA FS 250,3.0,000,CLP,352857.143,,
3799-26-MC20,,2020-11-05T19:26:11Z,direct,,,,Municipalidad de Purén \ DEPTO.DE SALUD | Municipalidad de Purén,691802000,,Región de la Araucanía ,,gloria guisidett | gloria guisidett,123620771,,Región de la Araucanía ,,,,,,COTILLON FIESTA  FLUOR,Confetis de plástico o papelset de confeti para fiesta conforme a la cotización del proveedor.-,1.0,EA,CLP,200000.0,,
3799-27-SE20,,2020-11-05T19:26:11Z,direct,,,,Municipalidad de Purén \ DEPTO.DE SALUD | Municipalidad de Purén,691802000,,Región de la Araucanía ,,Josue Abel  | Josue Abel ,168505949,,Región de la Araucanía ,,,,,,Show en Fiesta Fluor 2020,Producción de eventosShow en fiesta fluor 2020 plaza de armas de la comuna.-,1.0,EA,CLP,302521.0,,
3810-47-SE20,,2020-11-05T19:26:12Z,direct,,,,Ilustre Municipalidad de Pichilemu | Ilustre Municipalidad de Pichilemu,690912007,,Región del Libertador General Bernardo O´Higgins,,AMW | AMW,77714930K,,Región Metropolitana de Santiago,,,,,,"ADQUISICION DE NEUMATICOS, PARA VEHICULO MUNICIPAL",Neumáticos para camiones pesadosNEUMATICOS 8.5 R17.05,2.0,EA,CLP,147000.0,,
3810-47-SE20,,2020-11-05T19:26:12Z,direct,,,,Ilustre Municipalidad de Pichilemu | Ilustre Municipalidad de Pichilemu,690912007,,Región del Libertador General Bernardo O´Higgins,,AMW | AMW,77714930K,,Región Metropolitana de Santiago,,,,,,"ADQUISICION DE NEUMATICOS, PARA VEHICULO MUNICIPAL",Neumáticos para camiones pesadosNEUMATICOS 8.5 R17.5 BRIGESTONE M716,4.0,EA,CLP,190000.0,,
3820-78-MC20,,2020-11-05T19:26:53Z,direct,,,,Ilustre Municipalidad de Santa María | Adquisiones Municipales,690510006,,Región de Valparaíso ,,DON FERNANDO  | DON FERNANDO,764686810,,Región de Valparaíso ,,,,,,compra de frutos secos,Semillas o frutos secos con cáscaraMANÍ JAPONES,15.0,000,CLP,3780.0,,
3820-78-MC20,,2020-11-05T19:26:53Z,direct,,,,Ilustre Municipalidad de Santa María | Adquisiones Municipales,690510006,,Región de Valparaíso ,,DON FERNANDO  | DON FERNANDO,764686810,,Región de Valparaíso ,,,,,,compra de frutos secos,Producción de frutos secosNUEZ MARIPOSA BLANCA ,20.0,000,CLP,7140.0,,
3820-78-MC20,,2020-11-05T19:26:53Z,direct,,,,Ilustre Municipalidad de Santa María | Adquisiones Municipales,690510006,,Región de Valparaíso ,,DON FERNANDO  | DON FERNANDO,764686810,,Región de Valparaíso ,,,,,,compra de frutos secos,Producción de frutos secosPASA FLAME,15.0,000,CLP,1790.0,,
3820-78-MC20,,2020-11-05T19:26:53Z,direct,,,,Ilustre Municipalidad de Santa María | Adquisiones Municipales,690510006,,Región de Valparaíso ,,DON FERNANDO  | DON FERNANDO,764686810,,Región de Valparaíso ,,,,,,compra de frutos secos,Producción de frutos secosPASA RUBIA,5.0,000,CLP,2940.0,,
3820-78-MC20,,2020-11-05T19:26:53Z,direct,,,,Ilustre Municipalidad de Santa María | Adquisiones Municipales,690510006,,Región de Valparaíso ,,DON FERNANDO  | DON FERNANDO,764686810,,Región de Valparaíso ,,,,,,compra de frutos secos,Producción de frutos secosALMENDRA CON PIEL ,15.0,000,CLP,8200.0,,
3820-79-SE20,,2020-11-05T19:26:53Z,direct,,,,Ilustre Municipalidad de Santa María | Adquisiones Municipales,690510006,,Región de Valparaíso ,,Comercial Disaferco Limitada | Disaferco Limitada,761278320,,Región de Valparaíso ,,,,,,COMPRA DE SACOS DE CEMENTO,CementoSACOS DE CEMENTO,50.0,000,CLP,3090.0,,
3834-20-SE20,,2020-11-05T19:26:53Z,direct,,,,Ilustre Municipalidad de Mejillones | Finanzas-Adquisiciones,690204002,,Región de Antofagasta ,,TAMARUGAL S.A | TAMARUGAL S.A,995838303,,Región de Antofagasta ,,,,,,ADQ. DE 10 TINETAS DE PINTURA ALTO TRAFICO ( 05 BL,Pinturas aceitosasTINETAS PINTURA ALTO TRAFICO COLOR  BLANCO,5.0,000,CLP,73660.0,,
3834-20-SE20,,2020-11-05T19:26:53Z,direct,,,,Ilustre Municipalidad de Mejillones | Finanzas-Adquisiciones,690204002,,Región de Antofagasta ,,TAMARUGAL S.A | TAMARUGAL S.A,995838303,,Región de Antofagasta ,,,,,,ADQ. DE 10 TINETAS DE PINTURA ALTO TRAFICO ( 05 BL,Pinturas aceitosasTINETAS PINTURA ALTO TRAFICO COLOR AMARILLO,5.0,000,CLP,73660.0,,
3834-21-SE20,,2020-11-05T19:26:53Z,direct,,,,Ilustre Municipalidad de Mejillones | Finanzas-Adquisiciones,690204002,,Región de Antofagasta ,,ANGAMOS SERVICIOS INDUSTRIALES LTDA. | ANSI LTDA.,760970522,,Región de Antofagasta ,,,,,,SERVICIO DE APOYO COBERTURA Y ORDENAMIENTO VERTEDE,Servicios de limpieza de suelosSERVICIO DE APOYO COBERTURA Y ORDENAMIENTO VERTEDERO MUNICIPAL DE MEJILLONES.,1.0,EA,CLP,1400000.0,,
3858-17-SE20,,2020-11-05T19:26:11Z,direct,,,,Ilustre Municipalidad de Mejillones | Educacion,690204002,,Región de Antofagasta ,,Luis Andres | Luis Andres,767073747,,Región de Antofagasta ,,,,,,"Baños para Discapacitados Adultos y Niños/as, Esc.","Construcción de obras civilesBaños para discapacitados adultos y niño/as párvulos escuela Julia Herrera Varas, de acuerdo a Especificaciones Técnicas y presupuesto detallado. PLAZO DE EJECUCIÓN 25 DÍAS CORRIDOS.",1.0,000,CLP,6112701.0,,
3882-7-SE20,,2020-11-05T19:26:53Z,direct,,,,Ilustre Municipalidad de Llay Llay | Ilustre Municipalidad de Llay Llay,690604000,,Región de Valparaíso ,,EMPRESA DE CORREOS DE CHILE | EMPRESA DE CORREOS DE CHILE - Otras Regiones,605030009,,Región Metropolitana de Santiago,,,,,,CORREOS DE CHILE Nº 840057,FranqueosSERVICIO DE FRANQUEO CONVENIDO 42 DOCUMENTOS EXPRESS Nº 840057.,1.0,000,CLP,91528.0,,
3884-16-SE20,,2020-11-05T19:26:53Z,direct,,,,Ilustre Municipalidad de Paihuano | Administración y Finanzas,690406004,,Región de Coquimbo ,,Alvaro Rodrigo | Alvaro Rodrigo,144763734,,Región de Valparaíso ,,,,,,CAPACITACIÓN ONLINE Y SOPORTE EN LINEA DEPARTAMENTO DE FINANZAS,"Capacitación a empleadosSegún Cotización 
Servicio de Capacitación y Soporte en Línea de los Sistemas de Contabilidad y Patentes Municipales $900.000 impuesto incl.

",1.0,000,CLP,803250.0,,
3916-40-MC20,,2020-11-05T19:26:53Z,direct,,,,Ilustre Municipalidad de Taltal | Bodegas E Inventario,690205009,,Región de Antofagasta ,,FERRETERIA NINRODD | FERRETERIA NINRODD,107729437,,Región de Antofagasta ,,,,,,COMPRA DE INSUMO ELECTRICO PARA C. CULTURAL TALTAL,Suministro de electricidad trifásicaAUTOMATICO TRIFASICO 63 AMP,1.0,000,CLP,34000.0,,
3931-7-SE20,,2020-11-05T19:26:52Z,direct,,,,Ilustre Municipalidad de Placilla | Educación Municipal,690902001,,Región del Libertador General Bernardo O´Higgins,,Ediciones SM Chile S.A. | Ediciones SM Chile S.A.,965229507,,Región Metropolitana de Santiago,,,,,,LIBROS SENDA LENGUAJE Y MATEMÁTICAS - LA TUNA,Libros de texto educativos o vocacionales,18.0,EA,CLP,10000.0,,
3931-7-SE20,,2020-11-05T19:26:52Z,direct,,,,Ilustre Municipalidad de Placilla | Educación Municipal,690902001,,Región del Libertador General Bernardo O´Higgins,,Ediciones SM Chile S.A. | Ediciones SM Chile S.A.,965229507,,Región Metropolitana de Santiago,,,,,,LIBROS SENDA LENGUAJE Y MATEMÁTICAS - LA TUNA,Libros de texto educativos o vocacionales,15.0,EA,CLP,10000.0,,
3931-7-SE20,,2020-11-05T19:26:52Z,direct,,,,Ilustre Municipalidad de Placilla | Educación Municipal,690902001,,Región del Libertador General Bernardo O´Higgins,,Ediciones SM Chile S.A. | Ediciones SM Chile S.A.,965229507,,Región Metropolitana de Santiago,,,,,,LIBROS SENDA LENGUAJE Y MATEMÁTICAS - LA TUNA,Libros de texto educativos o vocacionales,25.0,EA,CLP,10000.0,,
3931-7-SE20,,2020-11-05T19:26:52Z,direct,,,,Ilustre Municipalidad de Placilla | Educación Municipal,690902001,,Región del Libertador General Bernardo O´Higgins,,Ediciones SM Chile S.A. | Ediciones SM Chile S.A.,965229507,,Región Metropolitana de Santiago,,,,,,LIBROS SENDA LENGUAJE Y MATEMÁTICAS - LA TUNA,Libros de texto educativos o vocacionales,16.0,EA,CLP,10000.0,,
3931-7-SE20,,2020-11-05T19:26:52Z,direct,,,,Ilustre Municipalidad de Placilla | Educación Municipal,690902001,,Región del Libertador General Bernardo O´Higgins,,Ediciones SM Chile S.A. | Ediciones SM Chile S.A.,965229507,,Región Metropolitana de Santiago,,,,,,LIBROS SENDA LENGUAJE Y MATEMÁTICAS - LA TUNA,Libros de texto educativos o vocacionales,18.0,EA,CLP,10000.0,,
3931-7-SE20,,2020-11-05T19:26:52Z,direct,,,,Ilustre Municipalidad de Placilla | Educación Municipal,690902001,,Región del Libertador General Bernardo O´Higgins,,Ediciones SM Chile S.A. | Ediciones SM Chile S.A.,965229507,,Región Metropolitana de Santiago,,,,,,LIBROS SENDA LENGUAJE Y MATEMÁTICAS - LA TUNA,Libros de texto educativos o vocacionales,15.0,EA,CLP,10000.0,,
3931-7-SE20,,2020-11-05T19:26:52Z,direct,,,,Ilustre Municipalidad de Placilla | Educación Municipal,690902001,,Región del Libertador General Bernardo O´Higgins,,Ediciones SM Chile S.A. | Ediciones SM Chile S.A.,965229507,,Región Metropolitana de Santiago,,,,,,LIBROS SENDA LENGUAJE Y MATEMÁTICAS - LA TUNA,Libros de texto educativos o vocacionales,1.0,EA,CLP,4370.0,,
3931-7-SE20,,2020-11-05T19:26:52Z,direct,,,,Ilustre Municipalidad de Placilla | Educación Municipal,690902001,,Región del Libertador General Bernardo O´Higgins,,Ediciones SM Chile S.A. | Ediciones SM Chile S.A.,965229507,,Región Metropolitana de Santiago,,,,,,LIBROS SENDA LENGUAJE Y MATEMÁTICAS - LA TUNA,Libros de texto educativos o vocacionales,1.0,EA,CLP,4370.0,,
3931-7-SE20,,2020-11-05T19:26:52Z,direct,,,,Ilustre Municipalidad de Placilla | Educación Municipal,690902001,,Región del Libertador General Bernardo O´Higgins,,Ediciones SM Chile S.A. | Ediciones SM Chile S.A.,965229507,,Región Metropolitana de Santiago,,,,,,LIBROS SENDA LENGUAJE Y MATEMÁTICAS - LA TUNA,Libros de texto educativos o vocacionales,1.0,EA,CLP,4370.0,,
3931-7-SE20,,2020-11-05T19:26:52Z,direct,,,,Ilustre Municipalidad de Placilla | Educación Municipal,690902001,,Región del Libertador General Bernardo O´Higgins,,Ediciones SM Chile S.A. | Ediciones SM Chile S.A.,965229507,,Región Metropolitana de Santiago,,,,,,LIBROS SENDA LENGUAJE Y MATEMÁTICAS - LA TUNA,Libros de texto educativos o vocacionales,1.0,EA,CLP,10420.0,,
3931-7-SE20,,2020-11-05T19:26:52Z,direct,,,,Ilustre Municipalidad de Placilla | Educación Municipal,690902001,,Región del Libertador General Bernardo O´Higgins,,Ediciones SM Chile S.A. | Ediciones SM Chile S.A.,965229507,,Región Metropolitana de Santiago,,,,,,LIBROS SENDA LENGUAJE Y MATEMÁTICAS - LA TUNA,Libros de texto educativos o vocacionales,1.0,EA,CLP,4370.0,,
3931-7-SE20,,2020-11-05T19:26:52Z,direct,,,,Ilustre Municipalidad de Placilla | Educación Municipal,690902001,,Región del Libertador General Bernardo O´Higgins,,Ediciones SM Chile S.A. | Ediciones SM Chile S.A.,965229507,,Región Metropolitana de Santiago,,,,,,LIBROS SENDA LENGUAJE Y MATEMÁTICAS - LA TUNA,Libros de texto educativos o vocacionales,14.0,EA,CLP,10000.0,,
3931-7-SE20,,2020-11-05T19:26:52Z,direct,,,,Ilustre Municipalidad de Placilla | Educación Municipal,690902001,,Región del Libertador General Bernardo O´Higgins,,Ediciones SM Chile S.A. | Ediciones SM Chile S.A.,965229507,,Región Metropolitana de Santiago,,,,,,LIBROS SENDA LENGUAJE Y MATEMÁTICAS - LA TUNA,Libros de texto educativos o vocacionales,25.0,EA,CLP,10000.0,,
3931-7-SE20,,2020-11-05T19:26:52Z,direct,,,,Ilustre Municipalidad de Placilla | Educación Municipal,690902001,,Región del Libertador General Bernardo O´Higgins,,Ediciones SM Chile S.A. | Ediciones SM Chile S.A.,965229507,,Región Metropolitana de Santiago,,,,,,LIBROS SENDA LENGUAJE Y MATEMÁTICAS - LA TUNA,Libros de texto educativos o vocacionales,16.0,EA,CLP,10000.0,,
3931-7-SE20,,2020-11-05T19:26:52Z,direct,,,,Ilustre Municipalidad de Placilla | Educación Municipal,690902001,,Región del Libertador General Bernardo O´Higgins,,Ediciones SM Chile S.A. | Ediciones SM Chile S.A.,965229507,,Región Metropolitana de Santiago,,,,,,LIBROS SENDA LENGUAJE Y MATEMÁTICAS - LA TUNA,Libros de texto educativos o vocacionales,14.0,EA,CLP,10000.0,,
3938-13-MC20,,2020-11-05T19:26:53Z,direct,,,,Ilustre Municipalidad de Curarrehue | Adquisiciones,692524004,,Región de la Araucanía ,,RENE RICARDO MARTIN AEDO | RENE RICARDO MARTIN AEDO,120364502,,Región de la Araucanía ,,,,,,COLACIONES  CAMPEONATO DE FUTBOL ,"Pan fresco235 colaciones consistentes en; pan con jamón y queso, una manzana, 1 jugo isotónico de 750 cc, una barra de chocolate de 35 gr",1.0,000,CLP,394958.0,,
3962-18-MC20,,2020-11-05T19:26:11Z,direct,,,,Ilustre Municipalidad de Santa Barbara | Municipalidad de Santa Barbara,691702006,,Región del Biobío ,,just on time E.I.R.L. | JUST ON TIME,761785664,,Región del Biobío ,,,,,,SERVICIO DE AMPLIFICACIÓN PARA GALAS TALLERES ,"Producción de eventosServicio de amplificación e iluminación para galas finalización talleres municipales de cultura, para los días 09/01/2020 y 11/01/2020",1.0,GL,CLP,411764.7059,,
3962-22-MC20,,2020-11-05T19:26:52Z,direct,,,,Ilustre Municipalidad de Santa Barbara | Municipalidad de Santa Barbara,691702006,,Región del Biobío ,,GUSTAVO SANTIAGO ROGELIO | GUSTAVO SANTIAGO ROGELIO,761272845,,Región del Biobío ,,,,,,REGULARIZA SERVICIO REPARTO DE AGUA POTABLE,Arriendo de vehículos de aguaArriendo camión aljibe para reparto de agua potable ,50.0,MTQ,CLP,7000.0,,
3962-23-MC20,,2020-11-05T19:26:52Z,direct,,,,Ilustre Municipalidad de Santa Barbara | Municipalidad de Santa Barbara,691702006,,Región del Biobío ,,GUSTAVO SANTIAGO ROGELIO | GUSTAVO SANTIAGO ROGELIO,761272845,,Región del Biobío ,,,,,,REGULARIZA SERVICIO REPARTO DE AGUA POTABLE,Arriendo de vehículos de aguaArriendo camión aljibe para reparto de agua potable ,60.0,MTQ,CLP,6950.0,,
3962-24-MC20,,2020-11-05T19:26:53Z,direct,,,,Ilustre Municipalidad de Santa Barbara | Municipalidad de Santa Barbara,691702006,,Región del Biobío ,,Lorena Nataly | Lorena Nataly,762903296,,Región del Biobío ,,,,,,MATERIALES INSTALACIÓN AGUA FERIAS COSTUMBRISTAS,"Uniones HidráulicasTerminal HE compresión HDPE 20X 1/2""",16.0,EA,CLP,832.0,,
3962-24-MC20,,2020-11-05T19:26:53Z,direct,,,,Ilustre Municipalidad de Santa Barbara | Municipalidad de Santa Barbara,691702006,,Región del Biobío ,,Lorena Nataly | Lorena Nataly,762903296,,Región del Biobío ,,,,,,MATERIALES INSTALACIÓN AGUA FERIAS COSTUMBRISTAS,Tubería de plásticoTubo HDPE liso PN 16 rollo 100 metros 20 mm ,3.0,EA,CLP,34400.0,,
3962-24-MC20,,2020-11-05T19:26:53Z,direct,,,,Ilustre Municipalidad de Santa Barbara | Municipalidad de Santa Barbara,691702006,,Región del Biobío ,,Lorena Nataly | Lorena Nataly,762903296,,Región del Biobío ,,,,,,MATERIALES INSTALACIÓN AGUA FERIAS COSTUMBRISTAS,"Válvulas de retención a bolaVálvula bola 1/2"" HI-HI",3.0,EA,CLP,1247.0,,
3962-24-MC20,,2020-11-05T19:26:53Z,direct,,,,Ilustre Municipalidad de Santa Barbara | Municipalidad de Santa Barbara,691702006,,Región del Biobío ,,Lorena Nataly | Lorena Nataly,762903296,,Región del Biobío ,,,,,,MATERIALES INSTALACIÓN AGUA FERIAS COSTUMBRISTAS,Tubería de plásticoCodo compresión HDPE 90°X20 mm ,40.0,EA,CLP,1446.0,,
3962-24-MC20,,2020-11-05T19:26:53Z,direct,,,,Ilustre Municipalidad de Santa Barbara | Municipalidad de Santa Barbara,691702006,,Región del Biobío ,,Lorena Nataly | Lorena Nataly,762903296,,Región del Biobío ,,,,,,MATERIALES INSTALACIÓN AGUA FERIAS COSTUMBRISTAS,"Tubería de plásticoCodo HI compresión HDPE 20X 1/2""",50.0,EA,CLP,1121.0,,
3962-24-MC20,,2020-11-05T19:26:53Z,direct,,,,Ilustre Municipalidad de Santa Barbara | Municipalidad de Santa Barbara,691702006,,Región del Biobío ,,Lorena Nataly | Lorena Nataly,762903296,,Región del Biobío ,,,,,,MATERIALES INSTALACIÓN AGUA FERIAS COSTUMBRISTAS,Tubería de plásticoTee compresión HDPE 20 mm,50.0,EA,CLP,2035.0,,
3962-24-MC20,,2020-11-05T19:26:53Z,direct,,,,Ilustre Municipalidad de Santa Barbara | Municipalidad de Santa Barbara,691702006,,Región del Biobío ,,Lorena Nataly | Lorena Nataly,762903296,,Región del Biobío ,,,,,,MATERIALES INSTALACIÓN AGUA FERIAS COSTUMBRISTAS,Tubería de plásticoCopla compresión HDPE 20 mm,40.0,EA,CLP,1566.0,,
4020-28-MC20,,2020-11-05T19:26:12Z,direct,,,,Ilustre Municipalidad de Cañete | Adquisiciones,691605000,,Región del Biobío ,,M y P  Ltda. | M y P  Ltda.,777229001,,Región del Ñuble,,,,,,SERVICIO DE INSTALACION Y DESINTALACION DE CAMARA DE VIGILANCIA. ,"Instalación o servicio de sistemas de energía elécSERVICIO DE INSTALACION Y DESINSTALACION DE CÁMARA DE VIGILANCIA EN RUTA P-60 R, SECTOR IGNACIO CARRERA PINTO. ",1.0,EA,CLP,285000.0,,
4020-61-SE20,,2020-11-05T19:26:52Z,direct,,,,Ilustre Municipalidad de Cañete | Adquisiciones,691605000,,Región del Biobío ,,Sergio Omar Nihuey Lincopan | Artículos Sanitarios y Construcción,93327241,,Región del Biobío ,,,,,,SERVICIOS DE INSTALACIÓN PARA CASA DE ACOGIDA SERNAMEG,"Servicio de gasfitería y alcantarilladoVENTA E INSTALACIÓN DE UNA TAPA DE CEMENTO PARA CÁMARA SÉPTICA Y LIMPIEZA DE ALCANTARILLADO EN CASA DE ACOGIDA SERNAMEG.
SEGÚN COTIZACIÓN ADJUNTA.",1.0,EA,CLP,50000.0,,
4020-62-SE20,,2020-11-05T19:26:52Z,direct,,,,Ilustre Municipalidad de Cañete | Adquisiciones,691605000,,Región del Biobío ,,SOCIEDAD DE CAPACITACIÓN ARAUCANÍA LTDA. | SOCIEDAD DE CAPACITACIÓN ARAUC - Casa Matriz,891023006,,Región de la Araucanía ,,,,,,"PARTICIPACIÓN FUNCIONARIO EN CURSO CAPACITACIÓN, DAF","Formación, capacitación y entrenamiento de personaPARTICIPACIÓN EN CURSO CAPACITACIÓN : ¨CONTROL DE BIENES DEL ACTIVO FIJO¨ DE  FUNCIONARIO DIEGO TORRES FUENTEALBA ENCARGADO DE ACTIVO FIJO, UNIDAD DE CONTABILIDAD, DAF.  
CURSO IMPARTIDO EN LA CIUDAD DE CONCEPCIÓN DÍAS 13 Y 14 ENERO 2020.",1.0,000,CLP,345000.0,,
4036-46-SE20,,2020-11-05T19:26:53Z,direct,,,,Ilustre Municipalidad de Andacollo | Departamento de Finanzas ,690404001,,Región de Coquimbo ,,CAS-CHILE S. A. de I. | CAS-CHILE S. A. de I.,965250301,,Región Metropolitana de Santiago,,,,,,Servicios Computacionales Licencias de Conducir,"Especialistas temporales en redes computacionalesservicio de contrato licencia de uso temporal de programas sistema 
- licencia de conducir 
cuota correspondiente a diciembre 2019

1 uf al 31/12/2019 = $28.309,94
4.00 uf al 31/12/2019 = $113.240.- más IVA
",1.0,GL,CLF,4.0,,
4036-47-SE20,,2020-11-05T19:26:53Z,direct,,,,Ilustre Municipalidad de Andacollo | Departamento de Finanzas ,690404001,,Región de Coquimbo ,,CAS-CHILE S. A. de I. | CAS-CHILE S. A. de I.,965250301,,Región Metropolitana de Santiago,,,,,,Servicios Computacionales Permisos de Circulación,"Especialistas temporales en redes computacionalesservicio Según contrato 
licencia de uso temporal de programas computacionales n° 2315

sistema : 

- permisos de circulación

cuota correspondiente a mes de diciembre 2019

1 uf al 31/12/2019 = $28.309.94.-
4.00 uf al 31/12/2019 = $113.240.- más IVA",1.0,GL,CLF,4.0,,
4041-44-SE20,,2020-11-05T19:26:52Z,direct,,,,Ilustre Municipalidad de Fresia | Departamento De Educacion Municipal,692204018,,Región de los Lagos ,,RED OFFICE SUR LTDA. | RED OFFICE SUR LTDA.,778060000,,Región de los Lagos ,,,,,3807831,CUADERNOS CALIGRAFIX PIE 2 ESCUELA BÁSICA ,Libros o cuadernos de registroCALIGRAFIX CALIGRAFÍA HORIZONTAL 1 B PRIMER (3807831),20.0,EA,CLP,2040.0,,
4041-44-SE20,,2020-11-05T19:26:52Z,direct,,,,Ilustre Municipalidad de Fresia | Departamento De Educacion Municipal,692204018,,Región de los Lagos ,,RED OFFICE SUR LTDA. | RED OFFICE SUR LTDA.,778060000,,Región de los Lagos ,,,,,,CUADERNOS CALIGRAFIX PIE 2 ESCUELA BÁSICA ,Libros o cuadernos de registroCUADERNO CALIGRAFIX HORIZONTAL 1 B SEGUNDO ( 3807832),20.0,EA,CLP,2040.0,,
4041-44-SE20,,2020-11-05T19:26:52Z,direct,,,,Ilustre Municipalidad de Fresia | Departamento De Educacion Municipal,692204018,,Región de los Lagos ,,RED OFFICE SUR LTDA. | RED OFFICE SUR LTDA.,778060000,,Región de los Lagos ,,,,,3809947,CUADERNOS CALIGRAFIX PIE 2 ESCUELA BÁSICA ,Libros o cuadernos de registroCUADERNO TORRE DE NÚMEROS  MATEMÁTICAS 2 (3809947),25.0,EA,CLP,3537.0,,
4041-44-SE20,,2020-11-05T19:26:52Z,direct,,,,Ilustre Municipalidad de Fresia | Departamento De Educacion Municipal,692204018,,Región de los Lagos ,,RED OFFICE SUR LTDA. | RED OFFICE SUR LTDA.,778060000,,Región de los Lagos ,,,,,3809948,CUADERNOS CALIGRAFIX PIE 2 ESCUELA BÁSICA ,Libros o cuadernos de registroCUADERNO TORRE DE NÚMEROS  MATEMÁTICAS 3 (3809948),25.0,EA,CLP,3537.0,,
4041-44-SE20,,2020-11-05T19:26:52Z,direct,,,,Ilustre Municipalidad de Fresia | Departamento De Educacion Municipal,692204018,,Región de los Lagos ,,RED OFFICE SUR LTDA. | RED OFFICE SUR LTDA.,778060000,,Región de los Lagos ,,,,,3811157,CUADERNOS CALIGRAFIX PIE 2 ESCUELA BÁSICA ,Libros o cuadernos de registroCUADERNO TORRE CIENCIAS 1° BASICO 35 H (3811157),30.0,EA,CLP,2120.0,,
4041-44-SE20,,2020-11-05T19:26:52Z,direct,,,,Ilustre Municipalidad de Fresia | Departamento De Educacion Municipal,692204018,,Región de los Lagos ,,RED OFFICE SUR LTDA. | RED OFFICE SUR LTDA.,778060000,,Región de los Lagos ,,,,,3808797,CUADERNOS CALIGRAFIX PIE 2 ESCUELA BÁSICA ,Libros o cuadernos de registroCUADERNO CALIGRAFIX JUGANDO CON LOS (3808797),2.0,EA,CLP,4228.0,,
4041-44-SE20,,2020-11-05T19:26:52Z,direct,,,,Ilustre Municipalidad de Fresia | Departamento De Educacion Municipal,692204018,,Región de los Lagos ,,RED OFFICE SUR LTDA. | RED OFFICE SUR LTDA.,778060000,,Región de los Lagos ,,,,,5350005,CUADERNOS CALIGRAFIX PIE 2 ESCUELA BÁSICA ,Libros o cuadernos de registroCUADERNO CALIGRAFIX 1 PREKINDER (5350005),5.0,EA,CLP,4228.0,,
4041-44-SE20,,2020-11-05T19:26:52Z,direct,,,,Ilustre Municipalidad de Fresia | Departamento De Educacion Municipal,692204018,,Región de los Lagos ,,RED OFFICE SUR LTDA. | RED OFFICE SUR LTDA.,778060000,,Región de los Lagos ,,,,,5350006,CUADERNOS CALIGRAFIX PIE 2 ESCUELA BÁSICA ,Libros o cuadernos de registroCUADERNO CALIGRAFIX 2 KINDER TRAZOS Y LETRAS (5350006),5.0,EA,CLP,4428.0,,
4041-44-SE20,,2020-11-05T19:26:52Z,direct,,,,Ilustre Municipalidad de Fresia | Departamento De Educacion Municipal,692204018,,Región de los Lagos ,,RED OFFICE SUR LTDA. | RED OFFICE SUR LTDA.,778060000,,Región de los Lagos ,,,,,3811158,CUADERNOS CALIGRAFIX PIE 2 ESCUELA BÁSICA ,Libros o cuadernos de registroCUADERNO TORRE CIENCIAS 2° BASICO 35 H  (3811158),3.0,EA,CLP,2050.0,,
4041-44-SE20,,2020-11-05T19:26:52Z,direct,,,,Ilustre Municipalidad de Fresia | Departamento De Educacion Municipal,692204018,,Región de los Lagos ,,RED OFFICE SUR LTDA. | RED OFFICE SUR LTDA.,778060000,,Región de los Lagos ,,,,,3811159,CUADERNOS CALIGRAFIX PIE 2 ESCUELA BÁSICA ,Libros o cuadernos de registroCUADERNO TORRE CIENCIAS 3° BÁSICO 35 H (3811159),30.0,EA,CLP,2050.0,,
4041-44-SE20,,2020-11-05T19:26:52Z,direct,,,,Ilustre Municipalidad de Fresia | Departamento De Educacion Municipal,692204018,,Región de los Lagos ,,RED OFFICE SUR LTDA. | RED OFFICE SUR LTDA.,778060000,,Región de los Lagos ,,,,,3808796,CUADERNOS CALIGRAFIX PIE 2 ESCUELA BÁSICA ,Libros o cuadernos de registroCUADERNO CALIGRAFIX JUGANDO CON LOS (3808796),2.0,EA,CLP,4580.0,,
4041-44-SE20,,2020-11-05T19:26:52Z,direct,,,,Ilustre Municipalidad de Fresia | Departamento De Educacion Municipal,692204018,,Región de los Lagos ,,RED OFFICE SUR LTDA. | RED OFFICE SUR LTDA.,778060000,,Región de los Lagos ,,,,,3808785,CUADERNOS CALIGRAFIX PIE 2 ESCUELA BÁSICA ,Libros o cuadernos de registroCUADERNO CALIGRAFIX JUGANDO CON LOS (3808785),2.0,EA,CLP,4228.0,,
4055-27-SE20,,2020-11-05T19:26:53Z,direct,,,,Ilustre Municipalidad de Yumbel | Municipalidad de Yumbel,691509001,,Región del Biobío ,,altramuz Ltda. | altramuz Ltda.,783899302,,Región del Ñuble,,,,,,ARRIENDO DE CAMIÓN RECOLECTOR ,Camiones de transporteARRIENDO DE CAMIÓN RECOLECTOR ,1.0,000,CLP,1950000.0,,
4085-29-MC20,,2020-11-05T19:26:52Z,direct,,,,Ilustre Municipalidad de Longavi | Depto. de Secplan,691306003,,Región del Maule ,,Erika Del Carmen  | Erika Del Carmen ,12791530K,,Región del Maule ,,,,,,"ADQUISICIÓN DE MATERIALES DE OFICINA PARA PROGRAMA VÍNCULOS VERSIÓN 12, SEGÚN S.C N°03 (DIDECO)",Papel para impresora del ordenadorRESMA DE PAPEL TAMAÑO CARTA ,1.0,EA,CLP,2773.1092,,
4085-29-MC20,,2020-11-05T19:26:52Z,direct,,,,Ilustre Municipalidad de Longavi | Depto. de Secplan,691306003,,Región del Maule ,,Erika Del Carmen  | Erika Del Carmen ,12791530K,,Región del Maule ,,,,,,"ADQUISICIÓN DE MATERIALES DE OFICINA PARA PROGRAMA VÍNCULOS VERSIÓN 12, SEGÚN S.C N°03 (DIDECO)",Papel para impresora del ordenadorRESMA DE PAPEL TAMAÑO OFICIO ,1.0,EA,CLP,3109.2436,,
4085-29-MC20,,2020-11-05T19:26:52Z,direct,,,,Ilustre Municipalidad de Longavi | Depto. de Secplan,691306003,,Región del Maule ,,Erika Del Carmen  | Erika Del Carmen ,12791530K,,Región del Maule ,,,,,,"ADQUISICIÓN DE MATERIALES DE OFICINA PARA PROGRAMA VÍNCULOS VERSIÓN 12, SEGÚN S.C N°03 (DIDECO)",Notas de papel autoadhesivoPOST-IT DE 76 MM,11.0,EA,CLP,529.41176,,
4085-29-MC20,,2020-11-05T19:26:52Z,direct,,,,Ilustre Municipalidad de Longavi | Depto. de Secplan,691306003,,Región del Maule ,,Erika Del Carmen  | Erika Del Carmen ,12791530K,,Región del Maule ,,,,,,"ADQUISICIÓN DE MATERIALES DE OFICINA PARA PROGRAMA VÍNCULOS VERSIÓN 12, SEGÚN S.C N°03 (DIDECO)",Libros o cuadernos de registroCUADERNO UNIVERSITARIO 100 HOJAS CON ESPIRAL SIMILAR A TORRE,1.0,EA,CLP,1067.2268,,
4085-29-MC20,,2020-11-05T19:26:52Z,direct,,,,Ilustre Municipalidad de Longavi | Depto. de Secplan,691306003,,Región del Maule ,,Erika Del Carmen  | Erika Del Carmen ,12791530K,,Región del Maule ,,,,,,"ADQUISICIÓN DE MATERIALES DE OFICINA PARA PROGRAMA VÍNCULOS VERSIÓN 12, SEGÚN S.C N°03 (DIDECO)",CorcheterasCORCHETERA MEDIANA SIMILAR A TORRE ,1.0,EA,CLP,2352.9411,,
4085-29-MC20,,2020-11-05T19:26:52Z,direct,,,,Ilustre Municipalidad de Longavi | Depto. de Secplan,691306003,,Región del Maule ,,Erika Del Carmen  | Erika Del Carmen ,12791530K,,Región del Maule ,,,,,,"ADQUISICIÓN DE MATERIALES DE OFICINA PARA PROGRAMA VÍNCULOS VERSIÓN 12, SEGÚN S.C N°03 (DIDECO)",Lápiz pastaLÁPIZ DE PASTA BIC COLOR NEGRO ,11.0,EA,CLP,184.87394,,
4085-29-MC20,,2020-11-05T19:26:52Z,direct,,,,Ilustre Municipalidad de Longavi | Depto. de Secplan,691306003,,Región del Maule ,,Erika Del Carmen  | Erika Del Carmen ,12791530K,,Región del Maule ,,,,,,"ADQUISICIÓN DE MATERIALES DE OFICINA PARA PROGRAMA VÍNCULOS VERSIÓN 12, SEGÚN S.C N°03 (DIDECO)",Lápiz pastaLÁPIZ DE PASTA BIC COLOR AZUL ,11.0,EA,CLP,184.87394,,
4085-29-MC20,,2020-11-05T19:26:52Z,direct,,,,Ilustre Municipalidad de Longavi | Depto. de Secplan,691306003,,Región del Maule ,,Erika Del Carmen  | Erika Del Carmen ,12791530K,,Región del Maule ,,,,,,"ADQUISICIÓN DE MATERIALES DE OFICINA PARA PROGRAMA VÍNCULOS VERSIÓN 12, SEGÚN S.C N°03 (DIDECO)","Plumas, bolígrafos o lápices de correcciónCORRECTOR SIMILAR A PAPER MATE ",1.0,EA,CLP,361.34453,,
4085-29-MC20,,2020-11-05T19:26:52Z,direct,,,,Ilustre Municipalidad de Longavi | Depto. de Secplan,691306003,,Región del Maule ,,Erika Del Carmen  | Erika Del Carmen ,12791530K,,Región del Maule ,,,,,,"ADQUISICIÓN DE MATERIALES DE OFICINA PARA PROGRAMA VÍNCULOS VERSIÓN 12, SEGÚN S.C N°03 (DIDECO)",CorchetesCAJA DE CORCHETES 26/6 SIMILAR A TORRE 5000 UNIDADES,1.0,EA,CLP,647.05882,,
4085-29-MC20,,2020-11-05T19:26:52Z,direct,,,,Ilustre Municipalidad de Longavi | Depto. de Secplan,691306003,,Región del Maule ,,Erika Del Carmen  | Erika Del Carmen ,12791530K,,Región del Maule ,,,,,,"ADQUISICIÓN DE MATERIALES DE OFICINA PARA PROGRAMA VÍNCULOS VERSIÓN 12, SEGÚN S.C N°03 (DIDECO)",Pegamento de purpurinaSTIC-FIX 36 GRS.,1.0,EA,CLP,773.10924,,
4086-11-MC20,,2020-11-05T19:26:11Z,direct,,,,ILUSTRE MUNICIPALIDAD DE MAULLIN | Administracion y Finanzas,692205006,,Región de los Lagos ,,LUZ ALEJANDRA | LUZ ALEJANDRA,123446410,,Región de los Lagos ,,,,,,ADQUISICIÓN GALVANOS,GalvanosGALVANOS CRISTAL 15X20 ,10.0,EA,CLP,14000.0,,
4086-11-MC20,,2020-11-05T19:26:11Z,direct,,,,ILUSTRE MUNICIPALIDAD DE MAULLIN | Administracion y Finanzas,692205006,,Región de los Lagos ,,LUZ ALEJANDRA | LUZ ALEJANDRA,123446410,,Región de los Lagos ,,,,,,ADQUISICIÓN GALVANOS,GalvanosGALVANO CRISTAL 10X15,20.0,EA,CLP,12000.0,,
4086-11-MC20,,2020-11-05T19:26:11Z,direct,,,,ILUSTRE MUNICIPALIDAD DE MAULLIN | Administracion y Finanzas,692205006,,Región de los Lagos ,,LUZ ALEJANDRA | LUZ ALEJANDRA,123446410,,Región de los Lagos ,,,,,,ADQUISICIÓN GALVANOS,GalvanosGALVANO CRISTAL LASER,2.0,EA,CLP,19000.0,,
4168-19-MC20,,2020-11-05T19:26:11Z,direct,,,,Ilustre Municipalidad de Colbún | Municipalidad,691305007,,Región del Maule ,,Duo Voces del Maule | VocesdelMaule,111757917,,Región del Maule ,,,,,,Duo Voces Crin,Cantantes,1.0,EA,CLP,180587.0,,
4168-26-MC20,,2020-11-05T19:26:11Z,direct,,,,Ilustre Municipalidad de Colbún | Municipalidad,691305007,,Región del Maule ,,Jeanette del pilar | Jeanette del pilar,181757760,,,,,,,,Jeannette Crin,Cantantes,1.0,EA,CLP,243792.0,,
4168-31-MC20,,2020-11-05T19:26:12Z,direct,,,,Ilustre Municipalidad de Colbún | Municipalidad,691305007,,Región del Maule ,,mreyesr | mreyesr,140392480,,Región del Maule ,,,,,,Premios Crin,Servicios de cocina o preparación de comidas,13.0,EA,CLP,19392.4,,
4168-51-SE20,,2020-11-05T19:26:52Z,direct,,,,Ilustre Municipalidad de Colbún | Municipalidad,691305007,,Región del Maule ,,COMUNICACIONES NETGLOBALIS S A | COMUNICACIONES NETGLOBALIS S A,969645106,,Región Metropolitana de Santiago,,,,,,Servicios Hosting,Web Hosting,1.0,EA,CLP,149940.0,,
418-103-SE20,,2020-11-05T19:26:52Z,direct,,,,Hospital Puerto Aysén | H Puerto Aysén,616022792,,Región Aysén del General Carlos Ibáñez del Campo,,INSUVAL S.A. | INSUVAL S.A.,777689908,,Región del Biobío ,,,,,,ABR-AVASTIN,TrastuzumabBEVACIZUMAB 1.25MG/0.05ML,1.0,EA,CLP,44500.0,,
4284-15-SE20,,2020-11-05T19:26:53Z,direct,,,,Ilustre Municipalidad de Cunco | Municipalidad de Cunco,691910008,,Región de la Araucanía ,,CIA NACIONAL DE TELEFONOS TELEFONICA DEL SUR S A | Telefónica del Sur - Temuco,902990003,,Región de la Araucanía ,,,,,,INSTALACION Y CONFIGURACION DE 02 SWICH EQUIPOS CO,Especialistas temporales en redes computacionalesINSTALACION Y CONFIGURACION DE 02 SWICH EQUIPOS COMPUTACIONALES MUNICIPALES,1.0,000,CLP,220150.0,,
4291-159-SE20,,2020-11-05T19:26:53Z,direct,,,,Universidad de Antofagasta | Universidad de Antofagasta,707918004,,Región de Antofagasta ,,LIFE TECHNOLOGIES CHILE SPA | LIFE TECHNOLOGIES CHILE SPA,774539107,,Región Metropolitana de Santiago,,,,,,"REACTIVOS, Según cotización N° 332048 y 332371","Unidades de laboratorioDISTILLED WATER ULTRAPURE, 500 ML, código 10977015.
Según cotización N° 332048.",1.0,000,CLP,24257.0,,
4291-159-SE20,,2020-11-05T19:26:53Z,direct,,,,Universidad de Antofagasta | Universidad de Antofagasta,707918004,,Región de Antofagasta ,,LIFE TECHNOLOGIES CHILE SPA | LIFE TECHNOLOGIES CHILE SPA,774539107,,Región Metropolitana de Santiago,,,,,,"REACTIVOS, Según cotización N° 332048 y 332371","Unidades de laboratorioLYS C ENDOPROTEINASE MS GRADE, 20 &micro;g, código 90051.   Según cotización N° 332371.",1.0,000,CLP,264347.8,,
4309-342-SE20,,2020-11-05T19:26:52Z,direct,,,,HOSPITAL GUILLERMO GRANT BENAVENTE DE CO | Abastecimiento Fármacos,616021893,,Región del Biobío ,,Imp. Dist. Arquimed Ltda. | Arquimed Endoscopios,929990005,,Región Metropolitana de Santiago,,,,,,COMPRA DE  KIT CONTROL ORINA NIVEL 1 Y 2,"Unidades médicas10-400-244-1137-00
CAPSULA PARA SEDIMENTO URINARIO",24000.0,EA,CLP,509.88,,
4309-342-SE20,,2020-11-05T19:26:52Z,direct,,,,HOSPITAL GUILLERMO GRANT BENAVENTE DE CO | Abastecimiento Fármacos,616021893,,Región del Biobío ,,Imp. Dist. Arquimed Ltda. | Arquimed Endoscopios,929990005,,Región Metropolitana de Santiago,,,,,,COMPRA DE  KIT CONTROL ORINA NIVEL 1 Y 2,"Unidades médicas10-400-244-1139-00
KIT CONTROL ORINA NIVEL 1 Y 2",4.0,EA,CLP,195320.0,,
4355-37-MC20,,2020-11-05T19:26:12Z,direct,,,,Ilustre Municipalidad de Freirina | Adquisiones ,69030600K,,Región de Atacama ,,HERNAN SILVERIO | HERNAN SILVERIO,121718219,,Región de Atacama ,,,,,,REPARACIÓN CAMIÓN RECOLECTOR DE RESIDUOS SÓLIDOS,"Pinza mecánicaREPARACION MECANICA A CAMION RECOLECTOR DE RESIDUOS SOLIDOS, MERCEDES BENZ, PLACA PETENTE KRVT-37:

REEMPLAZO DE HOJA MADRE VENTILADA DEL PAQUETE DE RESORTE TRASERO LADO IZQUIERDO.

",1.0,EA,CLP,411765.0,,
4374-1-SE20,,2020-11-05T19:26:52Z,direct,,,,"GOBIERNO REGIONAL VI REGION DEL LI BERTADOR B O""HIGGINS | Gobierno Regional Libertador Bdo. O´Higgins",722404009,,Región del Libertador General Bernardo O´Higgins,,TELEFONICA MÓVILES CHILE S.A. | TELEFONICA MÓVILES CHILE S.A.,761248901,,,,,,,,Prorroga telefonia movil y datos ipad,Servicios de telefonía móvil,1.0,GL,CLP,5882352.9411,,
439-12-MC20,,2020-11-05T19:26:11Z,direct,,,,ILUSTRE MUNICIPALIDAD  DE SAGRADA FAMILIA | DEPARTAMENTO DE EDUCACION,691102009,,Región del Maule ,,ricardo alejandro | ricardo alejandro,151443494,,Región del Maule ,,,,,,Contratación amplificación para certificación Jardin Semillitas de amor,"Equipo de músicaSistema de amplificación para certificación, según cotización adjunta.",1.0,000,CLP,230000.0,,
4459-7-SE20,,2020-11-05T19:26:12Z,direct,,,,Ilustre Municipalidad de Pichilemu | Departamento de Proyectos,690912007,,Región del Libertador General Bernardo O´Higgins,,LUIS HERNAN PAVEZ VARGAS | Luis Hernán Pavez Vargas,97349681,,Región del Libertador General Bernardo O´Higgins,,,,,,OC TRATO DIRECTO PRORROGA,"Recolección, destrucción, transformación o eliminaOC REGULARIZA TRATO DIRECTO PRORROGA LIC 4459-7-LP15 CONCESIÓN SERVICIO RECOLECCIÓN DE RESIDUOS SÓLIDOS DOMICILIARIOS, TRANSPORTE Y DISPOSICIÓN FINAL EN RELLENO SANITARIO, COMUNA DE PICHILEMU 2015-2019. (PERIODO 14-AGOSTO - 31 OCTUBRE 2019)",1.0,GL,CLP,40051268.0,,
4462-39-SE20,,2020-11-05T19:26:12Z,direct,,,,Ilustre Municipalidad de Arauco | Ilustre Municipalidad de Arauco - Salud,691601005,,Región del Biobío ,,ALCON LABORATORIOS CHILE LTDA | ALCON LABORATORIOS CHILE LTDA,865376006,,Región Metropolitana de Santiago,,,,,,ADQUISICION FARMACOS FARMACIA COMUNAL,Servicios de producción de medicamentos o medicinaICAPS 60 CM,15.0,BX,CLP,15870.0,,
4463-87-SE20,,2020-11-05T19:26:53Z,direct,,,,Hospital Curicó | Farmacia,616069039,,Región del Maule ,,GemarkPharma | GemarkPharma,762047632,,Región Metropolitana de Santiago,,,,,,VITAMINA K ENDOVENOSA (konakion),"Suplementos vitamínicosVITAMINA K ENDOVENOSA

SE REQUIERE DESPACHO URGENTE",200.0,BX,CLP,10260.0,,
4474-25-SE20,,2020-11-05T19:26:12Z,direct,,,,Ilustre Municipalidad de Contulmo | Adquisiciones Municipalidad,691606007,,Región del Biobío ,,SALAZAR ISRAEL | SALAZAR ISRAEL Concepción,79853470K,,Región del Biobío ,,,,,,MANTENCION DE VEHICULO MUNICIPAL,Aceite de frenos,1.0,000,CLP,301489.0,,
449-25-SE20,,2020-11-05T19:26:13Z,direct,,,,Ilustre Municipalidad de La Reina | Dirección de Finanzas,690706008,,Región Metropolitana de Santiago,,SOC.BOLSAS PLASTICAS DIBOLPLAST LTDA. | SOC.BOLSAS PLASTICAS DIBOLPLAST LTDA.,775993103,,Región Metropolitana de Santiago,,,,,,BOLSAS DINERO,Bolsas de plásticoBOLSAS PARA TRASLADO DE DINERO.-,3000.0,BG,CLP,200.0,,
4493-49-MC20,,2020-11-05T19:26:53Z,direct,,,,Ilustre Municipalidad de Penco | Departamento de Salud,691505022,,Región del Biobío ,,insecov | insecov,64833308,,Región del Biobío ,,,,,,Adquisición Servicio Confección de Mueble y Cubículo para CCR y UAPO,"Mueble de almacenaje no modularConfección de Mueble y Cubículo para CCr y UAPO, segun especificaciones Técnicas e imagen de Mueble y de acuerdo a visita a terreno.",1.0,000,CLP,339600.0,,
4511-25-SE20,,2020-11-05T19:26:12Z,direct,,,,ILUSTRE MUNICIPALIDAD DE RETIRO | Secpla,691308006,,Región del Maule ,,sebastian esteban | sebastian esteban,107264264,,Región del Maule ,,,,,,"Mantención areas verdes Avenida Bernardo O""Higgins","JardinesSe requiere los servicios de Mantención Areas Verdes en Avenida Bernardo O""Higgins, por un periodo de  enero a diciembre del 2020, pagándose la suma mensual de $310.000.- Impuesto incluido (10.75%) de acuerdo a la Ley vigente  .-",1.0,GL,CLP,3720000.0,,
4513-17-MC20,,2020-11-05T19:26:53Z,direct,,,,Ilustre Municipalidad de Renaico | Adquisiciones,691804003,,Región de la Araucanía ,,Comercial y Textil Lamas ltda. | Comercial y Textil Lamas,760075396,,Región Metropolitana de Santiago,,,,,,POLERAS,Prendas de deporte y buzos de niñoPOLERAS ALGODON C/POLO M/CORTA,2.0,EA,CLP,3990.0,,
4513-17-MC20,,2020-11-05T19:26:53Z,direct,,,,Ilustre Municipalidad de Renaico | Adquisiciones,691804003,,Región de la Araucanía ,,Comercial y Textil Lamas ltda. | Comercial y Textil Lamas,760075396,,Región Metropolitana de Santiago,,,,,,POLERAS,Camisetas de caballeroPOLERAS DRYFIT C/CAMISERO M/CORTA,55.0,EA,CLP,7190.0,,
4546-8-SE20,,2020-11-05T19:26:11Z,direct,,,,I. MUNICIPALIDAD DE CASABLANCA | DIRECCION DE ASEO Y ORNATO,690614006,,Región de Valparaíso ,,KAUFMANN S.A. Vehículos Motorizados | KAUFMANN S.A. Vehículos Motorizados,924750006,,Región Metropolitana de Santiago,,,,,,ADQUISICIÓN DE REPUESTO PARA CAMIÓN AMPLIROLL ,"Pernos de horquillaPERNOS  M 24X2, 0X150",8.0,000,CLP,17765.0,,
4546-8-SE20,,2020-11-05T19:26:11Z,direct,,,,I. MUNICIPALIDAD DE CASABLANCA | DIRECCION DE ASEO Y ORNATO,690614006,,Región de Valparaíso ,,KAUFMANN S.A. Vehículos Motorizados | KAUFMANN S.A. Vehículos Motorizados,924750006,,Región Metropolitana de Santiago,,,,,,ADQUISICIÓN DE REPUESTO PARA CAMIÓN AMPLIROLL ,"Hojas de resorteBALLESTA DELANTERA DE SUSPENSIÓN  DERECHA 
PARA CAMIÓN AMPLIROLL JKKD-49",1.0,C62,CLP,515118.0,,
4702-10-MC20,,2020-11-05T19:26:54Z,direct,,,,Ilustre Municipalidad de Los Muermos | Municipalidad de Los Muermos- Dideco,692208005,,Región de los Lagos ,,Diego Armando | Diego Armando,16721861K,,Región de los Lagos ,,,,,,TRASLADO ESC. DE FÚTBOL FEMENINO A PTO. VARAS,Arriendo de vehículosTRASLADO DESDE LOS MUERMOS A PUERTO VARAS IDA Y REGRESO,1.0,000,CLP,110000.0,,
4735-23-SE20,,2020-11-05T19:26:53Z,direct,,,,Ilustre Municipalidad de Cholchol | Salud,69265000K,,Región de la Araucanía ,,Decar S.A | Decar S.A,995992000,,Región de la Araucanía ,,,,,,SERVICIO MANTENCION 70.000 KMS JZYL53,"Aceite de motorMANTENCION 70.000 KMS DEL STATION WAGON SUZUKI JIMNY PATENTE JZYL53, SEGUN COTIZACION ADJUNTA.",1.0,EA,CLP,152390.0,,
4779-21-SE20,,2020-11-05T19:26:12Z,direct,,,,Hospital Coyhaique | Bodega Farmacia HR Coyhaique,616022806,,Región Aysén del General Carlos Ibáñez del Campo,,Roche Chile Ltda. Roche Pharma | Roche Chile Ltda. Roche Pharma ,829994003,,Región Metropolitana de Santiago,,,,,,FAR-LEVODOPA + BENSERAZIDA 200/50 COMP-ENERO 2020,LevodopaLEODOPA + BENSERAZIDA DE 200/50 MG EN COMPRIMIDOS,10500.0,CMP,CLP,224.0,,
4779-43-SE20,,2020-11-05T19:26:54Z,direct,,,,Hospital Coyhaique | Bodega Farmacia HR Coyhaique,616022806,,Región Aysén del General Carlos Ibáñez del Campo,,Etex Farmaceútica Limitada | Etex Farmaceútica Limitada,78026330K,,Región Metropolitana de Santiago,,,,,,far - Inhaladores - Enero 2020,Xinafoato de salmeterolBrexovent LF 125 mcg Inhalador,50.0,EA,CLP,8000.0,,
4779-43-SE20,,2020-11-05T19:26:54Z,direct,,,,Hospital Coyhaique | Bodega Farmacia HR Coyhaique,616022806,,Región Aysén del General Carlos Ibáñez del Campo,,Etex Farmaceútica Limitada | Etex Farmaceútica Limitada,78026330K,,Región Metropolitana de Santiago,,,,,,far - Inhaladores - Enero 2020,FluticasonaBrexovent LF 50 mcg Inhalador,30.0,EA,CLP,9000.0,,
4779-44-SE20,,2020-11-05T19:26:52Z,direct,,,,Hospital Coyhaique | Bodega Farmacia HR Coyhaique,616022806,,Región Aysén del General Carlos Ibáñez del Campo,,Caribean Pharma Ltda | Caribean Pharma Ltda,768300909,,Región Metropolitana de Santiago,,,,,,far - Medicamentos - Enero 2020,OmeprazolOmeprazol 40 mg Frasco/Ampolla,800.0,AMPF,CLP,743.0,,
4779-44-SE20,,2020-11-05T19:26:52Z,direct,,,,Hospital Coyhaique | Bodega Farmacia HR Coyhaique,616022806,,Región Aysén del General Carlos Ibáñez del Campo,,Caribean Pharma Ltda | Caribean Pharma Ltda,768300909,,Región Metropolitana de Santiago,,,,,,far - Medicamentos - Enero 2020,Furoato de mometasonaMometasona 0.1% Crema,250.0,TUBO,CLP,2403.0,,
4779-47-SE20,,2020-11-05T19:26:53Z,direct,,,,Hospital Coyhaique | Bodega Farmacia HR Coyhaique,616022806,,Región Aysén del General Carlos Ibáñez del Campo,,Roche Chile Ltda. Roche Pharma | Roche Chile Ltda. Roche Pharma ,829994003,,Región Metropolitana de Santiago,,,,,,far - Rituximab 500mg - Enero 2020,RituximabRituximab 500 mg / 50 ml Frasco Ampolla (MABTHERA),6.0,AMPF,CLP,879800.0,,
4921-4-SE20,,2020-11-05T19:26:52Z,direct,,,,Ilustre Municipalidad de Cochamo | DOM,692520009,,Región de los Lagos ,,EMASOL | EMASOL,797237906,,Región de los Lagos ,,,,,,BOMBAS  PARA RECIRCULACIÓN ALCANTARILLADO COCHAMO,Bombas de aguaBOMBAS AGUA VITAR + KIT CUENTA LITROS DE 12 VOLT.,4.0,EA,CLP,363629.5,,
4956-15-SE20,,2020-11-05T19:26:13Z,direct,,,,ILUSTRE MUNICIPALIDAD DE RENCA | SECPLAN,690712008,,Región Metropolitana de Santiago,,STGO a MIL | STGO a MIL,654091609,,Región Metropolitana de Santiago,,,,,,TD CON LA FUNDACIÓN FESTIVAL INTERNACIONAL TEATRO A MIL - DA 30 Y SP 1273 DIDECO,"TeatroCONTRATACIÓN DIRECTA POR EXCEPCIÓN FUNDACIÓN FESTIVAL INTERNACIONAL TEATRO A MIL PARA LA PRESENTACIÓN DE 3 OBRAS: LA DESOBEDIENCIA DE MARTÍN, LA PICHINTÚN, JARDÍN DE LOS ÁNGELES.",1.0,000,CLP,17000000.0,,
4967-164-SE20,,2020-11-05T19:26:12Z,direct,,,,Hospital Quilpué | Farmacia Insumos,616066048,,Región de Valparaíso ,,DIFEM LABORATORIOS S A | DIFEM LABORATORIOS S A,795811206,,Región Metropolitana de Santiago,,,,,,ALCOHOL  DE 95°  Y  70°,Antisépticos basados en alcohol o acetonaALCOHOL 70° FORMATO 125 ML.,880.0,000,CLP,345.0,,
4967-164-SE20,,2020-11-05T19:26:12Z,direct,,,,Hospital Quilpué | Farmacia Insumos,616066048,,Región de Valparaíso ,,DIFEM LABORATORIOS S A | DIFEM LABORATORIOS S A,795811206,,Región Metropolitana de Santiago,,,,,,ALCOHOL  DE 95°  Y  70°,Antisépticos basados en alcohol o acetonaALCOHOL 70° FORMATO  250 ML.,425.0,000,CLP,517.0,,
4967-164-SE20,,2020-11-05T19:26:12Z,direct,,,,Hospital Quilpué | Farmacia Insumos,616066048,,Región de Valparaíso ,,DIFEM LABORATORIOS S A | DIFEM LABORATORIOS S A,795811206,,Región Metropolitana de Santiago,,,,,,ALCOHOL  DE 95°  Y  70°,Antisépticos basados en alcohol o acetonaALCOHOL DE 95 ENVASE DE 1 LITRO,240.0,000,CLP,1643.0,,
5044-1-SE20,,2020-11-05T19:26:12Z,direct,,,,Dirección General de Crédito Prendario - DICREP | Unidad San Diego,615040002,,Región Metropolitana de Santiago,,Paulina Ximena | Paulina Ximena,767693583,,Región Metropolitana de Santiago,,,,,,Servicio Aseo San Diego,"Servicios de limpieza de edificiosServicios de aseo, mantención y sanitación en Unidad de Crédito San Diego.",1.0,EA,CLP,1250000.0,,
5056-213-MC20,,2020-11-05T19:26:53Z,direct,,,,SERVICIO DE SALUD DEL MAULE HOSPITAL DE TALCA | Servicios,616069012,,Región del Maule ,,CLINICA UCM LTDA | CLINICA UCM LTDA,765108209,,Región del Maule ,,,,,,TD/221299900201/EXAMEN QUANTIFERON/ENERO,"Exámenes médicosEXAMEN QUANTIFERON

NOMBRE: G.B.V.
RUT. X.XXX.082-4

MEMO N°2035 FECHA: 27/12/2019",1.0,EA,CLP,110420.0,,
5056-218-SE20,,2020-11-05T19:26:52Z,direct,,,,SERVICIO DE SALUD DEL MAULE HOSPITAL DE TALCA | Servicios,616069012,,Región del Maule ,,BIOTECNOLOGIA E INNOVACION SPA | Genometrics_,762141973,,Región Metropolitana de Santiago,,,,,,TD/221299900201/EXAMEN COMPREHENSIVE NEUROPATHIES/ENERO,"Exámenes médicosEXAMEN COMPREHENSIVE NEUROPATHIES PANEL

NOMBRE E.R.M.
RUT. XX.XXX.225-0

MEMO N°1874 FECHA 28/11/2019",1.0,EA,CLP,300000.0,,
5056-225-MC20,,2020-11-05T19:26:52Z,direct,,,,SERVICIO DE SALUD DEL MAULE HOSPITAL DE TALCA | Servicios,616069012,,Región del Maule ,,UC CHISTUS SERVICIOS AMBULATORIOS SpA | UC CHISTUS SERVICIOS AMBULATORIOS SpA,767540973,,Región Metropolitana de Santiago,,,,,,TD/221299900201/EXAMEN AQUAPORINA 4/ENERO,"Exámenes médicosEXAMEN AQUAPORINA 4

NOMBRE: R.G.C.
RUT. XX.XXX.653-1

MEMO N°18952 FECHA 13/12/2019",1.0,EA,CLP,72030.0,,
5056-228-MC20,,2020-11-05T19:26:53Z,direct,,,,SERVICIO DE SALUD DEL MAULE HOSPITAL DE TALCA | Servicios,616069012,,Región del Maule ,,Clinica Santa Maria S.A. | Clinica Santa Maria S.A.,907530000,,Región Metropolitana de Santiago,,,,,,TD/221299900201/EXAMEN TEST DE CLONIDINA/ENERO,"Exámenes médicosEXAMEN TEST DE CLONIDINA

NOMBRE: P.A.D.
RUT. XX.XXX.007-2

MEMO N°2030 FECHA 27/12/2019",1.0,EA,CLP,68800.0,,
5056-228-MC20,,2020-11-05T19:26:53Z,direct,,,,SERVICIO DE SALUD DEL MAULE HOSPITAL DE TALCA | Servicios,616069012,,Región del Maule ,,Clinica Santa Maria S.A. | Clinica Santa Maria S.A.,907530000,,Región Metropolitana de Santiago,,,,,,TD/221299900201/EXAMEN TEST DE CLONIDINA/ENERO,"Exámenes médicosEXAMEN TEST DE CLONIDINA

NOMBRE: P.V.P.
RUT. XX.XXX.568-9

MEMO N°2031 FECHA 27/12/2019",1.0,EA,CLP,68800.0,,
507428-44-SE20,,2020-11-05T19:26:52Z,direct,,,,Servicio de Salud Chiloé | Servicio de Salud Chiloé,619792106,,Región de los Lagos ,,CRISTIAN TADEO | CRISTIAN TADEO,769314954,,Región de los Lagos ,,,,,,MANTENCIÓN PREVENTIVAS ESTUFAS PELLET BASES SAMU C,Estufas de la calefacciónMANTENCIÓN PREVENTIVA ESTUFA PELLET BASES SAMU ANCUD - CASTRO - QUELLÓN,3.0,EA,CLP,60000.0,,
5083-25-SE20,,2020-11-05T19:26:52Z,direct,,,,Hospital Curicó | Unidad Pròtesis,616069039,,Región del Maule ,,ZIMMER BIOMET DENTAL | ZIMMER BIOMET DENTAL,762128241,,,,,,,,Cirugía Dental Luz y Felix,"Dispositivos de sujeción protésica o accesoriosIMPLANTES DENTALES
Paciente: Luz Hernandez 
Fecha cx. 20-01-20",1.0,EA,CLP,232246.2184,,
5083-25-SE20,,2020-11-05T19:26:52Z,direct,,,,Hospital Curicó | Unidad Pròtesis,616069039,,Región del Maule ,,ZIMMER BIOMET DENTAL | ZIMMER BIOMET DENTAL,762128241,,,,,,,,Cirugía Dental Luz y Felix,"Dispositivos de sujeción protésica o accesoriosIMPLANTES DENTALES
Paciente: Felix Pino Molina
Fecha cx:20-01-2020",1.0,EA,CLP,232246.2184,,
5100-1-SE20,,2020-11-05T19:26:11Z,direct,,,,Dirección General de Crédito Prendario - DICREP | Unidad Matucana,615040002,,Región Metropolitana de Santiago,,Paulina Ximena | Paulina Ximena,767693583,,Región Metropolitana de Santiago,,,,,,Servicio Aseo Matucana,"Servicios de limpieza de edificiosServicios de Aseo, Mantención y Sanitización",1.0,EA,CLP,2500000.0,,
5153-112-SE20,,2020-11-05T19:26:54Z,direct,,,,UNIVERSIDAD DE CHILE | Hospital Clínico Univ. de Chile-Insumos Generales,609100001,,Región Metropolitana de Santiago,,STREAMWATER | STREAMWATER ,762692309,,Región Metropolitana de Santiago,,,,,,REF 48 PROGRAMA MENSUAL ENERO OCI 114750,Electrolitos de cloruro de sodio581656 HIDROSAL REFINADA  (  SACO  X 25 KG ),165.0,SA,CLP,3500.0,,
5153-67-SE20,,2020-11-05T19:26:12Z,direct,,,,UNIVERSIDAD DE CHILE | Hospital Clínico Univ. de Chile-Insumos Generales,609100001,,Región Metropolitana de Santiago,,"Albagli, Zaliasnik & Cia. | ALBAGLIZALIASNIKYCIA",781413801,,Región Metropolitana de Santiago,,,,,,HONORARIOS RECURSO DE APELACIÓN CLÍNICA QUILIN,Procesos de apelación o revisiones judicialesHONORARIOS PREPARACIÓN Y PRESENTACIÓN RECURSO DE APELACIÓN MARCAS CLÍNICA UNIVERSIDAD DE CHILE QUILIN   ,1.0,000,CLP,165175.0,,
5153-67-SE20,,2020-11-05T19:26:12Z,direct,,,,UNIVERSIDAD DE CHILE | Hospital Clínico Univ. de Chile-Insumos Generales,609100001,,Región Metropolitana de Santiago,,"Albagli, Zaliasnik & Cia. | ALBAGLIZALIASNIKYCIA",781413801,,Región Metropolitana de Santiago,,,,,,HONORARIOS RECURSO DE APELACIÓN CLÍNICA QUILIN,Procesos de apelación o revisiones judicialesCONSIGNACIÓN PARA APELACIÓN DE RECHAZO DE MARCA UNIVERSIDAD DE CHILE QUILIN Nº DE SOLICITUD 1265565 ,1.0,000,CLP,96032.0,,
5178-184-SE20,,2020-11-05T19:26:11Z,direct,,,,UNIVERSIDAD DE CHILE | UCHILE  Facultad Medicina (5178),609100001,,Región Metropolitana de Santiago,,PONTIFICIA UNIVERSIDAD CATOLICA DE CHILE | Facultad de Ciencias Biológicas,816989000,,Región Metropolitana de Santiago,,,,,,570122/B5/SP 753044,"Vectores de secuenciación(0502010209) SECUENCIACIONES DE DNA, SEGUN COTIZACION DE NOVIEMBRE 2019",150.0,EA,CLP,4000.0,,
5212-31-SE20,,2020-11-05T19:26:52Z,direct,,,,Universidad de Valparaíso | 01 Organismo Central-Rectoria-Prorrectoria,609210001,,Región de Valparaíso ,,CFT UVALPARAISO | CFT UVALPARAISO,969414600,,Región de Valparaíso ,,,,,,Regularización curso Excel y Estatuto Adminsitrativo,"Capacitación a empleadosCurso de Estatuto Adminsitrativo, total de horas 08, para 07 participantes, el curso incluye materiales, coffe break, certificación e informe de cierre.",7.0,000,CLP,72000.0,,
5212-31-SE20,,2020-11-05T19:26:52Z,direct,,,,Universidad de Valparaíso | 01 Organismo Central-Rectoria-Prorrectoria,609210001,,Región de Valparaíso ,,CFT UVALPARAISO | CFT UVALPARAISO,969414600,,Región de Valparaíso ,,,,,,Regularización curso Excel y Estatuto Adminsitrativo,"Capacitación a empleadosCurso de Excel, total de horas 08, para 07 participantes, el curso incluye materiales, coffe break, certificación e informe de cierre.",7.0,000,CLP,72000.0,,
525512-19-MC20,,2020-11-05T19:26:12Z,direct,,,,ILUSTRE MUNICIPALIDAD DE COLCHANE | ILUSTRE MUNICIPALIDAD DE COLCHANE,692504003,,Región de Tarapacá  ,,Javier Bonifacio Castro Gómez | Javier Bonifacio Castro Gómez,132156883,,Región de Tarapacá  ,,,,,,Servicio de Cocteleria y alimentación,"Servicios de cateringadquisición de Servicio de Coctelera y Alimentación el cual consiste en 80 Cachitos de Quinua, 40 alfajores, 40 Flor de Loto, 80 Queques, 201 Rosca, 30 Canapé Ave Mayo, 25 Canapé de Huevo y 1 Jarra de Ulpara.	",1.0,000,CLP,168067.0,,
525512-33-SE20,,2020-11-05T19:26:53Z,direct,,,,ILUSTRE MUNICIPALIDAD DE COLCHANE | ILUSTRE MUNICIPALIDAD DE COLCHANE,692504003,,Región de Tarapacá  ,,TRANSPORTE Y SERVICIOS PATRICIO GARCIA EIRL | TRANSPORTE Y SERVICIOS PATRICIO GARCIA EIRL,76549057K,,,,,,,,Serv. de alojamiento para actividad del Adulto May,"Servicios de cateringAdquisición del servicio de alimentación para actividad municipal Dideco Adulto Mayor, el cual consiste en 300 mini pizza, 300 roscas, 16 queques, 300 anticuchos de fruta, 300 mini completos, 300 mini churrascos, 300 mini empanadas de queso jamón, 300 mini jaleas, 300 trozos de torta, 12 cheetos, papas, ramitas y doritos, 300 cajas de dulces surtidos.",1.0,000,CLP,2148000.0,,
5338-53-SE20,,2020-11-05T19:26:53Z,direct,,,,Universidad de Magallanes | UNIVERSIDAD DE MAGALLANES,711337008,,Región de Magallanes y de la Antártica,,EDIG LTDA  | EDIG LTDA,762831457,,Región Metropolitana de Santiago,,,,,,"SOFTWARE / CARRERA INGENIERIA COMERCIAL Y AUDITORIA, SOL. 119982","Software de gestión de recursos humanosSOFTWARE E-REMUNERACIONES (30  USU. EN RED) + 1 MANUAL EJECUTIVO TRIBUTARIO ON LINE, DE ENERO A DICIEMBRE 2020",1.0,000,CLP,725000.0,,
5338-53-SE20,,2020-11-05T19:26:53Z,direct,,,,Universidad de Magallanes | UNIVERSIDAD DE MAGALLANES,711337008,,Región de Magallanes y de la Antártica,,EDIG LTDA  | EDIG LTDA,762831457,,Región Metropolitana de Santiago,,,,,,"SOFTWARE / CARRERA INGENIERIA COMERCIAL Y AUDITORIA, SOL. 119982","Software de contabilidad temporalSOPORTE TELEFONICO Y (O) EN FORMA REMOTA + CAPACITACION 
 DE SOFTWARE E-CONTABILIDAD E-IFRS (30 USU. EN RED) DE ENERO A DICIEMBRE 2020",1.0,000,CLP,725000.0,,
5416-158-MC20,,2020-11-05T19:26:53Z,direct,,,,Universidad de La Serena | Universidad de La Serena,707831006,,Región de Coquimbo ,,CESAR E BERMEJO JORDAN | CFI-CESAR BERMEJO,9278536K,,Región de Coquimbo ,,,,,,Enmarcaciones Diplomas Aniversario ULS,"Marcos de secciones de maderaENMARCACION 25 DIPLOMAS MOLDURA MADERA FINA, COLOR AZUL, LACADA COLOR INSTITUCIONAL CON VIDRIO OPACO ANTIREFLEJO, CON CIERRE DE CHOLGUÁN Y PAPEL ANTIHUMEDAD, CAJA DE CARTON PIEDRA FORRADO CON PAPEL COLOR AZUL INSTITUCIONAL TALLER DE FABRICACIÓN PROPIA",25.0,000,CLP,16500.0,,
5463-9-SE20,,2020-11-05T19:26:53Z,direct,,,,Hospital de Peñaflor | SERVICIOS GENERALES,616021214,,Región Metropolitana de Santiago,,CRIGAB SpA | CRIGAB SpA,765183510,,Región Metropolitana de Santiago,,,,,,REPARACION DE TOMA DE OXIGENO,Accesorios para productos de administración de oxiREPARACIÓN DE TOMA DE OXIGENO MURAL,1.0,EA,CLP,215750.0,,
546437-66-MC20,,2020-11-05T19:26:53Z,direct,,,,FUND NACIONAL DE ORQUESTAS JUVENILES E INFANTILES DE CHILE | FOJI,759919300,,Región Metropolitana de Santiago,,CALCUTTA Y CIA LTDA | CALCUTTA Y CIA LTDA,822004008,,Región de Magallanes y de la Antártica,,,,,,Alojamiento Becados Coordinado Magallanes 20-24 CE,Habitación sencillaAlojamiento para Becados y Coordinador 20 al 24 de Enero,1.0,EA,CLP,363025.0,,
5485-31-SE20,,2020-11-05T19:26:11Z,direct,,,,UNIVERSIDAD DE CHILE | FAC.CS.AGRONOMICAS Dirección Económ. y Adm,609100001,,Región Metropolitana de Santiago,,LIFE TECHNOLOGIES CHILE SPA | LIFE TECHNOLOGIES CHILE SPA,774539107,,Región Metropolitana de Santiago,,,,,,REACTIVOS DE LABORATORIO,Reactivos o soluciones químicos12574026	SSIII 1 STEP WITH PLAT TAQ 100.	100 REACTIONS,1.0,000,CLP,521769.0,,
5485-31-SE20,,2020-11-05T19:26:11Z,direct,,,,UNIVERSIDAD DE CHILE | FAC.CS.AGRONOMICAS Dirección Económ. y Adm,609100001,,Región Metropolitana de Santiago,,LIFE TECHNOLOGIES CHILE SPA | LIFE TECHNOLOGIES CHILE SPA,774539107,,Región Metropolitana de Santiago,,,,,,REACTIVOS DE LABORATORIO,Reactivos o soluciones químicos11615010	TAQ POLIMERASE BRASIL.	500 UNITS,10.0,EA,CLP,53605.0,,
5485-31-SE20,,2020-11-05T19:26:11Z,direct,,,,UNIVERSIDAD DE CHILE | FAC.CS.AGRONOMICAS Dirección Económ. y Adm,609100001,,Región Metropolitana de Santiago,,LIFE TECHNOLOGIES CHILE SPA | LIFE TECHNOLOGIES CHILE SPA,774539107,,Región Metropolitana de Santiago,,,,,,REACTIVOS DE LABORATORIO,Reactivos o soluciones químicos10966030	PLATINUM TAQ DNA POLY BRASIL.	500 Reactions,10.0,EA,CLP,92563.0,,
5485-31-SE20,,2020-11-05T19:26:11Z,direct,,,,UNIVERSIDAD DE CHILE | FAC.CS.AGRONOMICAS Dirección Económ. y Adm,609100001,,Región Metropolitana de Santiago,,LIFE TECHNOLOGIES CHILE SPA | LIFE TECHNOLOGIES CHILE SPA,774539107,,Región Metropolitana de Santiago,,,,,,REACTIVOS DE LABORATORIO,Reactivos o soluciones químicos10297018	100 MM. DNTP SET.	4 x 250 & micro; L,6.0,EA,CLP,195667.0,,
5520-137-SE20,,2020-11-05T19:26:54Z,direct,,,,UNIVERSIDAD DE CHILE | FCFM IDIEM,609100001,,Región Metropolitana de Santiago,,PROQUI CHILE LTDA. | PROQUI CHILE LTDA.,780844604,,Región Metropolitana de Santiago,,,,,,Solicitud de combustible Nafta.Trato Directo Nº1756-2018.,Nafta,2.0,000,CLP,238600.0,,
552010-3-SE20,,2020-11-05T19:26:53Z,direct,,,,Gobernación Provincial de Palena | COMPLEJOS FRONTERIZOS,619553004,,Región de los Lagos ,,Comercial Sodamontt Ltda. | Comercial Sodamontt Ltda.,789063001,,Región de los Lagos ,,,,,,BIDONES DE AGUA PURIFICADA CON ENVASE,AguaBIDONES DE AGUA PURIFICADA CON ENVASES DE 20 LT.,30.0,000,CLP,8193.0,,
554734-21-MC20,,2020-11-05T19:26:12Z,direct,,,,Ilustre Municipalidad de Peumo | Unidad de Adquisiciones,690809001,,Región del Libertador General Bernardo O´Higgins,,Supermercado de Abarrotes y Otros | Supermercado Andrea,58052809,,Región del Libertador General Bernardo O´Higgins,,,,,,COLACIONES CAMPEONATO DE FÚTBOL LA TURBINA CUP,"Rellenos de sándwich frescosNOTA: SE REQUIERE GENERAR ORDEN DE COMPRA POR 200 COLACIONES LAS QUE SERÁN UTILIZADAS EN CAMPEONATO DE FÚTBOL LA TURBINA CUP,LA CUAL SE REALIZARÁ EN LA CANCHA DE SANTA ELENA DE CODAO, EL DÍA 11 DE ENERO DEL 2020. ESTE GASTO DEBE SER CARGADO AL PRESUPUESTO MUNICIPAL, AL PROGRAMA OFICINA DE DEPORTES.										
",200.0,EA,CLP,2016.8067,,
5586-391-SE20,,2020-11-05T19:26:53Z,direct,,,,Universidad de la Frontera | Universidad de la Frontera,879129001,,Región de la Araucanía ,,Global Services S.A. | Global Services S.A.,967299707,,Región Metropolitana de Santiago,,,,,,IMPLEMENTACION SISTEMA DE INFORMACION INTEGRADO,"Software de flujo de trabajo de contenidosHITO 2: ADMINISTRACION DE BIENES: ACTIVIDAD N°1: Certificado de licenciamiento perpetuo y transferencia del Código Fuente, emitido por Global Services SpA, titular de la propiedad intelectual de Global 3000.",1.0,000,CLP,87394958.0,,
5610-28-SE20,,2020-11-05T19:26:52Z,direct,,,,UNIVERSIDAD DE CHILE | UCHILE Facultad de Odontologia,609100001,,Región Metropolitana de Santiago,,M-DENT LTDA. | M-DENT LTDA.,850254001,,Región Metropolitana de Santiago,,,,,,REPUESTOS EQUIPOS KAVO ,"Unidades dentalesINTERRUPTOR BIPOLAR 16A 02791113, COT. 6.049.421",3.0,000,CLP,6545.0,,
5610-28-SE20,,2020-11-05T19:26:52Z,direct,,,,UNIVERSIDAD DE CHILE | UCHILE Facultad de Odontologia,609100001,,Región Metropolitana de Santiago,,M-DENT LTDA. | M-DENT LTDA.,850254001,,Región Metropolitana de Santiago,,,,,,REPUESTOS EQUIPOS KAVO ,"Unidades dentalesMOTOR BASE UNIK 10045053, COT. 6.049.421",3.0,000,CLP,201303.0,,
5610-28-SE20,,2020-11-05T19:26:52Z,direct,,,,UNIVERSIDAD DE CHILE | UCHILE Facultad de Odontologia,609100001,,Región Metropolitana de Santiago,,M-DENT LTDA. | M-DENT LTDA.,850254001,,Región Metropolitana de Santiago,,,,,,REPUESTOS EQUIPOS KAVO ,"Unidades dentalesMOTOR RESPALDO MODELO AB90, COT. 6.049.421",3.0,000,CLP,224666.0,,
5615-17-SE20,,2020-11-05T19:26:12Z,direct,,,,Ilustre Municipalidad de El Carmen | Ilustre Municipalidad de El Carmen,69141700K,,Región del Ñuble,,ARRIBA EVENTOS | ARRIBA EVENTOS,15756966K,,Región del Ñuble,,,,,,CONTRATACIÓN DE SERVICIOS SHOW RURAL SECTOR HUEMUL,Mano de obra temporalAMPLIFICACIÓN E ILUMINACIÓN SHOW RURAL EN SECTOR HUEMUL DÍA SÁBADO 11 DE ENERO DE 2020,1.0,GL,CLP,392157.0,,
564162-61-MC20,,2020-11-05T19:26:53Z,direct,,,,Universidad de Santiago de Chile | VICERRECTORIA DE INVESTIGACION Y DESARROLLO,609110007,,Región Metropolitana de Santiago,,MONTERMIC | MONTERMIC,799030306,,Región Metropolitana de Santiago,,,,,,Solicitud N° 49124 - Aire Acondicionado,"Servicios de reparación, mantenimiento o reparació",1.0,000,CLP,311901.0,,
5702-55-MC20,,2020-11-05T19:26:52Z,direct,,,,DIRECCION GENERAL DE GENDARMERIA DE CHIL | Región de Arica y Parinacota,619790200,,Región de Arica y Parinacota,,JC Confecciones | JC Confecciones ,66122735,,Región de Arica y Parinacota,,,,,,"CET LYNCH (PANTALONES CARGO ""SERVICIO ATENCIÓN CASINO""), FOSOACET 191, ÁREA LABORAL","Pantalones y short para hombrePANTALON CARGO TALLA 42, COLOR NEGRO ",4.0,EA,CLP,7563.0,,
5702-55-MC20,,2020-11-05T19:26:52Z,direct,,,,DIRECCION GENERAL DE GENDARMERIA DE CHIL | Región de Arica y Parinacota,619790200,,Región de Arica y Parinacota,,JC Confecciones | JC Confecciones ,66122735,,Región de Arica y Parinacota,,,,,,"CET LYNCH (PANTALONES CARGO ""SERVICIO ATENCIÓN CASINO""), FOSOACET 191, ÁREA LABORAL","Pantalones y short para hombrePANTALON CARGO TALLA 44, COLOR NEGRO ",4.0,EA,CLP,7563.0,,
5702-55-MC20,,2020-11-05T19:26:52Z,direct,,,,DIRECCION GENERAL DE GENDARMERIA DE CHIL | Región de Arica y Parinacota,619790200,,Región de Arica y Parinacota,,JC Confecciones | JC Confecciones ,66122735,,Región de Arica y Parinacota,,,,,,"CET LYNCH (PANTALONES CARGO ""SERVICIO ATENCIÓN CASINO""), FOSOACET 191, ÁREA LABORAL","Pantalones y short para hombrePANTALON CARGO TALLA 46, COLOR NEGRO ",4.0,EA,CLP,7563.0,,
5702-55-MC20,,2020-11-05T19:26:52Z,direct,,,,DIRECCION GENERAL DE GENDARMERIA DE CHIL | Región de Arica y Parinacota,619790200,,Región de Arica y Parinacota,,JC Confecciones | JC Confecciones ,66122735,,Región de Arica y Parinacota,,,,,,"CET LYNCH (PANTALONES CARGO ""SERVICIO ATENCIÓN CASINO""), FOSOACET 191, ÁREA LABORAL","Pantalones y short para hombrePANTALON CARGO TALLA 48, COLOR NEGRO ",4.0,EA,CLP,7563.0,,
5702-59-MC20,,2020-11-05T19:26:53Z,direct,,,,DIRECCION GENERAL DE GENDARMERIA DE CHIL | Región de Arica y Parinacota,619790200,,Región de Arica y Parinacota,,COMERCIAL LIK | COMERCIAL LIK,178307746,,Región de Arica y Parinacota,,,,,,ECONOMATO C.P. ARICA COMPRA DE DETECTOR DE BILLETE,Transparencias de billetesDetector de billetes,4.0,EA,CLP,7000.0,,
5855-7-MC20,,2020-11-05T19:26:12Z,direct,,,,Ilustre Municipalidad de Camarones | Unidad Municipal,692510003,,Región de Arica y Parinacota,,INGRID GLORIA | INGRID GLORIA,178949470,,Región de Arica y Parinacota,,,,,,REGULARIZACIÓN APOYO VENDIMIA,"Servicios administrativosAPOYO EN ACTIVIDAD
VENDIMIA 2019, POR LOS DÍAS 17-18-
19 DE MAYO
",3.0,000,CLP,15000.0,,
608-740-SE20,,2020-11-05T19:26:53Z,direct,,,,Hospital Dr. Gustavo Fricke | Hospital Dr. Gustavo Fricke,616066021,,Región de Valparaíso ,,Sur Medical Spa | Sur Medical Spa,995760800,,Región Metropolitana de Santiago,,,,,,KCD_ACCESORIOS PARA EQUIPO DUODENOSCOPIO,Arneses o accesoriosACCESORIOS PARA EQUIPO DUODENOSCOPIO DE LA UAPQ: TESTER DE HERMETICIDAD Y GOMAS CANAL DE BIOPSIA ,1.0,000,CLP,247900.0,,
608-742-SE20,,2020-11-05T19:26:53Z,direct,,,,Hospital Dr. Gustavo Fricke | Hospital Dr. Gustavo Fricke,616066021,,Región de Valparaíso ,,PV EQUIP S.A. | PV EQUIP S.A.,798956701,,Región Metropolitana de Santiago,,,,,,KCD_MANT. CORRECTIVA M. MULTIPARÁMETRO ,Servicio de reparación de equipo de fabricaciónSERVICIO DE MANTENCIÓN CORRECTIVA DE MONITORES MULTIPARÁMETROS DE ALTA COMPLEJIDAD DE LA UAPQ.,1.0,000,CLP,8968223.0,,
608-762-SE20,,2020-11-05T19:26:53Z,direct,,,,Hospital Dr. Gustavo Fricke | Hospital Dr. Gustavo Fricke,616066021,,Región de Valparaíso ,,Farmaceutica Bioformula Ltda. | Bioformula Ltda.,760303984,,Región Metropolitana de Santiago,,,,,,mft_FARMACIA (CAFEINA CITRATO 10 MG/30ML),Cafeína[2178485] CAFEINA JBE,20.0,VI,CLP,6500.0,,
608-778-SE20,,2020-11-05T19:26:52Z,direct,,,,Hospital Dr. Gustavo Fricke | Hospital Dr. Gustavo Fricke,616066021,,Región de Valparaíso ,,Drager Chile Limitada | Draeger Medical Limitada,76033880K,,Región Metropolitana de Santiago,,,,,,KCD_CONVENIO DE MANTENCION DE VENTILADORES MECÁNIC,"Sensores de presiónCONVENIO DE MANTENCIÓN POR 18 MESES PARA 17 VENTILADORES MECÁNICOS Y MÁQUINAS DE ANESTESIA:
11/18.",1.0,000,CLP,2713440.0,,
608-779-SE20,,2020-11-05T19:26:52Z,direct,,,,Hospital Dr. Gustavo Fricke | Hospital Dr. Gustavo Fricke,616066021,,Región de Valparaíso ,,Sur Medical Spa | Sur Medical Spa,995760800,,Región Metropolitana de Santiago,,,,,,yzc *COMPRA ESPECIAL PARA UAPQ*,Agujas para anestesia[S/C] TROCAR LAPAROSCOPICO CON BALON DE RETENCION 5-10 ML Y DISCO DE FIJACION FR 12X100 MM REF:CFF73,15.0,EA,CLP,45000.0,,
608-782-SE20,,2020-11-05T19:26:52Z,direct,,,,Hospital Dr. Gustavo Fricke | Hospital Dr. Gustavo Fricke,616066021,,Región de Valparaíso ,,EMach | EMach,775002409,,Región del Biobío ,,,,,,KCD_SISTEMA DE CONTROL DE IDENTIFICACION Y ASISTEN,Reloj de controlSERVICIO DE ARRIENDO DE SISTEMA DE IDENTIFICACIÓN CON CONTROL DE ASISTENCIA LABORAL Y CASINO. CUOTA 5/6 DEL MES DE OCTUBRE DE 2019,1.0,000,CLP,1621281.0,,
608-782-SE20,,2020-11-05T19:26:52Z,direct,,,,Hospital Dr. Gustavo Fricke | Hospital Dr. Gustavo Fricke,616066021,,Región de Valparaíso ,,EMach | EMach,775002409,,Región del Biobío ,,,,,,KCD_SISTEMA DE CONTROL DE IDENTIFICACION Y ASISTEN,Reloj de controlESTACIÓN BIOMÉTRICA ADICIONAL CASA SENAME.,1.0,000,CLP,82353.0,,
617807-265-SE20,,2020-11-05T19:26:11Z,direct,,,,Hospital San Juan de Dios de Los Andes | Hospital San Juan de Dios de Los Andes,616020366,,Región de Valparaíso ,,BIOHORIZONS CHILE S.A. | BIOHORIZONS CHILE S.A.,969275309,,Región Metropolitana de Santiago,,,,,,HLA COMPRA DE INSUMOS DENTALES,Articuladores dentales o accesoriosPilares O ring,40.0,000,CLP,28200.0,,
617807-265-SE20,,2020-11-05T19:26:11Z,direct,,,,Hospital San Juan de Dios de Los Andes | Hospital San Juan de Dios de Los Andes,616020366,,Región de Valparaíso ,,BIOHORIZONS CHILE S.A. | BIOHORIZONS CHILE S.A.,969275309,,Región Metropolitana de Santiago,,,,,,HLA COMPRA DE INSUMOS DENTALES,Articuladores dentales o accesoriosKit O´ring,40.0,EA,CLP,16200.0,,
617807-359-SE20,,2020-11-05T19:26:53Z,direct,,,,Hospital San Juan de Dios de Los Andes | Hospital San Juan de Dios de Los Andes,616020366,,Región de Valparaíso ,,LABORATORIO SANDERSON S.A. | LABORATORIO SANDERSON S.A.,915460003,,Región Metropolitana de Santiago,,,,,,HLA ADQUISICION METADONA,Clorhidrato de metadona1100140 METADONA AM 2 MG/2 ML,200.0,000,CLP,376.0,,
617807-363-SE20,,2020-11-05T19:26:53Z,direct,,,,Hospital San Juan de Dios de Los Andes | Hospital San Juan de Dios de Los Andes,616020366,,Región de Valparaíso ,,CIRUMED LIMITADA -  NEUMANN LIMITADA | CIRUMED LIMITADA -  NEUMANN LIMITADA,789363102,,Región Metropolitana de Santiago,,,,,,HLA  compra de Placa de Silicona medgel 30 x 2 cm,"Sistema de tubo neumático clínicoPlaca de Silicona medgel 30 x 2 cm (12 Unidades)
",1.0,000,CLP,134370.0,,
619133-114-SE20,,2020-11-05T19:26:53Z,direct,,,,Hospital San Camilo de San Felipe | Hospital San Camilo de San Felipe,616020382,,Región de Valparaíso ,,Abbott Laboratories de Chile Ltda. | Abbott Laboratories de Chile Ltda.,813783002,,Región Metropolitana de Santiago,,,,,,ADQUISICIÓN DE PEDIASURE EN POLVO PARA EL HOSPITAL,"Fórmulas suplementarias para enfermedades pediátriPEDIASURE POLVO 900 G. ( CHOCOLATE, FRUTILLA Y VAINILLA)
CAJA DE 12 UNIDADES",24.0,EA,CLP,10500.0,,
624-6-SE20,,2020-11-05T19:26:11Z,direct,,,,Gobierno Regional de Coquimbo | Compra Regional,722257006,,Región de Coquimbo ,,INMOBILIARIA LOS ROBLES S.A. | INMOBILIARIA LOS ROBLES S.A.,966730005,,Región de Coquimbo ,,,,,,Arriendo de propiedad,"Arriendo de viviendasLa propiedad arrendada será destinada exclusivamente para oficinas de uso administrativo del Gobierno Regional y no podrá ser traspasado a otros Servicios Públicos sin el consentimiento por escrito del arrendador.
Se confecciona esta orden de compra por el año 2020. ",12.0,000,CLF,180.95,,
682941-1-SE20,,2020-11-05T19:26:11Z,direct,,,,Corporacion Administrativa del Poder Judicial | Jdo de Garantia de Vina del Mar,619675002,,Región de Valparaíso ,,Site Chile Sociedad Anónima | Site Chile Sociedad Anónima,969887908,,Región Metropolitana de Santiago,,,,,,REPARACION DE PLANTA TELEFONICA,Servicios de asistencia telefónica,1.0,000,CLF,4.5,,
683-2-SE20,,2020-11-05T19:26:11Z,direct,,,,Ministerio de Bienes Nacionales. | BIENES NAC. XII REGION,614020083,,Región de Magallanes y de la Antártica,,AEROVIAS DAP S.A. | AEROVIAS DAP S.A.,89428000K,,Región de Magallanes y de la Antártica,,,,,,ADQUISICIÓN DE 2 PASAJES AÉREOS A PUERTO WILLIAMS,"Viajes en aviones comerciales, pasajes aéreosADQUISICIÓN DE 2 PASAJES AÉREOS A PUERTO WILLIAMS con fecha de ida 27 Enero 2020 y retorno 28 Enero 2020 para pasajeros:
-Francisca Rojas Philippi, 12.722.201-0
-Floan Luna Roa, 10.709.159-9
código de reserva *NXYZOQ",2.0,000,CLP,167856.0,,
757-54-SE20,,2020-11-05T19:26:52Z,direct,,,,Subsecretaría de Salud Pública | Subsecretaría de Salud Pública,61601000K,,Región Metropolitana de Santiago,,Felipe | Felipe,761921134,,Región Metropolitana de Santiago,,,,,,DIPOL. SERVICIOS DE SUSCRIPCIÓN A BASE DE DATOS DE PUBLICIDAD EN INTERNET POR 24 MESES.,Publicaciones periódicasSERVICIOS DE SUSCRIPCIÓN A BASE DE DATOS DE PUBLICIDAD EN INTERNET POR 24 MESES.,1.0,000,CLP,26500000.0,,
838102-16-SE20,,2020-11-05T19:26:52Z,direct,,,,"COMANDO DE APOYO A LA FUERZA | Comando de Bienestar - ZB ""Iquique"" Bstar Social",739238005,,Región de Tarapacá  ,,Leonardo Rubén | Leonardo Rubén,769766839,,Región de Tarapacá  ,,,,,,T/D Reparacion sistema generacion electrica RM 5to L.,"Instalación o servicio de sistemas de energía elécREPARACION SISTEMA DE GENERACION DE ENERGIA ELECTRIA RESIDENCIA MILITAR 5TO DE LINEA
TD RES COB Z B IQQE 4182/596/33",1.0,000,CLP,2417005.0,,
867990-48-MC20,,2020-11-05T19:26:11Z,direct,,,,Universidad de Santiago de Chile | Unidad de Coordinación Institucional - UCI,609110007,,Región Metropolitana de Santiago,,Supermaq ltda | comercializadora lagos y valenzuela,761078399,,Región Metropolitana de Santiago,,,,,,(ID 49071) Hervidor para Depto Matematicas USACH,"Hervidores y teterasSe requiere la adquisición de dos hervidores para el Departamento de Matemáticas y ciencias
de la Computación, con las siguientes especificaciones técnicas.
· Capacidad de 20 litros.
· Hervidor de doble pared de aislación para mayor seguridad y mantención de temperatura.
· Medidor de capacidad a la vista.
· Hervidor con sistema automático de funcionamiento con regulación de temperatura.
· High Limit System que protege el funcionamiento del hervidor.
· Tapa con diseño especial que evita condensación y goteos.
· Manillas ergonómicas que protegen la manipulación del hervidor.
Capacidad (lts): 20
Temperatura (C°): 30°-110°
Dimensiones (Mm): 290x290x513
Potencia (W): 2000
Peso Neto (Kg): 4
Peso Bruto (Kg): 4,9",2.0,EA,CLP,64900.0,,
873299-290-MC20,,2020-11-05T19:26:53Z,direct,,,,SERVICIO NACIONAL DE SALUD HOSPITAL CARLOS VAN BUREN | Unidad de Abastecimientos,616020544,,Región de Valparaíso ,,LABORATORIOS KAMPAR  S A | LABORATORIO KAMPAR ,995650401,,Región Metropolitana de Santiago,,,,,,PEDIDO EXTRA FARMACIA,"MetotrexatoMETOTREXATO 20 MG
JER PRELLENADA",8.0,EA,CLP,8400.0,,
874750-20-SE20,,2020-11-05T19:26:12Z,direct,,,,Servicio de Salud Magallanes | Hospital de Porvenir,616079034,,Región de Magallanes y de la Antártica,,Redoffice XII | Redoffice XII,783079909,,Región de Magallanes y de la Antártica,,,,,,Artículos de aseo para bodega de abastecimiento,Toallas de papelTOALLA ELITE DOBLADA BLANCA 250HJ,270.0,EA,CLP,1470.59,,
874750-20-SE20,,2020-11-05T19:26:12Z,direct,,,,Servicio de Salud Magallanes | Hospital de Porvenir,616079034,,Región de Magallanes y de la Antártica,,Redoffice XII | Redoffice XII,783079909,,Región de Magallanes y de la Antártica,,,,,,Artículos de aseo para bodega de abastecimiento,Desinfectantes domésticoscloro clorox tradicional 1lt,300.0,LTR,CLP,747.9,,
874750-37-SE20,,2020-11-05T19:26:53Z,direct,,,,Servicio de Salud Magallanes | Hospital de Porvenir,616079034,,Región de Magallanes y de la Antártica,,Servicios Generales Sandra Gaete Vargas EIRL | Servicios Generales SGV EIRL,760711276,,Región de Magallanes y de la Antártica,,,,,,PRORROGA SERVICIO MANO DE OBRA CLÍNICA FEBRERO,"Mano de obra temporalPrórroga,  Servicios Licitac ID 874750-14-LP19  mano de obra: VALOR MENSUAL SERVICIO GLOBAL $ 10.330.000.- Iva Incluido. VALOR TOTAL DE PRORROGA SERVICIO GLOBAL  $ 30.990.000.-Iva Incluido. Periodo desde 01.01.2020 al 31.03.2020
OC MES DE FEBRERO",1.0,GL,CLP,8680672.0,,
886182-69-SE20,,2020-11-05T19:26:54Z,direct,,,,UNIVERSIDAD DE AYSEN | Universidad de Aysen,619805208,,Región Aysén del General Carlos Ibáñez del Campo,,Ojeda Ingenieria Ltda | Ojeda Ingenieria Ltda,767031408,,Región Aysén del General Carlos Ibáñez del Campo,,,,,,CONTRATACIÓN DE SERVICIOS DE ARRIENDO DE GENERADOR ELÉCTRICO PARA ACTIVIDAD ESCUELA VERANO 2020,"Generadores dieselContratación de Servicios de Generador eléctrico que incluya traslado y combustible para el día sábado 18 de enero de 2020, desde las 15:00 horas a las 22:00 horas en el Campus Río Simpson, Universidad de Aysén.",1.0,GL,CLP,480000.0,,
886954-87-SE20,,2020-11-05T19:26:12Z,direct,,,,HOSPITAL GUILLERMO GRANT BENAVENTE DE CO | Abastecimiento Insumos,616021893,,Región del Biobío ,,JOHNSON Y JOHNSON DE CHILE S A | Johnson & Johnson Medical,937450001,,Región Metropolitana de Santiago,,,,,,TD Compra de Sutura de Acero ACIFLEX 2,"SuturaSutura de acero quirúrgico de monofilamento 2 ACIFLEX, 3/8 círculo de 45 mm, de 4 multihebras.",1.0,EA,CLP,180000.0,,
892201-5-SE20,,2020-11-05T19:26:53Z,direct,,,,SERVICIO ELECTORAL | I Iquique,605040004,,,,EMPRESA DE CORREOS DE CHILE | EMPRESA DE CORREOS DE CHILE - Gerencia Zonal Norte,605030009,,Región de Antofagasta ,,,,,,"Servicio de Franqueo Convenido para año 2020 para Dirección Regional de Tarapaca, programa 01(I/TD/CERT. 68/01/2205004/P/C/MDS)",Servicios de entrega o recolección de correo,1.0,EA,CLP,300000.0,,
892201-6-SE20,,2020-11-05T19:26:53Z,direct,,,,SERVICIO ELECTORAL | I Iquique,605040004,,,,EMPRESA DE CORREOS DE CHILE | EMPRESA DE CORREOS DE CHILE - Gerencia Zonal Norte,605030009,,Región de Antofagasta ,,,,,,"Servicio de Franqueo Convenido para elecciones primarias año 2020  Dirección Regional de Tarapaca, programa 02 (I/TD/CERT. 69/02/2205004/P/C/MDS)",Servicios de entrega o recolección de correo,1.0,EA,CLP,270000.0,,
945256-3-SE20,,2020-11-05T19:26:53Z,direct,,,,COMANDO DE APOYO A LA FUERZA | Zona de Bienestar Valparaíso,619807901,,Región de Valparaíso ,,CURIFOR S.A. | CURIFOR S.A.,929090004,,Región Metropolitana de Santiago,,,,,,"T/D PARA CONTRATAR EL SERVICIO DE MANTENIMIENTO RECUPERATIVO INTEGRAL DEL VEHÍCULO MAHINDRA PPU FGGZ-90, DE CARGO Y USO DE LA ZONA DE BIENESTAR VALPARAÍSO.","Kit de mantenimiento de vehículo de soporte en tieMANTENIMIENTO RECUPERATIVO INTEGRAL DEL VEHÍCULO MAHINDRA PPU FGGZ-90, CONFORME A COTIZACIÓN ADJUNTA.",1.0,000,CLP,676888.0,,
948354-5-SE20,,2020-11-05T19:26:11Z,direct,,,,FONDO HOSPITAL DE LA DIRECCION DE PREVISION DE CARABINEROS DE CHILE | Unidad de Compra de Bienes y Servicios,615130036,,Región Metropolitana de Santiago,,puntozeroclima | puntozeroclima,760039535,,Región Metropolitana de Santiago,,,,,,SUMINISTRO E INSTALACIÓN DE PIEZAS ESPECIALES  ,"Instalación de conductosFABRICACIÓN E INSTALACIÓN DE DUCTERIA METÁLICA EN 0,5 MM DE ESPESOR, PARA BAJADAS DESDE LOSA A CIELO AMERICANO, DE SISTEMA DE CLIMATIZACIÓN Y EXTRACCIÓN NUEVO",32.0,EA,CLP,22800.0,,
948354-5-SE20,,2020-11-05T19:26:11Z,direct,,,,FONDO HOSPITAL DE LA DIRECCION DE PREVISION DE CARABINEROS DE CHILE | Unidad de Compra de Bienes y Servicios,615130036,,Región Metropolitana de Santiago,,puntozeroclima | puntozeroclima,760039535,,Región Metropolitana de Santiago,,,,,,SUMINISTRO E INSTALACIÓN DE PIEZAS ESPECIALES  ,"Instalación de conductosFABRICACIÓN E INSTALACIÓN DE DUCTERIA METÁLICA EN 0,5 MM DE ESPESOR, PARA BAJADAS DESDE LOSA A CIELO AMERICANO, DE SISTEMA DE CLIMATIZACIÓN EXISTENTE (ANTIGUO).",17.0,EA,CLP,22800.0,,
977-11-SE20,,2020-11-05T19:26:53Z,direct,,,,Dirección de Fiscalía - MOPTT | Dirección de Fiscalía - MOPTT,612020000,,Región Metropolitana de Santiago,,ALEJANDRO ENRIQUE EGAS MUNOZ | ALEJANDRO EGAS,73008824,,Región del Biobío ,,,,,,Insumos para puntos de red,"Procesadores de redInsumos para instalar
puntos de red",1.0,000,CLP,21500.0,,
