codigo_oc,nombre_oc,fecha_creacion,tipo,codigo_licitacion,estado,organismo_codigo,organismo_nombre,organismo_rut,comuna,region,proveedor_codigo,proveedor_nombre,proveedor_rut,proveedor_comuna,proveedor_region,item_correlativo,codigo_categoria,categoria,codigo_producto,catalogo_id,producto,especificacion_comprador,cantidad,unidad,moneda,precio_neto_unitario,total_linea_derivado,total_item_reportado
1002588-7-CM24,,2024-04-01T15:07:49Z,,,,,SERVICIO LOCAL DE EDUCACION DE PUERTO CORDILLERA | SERVICIO LOCAL DE EDUCACION DE PUERTO CORDILLERA,619993209,,Región de Coquimbo ,,AGENCIA DE VIAJES TURAVION SPA | Turavion SpA,809894002,,Región Metropolitana de Santiago,,,,,1849200,Orden de Compra: 1002588-7-CM24,PASAJE AÉREO(1849200) PASAJE AÉREO,1.0,,CLP,59480.0,,
1002588-7-CM24,,2024-04-01T15:07:49Z,,,,,SERVICIO LOCAL DE EDUCACION DE PUERTO CORDILLERA | SERVICIO LOCAL DE EDUCACION DE PUERTO CORDILLERA,619993209,,Región de Coquimbo ,,AGENCIA DE VIAJES TURAVION SPA | Turavion SpA,809894002,,Región Metropolitana de Santiago,,,,,1849200,Orden de Compra: 1002588-7-CM24,PASAJE AÉREO(1849200) PASAJE AÉREO,1.0,,CLP,59480.0,,
1002588-7-CM24,,2024-04-01T15:07:49Z,,,,,SERVICIO LOCAL DE EDUCACION DE PUERTO CORDILLERA | SERVICIO LOCAL DE EDUCACION DE PUERTO CORDILLERA,619993209,,Región de Coquimbo ,,AGENCIA DE VIAJES TURAVION SPA | Turavion SpA,809894002,,Región Metropolitana de Santiago,,,,,1849900,Orden de Compra: 1002588-7-CM24,TASA DE EMBARQUE(1849900) TASA DE EMBARQUE,1.0,,CLP,28896.0,,
1018-8-CM24,,2024-04-05T15:48:45Z,,,,,MINISTERIO DE OBRAS PUBLICAS DIREC CION GRAL DE OO PP DCYF | Dirección de Arquitectura - MOP,612020000,,Región Metropolitana de Santiago,,AGENCIA DE VIAJES TURAVION SPA | Turavion SpA,809894002,,Región Metropolitana de Santiago,,,,,1849200,Adquisición de pasaje Santiago-Temuco-Carla Bardi-Alejandro R.-29 al 31-01-24-AABWWCD,PASAJE AÉREO(1849200) PASAJE AÉREO,1.0,,CLP,211980.0,,
1018-8-CM24,,2024-04-05T15:48:45Z,,,,,MINISTERIO DE OBRAS PUBLICAS DIREC CION GRAL DE OO PP DCYF | Dirección de Arquitectura - MOP,612020000,,Región Metropolitana de Santiago,,AGENCIA DE VIAJES TURAVION SPA | Turavion SpA,809894002,,Región Metropolitana de Santiago,,,,,1849200,Adquisición de pasaje Santiago-Temuco-Carla Bardi-Alejandro R.-29 al 31-01-24-AABWWCD,PASAJE AÉREO(1849200) PASAJE AÉREO,1.0,,CLP,211980.0,,
1018-8-CM24,,2024-04-05T15:48:45Z,,,,,MINISTERIO DE OBRAS PUBLICAS DIREC CION GRAL DE OO PP DCYF | Dirección de Arquitectura - MOP,612020000,,Región Metropolitana de Santiago,,AGENCIA DE VIAJES TURAVION SPA | Turavion SpA,809894002,,Región Metropolitana de Santiago,,,,,1849900,Adquisición de pasaje Santiago-Temuco-Carla Bardi-Alejandro R.-29 al 31-01-24-AABWWCD,TASA DE EMBARQUE(1849900) TASA DE EMBARQUE,1.0,,CLP,72624.0,,
1037834-3-CM24,,2024-01-30T17:26:53Z,,,,,CORPORACION DE FOMENTO DE LA PRODUCCION | CORFO XVI REGION ÑUBLE,607060002,,Región del Ñuble,,EDENRED CHILE SOCIEDAD ANONIMA | EDENRED CHILE S.A.,967813508,,Región Metropolitana de Santiago,,,,,1829000, TARJETA ALIMENTACION FUNCIONARIOS FNDR PROGRAMA IFI INVERSIÓN TECNOLÓGICA ÑUBLE Orden de Compra: 1037834-3-CM24,ALIMENTACIÓN(1829000) ALIMENTACIÓN,1.0,,CLP,1994467.9957806,,
1051765-64-CM24,,2024-02-14T09:47:47Z,,,,,DIRECCION GENERAL DE GENDARMERIA DE CHIL | Región de Ñuble,620005703,,Región del Ñuble,,felipe alejandro | felipe alejandro,765290015,,Región del Biobío ,,,,,1575811,Adquisición de frutas y verduras para el CDP Quirihue.,CEBOLLA FRESCA - AMARILLA KILO APROX. XVI REGION(1575811) CEBOLLA FRESCA - AMARILLA KILO APROX. XVI REGION,175.0,,CLP,867.0,,
1051765-64-CM24,,2024-02-14T09:47:47Z,,,,,DIRECCION GENERAL DE GENDARMERIA DE CHIL | Región de Ñuble,620005703,,Región del Ñuble,,felipe alejandro | felipe alejandro,765290015,,Región del Biobío ,,,,,1575933,Adquisición de frutas y verduras para el CDP Quirihue.,ZANAHORIA FRESCA - GRANEL KILO APROX. XVI REGION(1575933) ZANAHORIA FRESCA - GRANEL KILO APROX. XVI REGION,150.0,,CLP,801.0,,
1051765-64-CM24,,2024-02-14T09:47:47Z,,,,,DIRECCION GENERAL DE GENDARMERIA DE CHIL | Región de Ñuble,620005703,,Región del Ñuble,,felipe alejandro | felipe alejandro,765290015,,Región del Biobío ,,,,,1575803,Adquisición de frutas y verduras para el CDP Quirihue.,AJO FRESCO - ROSADO UNIDAD XVI REGION(1575803) AJO FRESCO - ROSADO UNIDAD XVI REGION,75.0,,CLP,234.0,,
1051765-64-CM24,,2024-02-14T09:47:47Z,,,,,DIRECCION GENERAL DE GENDARMERIA DE CHIL | Región de Ñuble,620005703,,Región del Ñuble,,felipe alejandro | felipe alejandro,765290015,,Región del Biobío ,,,,,1575912,Adquisición de frutas y verduras para el CDP Quirihue.,PIMENTON FRESCO - ROJO UNIDAD XVI REGION(1575912) PIMENTON FRESCO - ROJO UNIDAD XVI REGION,75.0,,CLP,666.0,,
1051765-64-CM24,,2024-02-14T09:47:47Z,,,,,DIRECCION GENERAL DE GENDARMERIA DE CHIL | Región de Ñuble,620005703,,Región del Ñuble,,felipe alejandro | felipe alejandro,765290015,,Región del Biobío ,,,,,1807560,Adquisición de frutas y verduras para el CDP Quirihue.,ZAPALLO FRESCO - CAMOTE PRIMERA DE GUARDA XVI REGION(1807560) ZAPALLO FRESCO - CAMOTE PRIMERA DE GUARDA XVI REGION,120.0,,CLP,2350.0,,
1051765-64-CM24,,2024-02-14T09:47:47Z,,,,,DIRECCION GENERAL DE GENDARMERIA DE CHIL | Región de Ñuble,620005703,,Región del Ñuble,,felipe alejandro | felipe alejandro,765290015,,Región del Biobío ,,,,,1575937,Adquisición de frutas y verduras para el CDP Quirihue.,ZAPALLO FRESCO - ITALIANO 100 UNIDADES XVI REGION(1575937) ZAPALLO FRESCO - ITALIANO 100 UNIDADES XVI REGION,70.0,,CLP,449.0,,
1051765-64-CM24,,2024-02-14T09:47:47Z,,,,,DIRECCION GENERAL DE GENDARMERIA DE CHIL | Región de Ñuble,620005703,,Región del Ñuble,,felipe alejandro | felipe alejandro,765290015,,Región del Biobío ,,,,,1575904,Adquisición de frutas y verduras para el CDP Quirihue.,PAPA FRESCA - KARU TERCERA KILO APROX. XVI REGION(1575904) PAPA FRESCA - KARU TERCERA KILO APROX. XVI REGION,1250.0,,CLP,840.0,,
1051765-64-CM24,,2024-02-14T09:47:47Z,,,,,DIRECCION GENERAL DE GENDARMERIA DE CHIL | Región de Ñuble,620005703,,Región del Ñuble,,felipe alejandro | felipe alejandro,765290015,,Región del Biobío ,,,,,1575797,Adquisición de frutas y verduras para el CDP Quirihue.,ACELGA FRESCA - PAQUETE APROX. 1 K UNIDAD XVI REGION(1575797) ACELGA FRESCA - PAQUETE APROX. 1 K UNIDAD XVI REGION,10.0,,CLP,867.0,,
1051765-64-CM24,,2024-02-14T09:47:47Z,,,,,DIRECCION GENERAL DE GENDARMERIA DE CHIL | Región de Ñuble,620005703,,Región del Ñuble,,felipe alejandro | felipe alejandro,765290015,,Región del Biobío ,,,,,1575823,Adquisición de frutas y verduras para el CDP Quirihue.,CILANTRO FRESCO - PAQUETE APROX. 500 GR UNIDAD XVI REGION(1575823) CILANTRO FRESCO - PAQUETE APROX. 500 GR UNIDAD XVI REGION,10.0,,CLP,1017.0,,
1051765-64-CM24,,2024-02-14T09:47:47Z,,,,,DIRECCION GENERAL DE GENDARMERIA DE CHIL | Región de Ñuble,620005703,,Región del Ñuble,,felipe alejandro | felipe alejandro,765290015,,Región del Biobío ,,,,,1575839,Adquisición de frutas y verduras para el CDP Quirihue.,LIMON FRESCO - AMARILLO KILO APROX. XVI REGION(1575839) LIMON FRESCO - AMARILLO KILO APROX. XVI REGION,125.0,,CLP,1171.0,,
1051765-64-CM24,,2024-02-14T09:47:47Z,,,,,DIRECCION GENERAL DE GENDARMERIA DE CHIL | Región de Ñuble,620005703,,Región del Ñuble,,felipe alejandro | felipe alejandro,765290015,,Región del Biobío ,,,,,1573522,Adquisición de frutas y verduras para el CDP Quirihue.,HUEVO PRIMERA 54-61 GR  - COLOR 30 UNIDADES XVI REGION(1573522) HUEVO PRIMERA 54-61 GR  - COLOR 30 UNIDADES XVI REGION,48.0,,CLP,7692.0,,
1051765-64-CM24,,2024-02-14T09:47:47Z,,,,,DIRECCION GENERAL DE GENDARMERIA DE CHIL | Región de Ñuble,620005703,,Región del Ñuble,,felipe alejandro | felipe alejandro,765290015,,Región del Biobío ,,,,,1575920,Adquisición de frutas y verduras para el CDP Quirihue.,REPOLLO FRESCO - MORADO UNIDAD XVI REGION(1575920) REPOLLO FRESCO - MORADO UNIDAD XVI REGION,25.0,,CLP,1525.0,,
1051765-64-CM24,,2024-02-14T09:47:47Z,,,,,DIRECCION GENERAL DE GENDARMERIA DE CHIL | Región de Ñuble,620005703,,Región del Ñuble,,felipe alejandro | felipe alejandro,765290015,,Región del Biobío ,,,,,1575829,Adquisición de frutas y verduras para el CDP Quirihue.,LECHUGA FRESCA - ESCAROLA UNIDAD XVI REGION(1575829) LECHUGA FRESCA - ESCAROLA UNIDAD XVI REGION,38.0,,CLP,1121.0,,
1051765-64-CM24,,2024-02-14T09:47:47Z,,,,,DIRECCION GENERAL DE GENDARMERIA DE CHIL | Región de Ñuble,620005703,,Región del Ñuble,,felipe alejandro | felipe alejandro,765290015,,Región del Biobío ,,,,,1575809,Adquisición de frutas y verduras para el CDP Quirihue.,BETARRAGA FRESCA - PAQUETE APROX. 1 K UNIDAD XVI REGION(1575809) BETARRAGA FRESCA - PAQUETE APROX. 1 K UNIDAD XVI REGION,68.0,,CLP,901.0,,
1051765-64-CM24,,2024-02-14T09:47:47Z,,,,,DIRECCION GENERAL DE GENDARMERIA DE CHIL | Región de Ñuble,620005703,,Región del Ñuble,,felipe alejandro | felipe alejandro,765290015,,Región del Biobío ,,,,,1575807,Adquisición de frutas y verduras para el CDP Quirihue.,APIO FRESCO - PAQUETE UNIDAD XVI REGION(1575807) APIO FRESCO - PAQUETE UNIDAD XVI REGION,5.0,,CLP,1439.0,,
1051765-64-CM24,,2024-02-14T09:47:47Z,,,,,DIRECCION GENERAL DE GENDARMERIA DE CHIL | Región de Ñuble,620005703,,Región del Ñuble,,felipe alejandro | felipe alejandro,765290015,,Región del Biobío ,,,,,1575930,Adquisición de frutas y verduras para el CDP Quirihue.,TOMATE FRESCO - LARGA VIDA GRANDE KILO APROX. XVI REGION(1575930) TOMATE FRESCO - LARGA VIDA GRANDE KILO APROX. XVI REGION,60.0,,CLP,1340.0,,
1051765-64-CM24,,2024-02-14T09:47:47Z,,,,,DIRECCION GENERAL DE GENDARMERIA DE CHIL | Región de Ñuble,620005703,,Región del Ñuble,,felipe alejandro | felipe alejandro,765290015,,Región del Biobío ,,,,,1575910,Adquisición de frutas y verduras para el CDP Quirihue.,PEPINO FRESCO - ALASKA UNIDAD XVI REGION(1575910) PEPINO FRESCO - ALASKA UNIDAD XVI REGION,195.0,,CLP,421.0,,
1051765-64-CM24,,2024-02-14T09:47:47Z,,,,,DIRECCION GENERAL DE GENDARMERIA DE CHIL | Región de Ñuble,620005703,,Región del Ñuble,,felipe alejandro | felipe alejandro,765290015,,Región del Biobío ,,,,,1575658,Adquisición de frutas y verduras para el CDP Quirihue.,MELON - CALAMEÑO GRANDE UNIDAD XVI REGION(1575658) MELON - CALAMEÑO GRANDE UNIDAD XVI REGION,50.0,,CLP,1440.0,,
1051765-64-CM24,,2024-02-14T09:47:47Z,,,,,DIRECCION GENERAL DE GENDARMERIA DE CHIL | Región de Ñuble,620005703,,Región del Ñuble,,felipe alejandro | felipe alejandro,765290015,,Región del Biobío ,,,,,1575618,Adquisición de frutas y verduras para el CDP Quirihue.,DURAZNO - PLATANO GRANDE KILO APROX. XVI REGION(1575618) DURAZNO - PLATANO GRANDE KILO APROX. XVI REGION,15.0,,CLP,1440.0,,
1051765-64-CM24,,2024-02-14T09:47:47Z,,,,,DIRECCION GENERAL DE GENDARMERIA DE CHIL | Región de Ñuble,620005703,,Región del Ñuble,,felipe alejandro | felipe alejandro,765290015,,Región del Biobío ,,,,,1575687,Adquisición de frutas y verduras para el CDP Quirihue.,PLATANO - AMARILLO KILO APROX. XVI REGION(1575687) PLATANO - AMARILLO KILO APROX. XVI REGION,48.0,,CLP,2099.0,,
1051765-64-CM24,,2024-02-14T09:47:47Z,,,,,DIRECCION GENERAL DE GENDARMERIA DE CHIL | Región de Ñuble,620005703,,Región del Ñuble,,felipe alejandro | felipe alejandro,765290015,,Región del Biobío ,,,,,1575646,Adquisición de frutas y verduras para el CDP Quirihue.,MANZANA - FUJI GRANDE KILO APROX. XVI REGION(1575646) MANZANA - FUJI GRANDE KILO APROX. XVI REGION,28.0,,CLP,1819.0,,
1051765-64-CM24,,2024-02-14T09:47:47Z,,,,,DIRECCION GENERAL DE GENDARMERIA DE CHIL | Región de Ñuble,620005703,,Región del Ñuble,,felipe alejandro | felipe alejandro,765290015,,Región del Biobío ,,,,,1575678,Adquisición de frutas y verduras para el CDP Quirihue.,PERA  - PAKAM GRANDE KILO APROX. XVI REGION(1575678) PERA  - PAKAM GRANDE KILO APROX. XVI REGION,55.0,,CLP,1544.0,,
1051765-64-CM24,,2024-02-14T09:47:47Z,,,,,DIRECCION GENERAL DE GENDARMERIA DE CHIL | Región de Ñuble,620005703,,Región del Ñuble,,felipe alejandro | felipe alejandro,765290015,,Región del Biobío ,,,,,1573918,Adquisición de frutas y verduras para el CDP Quirihue.,COMINO - MOLIDO BOLSA 500 G UNIDAD XVI REGION(1573918) COMINO - MOLIDO BOLSA 500 G UNIDAD XVI REGION,8.0,,CLP,3882.0,,
1051765-64-CM24,,2024-02-14T09:47:47Z,,,,,DIRECCION GENERAL DE GENDARMERIA DE CHIL | Región de Ñuble,620005703,,Región del Ñuble,,felipe alejandro | felipe alejandro,765290015,,Región del Biobío ,,,,,1573991,Adquisición de frutas y verduras para el CDP Quirihue.,OREGANO - MOLIDO BOLSA 500 G UNIDAD XVI REGION(1573991) OREGANO - MOLIDO BOLSA 500 G UNIDAD XVI REGION,8.0,,CLP,4333.0,,
1057049-1184-CM24,,2024-02-14T09:47:47Z,,,,,SERV SALUD METROPOLITANO CENTRAL HOSPITAL CLINICO SAN BORJA ARRIARAN | Bienes y Servicios,616086049,,Región Metropolitana de Santiago,,SOCIEDAD INMOBILIARIA Y PRESTADORA DE SERVICIOS MEDICOS VIVIRSALUD LIM | Vivirsalud Nutricion,762090155,,Región del Ñuble,,,,,1502592,GSP CM PAC ALIMENTOS ,"FORMULA INFANTIL SIMILAC HUMAN MILK FORTIFIER 50 BOLSA 0,9 G UNIDAD RM(1502592) FORMULA INFANTIL SIMILAC HUMAN MILK FORTIFIER 50 BOLSA 0,9 G UNIDAD RM",120.0,,CLP,31130.0,,
1057049-1184-CM24,,2024-02-14T09:47:47Z,,,,,SERV SALUD METROPOLITANO CENTRAL HOSPITAL CLINICO SAN BORJA ARRIARAN | Bienes y Servicios,616086049,,Región Metropolitana de Santiago,,SOCIEDAD INMOBILIARIA Y PRESTADORA DE SERVICIOS MEDICOS VIVIRSALUD LIM | Vivirsalud Nutricion,762090155,,Región del Ñuble,,,,,1502277,GSP CM PAC ALIMENTOS ,FORMULA INFANTIL NAN SIN LACTOSA TARRO 400 G UNIDAD RM(1502277) FORMULA INFANTIL NAN SIN LACTOSA TARRO 400 G UNIDAD RM,72.0,,CLP,13089.0,,
1057389-465-CM24,,2024-02-14T09:47:47Z,,,,,SERVICIO SALUD ARAUCANIA NORTE HOSPITAL VICTORIA | Bienes y Servicios,616022296,,Región de la Araucanía ,,SERVICIOS INTEGRADOS SIDAPT LIMITADA | SERVICIOS INTEGRADOS SIDAPT LTDA,762993589,,Región Metropolitana de Santiago,,,,,1437083,Programación Abarrotes Febrero,TE EN HOJA  SUPREMO ESPECIAL BOLSA 250 G UNIDAD IX REGION(1437083) TE EN HOJA  SUPREMO ESPECIAL BOLSA 250 G UNIDAD IX REGION,70.0,,CLP,1914.0,,
1057389-465-CM24,,2024-02-14T09:47:47Z,,,,,SERVICIO SALUD ARAUCANIA NORTE HOSPITAL VICTORIA | Bienes y Servicios,616022296,,Región de la Araucanía ,,SERVICIOS INTEGRADOS SIDAPT LIMITADA | SERVICIOS INTEGRADOS SIDAPT LTDA,762993589,,Región Metropolitana de Santiago,,,,,1449938,Programación Abarrotes Febrero,SEMOLA CAROZZI BOLSA 500 G UNIDAD IX REGION(1449938) SEMOLA CAROZZI BOLSA 500 G UNIDAD IX REGION,150.0,,CLP,1782.0,,
1057389-465-CM24,,2024-02-14T09:47:47Z,,,,,SERVICIO SALUD ARAUCANIA NORTE HOSPITAL VICTORIA | Bienes y Servicios,616022296,,Región de la Araucanía ,,SERVICIOS INTEGRADOS SIDAPT LIMITADA | SERVICIOS INTEGRADOS SIDAPT LTDA,762993589,,Región Metropolitana de Santiago,,,,,1884721,Programación Abarrotes Febrero,SALSA DE TOMATE CAROZZI CONCENTRADO DE TOMATE 1 KILO UNIDAD IX REGION(1884721) SALSA DE TOMATE CAROZZI CONCENTRADO DE TOMATE 1 KILO UNIDAD IX REGION,190.0,,CLP,4637.0,,
1057389-465-CM24,,2024-02-14T09:47:47Z,,,,,SERVICIO SALUD ARAUCANIA NORTE HOSPITAL VICTORIA | Bienes y Servicios,616022296,,Región de la Araucanía ,,SERVICIOS INTEGRADOS SIDAPT LIMITADA | SERVICIOS INTEGRADOS SIDAPT LTDA,762993589,,Región Metropolitana de Santiago,,,,,1440953,Programación Abarrotes Febrero,SAL LOBOS FINA BOLSA 1K UNIDAD IX REGION(1440953) SAL LOBOS FINA BOLSA 1K UNIDAD IX REGION,100.0,,CLP,589.0,,
1057389-465-CM24,,2024-02-14T09:47:47Z,,,,,SERVICIO SALUD ARAUCANIA NORTE HOSPITAL VICTORIA | Bienes y Servicios,616022296,,Región de la Araucanía ,,SERVICIOS INTEGRADOS SIDAPT LIMITADA | SERVICIOS INTEGRADOS SIDAPT LTDA,762993589,,Región Metropolitana de Santiago,,,,,1454858,Programación Abarrotes Febrero,ALMIDON DE MAIZ MAIZENA BOLSA 1K UNIDAD IX REGION(1454858) ALMIDON DE MAIZ MAIZENA BOLSA 1K UNIDAD IX REGION,10.0,,CLP,7585.0,,
1057389-465-CM24,,2024-02-14T09:47:47Z,,,,,SERVICIO SALUD ARAUCANIA NORTE HOSPITAL VICTORIA | Bienes y Servicios,616022296,,Región de la Araucanía ,,SERVICIOS INTEGRADOS SIDAPT LIMITADA | SERVICIOS INTEGRADOS SIDAPT LTDA,762993589,,Región Metropolitana de Santiago,,,,,1485623,Programación Abarrotes Febrero,FLAN EN POLVO DAILY MANJAR CON STEVIA CAJA 20 G UNIDAD IX REGION(1485623) FLAN EN POLVO DAILY MANJAR CON STEVIA CAJA 20 G UNIDAD IX REGION,200.0,,CLP,594.0,,
1057389-465-CM24,,2024-02-14T09:47:47Z,,,,,SERVICIO SALUD ARAUCANIA NORTE HOSPITAL VICTORIA | Bienes y Servicios,616022296,,Región de la Araucanía ,,SERVICIOS INTEGRADOS SIDAPT LIMITADA | SERVICIOS INTEGRADOS SIDAPT LTDA,762993589,,Región Metropolitana de Santiago,,,,,1485608,Programación Abarrotes Febrero,FLAN EN POLVO DAILY VAINILLA CON STEVIA CAJA 20 G UNIDAD IX REGION(1485608) FLAN EN POLVO DAILY VAINILLA CON STEVIA CAJA 20 G UNIDAD IX REGION,195.0,,CLP,567.0,,
1057389-465-CM24,,2024-02-14T09:47:47Z,,,,,SERVICIO SALUD ARAUCANIA NORTE HOSPITAL VICTORIA | Bienes y Servicios,616022296,,Región de la Araucanía ,,SERVICIOS INTEGRADOS SIDAPT LIMITADA | SERVICIOS INTEGRADOS SIDAPT LTDA,762993589,,Región Metropolitana de Santiago,,,,,1449578,Programación Abarrotes Febrero,ESPIRALES CAROZZI BOLSA 1K UNIDAD IX REGION(1449578) ESPIRALES CAROZZI BOLSA 1K UNIDAD IX REGION,273.0,,CLP,2946.0,,
1057389-465-CM24,,2024-02-14T09:47:47Z,,,,,SERVICIO SALUD ARAUCANIA NORTE HOSPITAL VICTORIA | Bienes y Servicios,616022296,,Región de la Araucanía ,,SERVICIOS INTEGRADOS SIDAPT LIMITADA | SERVICIOS INTEGRADOS SIDAPT LTDA,762993589,,Región Metropolitana de Santiago,,,,,1590449,Programación Abarrotes Febrero,CREMA DE LECHE COLUN PARA BATIR CAJA 1 L UNIDAD IX REGION(1590449) CREMA DE LECHE COLUN PARA BATIR CAJA 1 L UNIDAD IX REGION,36.0,,CLP,4614.0,,
1057389-465-CM24,,2024-02-14T09:47:47Z,,,,,SERVICIO SALUD ARAUCANIA NORTE HOSPITAL VICTORIA | Bienes y Servicios,616022296,,Región de la Araucanía ,,SERVICIOS INTEGRADOS SIDAPT LIMITADA | SERVICIOS INTEGRADOS SIDAPT LTDA,762993589,,Región Metropolitana de Santiago,,,,,1436168,Programación Abarrotes Febrero,AZUCAR SACHET IANSA 5 G CAJA 800 UNIDADES IX REGION(1436168) AZUCAR SACHET IANSA 5 G CAJA 800 UNIDADES IX REGION,5.0,,CLP,22458.0,,
1057389-465-CM24,,2024-02-14T09:47:47Z,,,,,SERVICIO SALUD ARAUCANIA NORTE HOSPITAL VICTORIA | Bienes y Servicios,616022296,,Región de la Araucanía ,,SERVICIOS INTEGRADOS SIDAPT LIMITADA | SERVICIOS INTEGRADOS SIDAPT LTDA,762993589,,Región Metropolitana de Santiago,,,,,1659440,Programación Abarrotes Febrero,ATUN CONSERVA AL AGUA SAN JOSÉ LOMITOS TARRO 160 G UNIDAD IX REGION(1659440) ATUN CONSERVA AL AGUA SAN JOSÉ LOMITOS TARRO 160 G UNIDAD IX REGION,10.0,,CLP,1213.0,,
1057389-465-CM24,,2024-02-14T09:47:47Z,,,,,SERVICIO SALUD ARAUCANIA NORTE HOSPITAL VICTORIA | Bienes y Servicios,616022296,,Región de la Araucanía ,,SERVICIOS INTEGRADOS SIDAPT LIMITADA | SERVICIOS INTEGRADOS SIDAPT LTDA,762993589,,Región Metropolitana de Santiago,,,,,1450733,Programación Abarrotes Febrero,ARROZ TUCAPEL GRADO 1 BOLSA 1K UNIDAD IX REGION(1450733) ARROZ TUCAPEL GRADO 1 BOLSA 1K UNIDAD IX REGION,200.0,,CLP,1549.0,,
1057389-465-CM24,,2024-02-14T09:47:47Z,,,,,SERVICIO SALUD ARAUCANIA NORTE HOSPITAL VICTORIA | Bienes y Servicios,616022296,,Región de la Araucanía ,,SERVICIOS INTEGRADOS SIDAPT LIMITADA | SERVICIOS INTEGRADOS SIDAPT LTDA,762993589,,Región Metropolitana de Santiago,,,,,1433183,Programación Abarrotes Febrero,ACEITE VEGETAL BELMONT BOTELLA 1 L UNIDAD IX REGION(1433183) ACEITE VEGETAL BELMONT BOTELLA 1 L UNIDAD IX REGION,150.0,,CLP,4248.0,,
1057389-465-CM24,,2024-02-14T09:47:47Z,,,,,SERVICIO SALUD ARAUCANIA NORTE HOSPITAL VICTORIA | Bienes y Servicios,616022296,,Región de la Araucanía ,,SERVICIOS INTEGRADOS SIDAPT LIMITADA | SERVICIOS INTEGRADOS SIDAPT LTDA,762993589,,Región Metropolitana de Santiago,,,,,1436063,Programación Abarrotes Febrero,AZUCAR IANSA BLANCA GRANULADA BOLSA 1K  UNIDAD IX REGION(1436063) AZUCAR IANSA BLANCA GRANULADA BOLSA 1K  UNIDAD IX REGION,3.0,,CLP,1480.0,,
1057389-465-CM24,,2024-02-14T09:47:47Z,,,,,SERVICIO SALUD ARAUCANIA NORTE HOSPITAL VICTORIA | Bienes y Servicios,616022296,,Región de la Araucanía ,,SERVICIOS INTEGRADOS SIDAPT LIMITADA | SERVICIOS INTEGRADOS SIDAPT LTDA,762993589,,Región Metropolitana de Santiago,,,,,1440383,Programación Abarrotes Febrero,FRUTA CONSERVA REGIMEL DURAZNOS EN CUBITOS CAJA 380 G UNIDAD IX REGION(1440383) FRUTA CONSERVA REGIMEL DURAZNOS EN CUBITOS CAJA 380 G UNIDAD IX REGION,100.0,,CLP,1393.0,,
1057389-465-CM24,,2024-02-14T09:47:47Z,,,,,SERVICIO SALUD ARAUCANIA NORTE HOSPITAL VICTORIA | Bienes y Servicios,616022296,,Región de la Araucanía ,,SERVICIOS INTEGRADOS SIDAPT LIMITADA | SERVICIOS INTEGRADOS SIDAPT LTDA,762993589,,Región Metropolitana de Santiago,,,,,1485653,Programación Abarrotes Febrero,JALEA EN POLVO SIN AZUCAR DAILY NARANJA CAJA 22 G UNIDAD IX REGION(1485653) JALEA EN POLVO SIN AZUCAR DAILY NARANJA CAJA 22 G UNIDAD IX REGION,300.0,,CLP,595.0,,
1057389-465-CM24,,2024-02-14T09:47:47Z,,,,,SERVICIO SALUD ARAUCANIA NORTE HOSPITAL VICTORIA | Bienes y Servicios,616022296,,Región de la Araucanía ,,SERVICIOS INTEGRADOS SIDAPT LIMITADA | SERVICIOS INTEGRADOS SIDAPT LTDA,762993589,,Región Metropolitana de Santiago,,,,,1485728,Programación Abarrotes Febrero,JALEA EN POLVO SIN AZUCAR DAILY FRUTILLA CAJA 22 G UNIDAD IX REGION(1485728) JALEA EN POLVO SIN AZUCAR DAILY FRUTILLA CAJA 22 G UNIDAD IX REGION,250.0,,CLP,595.0,,
1057389-465-CM24,,2024-02-14T09:47:47Z,,,,,SERVICIO SALUD ARAUCANIA NORTE HOSPITAL VICTORIA | Bienes y Servicios,616022296,,Región de la Araucanía ,,SERVICIOS INTEGRADOS SIDAPT LIMITADA | SERVICIOS INTEGRADOS SIDAPT LTDA,762993589,,Región Metropolitana de Santiago,,,,,1451573,Programación Abarrotes Febrero,GALLETA DULCE COSTA VINO BOLSA 160 G UNIDAD IX REGION(1451573) GALLETA DULCE COSTA VINO BOLSA 160 G UNIDAD IX REGION,50.0,,CLP,727.0,,
1057389-465-CM24,,2024-02-14T09:47:47Z,,,,,SERVICIO SALUD ARAUCANIA NORTE HOSPITAL VICTORIA | Bienes y Servicios,616022296,,Región de la Araucanía ,,SERVICIOS INTEGRADOS SIDAPT LIMITADA | SERVICIOS INTEGRADOS SIDAPT LTDA,762993589,,Región Metropolitana de Santiago,,,,,1433573,Programación Abarrotes Febrero,VINAGRE TRAVERSO VINO ROSADO BOTELLA 500 ML UNIDAD IX REGION(1433573) VINAGRE TRAVERSO VINO ROSADO BOTELLA 500 ML UNIDAD IX REGION,40.0,,CLP,981.0,,
1057389-465-CM24,,2024-02-14T09:47:47Z,,,,,SERVICIO SALUD ARAUCANIA NORTE HOSPITAL VICTORIA | Bienes y Servicios,616022296,,Región de la Araucanía ,,SERVICIOS INTEGRADOS SIDAPT LIMITADA | SERVICIOS INTEGRADOS SIDAPT LTDA,762993589,,Región Metropolitana de Santiago,,,,,1454483,Programación Abarrotes Febrero,JUREL CONSERVA AL NATURAL SAN JOSE TARRO 425 G UNIDAD IX REGION(1454483) JUREL CONSERVA AL NATURAL SAN JOSE TARRO 425 G UNIDAD IX REGION,100.0,,CLP,1699.0,,
1057389-465-CM24,,2024-02-14T09:47:47Z,,,,,SERVICIO SALUD ARAUCANIA NORTE HOSPITAL VICTORIA | Bienes y Servicios,616022296,,Región de la Araucanía ,,SERVICIOS INTEGRADOS SIDAPT LIMITADA | SERVICIOS INTEGRADOS SIDAPT LTDA,762993589,,Región Metropolitana de Santiago,,,,,1433483,Programación Abarrotes Febrero,JUGO DE LIMON TRAVERSO SUCEDANEO BOTELLA 1 L UNIDAD IX REGION(1433483) JUGO DE LIMON TRAVERSO SUCEDANEO BOTELLA 1 L UNIDAD IX REGION,80.0,,CLP,2066.0,,
1057389-465-CM24,,2024-02-14T09:47:47Z,,,,,SERVICIO SALUD ARAUCANIA NORTE HOSPITAL VICTORIA | Bienes y Servicios,616022296,,Región de la Araucanía ,,SERVICIOS INTEGRADOS SIDAPT LIMITADA | SERVICIOS INTEGRADOS SIDAPT LTDA,762993589,,Región Metropolitana de Santiago,,,,,1451558,Programación Abarrotes Febrero,GALLETA DULCE COSTA LIMON BOLSA 140 G UNIDAD IX REGION(1451558) GALLETA DULCE COSTA LIMON BOLSA 140 G UNIDAD IX REGION,30.0,,CLP,653.0,,
1057389-465-CM24,,2024-02-14T09:47:47Z,,,,,SERVICIO SALUD ARAUCANIA NORTE HOSPITAL VICTORIA | Bienes y Servicios,616022296,,Región de la Araucanía ,,SERVICIOS INTEGRADOS SIDAPT LIMITADA | SERVICIOS INTEGRADOS SIDAPT LTDA,762993589,,Región Metropolitana de Santiago,,,,,1440683,Programación Abarrotes Febrero,MERMELADA SIN AZUCAR REGIMEL DAMASCO BOLSA 200 G UNIDAD IX REGION(1440683) MERMELADA SIN AZUCAR REGIMEL DAMASCO BOLSA 200 G UNIDAD IX REGION,200.0,,CLP,1585.0,,
1057389-465-CM24,,2024-02-14T09:47:47Z,,,,,SERVICIO SALUD ARAUCANIA NORTE HOSPITAL VICTORIA | Bienes y Servicios,616022296,,Región de la Araucanía ,,SERVICIOS INTEGRADOS SIDAPT LIMITADA | SERVICIOS INTEGRADOS SIDAPT LTDA,762993589,,Región Metropolitana de Santiago,,,,,1440668,Programación Abarrotes Febrero,MERMELADA SIN AZUCAR REGIMEL DURAZNO BOLSA 200 G UNIDAD IX REGION(1440668) MERMELADA SIN AZUCAR REGIMEL DURAZNO BOLSA 200 G UNIDAD IX REGION,169.0,,CLP,1590.0,,
1057389-465-CM24,,2024-02-14T09:47:47Z,,,,,SERVICIO SALUD ARAUCANIA NORTE HOSPITAL VICTORIA | Bienes y Servicios,616022296,,Región de la Araucanía ,,SERVICIOS INTEGRADOS SIDAPT LIMITADA | SERVICIOS INTEGRADOS SIDAPT LTDA,762993589,,Región Metropolitana de Santiago,,,,,1490648,Programación Abarrotes Febrero,GALLETA DE AGUA VIVO BOLSA 140 G UNIDAD IX REGION(1490648) GALLETA DE AGUA VIVO BOLSA 140 G UNIDAD IX REGION,14.0,,CLP,960.0,,
1057389-465-CM24,,2024-02-14T09:47:47Z,,,,,SERVICIO SALUD ARAUCANIA NORTE HOSPITAL VICTORIA | Bienes y Servicios,616022296,,Región de la Araucanía ,,SERVICIOS INTEGRADOS SIDAPT LIMITADA | SERVICIOS INTEGRADOS SIDAPT LTDA,762993589,,Región Metropolitana de Santiago,,,,,1429628,Programación Abarrotes Febrero,VERDURA CONSERVA WASIL PALMITOS EN RODAJAS TARRO 400 G UNIDAD IX REGION(1429628) VERDURA CONSERVA WASIL PALMITOS EN RODAJAS TARRO 400 G UNIDAD IX REGION,10.0,,CLP,4096.0,,
1057389-465-CM24,,2024-02-14T09:47:47Z,,,,,SERVICIO SALUD ARAUCANIA NORTE HOSPITAL VICTORIA | Bienes y Servicios,616022296,,Región de la Araucanía ,,SERVICIOS INTEGRADOS SIDAPT LIMITADA | SERVICIOS INTEGRADOS SIDAPT LTDA,762993589,,Región Metropolitana de Santiago,,,,,1450193,Programación Abarrotes Febrero,CAFE INSTANTANEO NESCAFE TRADICION TARRO 170 G UNIDAD IX REGION(1450193) CAFE INSTANTANEO NESCAFE TRADICION TARRO 170 G UNIDAD IX REGION,7.0,,CLP,5208.0,,
1057389-465-CM24,,2024-02-14T09:47:47Z,,,,,SERVICIO SALUD ARAUCANIA NORTE HOSPITAL VICTORIA | Bienes y Servicios,616022296,,Región de la Araucanía ,,SERVICIOS INTEGRADOS SIDAPT LIMITADA | SERVICIOS INTEGRADOS SIDAPT LTDA,762993589,,Región Metropolitana de Santiago,,,,,1433288,Programación Abarrotes Febrero,AVENA SELECTA INSTANTANEA CAJA 500 G UNIDAD IX REGION(1433288) AVENA SELECTA INSTANTANEA CAJA 500 G UNIDAD IX REGION,15.0,,CLP,1306.0,,
1057389-465-CM24,,2024-02-14T09:47:47Z,,,,,SERVICIO SALUD ARAUCANIA NORTE HOSPITAL VICTORIA | Bienes y Servicios,616022296,,Región de la Araucanía ,,SERVICIOS INTEGRADOS SIDAPT LIMITADA | SERVICIOS INTEGRADOS SIDAPT LTDA,762993589,,Región Metropolitana de Santiago,,,,,1436978,Programación Abarrotes Febrero,HIERBA SUPREMO SURTIDA CAJA 50 BOLSAS UNIDAD IX REGION(1436978) HIERBA SUPREMO SURTIDA CAJA 50 BOLSAS UNIDAD IX REGION,20.0,,CLP,3250.0,,
1057389-465-CM24,,2024-02-14T09:47:47Z,,,,,SERVICIO SALUD ARAUCANIA NORTE HOSPITAL VICTORIA | Bienes y Servicios,616022296,,Región de la Araucanía ,,SERVICIOS INTEGRADOS SIDAPT LIMITADA | SERVICIOS INTEGRADOS SIDAPT LTDA,762993589,,Región Metropolitana de Santiago,,,,,1429613,Programación Abarrotes Febrero,VERDURA CONSERVA WASIL CHAMPIÑONES LAMINADOS TARRO 400 G UNIDAD IX REGION(1429613) VERDURA CONSERVA WASIL CHAMPIÑONES LAMINADOS TARRO 400 G UNIDAD IX REGION,50.0,,CLP,2997.0,,
1057389-465-CM24,,2024-02-14T09:47:47Z,,,,,SERVICIO SALUD ARAUCANIA NORTE HOSPITAL VICTORIA | Bienes y Servicios,616022296,,Región de la Araucanía ,,SERVICIOS INTEGRADOS SIDAPT LIMITADA | SERVICIOS INTEGRADOS SIDAPT LTDA,762993589,,Región Metropolitana de Santiago,,,,,1440728,Programación Abarrotes Febrero,MERMELADA SIN AZUCAR REGIMEL BERRIES BOLSA 200 G UNIDAD IX REGION(1440728) MERMELADA SIN AZUCAR REGIMEL BERRIES BOLSA 200 G UNIDAD IX REGION,50.0,,CLP,1764.0,,
1057389-465-CM24,,2024-02-14T09:47:47Z,,,,,SERVICIO SALUD ARAUCANIA NORTE HOSPITAL VICTORIA | Bienes y Servicios,616022296,,Región de la Araucanía ,,SERVICIOS INTEGRADOS SIDAPT LIMITADA | SERVICIOS INTEGRADOS SIDAPT LTDA,762993589,,Región Metropolitana de Santiago,,,,,1440713,Programación Abarrotes Febrero,MERMELADA SIN AZUCAR REGIMEL MORA BOLSA 200 G UNIDAD IX REGION(1440713) MERMELADA SIN AZUCAR REGIMEL MORA BOLSA 200 G UNIDAD IX REGION,50.0,,CLP,1764.0,,
1057389-465-CM24,,2024-02-14T09:47:47Z,,,,,SERVICIO SALUD ARAUCANIA NORTE HOSPITAL VICTORIA | Bienes y Servicios,616022296,,Región de la Araucanía ,,SERVICIOS INTEGRADOS SIDAPT LIMITADA | SERVICIOS INTEGRADOS SIDAPT LTDA,762993589,,Región Metropolitana de Santiago,,,,,1806317,Programación Abarrotes Febrero,SALSA DE SOYA TRAVERSO BOTELLA 500 ML UNIDAD IX REGION(1806317) SALSA DE SOYA TRAVERSO BOTELLA 500 ML UNIDAD IX REGION,10.0,,CLP,2047.0,,
1057389-465-CM24,,2024-02-14T09:47:47Z,,,,,SERVICIO SALUD ARAUCANIA NORTE HOSPITAL VICTORIA | Bienes y Servicios,616022296,,Región de la Araucanía ,,SERVICIOS INTEGRADOS SIDAPT LIMITADA | SERVICIOS INTEGRADOS SIDAPT LTDA,762993589,,Región Metropolitana de Santiago,,,,,1429253,Programación Abarrotes Febrero,SALSA DE TOMATE SAN REMO BOLSA 200 G UNIDAD IX REGION(1429253) SALSA DE TOMATE SAN REMO BOLSA 200 G UNIDAD IX REGION,50.0,,CLP,489.0,,
1057389-465-CM24,,2024-02-14T09:47:47Z,,,,,SERVICIO SALUD ARAUCANIA NORTE HOSPITAL VICTORIA | Bienes y Servicios,616022296,,Región de la Araucanía ,,SERVICIOS INTEGRADOS SIDAPT LIMITADA | SERVICIOS INTEGRADOS SIDAPT LTDA,762993589,,Región Metropolitana de Santiago,,,,,1444718,Programación Abarrotes Febrero,POROTO BANQUETE ESPAÑOL BOLSA 1K UNIDAD IX REGION(1444718) POROTO BANQUETE ESPAÑOL BOLSA 1K UNIDAD IX REGION,30.0,,CLP,3211.0,,
1057389-465-CM24,,2024-02-14T09:47:47Z,,,,,SERVICIO SALUD ARAUCANIA NORTE HOSPITAL VICTORIA | Bienes y Servicios,616022296,,Región de la Araucanía ,,SERVICIOS INTEGRADOS SIDAPT LIMITADA | SERVICIOS INTEGRADOS SIDAPT LTDA,762993589,,Región Metropolitana de Santiago,,,,,1440698,Programación Abarrotes Febrero,MERMELADA SIN AZUCAR REGIMEL FRUTILLA BOLSA 200 G UNIDAD IX REGION(1440698) MERMELADA SIN AZUCAR REGIMEL FRUTILLA BOLSA 200 G UNIDAD IX REGION,50.0,,CLP,1517.0,,
1057389-465-CM24,,2024-02-14T09:47:47Z,,,,,SERVICIO SALUD ARAUCANIA NORTE HOSPITAL VICTORIA | Bienes y Servicios,616022296,,Región de la Araucanía ,,SERVICIOS INTEGRADOS SIDAPT LIMITADA | SERVICIOS INTEGRADOS SIDAPT LTDA,762993589,,Región Metropolitana de Santiago,,,,,1444673,Programación Abarrotes Febrero,LENTEJA BANQUETE 6 MM BOLSA 1K UNIDAD IX REGION(1444673) LENTEJA BANQUETE 6 MM BOLSA 1K UNIDAD IX REGION,15.0,,CLP,2218.0,,
1057389-465-CM24,,2024-02-14T09:47:47Z,,,,,SERVICIO SALUD ARAUCANIA NORTE HOSPITAL VICTORIA | Bienes y Servicios,616022296,,Región de la Araucanía ,,SERVICIOS INTEGRADOS SIDAPT LIMITADA | SERVICIOS INTEGRADOS SIDAPT LTDA,762993589,,Región Metropolitana de Santiago,,,,,1609870,Programación Abarrotes Febrero,JUGO EN POLVO ZUKO FRAMBUESA SOBRE 25 G UNIDAD IX REGION(1609870) JUGO EN POLVO ZUKO FRAMBUESA SOBRE 25 G UNIDAD IX REGION,30.0,,CLP,276.0,,
1057389-465-CM24,,2024-02-14T09:47:47Z,,,,,SERVICIO SALUD ARAUCANIA NORTE HOSPITAL VICTORIA | Bienes y Servicios,616022296,,Región de la Araucanía ,,SERVICIOS INTEGRADOS SIDAPT LIMITADA | SERVICIOS INTEGRADOS SIDAPT LTDA,762993589,,Región Metropolitana de Santiago,,,,,1449503,Programación Abarrotes Febrero,CORBATAS CAROZZI BOLSA 400 G UNIDAD IX REGION(1449503) CORBATAS CAROZZI BOLSA 400 G UNIDAD IX REGION,300.0,,CLP,1157.0,,
1057389-465-CM24,,2024-02-14T09:47:47Z,,,,,SERVICIO SALUD ARAUCANIA NORTE HOSPITAL VICTORIA | Bienes y Servicios,616022296,,Región de la Araucanía ,,SERVICIOS INTEGRADOS SIDAPT LIMITADA | SERVICIOS INTEGRADOS SIDAPT LTDA,762993589,,Región Metropolitana de Santiago,,,,,1430498,Programación Abarrotes Febrero,CABELLO DE ANGEL PARMA CORTO BOLSA 400 G UNIDAD IX REGION(1430498) CABELLO DE ANGEL PARMA CORTO BOLSA 400 G UNIDAD IX REGION,100.0,,CLP,911.0,,
1057389-465-CM24,,2024-02-14T09:47:47Z,,,,,SERVICIO SALUD ARAUCANIA NORTE HOSPITAL VICTORIA | Bienes y Servicios,616022296,,Región de la Araucanía ,,SERVICIOS INTEGRADOS SIDAPT LIMITADA | SERVICIOS INTEGRADOS SIDAPT LTDA,762993589,,Región Metropolitana de Santiago,,,,,1442603,Programación Abarrotes Febrero,DULCE DE MEMBRILLO WATT´S PAQUETE 500 G UNIDAD IX REGION(1442603) DULCE DE MEMBRILLO WATT´S PAQUETE 500 G UNIDAD IX REGION,15.0,,CLP,1957.0,,
1057389-465-CM24,,2024-02-14T09:47:47Z,,,,,SERVICIO SALUD ARAUCANIA NORTE HOSPITAL VICTORIA | Bienes y Servicios,616022296,,Región de la Araucanía ,,SERVICIOS INTEGRADOS SIDAPT LIMITADA | SERVICIOS INTEGRADOS SIDAPT LTDA,762993589,,Región Metropolitana de Santiago,,,,,1444643,Programación Abarrotes Febrero,ARVEJA BANQUETE VERDE PARTIDA BOLSA 1K UNIDAD IX REGION(1444643) ARVEJA BANQUETE VERDE PARTIDA BOLSA 1K UNIDAD IX REGION,10.0,,CLP,2373.0,,
1057402-1064-CM24,,2024-01-30T15:29:55Z,,,,,HOSPITAL CLINICO DE MAGALLANES DR. LAUTARO NAVARRO AVARIA | Bienes y Servicios,616079018,,Región de Magallanes y de la Antártica,,AGENCIA DE VIAJES TURAVION SPA | Turavion SpA,809894002,,Región Metropolitana de Santiago,,,,,1849200,TRASLADO PAC: P.BARRIENTOS,PASAJE AÉREO(1849200) PASAJE AÉREO,1.0,,CLP,179990.0,,
1057402-1064-CM24,,2024-01-30T15:29:55Z,,,,,HOSPITAL CLINICO DE MAGALLANES DR. LAUTARO NAVARRO AVARIA | Bienes y Servicios,616079018,,Región de Magallanes y de la Antártica,,AGENCIA DE VIAJES TURAVION SPA | Turavion SpA,809894002,,Región Metropolitana de Santiago,,,,,1849200,TRASLADO PAC: P.BARRIENTOS,PASAJE AÉREO(1849200) PASAJE AÉREO,1.0,,CLP,179990.0,,
1057402-1064-CM24,,2024-01-30T15:29:55Z,,,,,HOSPITAL CLINICO DE MAGALLANES DR. LAUTARO NAVARRO AVARIA | Bienes y Servicios,616079018,,Región de Magallanes y de la Antártica,,AGENCIA DE VIAJES TURAVION SPA | Turavion SpA,809894002,,Región Metropolitana de Santiago,,,,,1849900,TRASLADO PAC: P.BARRIENTOS,TASA DE EMBARQUE(1849900) TASA DE EMBARQUE,1.0,,CLP,36600.0,,
1057402-1077-CM24,,2024-01-30T15:29:17Z,,,,,HOSPITAL CLINICO DE MAGALLANES DR. LAUTARO NAVARRO AVARIA | Bienes y Servicios,616079018,,Región de Magallanes y de la Antártica,,AGENCIA DE VIAJES TURAVION SPA | Turavion SpA,809894002,,Región Metropolitana de Santiago,,,,,1849200,TRASLADO TENS: R.MUÑOZ,PASAJE AÉREO(1849200) PASAJE AÉREO,1.0,,CLP,157990.0,,
1057402-1077-CM24,,2024-01-30T15:29:17Z,,,,,HOSPITAL CLINICO DE MAGALLANES DR. LAUTARO NAVARRO AVARIA | Bienes y Servicios,616079018,,Región de Magallanes y de la Antártica,,AGENCIA DE VIAJES TURAVION SPA | Turavion SpA,809894002,,Región Metropolitana de Santiago,,,,,1849900,TRASLADO TENS: R.MUÑOZ,TASA DE EMBARQUE(1849900) TASA DE EMBARQUE,1.0,,CLP,18300.0,,
1057402-12848-CM23,,2024-02-22T14:51:11Z,,,,,HOSPITAL CLINICO DE MAGALLANES DR. LAUTARO NAVARRO AVARIA | Bienes y Servicios,616079018,,Región de Magallanes y de la Antártica,,SOCIEDAD COMERCIAL SERI SPA | Sociedad Comercial Seri SpA,761486284,,Región Metropolitana de Santiago,,,,,1846579,[5074] Adquisición de focos sobrepuesto redondo y palmetas led luz fria de 603x603mm. Orden de Compra: 1057402-12848-CM23,FOCO LED CHINALED BACKLIT 48W 6500K UNIDAD(1846579) FOCO LED CHINALED BACKLIT 48W 6500K UNIDAD,100.0,,CLP,14248.0,,
1057402-12848-CM23,,2024-02-22T14:51:11Z,,,,,HOSPITAL CLINICO DE MAGALLANES DR. LAUTARO NAVARRO AVARIA | Bienes y Servicios,616079018,,Región de Magallanes y de la Antártica,,SOCIEDAD COMERCIAL SERI SPA | Sociedad Comercial Seri SpA,761486284,,Región Metropolitana de Santiago,,,,,1634865,[5074] Adquisición de focos sobrepuesto redondo y palmetas led luz fria de 603x603mm. Orden de Compra: 1057402-12848-CM23,FOCO LED MASTERLED PRCS2430BN 24 W UNIDAD(1634865) FOCO LED MASTERLED PRCS2430BN 24 W UNIDAD,60.0,,CLP,8907.0,,
1057402-984-CM24,,2024-01-29T16:02:33Z,,,,,HOSPITAL CLINICO DE MAGALLANES DR. LAUTARO NAVARRO AVARIA | Bienes y Servicios,616079018,,Región de Magallanes y de la Antártica,,AGENCIA DE VIAJES TURAVION SPA | Turavion SpA,809894002,,Región Metropolitana de Santiago,,,,,1849200,TRASLADO PAC: M.ARAUJO,PASAJE AÉREO(1849200) PASAJE AÉREO,1.0,,CLP,157990.0,,
1057402-984-CM24,,2024-01-29T16:02:33Z,,,,,HOSPITAL CLINICO DE MAGALLANES DR. LAUTARO NAVARRO AVARIA | Bienes y Servicios,616079018,,Región de Magallanes y de la Antártica,,AGENCIA DE VIAJES TURAVION SPA | Turavion SpA,809894002,,Región Metropolitana de Santiago,,,,,1849200,TRASLADO PAC: M.ARAUJO,PASAJE AÉREO(1849200) PASAJE AÉREO,1.0,,CLP,157990.0,,
1057402-984-CM24,,2024-01-29T16:02:33Z,,,,,HOSPITAL CLINICO DE MAGALLANES DR. LAUTARO NAVARRO AVARIA | Bienes y Servicios,616079018,,Región de Magallanes y de la Antártica,,AGENCIA DE VIAJES TURAVION SPA | Turavion SpA,809894002,,Región Metropolitana de Santiago,,,,,1849900,TRASLADO PAC: M.ARAUJO,TASA DE EMBARQUE(1849900) TASA DE EMBARQUE,1.0,,CLP,36312.0,,
1057402-987-CM24,,2024-01-29T16:52:13Z,,,,,HOSPITAL CLINICO DE MAGALLANES DR. LAUTARO NAVARRO AVARIA | Bienes y Servicios,616079018,,Región de Magallanes y de la Antártica,,AGENCIA DE VIAJES TURAVION SPA | Turavion SpA,809894002,,Región Metropolitana de Santiago,,,,,1849200,TRASLADO PAC: A.MANCILLA,PASAJE AÉREO(1849200) PASAJE AÉREO,1.0,,CLP,82540.0,,
1057402-987-CM24,,2024-01-29T16:52:13Z,,,,,HOSPITAL CLINICO DE MAGALLANES DR. LAUTARO NAVARRO AVARIA | Bienes y Servicios,616079018,,Región de Magallanes y de la Antártica,,AGENCIA DE VIAJES TURAVION SPA | Turavion SpA,809894002,,Región Metropolitana de Santiago,,,,,1849900,TRASLADO PAC: A.MANCILLA,TASA DE EMBARQUE(1849900) TASA DE EMBARQUE,1.0,,CLP,18156.0,,
1057402-990-CM24,,2024-01-29T15:10:58Z,,,,,HOSPITAL CLINICO DE MAGALLANES DR. LAUTARO NAVARRO AVARIA | Bienes y Servicios,616079018,,Región de Magallanes y de la Antártica,,AGENCIA DE VIAJES TURAVION SPA | Turavion SpA,809894002,,Región Metropolitana de Santiago,,,,,1849200,5076 Ronda Cir. Plastica Infantil / Dr. Acuña ,PASAJE AÉREO(1849200) PASAJE AÉREO,1.0,,CLP,269980.0,,
1057402-990-CM24,,2024-01-29T15:10:58Z,,,,,HOSPITAL CLINICO DE MAGALLANES DR. LAUTARO NAVARRO AVARIA | Bienes y Servicios,616079018,,Región de Magallanes y de la Antártica,,AGENCIA DE VIAJES TURAVION SPA | Turavion SpA,809894002,,Región Metropolitana de Santiago,,,,,1849900,5076 Ronda Cir. Plastica Infantil / Dr. Acuña ,TASA DE EMBARQUE(1849900) TASA DE EMBARQUE,1.0,,CLP,36312.0,,
1057402-991-CM24,,2024-01-29T16:23:03Z,,,,,HOSPITAL CLINICO DE MAGALLANES DR. LAUTARO NAVARRO AVARIA | Bienes y Servicios,616079018,,Región de Magallanes y de la Antártica,,AGENCIA DE VIAJES TURAVION SPA | Turavion SpA,809894002,,Región Metropolitana de Santiago,,,,,1849200,TRASLADO PAC: V.KIRIGUIN,PASAJE AÉREO(1849200) PASAJE AÉREO,1.0,,CLP,179990.0,,
1057402-991-CM24,,2024-01-29T16:23:03Z,,,,,HOSPITAL CLINICO DE MAGALLANES DR. LAUTARO NAVARRO AVARIA | Bienes y Servicios,616079018,,Región de Magallanes y de la Antártica,,AGENCIA DE VIAJES TURAVION SPA | Turavion SpA,809894002,,Región Metropolitana de Santiago,,,,,1849200,TRASLADO PAC: V.KIRIGUIN,PASAJE AÉREO(1849200) PASAJE AÉREO,1.0,,CLP,179990.0,,
1057402-991-CM24,,2024-01-29T16:23:03Z,,,,,HOSPITAL CLINICO DE MAGALLANES DR. LAUTARO NAVARRO AVARIA | Bienes y Servicios,616079018,,Región de Magallanes y de la Antártica,,AGENCIA DE VIAJES TURAVION SPA | Turavion SpA,809894002,,Región Metropolitana de Santiago,,,,,1849900,TRASLADO PAC: V.KIRIGUIN,TASA DE EMBARQUE(1849900) TASA DE EMBARQUE,1.0,,CLP,36312.0,,
1057417-342-CM24,,2024-02-21T11:50:52Z,,,,,COMPLEJO ASISTENCIAL DR.VICTOR RIOS RUIZ | Bienes y Servicios,61607301K,,Región del Biobío ,,SERVICIOS INTEGRADOS SIDAPT LIMITADA | SERVICIOS INTEGRADOS SIDAPT LTDA,762993589,,Región Metropolitana de Santiago,,,,,1446607,"IG msp CM, Pedido 2 (febrero), Compra  Alimentos",PAN DE MOLDE IDEAL GRANDE XL BOLSA 750 G UNIDAD VIII REGION(1446607) PAN DE MOLDE IDEAL GRANDE XL BOLSA 750 G UNIDAD VIII REGION,222.0,,CLP,3927.0,,
1057417-342-CM24,,2024-02-21T11:50:52Z,,,,,COMPLEJO ASISTENCIAL DR.VICTOR RIOS RUIZ | Bienes y Servicios,61607301K,,Región del Biobío ,,SERVICIOS INTEGRADOS SIDAPT LIMITADA | SERVICIOS INTEGRADOS SIDAPT LTDA,762993589,,Región Metropolitana de Santiago,,,,,1446622,"IG msp CM, Pedido 2 (febrero), Compra  Alimentos",PAN DE MOLDE IDEAL INTEGRAL BOLSA 640 G UNIDAD VIII REGION(1446622) PAN DE MOLDE IDEAL INTEGRAL BOLSA 640 G UNIDAD VIII REGION,80.0,,CLP,3224.0,,
1057417-342-CM24,,2024-02-21T11:50:52Z,,,,,COMPLEJO ASISTENCIAL DR.VICTOR RIOS RUIZ | Bienes y Servicios,61607301K,,Región del Biobío ,,SERVICIOS INTEGRADOS SIDAPT LIMITADA | SERVICIOS INTEGRADOS SIDAPT LTDA,762993589,,Región Metropolitana de Santiago,,,,,1433407,"IG msp CM, Pedido 2 (febrero), Compra  Alimentos",POROTO SELECTA ESPAÑOL BOLSA 1K UNIDAD VIII REGION(1433407) POROTO SELECTA ESPAÑOL BOLSA 1K UNIDAD VIII REGION,30.0,,CLP,3211.0,,
1057417-342-CM24,,2024-02-21T11:50:52Z,,,,,COMPLEJO ASISTENCIAL DR.VICTOR RIOS RUIZ | Bienes y Servicios,61607301K,,Región del Biobío ,,SERVICIOS INTEGRADOS SIDAPT LIMITADA | SERVICIOS INTEGRADOS SIDAPT LTDA,762993589,,Región Metropolitana de Santiago,,,,,1590528,"IG msp CM, Pedido 2 (febrero), Compra  Alimentos",SAL OSKU SACHET 1 G VIII REGION(1590528) SAL OSKU SACHET 1 G VIII REGION,12000.0,,CLP,5.0,,
1057417-342-CM24,,2024-02-21T11:50:52Z,,,,,COMPLEJO ASISTENCIAL DR.VICTOR RIOS RUIZ | Bienes y Servicios,61607301K,,Región del Biobío ,,SERVICIOS INTEGRADOS SIDAPT LIMITADA | SERVICIOS INTEGRADOS SIDAPT LTDA,762993589,,Región Metropolitana de Santiago,,,,,1485487,"IG msp CM, Pedido 2 (febrero), Compra  Alimentos",ENDULZANTE LIQUIDO DAILY STEVIA BOTELLA 270 ML UNIDAD VIII REGION(1485487) ENDULZANTE LIQUIDO DAILY STEVIA BOTELLA 270 ML UNIDAD VIII REGION,100.0,,CLP,3625.0,,
1057417-342-CM24,,2024-02-21T11:50:52Z,,,,,COMPLEJO ASISTENCIAL DR.VICTOR RIOS RUIZ | Bienes y Servicios,61607301K,,Región del Biobío ,,SERVICIOS INTEGRADOS SIDAPT LIMITADA | SERVICIOS INTEGRADOS SIDAPT LTDA,762993589,,Región Metropolitana de Santiago,,,,,1449952,"IG msp CM, Pedido 2 (febrero), Compra  Alimentos",SPAGHETTI CAROZZI N ° 87 BOLSA 400 G UNIDAD VIII REGION(1449952) SPAGHETTI CAROZZI N ° 87 BOLSA 400 G UNIDAD VIII REGION,150.0,,CLP,1106.0,,
1057417-342-CM24,,2024-02-21T11:50:52Z,,,,,COMPLEJO ASISTENCIAL DR.VICTOR RIOS RUIZ | Bienes y Servicios,61607301K,,Región del Biobío ,,SERVICIOS INTEGRADOS SIDAPT LIMITADA | SERVICIOS INTEGRADOS SIDAPT LTDA,762993589,,Región Metropolitana de Santiago,,,,,1437082,"IG msp CM, Pedido 2 (febrero), Compra  Alimentos",TE EN HOJA  SUPREMO ESPECIAL BOLSA 250 G UNIDAD VIII REGION(1437082) TE EN HOJA  SUPREMO ESPECIAL BOLSA 250 G UNIDAD VIII REGION,80.0,,CLP,1864.0,,
1057417-342-CM24,,2024-02-21T11:50:52Z,,,,,COMPLEJO ASISTENCIAL DR.VICTOR RIOS RUIZ | Bienes y Servicios,61607301K,,Región del Biobío ,,SERVICIOS INTEGRADOS SIDAPT LIMITADA | SERVICIOS INTEGRADOS SIDAPT LTDA,762993589,,Región Metropolitana de Santiago,,,,,1448287,"IG msp CM, Pedido 2 (febrero), Compra  Alimentos",MANJAR NESTLE BOLSA 1K UNIDAD VIII REGION(1448287) MANJAR NESTLE BOLSA 1K UNIDAD VIII REGION,200.0,,CLP,3751.0,,
1057417-342-CM24,,2024-02-21T11:50:52Z,,,,,COMPLEJO ASISTENCIAL DR.VICTOR RIOS RUIZ | Bienes y Servicios,61607301K,,Región del Biobío ,,SERVICIOS INTEGRADOS SIDAPT LIMITADA | SERVICIOS INTEGRADOS SIDAPT LTDA,762993589,,Región Metropolitana de Santiago,,,,,1502572,"IG msp CM, Pedido 2 (febrero), Compra  Alimentos",FORMULA INFANTIL NESSUCAR TARRO 550 G UNIDAD VIII REGION(1502572) FORMULA INFANTIL NESSUCAR TARRO 550 G UNIDAD VIII REGION,100.0,,CLP,8633.0,,
1057422-55-CM24,,2024-01-30T13:17:44Z,,,,,SERVICIO DE SALUD BIO BIO HOSPITAL DE YU | Bienes y Servicios,616073079,,Región del Biobío ,,SCANNO SPA | SCANNO,770557852,,Región Metropolitana de Santiago,,,,,1896785,"CM-INSUMOS DE ASEO-2204007002-HFCY40189,40427Y40809-MVF",CLORO CONCENTRADO WINKLER 6% 1000 ML UNIDAD REGIÓN VIII(1896785) CLORO CONCENTRADO WINKLER 6% 1000 ML UNIDAD REGIÓN VIII,170.0,,CLP,938.0,,
1057422-55-CM24,,2024-01-30T13:17:44Z,,,,,SERVICIO DE SALUD BIO BIO HOSPITAL DE YU | Bienes y Servicios,616073079,,Región del Biobío ,,SCANNO SPA | SCANNO,770557852,,Región Metropolitana de Santiago,,,,,1907767,"CM-INSUMOS DE ASEO-2204007002-HFCY40189,40427Y40809-MVF",INSECTICIDA KILLER AEROSOL TODO INSECTO 560 CC UNIDAD REGIÓN VIII(1907767) INSECTICIDA KILLER AEROSOL TODO INSECTO 560 CC UNIDAD REGIÓN VIII,108.0,,CLP,2106.0,,
1057422-55-CM24,,2024-01-30T13:17:44Z,,,,,SERVICIO DE SALUD BIO BIO HOSPITAL DE YU | Bienes y Servicios,616073079,,Región del Biobío ,,SCANNO SPA | SCANNO,770557852,,Región Metropolitana de Santiago,,,,,1890750,"CM-INSUMOS DE ASEO-2204007002-HFCY40189,40427Y40809-MVF",BOLSA DE BASURA WINKLER MEDIANA 70X90 70 L ROLLO X 10 UNIDADES REGIÓN VIII(1890750) BOLSA DE BASURA WINKLER MEDIANA 70X90 70 L ROLLO X 10 UNIDADES REGIÓN VIII,288.0,,CLP,990.0,,
1057422-55-CM24,,2024-01-30T13:17:44Z,,,,,SERVICIO DE SALUD BIO BIO HOSPITAL DE YU | Bienes y Servicios,616073079,,Región del Biobío ,,SCANNO SPA | SCANNO,770557852,,Región Metropolitana de Santiago,,,,,1909025,"CM-INSUMOS DE ASEO-2204007002-HFCY40189,40427Y40809-MVF",LAVALOZAS CONCENTRADO LAVADO MANUAL MR ROB ANTIGRASA CÍTRICO 750 ML UNIDAD REGIÓN VIII(1909025) LAVALOZAS CONCENTRADO LAVADO MANUAL MR ROB ANTIGRASA CÍTRICO 750 ML UNIDAD REGIÓN VIII,204.0,,CLP,1078.0,,
1057422-55-CM24,,2024-01-30T13:17:44Z,,,,,SERVICIO DE SALUD BIO BIO HOSPITAL DE YU | Bienes y Servicios,616073079,,Región del Biobío ,,SCANNO SPA | SCANNO,770557852,,Región Metropolitana de Santiago,,,,,1902191,"CM-INSUMOS DE ASEO-2204007002-HFCY40189,40427Y40809-MVF",ESCOBILLÓN VIRUTEX USO INTERIOR FIBRA MEDIA MANGO METÁLICO 31 CM UNIDAD REGIÓN VIII(1902191) ESCOBILLÓN VIRUTEX USO INTERIOR FIBRA MEDIA MANGO METÁLICO 31 CM UNIDAD REGIÓN VIII,35.0,,CLP,2394.0,,
1057422-55-CM24,,2024-01-30T13:17:44Z,,,,,SERVICIO DE SALUD BIO BIO HOSPITAL DE YU | Bienes y Servicios,616073079,,Región del Biobío ,,SCANNO SPA | SCANNO,770557852,,Región Metropolitana de Santiago,,,,,1903806,"CM-INSUMOS DE ASEO-2204007002-HFCY40189,40427Y40809-MVF",ESPONJA VIRUTEX NO RAYA C/FIBRA ABRASIVA UNIDAD REGIÓN VIII(1903806) ESPONJA VIRUTEX NO RAYA C/FIBRA ABRASIVA UNIDAD REGIÓN VIII,100.0,,CLP,613.0,,
1057422-55-CM24,,2024-01-30T13:17:44Z,,,,,SERVICIO DE SALUD BIO BIO HOSPITAL DE YU | Bienes y Servicios,616073079,,Región del Biobío ,,SCANNO SPA | SCANNO,770557852,,Región Metropolitana de Santiago,,,,,1924886,"CM-INSUMOS DE ASEO-2204007002-HFCY40189,40427Y40809-MVF",TOALLA DE PAPEL TECNOPAPEL INTERFOLIADA DOBLE HOJA 200 UN 1 PAQUETE REGIÓN VIII(1924886) TOALLA DE PAPEL TECNOPAPEL INTERFOLIADA DOBLE HOJA 200 UN 1 PAQUETE REGIÓN VIII,160.0,,CLP,1082.0,,
1057422-55-CM24,,2024-01-30T13:17:44Z,,,,,SERVICIO DE SALUD BIO BIO HOSPITAL DE YU | Bienes y Servicios,616073079,,Región del Biobío ,,SCANNO SPA | SCANNO,770557852,,Región Metropolitana de Santiago,,,,,1890682,"CM-INSUMOS DE ASEO-2204007002-HFCY40189,40427Y40809-MVF",BOLSA DE BASURA WINKLER CARGA PESADA 120X130 280 L ROLLO X 10 UNIDADES REGIÓN VIII(1890682) BOLSA DE BASURA WINKLER CARGA PESADA 120X130 280 L ROLLO X 10 UNIDADES REGIÓN VIII,65.0,,CLP,6142.0,,
1057422-55-CM24,,2024-01-30T13:17:44Z,,,,,SERVICIO DE SALUD BIO BIO HOSPITAL DE YU | Bienes y Servicios,616073079,,Región del Biobío ,,SCANNO SPA | SCANNO,770557852,,Región Metropolitana de Santiago,,,,,1898536,"CM-INSUMOS DE ASEO-2204007002-HFCY40189,40427Y40809-MVF",DESODORANTE AMBIENTAL AROM AEROSOL 360 CC MARINO UNIDAD REGIÓN VIII(1898536) DESODORANTE AMBIENTAL AROM AEROSOL 360 CC MARINO UNIDAD REGIÓN VIII,108.0,,CLP,1064.0,,
1057422-55-CM24,,2024-01-30T13:17:44Z,,,,,SERVICIO DE SALUD BIO BIO HOSPITAL DE YU | Bienes y Servicios,616073079,,Región del Biobío ,,SCANNO SPA | SCANNO,770557852,,Región Metropolitana de Santiago,,,,,1910419,"CM-INSUMOS DE ASEO-2204007002-HFCY40189,40427Y40809-MVF",LIMPIADOR DE PISOS IGENIX DESINFECTANTE BOTELLA 900 ML UNIDAD REGIÓN VIII(1910419) LIMPIADOR DE PISOS IGENIX DESINFECTANTE BOTELLA 900 ML UNIDAD REGIÓN VIII,96.0,,CLP,1107.0,,
1057430-321-CM24,,2024-01-30T15:31:47Z,,,,,SERVICIO NACIONAL DE SALUD HOSPITAL DE LOTA | Bienes y Servicios,616022032,,Región del Biobío ,,MUNNICH PHARMA MEDICAL SPA | Munnich  Desechables,804474005,,Región Metropolitana de Santiago,,,,,1850940,Reposición Insumo Pechera,VESTUARIO MÉDICO MUNCARE PECHERA PLÁSTICA MANGA LARGA AJUSTE PULGAR 100 UNIDADES SUR(1850940) VESTUARIO MÉDICO MUNCARE PECHERA PLÁSTICA MANGA LARGA AJUSTE PULGAR 100 UNIDADES SUR,160.0,,CLP,11886.0,,
1057439-474-CM24,,2024-03-18T10:51:34Z,,,,,SERVICIO DE SALUD COQUIMBO HOSPITAL LA SERENA | Bienes y Servicios,616064029,,Región de Coquimbo ,,AGENCIA DE VIAJES TURAVION SPA | Turavion SpA,809894002,,Región Metropolitana de Santiago,,,,,1849200,Pasaje aéreo Vuelta JULIO DESIDERIO MUNOZ TAPIA y CARLOS HERIBERTO MUNIZAGA PACHECO,PASAJE AÉREO(1849200) PASAJE AÉREO,1.0,,CLP,255980.0,,
1057439-474-CM24,,2024-03-18T10:51:34Z,,,,,SERVICIO DE SALUD COQUIMBO HOSPITAL LA SERENA | Bienes y Servicios,616064029,,Región de Coquimbo ,,AGENCIA DE VIAJES TURAVION SPA | Turavion SpA,809894002,,Región Metropolitana de Santiago,,,,,1849200,Pasaje aéreo Vuelta JULIO DESIDERIO MUNOZ TAPIA y CARLOS HERIBERTO MUNIZAGA PACHECO,PASAJE AÉREO(1849200) PASAJE AÉREO,1.0,,CLP,255980.0,,
1057439-474-CM24,,2024-03-18T10:51:34Z,,,,,SERVICIO DE SALUD COQUIMBO HOSPITAL LA SERENA | Bienes y Servicios,616064029,,Región de Coquimbo ,,AGENCIA DE VIAJES TURAVION SPA | Turavion SpA,809894002,,Región Metropolitana de Santiago,,,,,1849900,Pasaje aéreo Vuelta JULIO DESIDERIO MUNOZ TAPIA y CARLOS HERIBERTO MUNIZAGA PACHECO,TASA DE EMBARQUE(1849900) TASA DE EMBARQUE,1.0,,CLP,73248.0,,
1057439-658-CM24,,2024-01-30T16:49:03Z,,,,,SERVICIO DE SALUD COQUIMBO HOSPITAL LA SERENA | Bienes y Servicios,616064029,,Región de Coquimbo ,,AGENCIA DE VIAJES TURAVION SPA | Turavion SpA,809894002,,Región Metropolitana de Santiago,,,,,1849200,Pasje IDA Paciente C. L.	A. P.,PASAJE AÉREO(1849200) PASAJE AÉREO,1.0,,CLP,96900.0,,
1057439-658-CM24,,2024-01-30T16:49:03Z,,,,,SERVICIO DE SALUD COQUIMBO HOSPITAL LA SERENA | Bienes y Servicios,616064029,,Región de Coquimbo ,,AGENCIA DE VIAJES TURAVION SPA | Turavion SpA,809894002,,Región Metropolitana de Santiago,,,,,1849900,Pasje IDA Paciente C. L.	A. P.,TASA DE EMBARQUE(1849900) TASA DE EMBARQUE,1.0,,CLP,7224.0,,
1057461-218-CM24,,2024-01-29T12:35:28Z,,,,,SERVICIO DE SALUD DEL MAULE HOSPITAL DE CAUQUENES | Bienes y Servicios,616069136,,Región del Maule ,,COPEC S.A. | COPEC S.A.,995200007,,Región Metropolitana de Santiago,,,,,1944416,BE/ RECARGA DE COMBUSTIBLE (MOVILIZACIÓN Y TRASLADO),ESTACIÓN DE SERVICIO GASOLINA REGIÓN MAULE DESCUENTO PESOS POR LITRO(1944416) ESTACIÓN DE SERVICIO GASOLINA REGIÓN MAULE DESCUENTO PESOS POR LITRO,1.0,,CLP,2800000.0,,
1057495-136-CM24,,2024-01-30T13:28:26Z,,,,,SERVICIO DE SALUD SUR HOSPITAL LUCIO CORDOVA | Bienes y Servicios,616081047,,Región Metropolitana de Santiago,,REUTTER S A | REUTTER CM,812104004,,Región Metropolitana de Santiago,,,,,1851588,"ADQUISICION DE APOSITO DE ALGINATO DE CALCIO CARBOXIMETILCELULOSA 10X10, APOSITO DE ESPUMA HIDROFILICA S/ADHESIVO 10X10 ,TERMOMETRO DIGITAL PTA.RIGIDA- GUANTES NITRILO TALLA S Y M- APOSITO HIDROCOLOIDE 10X10 Orden de Compra: 1057495-134-CM24",APÓSITO CRANBERRY FILM HIDROCOLOIDE FINO 10 X 10 CM 10 UNIDADES CENTRO(1851588) APÓSITO CRANBERRY FILM HIDROCOLOIDE FINO 10 X 10 CM 10 UNIDADES CENTRO,30.0,,CLP,11757.0,,
1057495-136-CM24,,2024-01-30T13:28:26Z,,,,,SERVICIO DE SALUD SUR HOSPITAL LUCIO CORDOVA | Bienes y Servicios,616081047,,Región Metropolitana de Santiago,,REUTTER S A | REUTTER CM,812104004,,Región Metropolitana de Santiago,,,,,1852155,"ADQUISICION DE APOSITO DE ALGINATO DE CALCIO CARBOXIMETILCELULOSA 10X10, APOSITO DE ESPUMA HIDROFILICA S/ADHESIVO 10X10 ,TERMOMETRO DIGITAL PTA.RIGIDA- GUANTES NITRILO TALLA S Y M- APOSITO HIDROCOLOIDE 10X10 Orden de Compra: 1057495-134-CM24",GUANTE TRESOR EXAMINACIÓN-PROCEDIMIENTO NITRILO S/POLVO TALLA S 100 UNIDADES CENTRO(1852155) GUANTE TRESOR EXAMINACIÓN-PROCEDIMIENTO NITRILO S/POLVO TALLA S 100 UNIDADES CENTRO,300.0,,CLP,1670.0,,
1057495-136-CM24,,2024-01-30T13:28:26Z,,,,,SERVICIO DE SALUD SUR HOSPITAL LUCIO CORDOVA | Bienes y Servicios,616081047,,Región Metropolitana de Santiago,,REUTTER S A | REUTTER CM,812104004,,Región Metropolitana de Santiago,,,,,1881949,"ADQUISICION DE APOSITO DE ALGINATO DE CALCIO CARBOXIMETILCELULOSA 10X10, APOSITO DE ESPUMA HIDROFILICA S/ADHESIVO 10X10 ,TERMOMETRO DIGITAL PTA.RIGIDA- GUANTES NITRILO TALLA S Y M- APOSITO HIDROCOLOIDE 10X10 Orden de Compra: 1057495-134-CM24",GUANTE TRESOR EXAMINACI?N-PROCEDIMIENTO NITRILO S/POLVO TALLA M 100 UNIDADES CENTRO(1881949) GUANTE TRESOR EXAMINACI?N-PROCEDIMIENTO NITRILO S/POLVO TALLA M 100 UNIDADES CENTRO,300.0,,CLP,1670.0,,
1057495-136-CM24,,2024-01-30T13:28:26Z,,,,,SERVICIO DE SALUD SUR HOSPITAL LUCIO CORDOVA | Bienes y Servicios,616081047,,Región Metropolitana de Santiago,,REUTTER S A | REUTTER CM,812104004,,Región Metropolitana de Santiago,,,,,1852337,"ADQUISICION DE APOSITO DE ALGINATO DE CALCIO CARBOXIMETILCELULOSA 10X10, APOSITO DE ESPUMA HIDROFILICA S/ADHESIVO 10X10 ,TERMOMETRO DIGITAL PTA.RIGIDA- GUANTES NITRILO TALLA S Y M- APOSITO HIDROCOLOIDE 10X10 Orden de Compra: 1057495-134-CM24",TERMÓMETRO CRANBERRY DIGITAL DE PUNTA RÍGIDA UNIDAD CENTRO(1852337) TERMÓMETRO CRANBERRY DIGITAL DE PUNTA RÍGIDA UNIDAD CENTRO,310.0,,CLP,1330.0,,
1057495-136-CM24,,2024-01-30T13:28:26Z,,,,,SERVICIO DE SALUD SUR HOSPITAL LUCIO CORDOVA | Bienes y Servicios,616081047,,Región Metropolitana de Santiago,,REUTTER S A | REUTTER CM,812104004,,Región Metropolitana de Santiago,,,,,1851564,"ADQUISICION DE APOSITO DE ALGINATO DE CALCIO CARBOXIMETILCELULOSA 10X10, APOSITO DE ESPUMA HIDROFILICA S/ADHESIVO 10X10 ,TERMOMETRO DIGITAL PTA.RIGIDA- GUANTES NITRILO TALLA S Y M- APOSITO HIDROCOLOIDE 10X10 Orden de Compra: 1057495-134-CM24",APÓSITO CRANBERRY ALGINATO DE CALCIO 10 X 10 CM 10 UNIDADES CENTRO(1851564) APÓSITO CRANBERRY ALGINATO DE CALCIO 10 X 10 CM 10 UNIDADES CENTRO,60.0,,CLP,9000.0,,
1057496-94-CM24,,2024-02-23T10:47:04Z,,,,,SERVICIO DE SALUD SUR HOSPITAL SAN LUIS | Bienes y Servicios,616081055,,Región Metropolitana de Santiago,,REUTTER S A | REUTTER CM,812104004,,Región Metropolitana de Santiago,,,,,1851544,Adquisición insumos médicos (ENTREGA PARCIALIZADA),ALGODÓN CRANBERRY HIDRÓFILO PRENSADO ROLLO 1KG 25CM 100% NATURAL UNIDAD CENTRO(1851544) ALGODÓN CRANBERRY HIDRÓFILO PRENSADO ROLLO 1KG 25CM 100% NATURAL UNIDAD CENTRO,3.0,,CLP,5390.0,,
1057496-94-CM24,,2024-02-23T10:47:04Z,,,,,SERVICIO DE SALUD SUR HOSPITAL SAN LUIS | Bienes y Servicios,616081055,,Región Metropolitana de Santiago,,REUTTER S A | REUTTER CM,812104004,,Región Metropolitana de Santiago,,,,,1852550,Adquisición insumos médicos (ENTREGA PARCIALIZADA),VESTUARIO MÉDICO TRESOR CUBRE CALZADO PLÁSTICO BOLSA X 100 UNIDADES CENTRO(1852550) VESTUARIO MÉDICO TRESOR CUBRE CALZADO PLÁSTICO BOLSA X 100 UNIDADES CENTRO,30.0,,CLP,1404.0,,
1057496-94-CM24,,2024-02-23T10:47:04Z,,,,,SERVICIO DE SALUD SUR HOSPITAL SAN LUIS | Bienes y Servicios,616081055,,Región Metropolitana de Santiago,,REUTTER S A | REUTTER CM,812104004,,Región Metropolitana de Santiago,,,,,1851549,Adquisición insumos médicos (ENTREGA PARCIALIZADA),"ALGODÓN CRANBERRY TÓRULA 0,5 GR BOLSA 100 UNIDADES CENTRO(1851549) ALGODÓN CRANBERRY TÓRULA 0,5 GR BOLSA 100 UNIDADES CENTRO",2500.0,,CLP,400.0,,
1057496-94-CM24,,2024-02-23T10:47:04Z,,,,,SERVICIO DE SALUD SUR HOSPITAL SAN LUIS | Bienes y Servicios,616081055,,Región Metropolitana de Santiago,,REUTTER S A | REUTTER CM,812104004,,Región Metropolitana de Santiago,,,,,1852302,Adquisición insumos médicos (ENTREGA PARCIALIZADA),SONDA DE ASPIRACIÓN CRANBERRY 16 FR CON CONTROL SUCCIÓN UNIDAD CENTRO(1852302) SONDA DE ASPIRACIÓN CRANBERRY 16 FR CON CONTROL SUCCIÓN UNIDAD CENTRO,200.0,,CLP,126.0,,
1057496-94-CM24,,2024-02-23T10:47:04Z,,,,,SERVICIO DE SALUD SUR HOSPITAL SAN LUIS | Bienes y Servicios,616081055,,Región Metropolitana de Santiago,,REUTTER S A | REUTTER CM,812104004,,Región Metropolitana de Santiago,,,,,1852409,Adquisición insumos médicos (ENTREGA PARCIALIZADA),TUBO ENDOTRAQUEAL  CRANBERRY CON BALÓN N° 8 10 UNIDADES CENTRO(1852409) TUBO ENDOTRAQUEAL  CRANBERRY CON BALÓN N° 8 10 UNIDADES CENTRO,8.0,,CLP,5700.0,,
1057496-94-CM24,,2024-02-23T10:47:04Z,,,,,SERVICIO DE SALUD SUR HOSPITAL SAN LUIS | Bienes y Servicios,616081055,,Región Metropolitana de Santiago,,REUTTER S A | REUTTER CM,812104004,,Región Metropolitana de Santiago,,,,,1852260,Adquisición insumos médicos (ENTREGA PARCIALIZADA),MASCARILLA DESECHABLE CRANBERRY QUIRÚRGICA CON TIRAS UNIDAD CENTRO(1852260) MASCARILLA DESECHABLE CRANBERRY QUIRÚRGICA CON TIRAS UNIDAD CENTRO,100.0,,CLP,21.0,,
1057496-94-CM24,,2024-02-23T10:47:04Z,,,,,SERVICIO DE SALUD SUR HOSPITAL SAN LUIS | Bienes y Servicios,616081055,,Región Metropolitana de Santiago,,REUTTER S A | REUTTER CM,812104004,,Región Metropolitana de Santiago,,,,,1852307,Adquisición insumos médicos (ENTREGA PARCIALIZADA),SONDA DE ASPIRACIÓN CRANBERRY 18 FR CON CONTROL DE SUCCIÓN UNIDAD CENTRO(1852307) SONDA DE ASPIRACIÓN CRANBERRY 18 FR CON CONTROL DE SUCCIÓN UNIDAD CENTRO,50.0,,CLP,126.0,,
1057496-94-CM24,,2024-02-23T10:47:04Z,,,,,SERVICIO DE SALUD SUR HOSPITAL SAN LUIS | Bienes y Servicios,616081055,,Región Metropolitana de Santiago,,REUTTER S A | REUTTER CM,812104004,,Región Metropolitana de Santiago,,,,,1852288,Adquisición insumos médicos (ENTREGA PARCIALIZADA),SONDA DE ASPIRACIÓN CRANBERRY 10 FR CON CONTROL SUCCIÓN UNIDAD CENTRO(1852288) SONDA DE ASPIRACIÓN CRANBERRY 10 FR CON CONTROL SUCCIÓN UNIDAD CENTRO,300.0,,CLP,126.0,,
1057496-94-CM24,,2024-02-23T10:47:04Z,,,,,SERVICIO DE SALUD SUR HOSPITAL SAN LUIS | Bienes y Servicios,616081055,,Región Metropolitana de Santiago,,REUTTER S A | REUTTER CM,812104004,,Región Metropolitana de Santiago,,,,,1852293,Adquisición insumos médicos (ENTREGA PARCIALIZADA),SONDA DE ASPIRACIÓN CRANBERRY 12 FR CON CONTROL SUCCIÓN UNIDAD CENTRO(1852293) SONDA DE ASPIRACIÓN CRANBERRY 12 FR CON CONTROL SUCCIÓN UNIDAD CENTRO,200.0,,CLP,126.0,,
1057496-94-CM24,,2024-02-23T10:47:04Z,,,,,SERVICIO DE SALUD SUR HOSPITAL SAN LUIS | Bienes y Servicios,616081055,,Región Metropolitana de Santiago,,REUTTER S A | REUTTER CM,812104004,,Región Metropolitana de Santiago,,,,,1852458,Adquisición insumos médicos (ENTREGA PARCIALIZADA),"TUBO ENDOTRAQUEAL  CRANBERRY SIN BALÓN N° 3,5 10 UNIDADES CENTRO(1852458) TUBO ENDOTRAQUEAL  CRANBERRY SIN BALÓN N° 3,5 10 UNIDADES CENTRO",1.0,,CLP,4410.0,,
1057496-94-CM24,,2024-02-23T10:47:04Z,,,,,SERVICIO DE SALUD SUR HOSPITAL SAN LUIS | Bienes y Servicios,616081055,,Región Metropolitana de Santiago,,REUTTER S A | REUTTER CM,812104004,,Región Metropolitana de Santiago,,,,,1852453,Adquisición insumos médicos (ENTREGA PARCIALIZADA),"TUBO ENDOTRAQUEAL  CRANBERRY SIN BALÓN N° 2,5 10 UNIDADES CENTRO(1852453) TUBO ENDOTRAQUEAL  CRANBERRY SIN BALÓN N° 2,5 10 UNIDADES CENTRO",1.0,,CLP,4410.0,,
1057496-94-CM24,,2024-02-23T10:47:04Z,,,,,SERVICIO DE SALUD SUR HOSPITAL SAN LUIS | Bienes y Servicios,616081055,,Región Metropolitana de Santiago,,REUTTER S A | REUTTER CM,812104004,,Región Metropolitana de Santiago,,,,,1851659,Adquisición insumos médicos (ENTREGA PARCIALIZADA),CÁNULA MAYO CRANBERRY GUEDEL N° 2 UNIDAD CENTRO(1851659) CÁNULA MAYO CRANBERRY GUEDEL N° 2 UNIDAD CENTRO,20.0,,CLP,220.0,,
1057496-94-CM24,,2024-02-23T10:47:04Z,,,,,SERVICIO DE SALUD SUR HOSPITAL SAN LUIS | Bienes y Servicios,616081055,,Región Metropolitana de Santiago,,REUTTER S A | REUTTER CM,812104004,,Región Metropolitana de Santiago,,,,,1851663,Adquisición insumos médicos (ENTREGA PARCIALIZADA),CÁNULA MAYO CRANBERRY GUEDEL N° 3 UNIDAD CENTRO(1851663) CÁNULA MAYO CRANBERRY GUEDEL N° 3 UNIDAD CENTRO,150.0,,CLP,220.0,,
1057496-94-CM24,,2024-02-23T10:47:04Z,,,,,SERVICIO DE SALUD SUR HOSPITAL SAN LUIS | Bienes y Servicios,616081055,,Región Metropolitana de Santiago,,REUTTER S A | REUTTER CM,812104004,,Región Metropolitana de Santiago,,,,,1851668,Adquisición insumos médicos (ENTREGA PARCIALIZADA),CÁNULA MAYO CRANBERRY GUEDEL N° 4 UNIDAD CENTRO(1851668) CÁNULA MAYO CRANBERRY GUEDEL N° 4 UNIDAD CENTRO,30.0,,CLP,220.0,,
1057496-94-CM24,,2024-02-23T10:47:04Z,,,,,SERVICIO DE SALUD SUR HOSPITAL SAN LUIS | Bienes y Servicios,616081055,,Región Metropolitana de Santiago,,REUTTER S A | REUTTER CM,812104004,,Región Metropolitana de Santiago,,,,,1851745,Adquisición insumos médicos (ENTREGA PARCIALIZADA),CATÉTER URINARIO CRANBERRY FOLEY SILICONADA 2 VÍAS BALON 5-15CC FR.14 10 UNIDADES CENTRO(1851745) CATÉTER URINARIO CRANBERRY FOLEY SILICONADA 2 VÍAS BALON 5-15CC FR.14 10 UNIDADES CENTRO,33.0,,CLP,4590.0,,
1057496-94-CM24,,2024-02-23T10:47:04Z,,,,,SERVICIO DE SALUD SUR HOSPITAL SAN LUIS | Bienes y Servicios,616081055,,Región Metropolitana de Santiago,,REUTTER S A | REUTTER CM,812104004,,Región Metropolitana de Santiago,,,,,1851750,Adquisición insumos médicos (ENTREGA PARCIALIZADA),CATÉTER URINARIO CRANBERRY FOLEY SILICONADA 2 VÍAS BALON 5-15CC FR.16 10 UNIDADES CENTRO(1851750) CATÉTER URINARIO CRANBERRY FOLEY SILICONADA 2 VÍAS BALON 5-15CC FR.16 10 UNIDADES CENTRO,6.0,,CLP,4590.0,,
1057496-94-CM24,,2024-02-23T10:47:04Z,,,,,SERVICIO DE SALUD SUR HOSPITAL SAN LUIS | Bienes y Servicios,616081055,,Región Metropolitana de Santiago,,REUTTER S A | REUTTER CM,812104004,,Región Metropolitana de Santiago,,,,,1852414,Adquisición insumos médicos (ENTREGA PARCIALIZADA),"TUBO ENDOTRAQUEAL  CRANBERRY CON BALÓN N° 8,5 10 UNIDADES CENTRO(1852414) TUBO ENDOTRAQUEAL  CRANBERRY CON BALÓN N° 8,5 10 UNIDADES CENTRO",2.0,,CLP,5800.0,,
1057496-94-CM24,,2024-02-23T10:47:04Z,,,,,SERVICIO DE SALUD SUR HOSPITAL SAN LUIS | Bienes y Servicios,616081055,,Región Metropolitana de Santiago,,REUTTER S A | REUTTER CM,812104004,,Región Metropolitana de Santiago,,,,,1852173,Adquisición insumos médicos (ENTREGA PARCIALIZADA),HIDROGEL CRANBERRY AMORFO EN TUBO 15GR UNIDAD CENTRO(1852173) HIDROGEL CRANBERRY AMORFO EN TUBO 15GR UNIDAD CENTRO,10.0,,CLP,711.0,,
1057496-94-CM24,,2024-02-23T10:47:04Z,,,,,SERVICIO DE SALUD SUR HOSPITAL SAN LUIS | Bienes y Servicios,616081055,,Región Metropolitana de Santiago,,REUTTER S A | REUTTER CM,812104004,,Región Metropolitana de Santiago,,,,,1851598,Adquisición insumos médicos (ENTREGA PARCIALIZADA),APÓSITO CRANBERRY GASA PARAFINADA 10 X 10 CM 10 UNIDADES CENTRO(1851598) APÓSITO CRANBERRY GASA PARAFINADA 10 X 10 CM 10 UNIDADES CENTRO,50.0,,CLP,1472.0,,
1057496-94-CM24,,2024-02-23T10:47:04Z,,,,,SERVICIO DE SALUD SUR HOSPITAL SAN LUIS | Bienes y Servicios,616081055,,Región Metropolitana de Santiago,,REUTTER S A | REUTTER CM,812104004,,Región Metropolitana de Santiago,,,,,1852332,Adquisición insumos médicos (ENTREGA PARCIALIZADA),TERMÓMETRO CRANBERRY DIGITAL DE PUNTA FLEXIBLE UNIDAD CENTRO(1852332) TERMÓMETRO CRANBERRY DIGITAL DE PUNTA FLEXIBLE UNIDAD CENTRO,40.0,,CLP,1470.0,,
1057496-94-CM24,,2024-02-23T10:47:04Z,,,,,SERVICIO DE SALUD SUR HOSPITAL SAN LUIS | Bienes y Servicios,616081055,,Región Metropolitana de Santiago,,REUTTER S A | REUTTER CM,812104004,,Región Metropolitana de Santiago,,,,,1852342,Adquisición insumos médicos (ENTREGA PARCIALIZADA),TERMÓMETRO CRANBERRY DIGITAL INFRARROJO PARA MEDICIÓN A DISTANCIA UNIDAD CENTRO(1852342) TERMÓMETRO CRANBERRY DIGITAL INFRARROJO PARA MEDICIÓN A DISTANCIA UNIDAD CENTRO,10.0,,CLP,9900.0,,
1057498-420-CM24,,2024-01-30T13:39:16Z,,,,,SERVICIO DE SALUD SUR HOSPITAL SANATORIO EL PINO | Bienes y Servicios,616081071,,Región Metropolitana de Santiago,,HOSPITALIA PRODUCTOS MEDICOS LTDA | HOSPITALIA Productos Médicos Spa,782334204,,Región Metropolitana de Santiago,,,,,1859587,OA BANDEJA DE CURACION KIT BASICO / TORULA DE ALGODON DE 2 A 3.5 GR Orden de Compra: 1057498-420-CM24,KIT DE CURACIÓN DISPOMEDICA BANDEJA DESECHABLE ATENCIÓN PRIMARIA 120 UNIDADES CENTRO(1859587) KIT DE CURACIÓN DISPOMEDICA BANDEJA DESECHABLE ATENCIÓN PRIMARIA 120 UNIDADES CENTRO,120.0,,CLP,111000.0,,
1057498-420-CM24,,2024-01-30T13:39:16Z,,,,,SERVICIO DE SALUD SUR HOSPITAL SANATORIO EL PINO | Bienes y Servicios,616081071,,Región Metropolitana de Santiago,,HOSPITALIA PRODUCTOS MEDICOS LTDA | HOSPITALIA Productos Médicos Spa,782334204,,Región Metropolitana de Santiago,,,,,1856619,OA BANDEJA DE CURACION KIT BASICO / TORULA DE ALGODON DE 2 A 3.5 GR Orden de Compra: 1057498-420-CM24,ALGODÓN DISPOMEDICA TÓRULA 3.5 GR BOLSA 100 UNIDADES CENTRO(1856619) ALGODÓN DISPOMEDICA TÓRULA 3.5 GR BOLSA 100 UNIDADES CENTRO,1000.0,,CLP,2440.0,,
1057499-69-CM24,,2024-01-31T17:41:47Z,,,,,SERVICIO DE SALUD SUR UNIDAD HOSPITALARI | Bienes y Servicios,61608108K,,Región Metropolitana de Santiago,,GASCO GLP S A | GASCO GLP - DIVISION SUR,965687408,,Región Metropolitana de Santiago,,,,,1944960,Orden de Compra: 1057499-69-CM24 Cupones GAS para las Dependencias de la DSSMS.,GAS LICUADO CILINDRO MEDIANTE VALE DE RECARGA 11 KG REGIÓN METROPOLITANA(1944960) GAS LICUADO CILINDRO MEDIANTE VALE DE RECARGA 11 KG REGIÓN METROPOLITANA,100.0,,CLP,8217.0,,
1057499-69-CM24,,2024-01-31T17:41:47Z,,,,,SERVICIO DE SALUD SUR UNIDAD HOSPITALARI | Bienes y Servicios,61608108K,,Región Metropolitana de Santiago,,GASCO GLP S A | GASCO GLP - DIVISION SUR,965687408,,Región Metropolitana de Santiago,,,,,1944994,Orden de Compra: 1057499-69-CM24 Cupones GAS para las Dependencias de la DSSMS.,GAS LICUADO CILINDRO MEDIANTE VALE DE RECARGA 45 KG REGIÓN METROPOLITANA(1944994) GAS LICUADO CILINDRO MEDIANTE VALE DE RECARGA 45 KG REGIÓN METROPOLITANA,3.0,,CLP,34010.0,,
1057501-1328-CM24,,2024-01-31T10:13:25Z,,,,,COMPLEJO ASISTENCIAL DR. SOTERO DEL RIO | COMPLEJO ASISTENCIAL DR. SOTERO DEL RIO,616085026,,Región Metropolitana de Santiago,,ABASTIBLE S.A. | ABASTIBLE S.A.,918060006,,Región de Atacama ,,,,,1945011,LOGIST     COMPRA   EXTRA  DE  GAS  GRANEL   ENERO  2024,GAS LICUADO GRANEL LITRO REGIÓN METROPOLITANA(1945011) GAS LICUADO GRANEL LITRO REGIÓN METROPOLITANA,4500.0,,CLP,265.0,,
1057506-59-CM24,,2024-02-16T15:46:41Z,,,,,SERVICIO NACIONAL DE SALUD HOSPITAL DE COELEMU | Bienes y Servicios,61602194K,,Región del Ñuble,,INVERSIONES CATALUÑA SPA | INVERSIONES CATALUÑA SPA,76961219K,,Región del Biobío ,,,,,2016799,Orden de Compra: 1057506-59-CM24,"PILA DURACELL ALCALINA AA 1,5 V 12 UNIDADES REGIÓN XVI(2016799) PILA DURACELL ALCALINA AA 1,5 V 12 UNIDADES REGIÓN XVI",51.0,,CLP,5112.0,,
1057506-59-CM24,,2024-02-16T15:46:41Z,,,,,SERVICIO NACIONAL DE SALUD HOSPITAL DE COELEMU | Bienes y Servicios,61602194K,,Región del Ñuble,,INVERSIONES CATALUÑA SPA | INVERSIONES CATALUÑA SPA,76961219K,,Región del Biobío ,,,,,2016850,Orden de Compra: 1057506-59-CM24,"PILA DURACELL ALCALINA AAA 1,5 V 2 UNIDADES REGIÓN XVI(2016850) PILA DURACELL ALCALINA AAA 1,5 V 2 UNIDADES REGIÓN XVI",300.0,,CLP,952.0,,
1057512-88-CM24,,2024-02-15T11:04:01Z,,,,,SERVICIO DE SALUD NUBLE HOSPITAL DE YUNG | Bienes y Servicios,616070045,,Región del Ñuble,,Victor Rosales Comercializadora E.I.R.L | VICTOR ROSALES COMERCIALIZADORA EIRL,761009338,,Región del Biobío ,,,,,1574808,PEDIDO DE ALIMENTOS  ENERO-MARO 2024,LECHE CONDENSADA LECHE SUR AZUCARADA LATA 397 G UNIDAD XVI REGION(1574808) LECHE CONDENSADA LECHE SUR AZUCARADA LATA 397 G UNIDAD XVI REGION,10.0,,CLP,1884.0,,
1057512-88-CM24,,2024-02-15T11:04:01Z,,,,,SERVICIO DE SALUD NUBLE HOSPITAL DE YUNG | Bienes y Servicios,616070045,,Región del Ñuble,,Victor Rosales Comercializadora E.I.R.L | VICTOR ROSALES COMERCIALIZADORA EIRL,761009338,,Región del Biobío ,,,,,1574844,PEDIDO DE ALIMENTOS  ENERO-MARO 2024,LECHE EVAPORADA NESTLE IDEAL LATA 400 G UNIDAD XVI REGION(1574844) LECHE EVAPORADA NESTLE IDEAL LATA 400 G UNIDAD XVI REGION,12.0,,CLP,2435.0,,
1057512-88-CM24,,2024-02-15T11:04:01Z,,,,,SERVICIO DE SALUD NUBLE HOSPITAL DE YUNG | Bienes y Servicios,616070045,,Región del Ñuble,,Victor Rosales Comercializadora E.I.R.L | VICTOR ROSALES COMERCIALIZADORA EIRL,761009338,,Región del Biobío ,,,,,1573284,PEDIDO DE ALIMENTOS  ENERO-MARO 2024,MANJAR SOPROLE BOLSA 1K UNIDAD XVI REGION(1573284) MANJAR SOPROLE BOLSA 1K UNIDAD XVI REGION,24.0,,CLP,4419.0,,
1057512-88-CM24,,2024-02-15T11:04:01Z,,,,,SERVICIO DE SALUD NUBLE HOSPITAL DE YUNG | Bienes y Servicios,616070045,,Región del Ñuble,,Victor Rosales Comercializadora E.I.R.L | VICTOR ROSALES COMERCIALIZADORA EIRL,761009338,,Región del Biobío ,,,,,1573975,PEDIDO DE ALIMENTOS  ENERO-MARO 2024,MOSTAZA DON JUAN BOLSA 1K UNIDAD XVI REGION(1573975) MOSTAZA DON JUAN BOLSA 1K UNIDAD XVI REGION,6.0,,CLP,2065.0,,
1057512-88-CM24,,2024-02-15T11:04:01Z,,,,,SERVICIO DE SALUD NUBLE HOSPITAL DE YUNG | Bienes y Servicios,616070045,,Región del Ñuble,,Victor Rosales Comercializadora E.I.R.L | VICTOR ROSALES COMERCIALIZADORA EIRL,761009338,,Región del Biobío ,,,,,1571529,PEDIDO DE ALIMENTOS  ENERO-MARO 2024,"JUGO LIQUIDO  WATT´S NECTAR DURAZNO BOTELLA 1,5 L UNIDAD XVI REGION(1571529) JUGO LIQUIDO  WATT´S NECTAR DURAZNO BOTELLA 1,5 L UNIDAD XVI REGION",6.0,,CLP,1320.0,,
1057512-88-CM24,,2024-02-15T11:04:01Z,,,,,SERVICIO DE SALUD NUBLE HOSPITAL DE YUNG | Bienes y Servicios,616070045,,Región del Ñuble,,Victor Rosales Comercializadora E.I.R.L | VICTOR ROSALES COMERCIALIZADORA EIRL,761009338,,Región del Biobío ,,,,,1572930,PEDIDO DE ALIMENTOS  ENERO-MARO 2024,VERDURA CONSERVA DEYCO PALMITOS RODAJAS TARRO 410 G UNIDAD XVI REGION(1572930) VERDURA CONSERVA DEYCO PALMITOS RODAJAS TARRO 410 G UNIDAD XVI REGION,24.0,,CLP,2414.0,,
1057512-88-CM24,,2024-02-15T11:04:01Z,,,,,SERVICIO DE SALUD NUBLE HOSPITAL DE YUNG | Bienes y Servicios,616070045,,Región del Ñuble,,Victor Rosales Comercializadora E.I.R.L | VICTOR ROSALES COMERCIALIZADORA EIRL,761009338,,Región del Biobío ,,,,,1571003,PEDIDO DE ALIMENTOS  ENERO-MARO 2024,"AGUA MINERAL SIN GAS VITAL BOTELLA 1,6 L UNIDAD XVI REGION(1571003) AGUA MINERAL SIN GAS VITAL BOTELLA 1,6 L UNIDAD XVI REGION",120.0,,CLP,727.0,,
1057512-88-CM24,,2024-02-15T11:04:01Z,,,,,SERVICIO DE SALUD NUBLE HOSPITAL DE YUNG | Bienes y Servicios,616070045,,Región del Ñuble,,Victor Rosales Comercializadora E.I.R.L | VICTOR ROSALES COMERCIALIZADORA EIRL,761009338,,Región del Biobío ,,,,,1571001,PEDIDO DE ALIMENTOS  ENERO-MARO 2024,AGUA MINERAL SIN GAS VITAL BOTELLA 600 CC UNIDAD XVI REGION(1571001) AGUA MINERAL SIN GAS VITAL BOTELLA 600 CC UNIDAD XVI REGION,354.0,,CLP,518.0,,
1057512-88-CM24,,2024-02-15T11:04:01Z,,,,,SERVICIO DE SALUD NUBLE HOSPITAL DE YUNG | Bienes y Servicios,616070045,,Región del Ñuble,,Victor Rosales Comercializadora E.I.R.L | VICTOR ROSALES COMERCIALIZADORA EIRL,761009338,,Región del Biobío ,,,,,1573031,PEDIDO DE ALIMENTOS  ENERO-MARO 2024,ARROZ PRE GRANEADO MIRAFLORES GRADO 1 BOLSA 1K UNIDAD XVI REGION(1573031) ARROZ PRE GRANEADO MIRAFLORES GRADO 1 BOLSA 1K UNIDAD XVI REGION,12.0,,CLP,1469.0,,
1057512-88-CM24,,2024-02-15T11:04:01Z,,,,,SERVICIO DE SALUD NUBLE HOSPITAL DE YUNG | Bienes y Servicios,616070045,,Región del Ñuble,,Victor Rosales Comercializadora E.I.R.L | VICTOR ROSALES COMERCIALIZADORA EIRL,761009338,,Región del Biobío ,,,,,1659451,PEDIDO DE ALIMENTOS  ENERO-MARO 2024,ATUN CONSERVA AL AGUA SAN JOSÉ LOMITOS TARRO 160 G UNIDAD XVI REGION(1659451) ATUN CONSERVA AL AGUA SAN JOSÉ LOMITOS TARRO 160 G UNIDAD XVI REGION,50.0,,CLP,1592.0,,
1057512-88-CM24,,2024-02-15T11:04:01Z,,,,,SERVICIO DE SALUD NUBLE HOSPITAL DE YUNG | Bienes y Servicios,616070045,,Región del Ñuble,,Victor Rosales Comercializadora E.I.R.L | VICTOR ROSALES COMERCIALIZADORA EIRL,761009338,,Región del Biobío ,,,,,1573363,PEDIDO DE ALIMENTOS  ENERO-MARO 2024,ENDULZANTE LIQUIDO NATURALIST STEVIA BOTELLA 270 ML UNIDAD XVI REGION(1573363) ENDULZANTE LIQUIDO NATURALIST STEVIA BOTELLA 270 ML UNIDAD XVI REGION,8.0,,CLP,3247.0,,
1057512-88-CM24,,2024-02-15T11:04:01Z,,,,,SERVICIO DE SALUD NUBLE HOSPITAL DE YUNG | Bienes y Servicios,616070045,,Región del Ñuble,,Victor Rosales Comercializadora E.I.R.L | VICTOR ROSALES COMERCIALIZADORA EIRL,761009338,,Región del Biobío ,,,,,1571527,PEDIDO DE ALIMENTOS  ENERO-MARO 2024,"JUGO LIQUIDO  WATT´S NECTAR PIÑA BOTELLA 1,5 L UNIDAD XVI REGION(1571527) JUGO LIQUIDO  WATT´S NECTAR PIÑA BOTELLA 1,5 L UNIDAD XVI REGION",6.0,,CLP,1320.0,,
1057512-88-CM24,,2024-02-15T11:04:01Z,,,,,SERVICIO DE SALUD NUBLE HOSPITAL DE YUNG | Bienes y Servicios,616070045,,Región del Ñuble,,Victor Rosales Comercializadora E.I.R.L | VICTOR ROSALES COMERCIALIZADORA EIRL,761009338,,Región del Biobío ,,,,,1574011,PEDIDO DE ALIMENTOS  ENERO-MARO 2024,SAL LOBOS FINA BOLSA 1K UNIDAD XVI REGION(1574011) SAL LOBOS FINA BOLSA 1K UNIDAD XVI REGION,36.0,,CLP,544.0,,
1057512-88-CM24,,2024-02-15T11:04:01Z,,,,,SERVICIO DE SALUD NUBLE HOSPITAL DE YUNG | Bienes y Servicios,616070045,,Región del Ñuble,,Victor Rosales Comercializadora E.I.R.L | VICTOR ROSALES COMERCIALIZADORA EIRL,761009338,,Región del Biobío ,,,,,1572833,PEDIDO DE ALIMENTOS  ENERO-MARO 2024,MARISCO CONSERVA AL ACEITE ANGELMO SURTIDO CALDILLO TARRO 425 G UNIDAD XVI REGION(1572833) MARISCO CONSERVA AL ACEITE ANGELMO SURTIDO CALDILLO TARRO 425 G UNIDAD XVI REGION,12.0,,CLP,3153.0,,
1057512-88-CM24,,2024-02-15T11:04:01Z,,,,,SERVICIO DE SALUD NUBLE HOSPITAL DE YUNG | Bienes y Servicios,616070045,,Región del Ñuble,,Victor Rosales Comercializadora E.I.R.L | VICTOR ROSALES COMERCIALIZADORA EIRL,761009338,,Región del Biobío ,,,,,1573682,PEDIDO DE ALIMENTOS  ENERO-MARO 2024,SPAGHETTI PARMA TALLARINES N ° 87 BOLSA 400 G UNIDAD XVI REGION(1573682) SPAGHETTI PARMA TALLARINES N ° 87 BOLSA 400 G UNIDAD XVI REGION,50.0,,CLP,974.0,,
1057512-88-CM24,,2024-02-15T11:04:01Z,,,,,SERVICIO DE SALUD NUBLE HOSPITAL DE YUNG | Bienes y Servicios,616070045,,Región del Ñuble,,Victor Rosales Comercializadora E.I.R.L | VICTOR ROSALES COMERCIALIZADORA EIRL,761009338,,Región del Biobío ,,,,,1575551,PEDIDO DE ALIMENTOS  ENERO-MARO 2024,"CAFE SACHET NESCAFE STICK 1,8 G CAJA 180 UNIDADES XVI REGION(1575551) CAFE SACHET NESCAFE STICK 1,8 G CAJA 180 UNIDADES XVI REGION",10.0,,CLP,21726.0,,
1057512-88-CM24,,2024-02-15T11:04:01Z,,,,,SERVICIO DE SALUD NUBLE HOSPITAL DE YUNG | Bienes y Servicios,616070045,,Región del Ñuble,,Victor Rosales Comercializadora E.I.R.L | VICTOR ROSALES COMERCIALIZADORA EIRL,761009338,,Región del Biobío ,,,,,1572886,PEDIDO DE ALIMENTOS  ENERO-MARO 2024,VERDURA CONSERVA WASIL CHAMPIÑONES LAMINADOS TARRO 400 G UNIDAD XVI REGION(1572886) VERDURA CONSERVA WASIL CHAMPIÑONES LAMINADOS TARRO 400 G UNIDAD XVI REGION,48.0,,CLP,2624.0,,
1057512-88-CM24,,2024-02-15T11:04:01Z,,,,,SERVICIO DE SALUD NUBLE HOSPITAL DE YUNG | Bienes y Servicios,616070045,,Región del Ñuble,,Victor Rosales Comercializadora E.I.R.L | VICTOR ROSALES COMERCIALIZADORA EIRL,761009338,,Región del Biobío ,,,,,1573610,PEDIDO DE ALIMENTOS  ENERO-MARO 2024,CORBATAS PARMA BOLSA 400 G UNIDAD XVI REGION(1573610) CORBATAS PARMA BOLSA 400 G UNIDAD XVI REGION,30.0,,CLP,974.0,,
1057512-88-CM24,,2024-02-15T11:04:01Z,,,,,SERVICIO DE SALUD NUBLE HOSPITAL DE YUNG | Bienes y Servicios,616070045,,Región del Ñuble,,Victor Rosales Comercializadora E.I.R.L | VICTOR ROSALES COMERCIALIZADORA EIRL,761009338,,Región del Biobío ,,,,,1573281,PEDIDO DE ALIMENTOS  ENERO-MARO 2024,DULCE DE MEMBRILLO PERELLO PAQUETE 500 G UNIDAD XVI REGION(1573281) DULCE DE MEMBRILLO PERELLO PAQUETE 500 G UNIDAD XVI REGION,6.0,,CLP,1716.0,,
1057512-88-CM24,,2024-02-15T11:04:01Z,,,,,SERVICIO DE SALUD NUBLE HOSPITAL DE YUNG | Bienes y Servicios,616070045,,Región del Ñuble,,Victor Rosales Comercializadora E.I.R.L | VICTOR ROSALES COMERCIALIZADORA EIRL,761009338,,Región del Biobío ,,,,,1573213,PEDIDO DE ALIMENTOS  ENERO-MARO 2024,GALLETA DULCE COSTA CHAMPAÑA BOLSA 140 G  UNIDAD XVI REGION(1573213) GALLETA DULCE COSTA CHAMPAÑA BOLSA 140 G  UNIDAD XVI REGION,20.0,,CLP,1540.0,,
1057512-88-CM24,,2024-02-15T11:04:01Z,,,,,SERVICIO DE SALUD NUBLE HOSPITAL DE YUNG | Bienes y Servicios,616070045,,Región del Ñuble,,Victor Rosales Comercializadora E.I.R.L | VICTOR ROSALES COMERCIALIZADORA EIRL,761009338,,Región del Biobío ,,,,,1573236,PEDIDO DE ALIMENTOS  ENERO-MARO 2024,GALLETA DULCE MCKAY COCO PAQUETE 120 G UNIDAD XVI REGION(1573236) GALLETA DULCE MCKAY COCO PAQUETE 120 G UNIDAD XVI REGION,20.0,,CLP,787.0,,
1057512-88-CM24,,2024-02-15T11:04:01Z,,,,,SERVICIO DE SALUD NUBLE HOSPITAL DE YUNG | Bienes y Servicios,616070045,,Región del Ñuble,,Victor Rosales Comercializadora E.I.R.L | VICTOR ROSALES COMERCIALIZADORA EIRL,761009338,,Región del Biobío ,,,,,1573210,PEDIDO DE ALIMENTOS  ENERO-MARO 2024,GALLETA DULCE COSTA VINO BOLSA 160 G UNIDAD XVI REGION(1573210) GALLETA DULCE COSTA VINO BOLSA 160 G UNIDAD XVI REGION,20.0,,CLP,745.0,,
1057512-88-CM24,,2024-02-15T11:04:01Z,,,,,SERVICIO DE SALUD NUBLE HOSPITAL DE YUNG | Bienes y Servicios,616070045,,Región del Ñuble,,Victor Rosales Comercializadora E.I.R.L | VICTOR ROSALES COMERCIALIZADORA EIRL,761009338,,Región del Biobío ,,,,,1573209,PEDIDO DE ALIMENTOS  ENERO-MARO 2024,GALLETA DULCE COSTA LIMON BOLSA 140 G UNIDAD XVI REGION(1573209) GALLETA DULCE COSTA LIMON BOLSA 140 G UNIDAD XVI REGION,20.0,,CLP,702.0,,
1057512-88-CM24,,2024-02-15T11:04:01Z,,,,,SERVICIO DE SALUD NUBLE HOSPITAL DE YUNG | Bienes y Servicios,616070045,,Región del Ñuble,,Victor Rosales Comercializadora E.I.R.L | VICTOR ROSALES COMERCIALIZADORA EIRL,761009338,,Región del Biobío ,,,,,1573229,PEDIDO DE ALIMENTOS  ENERO-MARO 2024,GALLETA DULCE MCKAY KUKY CLASICA BOLSA 120 G UNIDAD XVI REGION(1573229) GALLETA DULCE MCKAY KUKY CLASICA BOLSA 120 G UNIDAD XVI REGION,30.0,,CLP,914.0,,
1057512-88-CM24,,2024-02-15T11:04:01Z,,,,,SERVICIO DE SALUD NUBLE HOSPITAL DE YUNG | Bienes y Servicios,616070045,,Región del Ñuble,,Victor Rosales Comercializadora E.I.R.L | VICTOR ROSALES COMERCIALIZADORA EIRL,761009338,,Región del Biobío ,,,,,1574288,PEDIDO DE ALIMENTOS  ENERO-MARO 2024,JUGO DE LIMON TRAVERSO SUCEDANEO BOTELLA 1 L UNIDAD XVI REGION(1574288) JUGO DE LIMON TRAVERSO SUCEDANEO BOTELLA 1 L UNIDAD XVI REGION,40.0,,CLP,1981.0,,
1057512-88-CM24,,2024-02-15T11:04:01Z,,,,,SERVICIO DE SALUD NUBLE HOSPITAL DE YUNG | Bienes y Servicios,616070045,,Región del Ñuble,,Victor Rosales Comercializadora E.I.R.L | VICTOR ROSALES COMERCIALIZADORA EIRL,761009338,,Región del Biobío ,,,,,1572809,PEDIDO DE ALIMENTOS  ENERO-MARO 2024,JUREL CONSERVA AL NATURAL ATLAS TARRO 425 G UNIDAD XVI REGION(1572809) JUREL CONSERVA AL NATURAL ATLAS TARRO 425 G UNIDAD XVI REGION,72.0,,CLP,1812.0,,
1057512-88-CM24,,2024-02-15T11:04:01Z,,,,,SERVICIO DE SALUD NUBLE HOSPITAL DE YUNG | Bienes y Servicios,616070045,,Región del Ñuble,,Victor Rosales Comercializadora E.I.R.L | VICTOR ROSALES COMERCIALIZADORA EIRL,761009338,,Región del Biobío ,,,,,1573640,PEDIDO DE ALIMENTOS  ENERO-MARO 2024,LASAÑA CAROZZI PRECOCIDA CAJA 360 G UNIDAD XVI REGION(1573640) LASAÑA CAROZZI PRECOCIDA CAJA 360 G UNIDAD XVI REGION,20.0,,CLP,2000.0,,
1057531-41-CM24,,2024-01-30T14:27:09Z,,,,,SERVICIO NACIONAL DE SALUD HOSPITAL DE RIO NEGRO | Bienes y Servicios,616022628,,Región de los Lagos ,,EMPRESAS LIPIGAS S A | EMPRESAS LIPIGAS S.A.,96928510K,,Región del Libertador General Bernardo O´Higgins,,,,,1945008,CM Gas Central Térmica DM: 437987 Carga 31 Enero 24,GAS LICUADO GRANEL LITRO X REGIÓN(1945008) GAS LICUADO GRANEL LITRO X REGIÓN,2200.0,,CLP,350.0,,
1057531-42-CM24,,2024-01-30T15:45:57Z,,,,,SERVICIO NACIONAL DE SALUD HOSPITAL DE RIO NEGRO | Bienes y Servicios,616022628,,Región de los Lagos ,,EMPRESAS LIPIGAS S A | EMPRESAS LIPIGAS S.A.,96928510K,,Región del Libertador General Bernardo O´Higgins,,,,,1945008,CM Gas UCA DM: 80055 Carga 31 Enero24,GAS LICUADO GRANEL LITRO X REGIÓN(1945008) GAS LICUADO GRANEL LITRO X REGIÓN,180.0,,CLP,350.0,,
1057539-1417-CM24,,2024-01-30T15:11:22Z,,,,,HOSPITAL PUERTO MONTT SERVICIO DE SALUD DEL RELONCAVI | Bienes y Servicios,619751000,,Región de los Lagos ,,AGENCIA DE VIAJES TURAVION SPA | Turavion SpA,809894002,,Región Metropolitana de Santiago,,,,,1849200,Orden de Compra: 1057539-1417-CM24/ ID RESERVA AABWYEL,PASAJE AÉREO(1849200) PASAJE AÉREO,1.0,,CLP,96990.0,,
1057539-1417-CM24,,2024-01-30T15:11:22Z,,,,,HOSPITAL PUERTO MONTT SERVICIO DE SALUD DEL RELONCAVI | Bienes y Servicios,619751000,,Región de los Lagos ,,AGENCIA DE VIAJES TURAVION SPA | Turavion SpA,809894002,,Región Metropolitana de Santiago,,,,,1849900,Orden de Compra: 1057539-1417-CM24/ ID RESERVA AABWYEL,TASA DE EMBARQUE(1849900) TASA DE EMBARQUE,1.0,,CLP,36600.0,,
1057539-1417-CM24,,2024-01-30T15:11:22Z,,,,,HOSPITAL PUERTO MONTT SERVICIO DE SALUD DEL RELONCAVI | Bienes y Servicios,619751000,,Región de los Lagos ,,AGENCIA DE VIAJES TURAVION SPA | Turavion SpA,809894002,,Región Metropolitana de Santiago,,,,,1849200,Orden de Compra: 1057539-1417-CM24/ ID RESERVA AABWYEL,PASAJE AÉREO(1849200) PASAJE AÉREO,1.0,,CLP,96990.0,,
1057539-197-CM24,,2024-01-29T17:15:13Z,,,,,HOSPITAL PUERTO MONTT SERVICIO DE SALUD DEL RELONCAVI | Bienes y Servicios,619751000,,Región de los Lagos ,,AGENCIA DE VIAJES TURAVION SPA | Turavion SpA,809894002,,Región Metropolitana de Santiago,,,,,1849200,Orden de Compra: 1057539-197-CM24/ ID RESERVA AABWPYU LATAM,PASAJE AÉREO(1849200) PASAJE AÉREO,1.0,,CLP,138990.0,,
1057539-197-CM24,,2024-01-29T17:15:13Z,,,,,HOSPITAL PUERTO MONTT SERVICIO DE SALUD DEL RELONCAVI | Bienes y Servicios,619751000,,Región de los Lagos ,,AGENCIA DE VIAJES TURAVION SPA | Turavion SpA,809894002,,Región Metropolitana de Santiago,,,,,1849200,Orden de Compra: 1057539-197-CM24/ ID RESERVA AABWPYU LATAM,PASAJE AÉREO(1849200) PASAJE AÉREO,1.0,,CLP,138990.0,,
1057539-197-CM24,,2024-01-29T17:15:13Z,,,,,HOSPITAL PUERTO MONTT SERVICIO DE SALUD DEL RELONCAVI | Bienes y Servicios,619751000,,Región de los Lagos ,,AGENCIA DE VIAJES TURAVION SPA | Turavion SpA,809894002,,Región Metropolitana de Santiago,,,,,1849900,Orden de Compra: 1057539-197-CM24/ ID RESERVA AABWPYU LATAM,TASA DE EMBARQUE(1849900) TASA DE EMBARQUE,1.0,,CLP,35602.0,,
1057543-180-CM24,,2024-01-31T12:05:47Z,,,,,SERVICIO DE SALUD TALCAHUANO HOSPITAL DE | Bienes y Servicios,616072013,,Región del Biobío ,,MUNNICH PHARMA MEDICAL SPA | Munnich  Desechables,804474005,,Región Metropolitana de Santiago,,,,,1858634,Orden de Compra: 1057543-180-CM24,JERINGA BECTON DICKINSON A-LINE 3 ML TOMA DE MUESTRA GASES SANGUINEOS 100 UNIDADES SUR(1858634) JERINGA BECTON DICKINSON A-LINE 3 ML TOMA DE MUESTRA GASES SANGUINEOS 100 UNIDADES SUR,3.0,,CLP,43795.0,,
1057543-180-CM24,,2024-01-31T12:05:47Z,,,,,SERVICIO DE SALUD TALCAHUANO HOSPITAL DE | Bienes y Servicios,616072013,,Región del Biobío ,,MUNNICH PHARMA MEDICAL SPA | Munnich  Desechables,804474005,,Región Metropolitana de Santiago,,,,,1858462,Orden de Compra: 1057543-180-CM24,CINTA ADHESIVA M?DICA MICROPORE QUIR?RGICA DE SILICONA 2.5 CM X 5 M 12 UNIDADES SUR(1858462) CINTA ADHESIVA M?DICA MICROPORE QUIR?RGICA DE SILICONA 2.5 CM X 5 M 12 UNIDADES SUR,1.0,,CLP,35176.0,,
1057543-180-CM24,,2024-01-31T12:05:47Z,,,,,SERVICIO DE SALUD TALCAHUANO HOSPITAL DE | Bienes y Servicios,616072013,,Región del Biobío ,,MUNNICH PHARMA MEDICAL SPA | Munnich  Desechables,804474005,,Región Metropolitana de Santiago,,,,,1858452,Orden de Compra: 1057543-180-CM24,CINTA ADHESIVA M?DICA MICROPORE MICROPOROSA 2.5 CM X 9.1 M 12 UNIDADES SUR(1858452) CINTA ADHESIVA M?DICA MICROPORE MICROPOROSA 2.5 CM X 9.1 M 12 UNIDADES SUR,30.0,,CLP,8320.0,,
1057543-180-CM24,,2024-01-31T12:05:47Z,,,,,SERVICIO DE SALUD TALCAHUANO HOSPITAL DE | Bienes y Servicios,616072013,,Región del Biobío ,,MUNNICH PHARMA MEDICAL SPA | Munnich  Desechables,804474005,,Región Metropolitana de Santiago,,,,,1850504,Orden de Compra: 1057543-180-CM24,AGUJA BECTON DICKINSON PARA COLOCAR EL LÁPIZ INYECTOR DE INSULINA 31 G X 5MM 100 UNIDADES SUR(1850504) AGUJA BECTON DICKINSON PARA COLOCAR EL LÁPIZ INYECTOR DE INSULINA 31 G X 5MM 100 UNIDADES SUR,30.0,,CLP,16989.0,,
1057543-180-CM24,,2024-01-31T12:05:47Z,,,,,SERVICIO DE SALUD TALCAHUANO HOSPITAL DE | Bienes y Servicios,616072013,,Región del Biobío ,,MUNNICH PHARMA MEDICAL SPA | Munnich  Desechables,804474005,,Región Metropolitana de Santiago,,,,,1858269,Orden de Compra: 1057543-180-CM24,AP?SITO TEGADERM TRANSPARENTE ADHESIVO 4.4 X 4.4 CM 100 UNIDADES SUR(1858269) AP?SITO TEGADERM TRANSPARENTE ADHESIVO 4.4 X 4.4 CM 100 UNIDADES SUR,23.0,,CLP,30949.0,,
1057544-958-CM24,,2024-01-29T12:49:05Z,,,,,SERVICIO DE SALUD DE TALCAHUANO HOSPITAL | Bienes y Servicios,616072021,,Región del Biobío ,,HOSPITALIA PRODUCTOS MEDICOS LTDA | HOSPITALIA Productos Médicos Spa,782334204,,Región Metropolitana de Santiago,,,,,1856119,Orden de Compra: 1057544-958-CM24,GUANTE 4G HOSPITALIA EXAMINACIÓN-PROCEDIMIENTO NITRILO C/POLVO TALLA M 100 UNIDADES SUR(1856119) GUANTE 4G HOSPITALIA EXAMINACIÓN-PROCEDIMIENTO NITRILO C/POLVO TALLA M 100 UNIDADES SUR,1500.0,,CLP,1599.0,,
1057544-958-CM24,,2024-01-29T12:49:05Z,,,,,SERVICIO DE SALUD DE TALCAHUANO HOSPITAL | Bienes y Servicios,616072021,,Región del Biobío ,,HOSPITALIA PRODUCTOS MEDICOS LTDA | HOSPITALIA Productos Médicos Spa,782334204,,Región Metropolitana de Santiago,,,,,1856124,Orden de Compra: 1057544-958-CM24,GUANTE 4G HOSPITALIA EXAMINACIÓN-PROCEDIMIENTO NITRILO C/POLVO TALLA S 100 UNIDADES SUR(1856124) GUANTE 4G HOSPITALIA EXAMINACIÓN-PROCEDIMIENTO NITRILO C/POLVO TALLA S 100 UNIDADES SUR,1300.0,,CLP,1599.0,,
1057544-958-CM24,,2024-01-29T12:49:05Z,,,,,SERVICIO DE SALUD DE TALCAHUANO HOSPITAL | Bienes y Servicios,616072021,,Región del Biobío ,,HOSPITALIA PRODUCTOS MEDICOS LTDA | HOSPITALIA Productos Médicos Spa,782334204,,Región Metropolitana de Santiago,,,,,1856114,Orden de Compra: 1057544-958-CM24,GUANTE 4G HOSPITALIA EXAMINACIÓN-PROCEDIMIENTO NITRILO C/POLVO TALLA L 100 UNIDADES SUR(1856114) GUANTE 4G HOSPITALIA EXAMINACIÓN-PROCEDIMIENTO NITRILO C/POLVO TALLA L 100 UNIDADES SUR,500.0,,CLP,1599.0,,
1057547-2465-CM24,,2024-02-14T09:47:47Z,,,,,SERVICIO DE SALUD VALDIVIA HOSPITAL BASE | Bienes y Servicios,616075020,,Región de Los Ríos,,GASCO GLP S A | GASCO GLP - DIVISION SUR,965687408,,Región Metropolitana de Santiago,,,,,1945012,Orden de Compra: 1057547-2465-CM24,GAS LICUADO GRANEL LITRO XIV REGIÓN(1945012) GAS LICUADO GRANEL LITRO XIV REGIÓN,5300.0,,CLP,329.0,,
1057548-118-CM24,,2024-01-31T14:49:00Z,,,,,SERVICIO DE SALUD VALDIVIA HOSPITAL LA U | Bienes y Servicios,616075039,,Región de Los Ríos,,B BRAUN MEDICAL SPA | B.BRAUN MEDICAL SpA,967565407,,Región Metropolitana de Santiago,,,,,1856303,Liga clip,SUTURA B. BRAUN SOBRE 6 CLIPS DE TITANIO VERDE MEDIUM LARGE 20 UNIDADES SUR(1856303) SUTURA B. BRAUN SOBRE 6 CLIPS DE TITANIO VERDE MEDIUM LARGE 20 UNIDADES SUR,12.0,,CLP,145600.0,,
1057585-1-CM24,,2024-02-14T09:47:47Z,,,,,SERVICIO DE SALUD ARAUCANIA NORTE | Bienestar,619551001,,Región de la Araucanía ,,GASCO GLP S A | GASCO GLP - DIVISION SUR,965687408,,Región Metropolitana de Santiago,,,,,1945012,"GAS GASCO CABAÑAS PUCURA, BIENESTAR",GAS LICUADO GRANEL LITRO XIV REGIÓN(1945012) GAS LICUADO GRANEL LITRO XIV REGIÓN,1000.0,,CLP,329.0,,
1057669-2-CM24,,2024-01-31T17:54:39Z,,,,,SERVICIO DE SALUD METROPOLITANO NORTE | Bienestar,616080008,,Región Metropolitana de Santiago,,BCI SEGUROS VIDA S A | BCI Seguros Vida S.A,96573600K,,Región Metropolitana de Santiago,,,,,2035635,SEGURO DE VIDA BIENESTAR,SEGURO COLECTIVO DE VIDA CON ADICIONAL DE SALUD Y CATASTRÓFICO - PLAN 1 VALOR PRIMA MENSUAL(2035635) SEGURO COLECTIVO DE VIDA CON ADICIONAL DE SALUD Y CATASTRÓFICO - PLAN 1 VALOR PRIMA MENSUAL,850.0,,CLF,0.968,,
1057881-3-CM24,,2024-02-01T00:19:22Z,,,,,SERVICIO DE SALUD ORIENTE HOSPITAL LUIS CALVO MACKENNA | Activos Fijos,616084089,,Región Metropolitana de Santiago,,MAR DEL SUR SPA | COMERCIAL IMPORTADORA Y EXPORTADORA MAR DEL SUR SP,836108000,,Región Metropolitana de Santiago,,,,,1635576,MPO/COMPRA AIRE ACONDICIONADO PORTATIL EQUIPOS INDUST./ENERO 2024,AIRE ACONDICIONADO KENDAL KAP 12000 BTU PORTÁTIL  UNIDAD(1635576) AIRE ACONDICIONADO KENDAL KAP 12000 BTU PORTÁTIL  UNIDAD,10.0,,CLP,240990.0,,
1070329-27-CM24,,2024-01-30T15:46:53Z,,,,,CESFAM LIRQUEN | BIENES Y SERVICIOS,619803701,,Región del Biobío ,,COMERCIAL AGUSTIN LIMITADA | Comercial Agustin SPA,762878534,,Región Metropolitana de Santiago,,,,,1923985,"JSS, SOL.PLAN.N°38, INSUMOS DE ASEO E HIGIENE, 1070329-27-CM24",TOALLA DE PAPEL ELITE PROFESSIONAL DOBLE HOJA 200 M 2 ROLLOS REGIÓN VIII(1923985) TOALLA DE PAPEL ELITE PROFESSIONAL DOBLE HOJA 200 M 2 ROLLOS REGIÓN VIII,81.0,,CLP,6805.0,,
1070329-27-CM24,,2024-01-30T15:46:53Z,,,,,CESFAM LIRQUEN | BIENES Y SERVICIOS,619803701,,Región del Biobío ,,COMERCIAL AGUSTIN LIMITADA | Comercial Agustin SPA,762878534,,Región Metropolitana de Santiago,,,,,1921673,"JSS, SOL.PLAN.N°38, INSUMOS DE ASEO E HIGIENE, 1070329-27-CM24",PAPEL HIGIÉNICO TECNOROLL ALTO METRAJE DOBLE HOJA 6 ROLLOS 250 M 1 PAQUETE REGIÓN VIII(1921673) PAPEL HIGIÉNICO TECNOROLL ALTO METRAJE DOBLE HOJA 6 ROLLOS 250 M 1 PAQUETE REGIÓN VIII,102.0,,CLP,10334.0,,
1070329-27-CM24,,2024-01-30T15:46:53Z,,,,,CESFAM LIRQUEN | BIENES Y SERVICIOS,619803701,,Región del Biobío ,,COMERCIAL AGUSTIN LIMITADA | Comercial Agustin SPA,762878534,,Región Metropolitana de Santiago,,,,,1931420,"JSS, SOL.PLAN.N°38, INSUMOS DE ASEO E HIGIENE, 1070329-27-CM24",DESINFECTANTE SUPERFICIES EN AEROSOL IGENIX ANTIBACTERIAL 360 ML UNIDAD REGIÓN VIII(1931420) DESINFECTANTE SUPERFICIES EN AEROSOL IGENIX ANTIBACTERIAL 360 ML UNIDAD REGIÓN VIII,13.0,,CLP,1427.0,,
1070329-27-CM24,,2024-01-30T15:46:53Z,,,,,CESFAM LIRQUEN | BIENES Y SERVICIOS,619803701,,Región del Biobío ,,COMERCIAL AGUSTIN LIMITADA | Comercial Agustin SPA,762878534,,Región Metropolitana de Santiago,,,,,1897108,"JSS, SOL.PLAN.N°38, INSUMOS DE ASEO E HIGIENE, 1070329-27-CM24","CLORO TRADICIONAL IGENIX 2,6% 1000 ML UNIDAD REGIÓN VIII(1897108) CLORO TRADICIONAL IGENIX 2,6% 1000 ML UNIDAD REGIÓN VIII",23.0,,CLP,706.0,,
1070620-1009-CM24,,2024-01-30T15:39:03Z,,,,,HOSPITAL DOCTOR ERNESTO TORRES GALDAMES | Hospital Dr. Ernesto Torres Galdames,620005304,,Región de Tarapacá  ,,AGENCIA DE VIAJES TURAVION SPA | Turavion SpA,809894002,,Región Metropolitana de Santiago,,,,,1849200,Orden de Compra: 1070620-1009-CM24,PASAJE AÉREO(1849200) PASAJE AÉREO,1.0,,CLP,117980.0,,
1070620-1009-CM24,,2024-01-30T15:39:03Z,,,,,HOSPITAL DOCTOR ERNESTO TORRES GALDAMES | Hospital Dr. Ernesto Torres Galdames,620005304,,Región de Tarapacá  ,,AGENCIA DE VIAJES TURAVION SPA | Turavion SpA,809894002,,Región Metropolitana de Santiago,,,,,1849900,Orden de Compra: 1070620-1009-CM24,TASA DE EMBARQUE(1849900) TASA DE EMBARQUE,1.0,,CLP,14448.0,,
1070620-1010-CM24,,2024-01-30T15:40:22Z,,,,,HOSPITAL DOCTOR ERNESTO TORRES GALDAMES | Hospital Dr. Ernesto Torres Galdames,620005304,,Región de Tarapacá  ,,AGENCIA DE VIAJES TURAVION SPA | Turavion SpA,809894002,,Región Metropolitana de Santiago,,,,,1849200,Orden de Compra: 1070620-1010-CM24,PASAJE AÉREO(1849200) PASAJE AÉREO,1.0,,CLP,49990.0,,
1070620-1010-CM24,,2024-01-30T15:40:22Z,,,,,HOSPITAL DOCTOR ERNESTO TORRES GALDAMES | Hospital Dr. Ernesto Torres Galdames,620005304,,Región de Tarapacá  ,,AGENCIA DE VIAJES TURAVION SPA | Turavion SpA,809894002,,Región Metropolitana de Santiago,,,,,1849900,Orden de Compra: 1070620-1010-CM24,TASA DE EMBARQUE(1849900) TASA DE EMBARQUE,1.0,,CLP,18300.0,,
1070620-1033-CM24,,2024-01-31T10:57:49Z,,,,,HOSPITAL DOCTOR ERNESTO TORRES GALDAMES | Hospital Dr. Ernesto Torres Galdames,620005304,,Región de Tarapacá  ,,AGENCIA DE VIAJES TURAVION SPA | Turavion SpA,809894002,,Región Metropolitana de Santiago,,,,,1849200,Orden de Compra: 1070620-1033-CM24,PASAJE AÉREO(1849200) PASAJE AÉREO,1.0,,CLP,68990.0,,
1070620-1033-CM24,,2024-01-31T10:57:49Z,,,,,HOSPITAL DOCTOR ERNESTO TORRES GALDAMES | Hospital Dr. Ernesto Torres Galdames,620005304,,Región de Tarapacá  ,,AGENCIA DE VIAJES TURAVION SPA | Turavion SpA,809894002,,Región Metropolitana de Santiago,,,,,1849200,Orden de Compra: 1070620-1033-CM24,PASAJE AÉREO(1849200) PASAJE AÉREO,1.0,,CLP,68990.0,,
1070620-1033-CM24,,2024-01-31T10:57:49Z,,,,,HOSPITAL DOCTOR ERNESTO TORRES GALDAMES | Hospital Dr. Ernesto Torres Galdames,620005304,,Región de Tarapacá  ,,AGENCIA DE VIAJES TURAVION SPA | Turavion SpA,809894002,,Región Metropolitana de Santiago,,,,,1849900,Orden de Compra: 1070620-1033-CM24,TASA DE EMBARQUE(1849900) TASA DE EMBARQUE,1.0,,CLP,14448.0,,
1070620-1035-CM24,,2024-01-31T10:59:31Z,,,,,HOSPITAL DOCTOR ERNESTO TORRES GALDAMES | Hospital Dr. Ernesto Torres Galdames,620005304,,Región de Tarapacá  ,,AGENCIA DE VIAJES TURAVION SPA | Turavion SpA,809894002,,Región Metropolitana de Santiago,,,,,1849200,Orden de Compra: 1070620-1035-CM24,PASAJE AÉREO(1849200) PASAJE AÉREO,1.0,,CLP,48990.0,,
1070620-1035-CM24,,2024-01-31T10:59:31Z,,,,,HOSPITAL DOCTOR ERNESTO TORRES GALDAMES | Hospital Dr. Ernesto Torres Galdames,620005304,,Región de Tarapacá  ,,AGENCIA DE VIAJES TURAVION SPA | Turavion SpA,809894002,,Región Metropolitana de Santiago,,,,,1849900,Orden de Compra: 1070620-1035-CM24,TASA DE EMBARQUE(1849900) TASA DE EMBARQUE,1.0,,CLP,7224.0,,
1070620-1052-CM24,,2024-01-31T14:46:49Z,,,,,HOSPITAL DOCTOR ERNESTO TORRES GALDAMES | Hospital Dr. Ernesto Torres Galdames,620005304,,Región de Tarapacá  ,,AGENCIA DE VIAJES TURAVION SPA | Turavion SpA,809894002,,Región Metropolitana de Santiago,,,,,1849200,Orden de Compra: 1070620-1052-CM24,PASAJE AÉREO(1849200) PASAJE AÉREO,1.0,,CLP,97480.0,,
1070620-1052-CM24,,2024-01-31T14:46:49Z,,,,,HOSPITAL DOCTOR ERNESTO TORRES GALDAMES | Hospital Dr. Ernesto Torres Galdames,620005304,,Región de Tarapacá  ,,AGENCIA DE VIAJES TURAVION SPA | Turavion SpA,809894002,,Región Metropolitana de Santiago,,,,,1849900,Orden de Compra: 1070620-1052-CM24,TASA DE EMBARQUE(1849900) TASA DE EMBARQUE,1.0,,CLP,36696.0,,
1070620-1065-CM24,,2024-01-31T16:42:19Z,,,,,HOSPITAL DOCTOR ERNESTO TORRES GALDAMES | Hospital Dr. Ernesto Torres Galdames,620005304,,Región de Tarapacá  ,,AGENCIA DE VIAJES TURAVION SPA | Turavion SpA,809894002,,Región Metropolitana de Santiago,,,,,1849200,Orden de Compra: 1070620-1065-CM24,PASAJE AÉREO(1849200) PASAJE AÉREO,1.0,,CLP,48990.0,,
1070620-1065-CM24,,2024-01-31T16:42:19Z,,,,,HOSPITAL DOCTOR ERNESTO TORRES GALDAMES | Hospital Dr. Ernesto Torres Galdames,620005304,,Región de Tarapacá  ,,AGENCIA DE VIAJES TURAVION SPA | Turavion SpA,809894002,,Región Metropolitana de Santiago,,,,,1849900,Orden de Compra: 1070620-1065-CM24,TASA DE EMBARQUE(1849900) TASA DE EMBARQUE,1.0,,CLP,7224.0,,
1070620-1067-CM24,,2024-01-31T16:48:25Z,,,,,HOSPITAL DOCTOR ERNESTO TORRES GALDAMES | Hospital Dr. Ernesto Torres Galdames,620005304,,Región de Tarapacá  ,,AGENCIA DE VIAJES TURAVION SPA | Turavion SpA,809894002,,Región Metropolitana de Santiago,,,,,1849200,Orden de Compra: 1070620-1067-CM24,PASAJE AÉREO(1849200) PASAJE AÉREO,1.0,,CLP,68990.0,,
1070620-1067-CM24,,2024-01-31T16:48:25Z,,,,,HOSPITAL DOCTOR ERNESTO TORRES GALDAMES | Hospital Dr. Ernesto Torres Galdames,620005304,,Región de Tarapacá  ,,AGENCIA DE VIAJES TURAVION SPA | Turavion SpA,809894002,,Región Metropolitana de Santiago,,,,,1849200,Orden de Compra: 1070620-1067-CM24,PASAJE AÉREO(1849200) PASAJE AÉREO,1.0,,CLP,68990.0,,
1070620-1067-CM24,,2024-01-31T16:48:25Z,,,,,HOSPITAL DOCTOR ERNESTO TORRES GALDAMES | Hospital Dr. Ernesto Torres Galdames,620005304,,Región de Tarapacá  ,,AGENCIA DE VIAJES TURAVION SPA | Turavion SpA,809894002,,Región Metropolitana de Santiago,,,,,1849200,Orden de Compra: 1070620-1067-CM24,PASAJE AÉREO(1849200) PASAJE AÉREO,1.0,,CLP,68990.0,,
1070620-1067-CM24,,2024-01-31T16:48:25Z,,,,,HOSPITAL DOCTOR ERNESTO TORRES GALDAMES | Hospital Dr. Ernesto Torres Galdames,620005304,,Región de Tarapacá  ,,AGENCIA DE VIAJES TURAVION SPA | Turavion SpA,809894002,,Región Metropolitana de Santiago,,,,,1849900,Orden de Compra: 1070620-1067-CM24,TASA DE EMBARQUE(1849900) TASA DE EMBARQUE,1.0,,CLP,21672.0,,
1070620-968-CM24,,2024-01-29T12:41:09Z,,,,,HOSPITAL DOCTOR ERNESTO TORRES GALDAMES | Hospital Dr. Ernesto Torres Galdames,620005304,,Región de Tarapacá  ,,AGENCIA DE VIAJES TURAVION SPA | Turavion SpA,809894002,,Región Metropolitana de Santiago,,,,,1849200,Orden de Compra: 1070620-968-CM24,PASAJE AÉREO(1849200) PASAJE AÉREO,1.0,,CLP,98980.0,,
1070620-968-CM24,,2024-01-29T12:41:09Z,,,,,HOSPITAL DOCTOR ERNESTO TORRES GALDAMES | Hospital Dr. Ernesto Torres Galdames,620005304,,Región de Tarapacá  ,,AGENCIA DE VIAJES TURAVION SPA | Turavion SpA,809894002,,Región Metropolitana de Santiago,,,,,1849900,Orden de Compra: 1070620-968-CM24,TASA DE EMBARQUE(1849900) TASA DE EMBARQUE,1.0,,CLP,14448.0,,
1070620-969-CM24,,2024-01-29T12:42:24Z,,,,,HOSPITAL DOCTOR ERNESTO TORRES GALDAMES | Hospital Dr. Ernesto Torres Galdames,620005304,,Región de Tarapacá  ,,AGENCIA DE VIAJES TURAVION SPA | Turavion SpA,809894002,,Región Metropolitana de Santiago,,,,,1849200,Orden de Compra: 1070620-969-CM24,PASAJE AÉREO(1849200) PASAJE AÉREO,1.0,,CLP,49990.0,,
1070620-969-CM24,,2024-01-29T12:42:24Z,,,,,HOSPITAL DOCTOR ERNESTO TORRES GALDAMES | Hospital Dr. Ernesto Torres Galdames,620005304,,Región de Tarapacá  ,,AGENCIA DE VIAJES TURAVION SPA | Turavion SpA,809894002,,Región Metropolitana de Santiago,,,,,1849200,Orden de Compra: 1070620-969-CM24,PASAJE AÉREO(1849200) PASAJE AÉREO,1.0,,CLP,49990.0,,
1070620-969-CM24,,2024-01-29T12:42:24Z,,,,,HOSPITAL DOCTOR ERNESTO TORRES GALDAMES | Hospital Dr. Ernesto Torres Galdames,620005304,,Región de Tarapacá  ,,AGENCIA DE VIAJES TURAVION SPA | Turavion SpA,809894002,,Región Metropolitana de Santiago,,,,,1849900,Orden de Compra: 1070620-969-CM24,TASA DE EMBARQUE(1849900) TASA DE EMBARQUE,1.0,,CLP,36312.0,,
1075963-1475-CM24,,2024-01-30T16:28:15Z,,,,,SERVICIO DE SALUD ARICA HOSP DR JUAN NOE CREVANI | Hospital Juan Noé,616060015,,Región de Arica y Parinacota,,AGENCIA DE VIAJES TURAVION SPA | Turavion SpA,809894002,,Región Metropolitana de Santiago,,,,,1849200,Orden de Compra: 1075963-1475-CM24,PASAJE AÉREO(1849200) PASAJE AÉREO,1.0,,CLP,201980.0,,
1075963-1475-CM24,,2024-01-30T16:28:15Z,,,,,SERVICIO DE SALUD ARICA HOSP DR JUAN NOE CREVANI | Hospital Juan Noé,616060015,,Región de Arica y Parinacota,,AGENCIA DE VIAJES TURAVION SPA | Turavion SpA,809894002,,Región Metropolitana de Santiago,,,,,1849200,Orden de Compra: 1075963-1475-CM24,PASAJE AÉREO(1849200) PASAJE AÉREO,1.0,,CLP,201980.0,,
1075963-1475-CM24,,2024-01-30T16:28:15Z,,,,,SERVICIO DE SALUD ARICA HOSP DR JUAN NOE CREVANI | Hospital Juan Noé,616060015,,Región de Arica y Parinacota,,AGENCIA DE VIAJES TURAVION SPA | Turavion SpA,809894002,,Región Metropolitana de Santiago,,,,,1849900,Orden de Compra: 1075963-1475-CM24,TASA DE EMBARQUE(1849900) TASA DE EMBARQUE,1.0,,CLP,73200.0,,
1077342-48-CM23,,2024-02-16T09:41:10Z,,,,,SERVICIO DE SALUD DE TALCAHUANO HOSPITAL | Administración de Fondos,616072021,,Región del Biobío ,,Distribuidora Ecomark Coronel SpA | Ecomark,76104415K,,Región del Biobío ,,,,,1504852,Orden de Compra: 1077342-48-CM23,LEVADURA SAF-INSTANT SECA CAJA 125 G UNIDAD VIII REGION(1504852) LEVADURA SAF-INSTANT SECA CAJA 125 G UNIDAD VIII REGION,120.0,,CLP,1840.0,,
1077342-48-CM23,,2024-02-16T09:41:10Z,,,,,SERVICIO DE SALUD DE TALCAHUANO HOSPITAL | Administración de Fondos,616072021,,Región del Biobío ,,Distribuidora Ecomark Coronel SpA | Ecomark,76104415K,,Región del Biobío ,,,,,1433452,Orden de Compra: 1077342-48-CM23,JUGO DE LIMON TRAVERSO SUCEDANEO BOTELLA 500 ML UNIDAD VIII REGION(1433452) JUGO DE LIMON TRAVERSO SUCEDANEO BOTELLA 500 ML UNIDAD VIII REGION,180.0,,CLP,845.0,,
1077342-48-CM23,,2024-02-16T09:41:10Z,,,,,SERVICIO DE SALUD DE TALCAHUANO HOSPITAL | Administración de Fondos,616072021,,Región del Biobío ,,Distribuidora Ecomark Coronel SpA | Ecomark,76104415K,,Región del Biobío ,,,,,1440952,Orden de Compra: 1077342-48-CM23,SAL LOBOS FINA BOLSA 1K UNIDAD VIII REGION(1440952) SAL LOBOS FINA BOLSA 1K UNIDAD VIII REGION,108.0,,CLP,494.0,,
1077342-48-CM23,,2024-02-16T09:41:10Z,,,,,SERVICIO DE SALUD DE TALCAHUANO HOSPITAL | Administración de Fondos,616072021,,Región del Biobío ,,Distribuidora Ecomark Coronel SpA | Ecomark,76104415K,,Región del Biobío ,,,,,1452337,Orden de Compra: 1077342-48-CM23,GALLETA DULCE MCKAY CRIOLLITAS BOLSA 100 G UNIDAD VIII REGION(1452337) GALLETA DULCE MCKAY CRIOLLITAS BOLSA 100 G UNIDAD VIII REGION,1008.0,,CLP,1374.0,,
1077342-48-CM23,,2024-02-16T09:41:10Z,,,,,SERVICIO DE SALUD DE TALCAHUANO HOSPITAL | Administración de Fondos,616072021,,Región del Biobío ,,Distribuidora Ecomark Coronel SpA | Ecomark,76104415K,,Región del Biobío ,,,,,1452292,Orden de Compra: 1077342-48-CM23,GALLETA DULCE MCKAY TRITON VAINILLA BOLSA 126 G UNIDAD VIII REGION(1452292) GALLETA DULCE MCKAY TRITON VAINILLA BOLSA 126 G UNIDAD VIII REGION,2100.0,,CLP,651.0,,
1077342-48-CM23,,2024-02-16T09:41:10Z,,,,,SERVICIO DE SALUD DE TALCAHUANO HOSPITAL | Administración de Fondos,616072021,,Región del Biobío ,,Distribuidora Ecomark Coronel SpA | Ecomark,76104415K,,Región del Biobío ,,,,,1446637,Orden de Compra: 1077342-48-CM23,PAN DE PASCUA IDEAL TRADICIONAL BOLSA 700 G UNIDAD VIII REGION(1446637) PAN DE PASCUA IDEAL TRADICIONAL BOLSA 700 G UNIDAD VIII REGION,30.0,,CLP,4689.0,,
1077342-48-CM23,,2024-02-16T09:41:10Z,,,,,SERVICIO DE SALUD DE TALCAHUANO HOSPITAL | Administración de Fondos,616072021,,Región del Biobío ,,Distribuidora Ecomark Coronel SpA | Ecomark,76104415K,,Región del Biobío ,,,,,1455562,Orden de Compra: 1077342-48-CM23,LECHE EN POLVO ENTERA COLUN INSTANTANEA BOLSA 900 GR UNIDAD VIII REGION(1455562) LECHE EN POLVO ENTERA COLUN INSTANTANEA BOLSA 900 GR UNIDAD VIII REGION,120.0,,CLP,7426.0,,
1077342-48-CM23,,2024-02-16T09:41:10Z,,,,,SERVICIO DE SALUD DE TALCAHUANO HOSPITAL | Administración de Fondos,616072021,,Región del Biobío ,,Distribuidora Ecomark Coronel SpA | Ecomark,76104415K,,Región del Biobío ,,,,,1429327,Orden de Compra: 1077342-48-CM23,POLVOS DE HORNEAR IMPERIAL TARRO 200 G UNIDAD VIII REGION(1429327) POLVOS DE HORNEAR IMPERIAL TARRO 200 G UNIDAD VIII REGION,8.0,,CLP,1720.0,,
1077342-48-CM23,,2024-02-16T09:41:10Z,,,,,SERVICIO DE SALUD DE TALCAHUANO HOSPITAL | Administración de Fondos,616072021,,Región del Biobío ,,Distribuidora Ecomark Coronel SpA | Ecomark,76104415K,,Región del Biobío ,,,,,1452262,Orden de Compra: 1077342-48-CM23,GALLETA DULCE MCKAY OBLEA HELADO BOLSA 140 G UNIDAD VIII REGION(1452262) GALLETA DULCE MCKAY OBLEA HELADO BOLSA 140 G UNIDAD VIII REGION,1008.0,,CLP,1225.0,,
1077342-48-CM23,,2024-02-16T09:41:10Z,,,,,SERVICIO DE SALUD DE TALCAHUANO HOSPITAL | Administración de Fondos,616072021,,Región del Biobío ,,Distribuidora Ecomark Coronel SpA | Ecomark,76104415K,,Región del Biobío ,,,,,1433272,Orden de Compra: 1077342-48-CM23,AVENA SELECTA INSTANTANEA CAJA 900 G UNIDAD VIII REGION(1433272) AVENA SELECTA INSTANTANEA CAJA 900 G UNIDAD VIII REGION,24.0,,CLP,1974.0,,
1077342-48-CM23,,2024-02-16T09:41:10Z,,,,,SERVICIO DE SALUD DE TALCAHUANO HOSPITAL | Administración de Fondos,616072021,,Región del Biobío ,,Distribuidora Ecomark Coronel SpA | Ecomark,76104415K,,Región del Biobío ,,,,,1430647,Orden de Compra: 1077342-48-CM23,ENDULZANTE LIQUIDO NATURALIST STEVIA BOTELLA 270 ML UNIDAD VIII REGION(1430647) ENDULZANTE LIQUIDO NATURALIST STEVIA BOTELLA 270 ML UNIDAD VIII REGION,60.0,,CLP,2954.0,,
1077342-48-CM23,,2024-02-16T09:41:10Z,,,,,SERVICIO DE SALUD DE TALCAHUANO HOSPITAL | Administración de Fondos,616072021,,Región del Biobío ,,Distribuidora Ecomark Coronel SpA | Ecomark,76104415K,,Región del Biobío ,,,,,1454482,Orden de Compra: 1077342-48-CM23,JUREL CONSERVA AL NATURAL SAN JOSE TARRO 425 G UNIDAD VIII REGION(1454482) JUREL CONSERVA AL NATURAL SAN JOSE TARRO 425 G UNIDAD VIII REGION,696.0,,CLP,1641.0,,
1077342-48-CM23,,2024-02-16T09:41:10Z,,,,,SERVICIO DE SALUD DE TALCAHUANO HOSPITAL | Administración de Fondos,616072021,,Región del Biobío ,,Distribuidora Ecomark Coronel SpA | Ecomark,76104415K,,Región del Biobío ,,,,,1433932,Orden de Compra: 1077342-48-CM23,LECHE SABORIZADA SEMIDESCREMADA SOPROLE CHOCOLATE CAJA 200 ML UNIDAD VIII REGION(1433932) LECHE SABORIZADA SEMIDESCREMADA SOPROLE CHOCOLATE CAJA 200 ML UNIDAD VIII REGION,2280.0,,CLP,377.0,,
1077342-48-CM23,,2024-02-16T09:41:10Z,,,,,SERVICIO DE SALUD DE TALCAHUANO HOSPITAL | Administración de Fondos,616072021,,Región del Biobío ,,Distribuidora Ecomark Coronel SpA | Ecomark,76104415K,,Región del Biobío ,,,,,1451827,Orden de Compra: 1077342-48-CM23,ARROZ MIRAFLORES GRADO 1  BOLSA 1K UNIDAD VIII REGION(1451827) ARROZ MIRAFLORES GRADO 1  BOLSA 1K UNIDAD VIII REGION,384.0,,CLP,1512.0,,
1077342-48-CM23,,2024-02-16T09:41:10Z,,,,,SERVICIO DE SALUD DE TALCAHUANO HOSPITAL | Administración de Fondos,616072021,,Región del Biobío ,,Distribuidora Ecomark Coronel SpA | Ecomark,76104415K,,Región del Biobío ,,,,,1445347,Orden de Compra: 1077342-48-CM23,CAFE DE CEBADA ECCO TARRO 170 G UNIDAD VIII REGION(1445347) CAFE DE CEBADA ECCO TARRO 170 G UNIDAD VIII REGION,120.0,,CLP,2355.0,,
1077908-27-CM24,,2024-02-26T10:32:54Z,,,,,CENTRO ONCOLOGICO DEL NORTE | Bienes y Servicios,620003808,,Región de Antofagasta ,,COPEC S.A. | COPEC S.A.,995200007,,Región Metropolitana de Santiago,,,,,1944427,CARGA TARJETAS DE COMBUSTIBLE  DIESEL  Orden de Compra: 1077908-27-CM24,ESTACIÓN DE SERVICIO DIESEL REGIÓN ANTOFAGASTA DESCUENTO PESOS POR LITRO(1944427) ESTACIÓN DE SERVICIO DIESEL REGIÓN ANTOFAGASTA DESCUENTO PESOS POR LITRO,1.0,,CLP,2975000.0,,
1078177-13-CM24,,2024-04-08T10:07:38Z,,,,,DIRECCION DE LOGISTICA DE CARABINEROS | SECCIÓN COMPRAS ZONA DE CARABINEROS ARAUCANIA,605055222,,Región de la Araucanía ,,CONSULTORA SERGIO CACERES E.I.R.L. | GRUPO SCM SPA,765666104,,Región del Maule ,,,,,1826640,ADQUISICION DE  LEÑA PARA LA PREFECTURA VILLARRICA Y UNIDADES DEPENDIENTES ,LEÑA - SACO 25 K PREVENCIÓN REGIÓN IX(1826640) LEÑA - SACO 25 K PREVENCIÓN REGIÓN IX,3484.0,,CLP,5305.0,,
1078177-14-CM24,,2024-04-08T10:07:16Z,,,,,DIRECCION DE LOGISTICA DE CARABINEROS | SECCIÓN COMPRAS ZONA DE CARABINEROS ARAUCANIA,605055222,,Región de la Araucanía ,,CONSULTORA SERGIO CACERES E.I.R.L. | GRUPO SCM SPA,765666104,,Región del Maule ,,,,,1826640,ADQUISICION DE  LEÑA PARA LA PREFECTURA MALLECO Y UNIDADES DEPENDIENTES ,LEÑA - SACO 25 K PREVENCIÓN REGIÓN IX(1826640) LEÑA - SACO 25 K PREVENCIÓN REGIÓN IX,3630.0,,CLP,5305.0,,
1079516-39-CM24,,2024-01-30T18:24:15Z,,,,,DIRECCION DE LOGISTICA DE CARABINEROS | SECCIÓN COMPRAS ZONA DE CARABINEROS VALPARAISO,619793609,,Región de Valparaíso ,,LUISA SALOMÉ LÓPEZ VÉLIZ | DISTRIBUIDORA MEYLIN,171635721,,Región de Valparaíso ,,,,,1467859,"ADQUISICION DE VERDURAS, CARENES Y ABARROTES  PARA LA 4TA COM. QUILLOTA",LECHUGA FRESCA - ESCAROLA UNIDAD V REGION(1467859) LECHUGA FRESCA - ESCAROLA UNIDAD V REGION,18.0,,CLP,794.0,,
1079516-39-CM24,,2024-01-30T18:24:15Z,,,,,DIRECCION DE LOGISTICA DE CARABINEROS | SECCIÓN COMPRAS ZONA DE CARABINEROS VALPARAISO,619793609,,Región de Valparaíso ,,LUISA SALOMÉ LÓPEZ VÉLIZ | DISTRIBUIDORA MEYLIN,171635721,,Región de Valparaíso ,,,,,1505869,"ADQUISICION DE VERDURAS, CARENES Y ABARROTES  PARA LA 4TA COM. QUILLOTA",PATE RECETA DEL ABUELO CAMPO PREMIUM EMBUTIDO 125 G UNIDAD V REGION(1505869) PATE RECETA DEL ABUELO CAMPO PREMIUM EMBUTIDO 125 G UNIDAD V REGION,16.0,,CLP,1022.0,,
1079516-39-CM24,,2024-01-30T18:24:15Z,,,,,DIRECCION DE LOGISTICA DE CARABINEROS | SECCIÓN COMPRAS ZONA DE CARABINEROS VALPARAISO,619793609,,Región de Valparaíso ,,LUISA SALOMÉ LÓPEZ VÉLIZ | DISTRIBUIDORA MEYLIN,171635721,,Región de Valparaíso ,,,,,1483204,"ADQUISICION DE VERDURAS, CARENES Y ABARROTES  PARA LA 4TA COM. QUILLOTA",JAMON CERDO PF ACARAMELADO PIERNA DISPLAY 250 G UNIDAD V REGION(1483204) JAMON CERDO PF ACARAMELADO PIERNA DISPLAY 250 G UNIDAD V REGION,16.0,,CLP,3588.0,,
1079516-39-CM24,,2024-01-30T18:24:15Z,,,,,DIRECCION DE LOGISTICA DE CARABINEROS | SECCIÓN COMPRAS ZONA DE CARABINEROS VALPARAISO,619793609,,Región de Valparaíso ,,LUISA SALOMÉ LÓPEZ VÉLIZ | DISTRIBUIDORA MEYLIN,171635721,,Región de Valparaíso ,,,,,1431049,"ADQUISICION DE VERDURAS, CARENES Y ABARROTES  PARA LA 4TA COM. QUILLOTA",AJI DE COLOR GOURMET MOLIDO BOLSA 15 G UNIDAD V REGION(1431049) AJI DE COLOR GOURMET MOLIDO BOLSA 15 G UNIDAD V REGION,6.0,,CLP,278.0,,
1079516-39-CM24,,2024-01-30T18:24:15Z,,,,,DIRECCION DE LOGISTICA DE CARABINEROS | SECCIÓN COMPRAS ZONA DE CARABINEROS VALPARAISO,619793609,,Región de Valparaíso ,,LUISA SALOMÉ LÓPEZ VÉLIZ | DISTRIBUIDORA MEYLIN,171635721,,Región de Valparaíso ,,,,,1431094,"ADQUISICION DE VERDURAS, CARENES Y ABARROTES  PARA LA 4TA COM. QUILLOTA",ALIÑO COMPLETO GOURMET DISPLAY 15 G UNIDAD V REGION(1431094) ALIÑO COMPLETO GOURMET DISPLAY 15 G UNIDAD V REGION,6.0,,CLP,232.0,,
1079516-39-CM24,,2024-01-30T18:24:15Z,,,,,DIRECCION DE LOGISTICA DE CARABINEROS | SECCIÓN COMPRAS ZONA DE CARABINEROS VALPARAISO,619793609,,Región de Valparaíso ,,LUISA SALOMÉ LÓPEZ VÉLIZ | DISTRIBUIDORA MEYLIN,171635721,,Región de Valparaíso ,,,,,1564444,"ADQUISICION DE VERDURAS, CARENES Y ABARROTES  PARA LA 4TA COM. QUILLOTA",ARROZ RIO GRANDE GRADO 2 BOLSA 1K 10 UNIDADES V REGION(1564444) ARROZ RIO GRANDE GRADO 2 BOLSA 1K 10 UNIDADES V REGION,1.0,,CLP,13867.0,,
1079516-39-CM24,,2024-01-30T18:24:15Z,,,,,DIRECCION DE LOGISTICA DE CARABINEROS | SECCIÓN COMPRAS ZONA DE CARABINEROS VALPARAISO,619793609,,Región de Valparaíso ,,LUISA SALOMÉ LÓPEZ VÉLIZ | DISTRIBUIDORA MEYLIN,171635721,,Región de Valparaíso ,,,,,1440739,"ADQUISICION DE VERDURAS, CARENES Y ABARROTES  PARA LA 4TA COM. QUILLOTA",MERMELADA SIN AZUCAR REGIMEL MANGO BOLSA 200 G UNIDAD V REGION(1440739) MERMELADA SIN AZUCAR REGIMEL MANGO BOLSA 200 G UNIDAD V REGION,4.0,,CLP,1641.0,,
1079516-39-CM24,,2024-01-30T18:24:15Z,,,,,DIRECCION DE LOGISTICA DE CARABINEROS | SECCIÓN COMPRAS ZONA DE CARABINEROS VALPARAISO,619793609,,Región de Valparaíso ,,LUISA SALOMÉ LÓPEZ VÉLIZ | DISTRIBUIDORA MEYLIN,171635721,,Región de Valparaíso ,,,,,1437829,"ADQUISICION DE VERDURAS, CARENES Y ABARROTES  PARA LA 4TA COM. QUILLOTA",JALEA EN POLVO MACRO FOOD FRAMBUESA BOLSA 1K UNIDAD V REGION(1437829) JALEA EN POLVO MACRO FOOD FRAMBUESA BOLSA 1K UNIDAD V REGION,2.0,,CLP,4534.0,,
1079516-39-CM24,,2024-01-30T18:24:15Z,,,,,DIRECCION DE LOGISTICA DE CARABINEROS | SECCIÓN COMPRAS ZONA DE CARABINEROS VALPARAISO,619793609,,Región de Valparaíso ,,LUISA SALOMÉ LÓPEZ VÉLIZ | DISTRIBUIDORA MEYLIN,171635721,,Región de Valparaíso ,,,,,1456099,"ADQUISICION DE VERDURAS, CARENES Y ABARROTES  PARA LA 4TA COM. QUILLOTA",MANTEQUILLA COLUN CON SAL PAN 250 G UNIDAD V REGION(1456099) MANTEQUILLA COLUN CON SAL PAN 250 G UNIDAD V REGION,20.0,,CLP,2582.0,,
1079516-39-CM24,,2024-01-30T18:24:15Z,,,,,DIRECCION DE LOGISTICA DE CARABINEROS | SECCIÓN COMPRAS ZONA DE CARABINEROS VALPARAISO,619793609,,Región de Valparaíso ,,LUISA SALOMÉ LÓPEZ VÉLIZ | DISTRIBUIDORA MEYLIN,171635721,,Región de Valparaíso ,,,,,1484374,"ADQUISICION DE VERDURAS, CARENES Y ABARROTES  PARA LA 4TA COM. QUILLOTA",CHURRASCO VACUNO CONGELADO LLANQUIHUE SACHET 540 G UNIDAD V REGION(1484374) CHURRASCO VACUNO CONGELADO LLANQUIHUE SACHET 540 G UNIDAD V REGION,7.0,,CLP,8955.0,,
1079516-39-CM24,,2024-01-30T18:24:15Z,,,,,DIRECCION DE LOGISTICA DE CARABINEROS | SECCIÓN COMPRAS ZONA DE CARABINEROS VALPARAISO,619793609,,Región de Valparaíso ,,LUISA SALOMÉ LÓPEZ VÉLIZ | DISTRIBUIDORA MEYLIN,171635721,,Región de Valparaíso ,,,,,1674620,"ADQUISICION DE VERDURAS, CARENES Y ABARROTES  PARA LA 4TA COM. QUILLOTA",HAMBURGUESA VACUNO CONGELADA SAN JORGE SACHET 90 G UNIDAD V REGION(1674620) HAMBURGUESA VACUNO CONGELADA SAN JORGE SACHET 90 G UNIDAD V REGION,40.0,,CLP,749.0,,
1079516-39-CM24,,2024-01-30T18:24:15Z,,,,,DIRECCION DE LOGISTICA DE CARABINEROS | SECCIÓN COMPRAS ZONA DE CARABINEROS VALPARAISO,619793609,,Región de Valparaíso ,,LUISA SALOMÉ LÓPEZ VÉLIZ | DISTRIBUIDORA MEYLIN,171635721,,Región de Valparaíso ,,,,,1493734,"ADQUISICION DE VERDURAS, CARENES Y ABARROTES  PARA LA 4TA COM. QUILLOTA",QUEQUE NUTRABIEN BROWNIE CHOCOLATE 62 G UNIDAD V REGION(1493734) QUEQUE NUTRABIEN BROWNIE CHOCOLATE 62 G UNIDAD V REGION,48.0,,CLP,624.0,,
1079516-39-CM24,,2024-01-30T18:24:15Z,,,,,DIRECCION DE LOGISTICA DE CARABINEROS | SECCIÓN COMPRAS ZONA DE CARABINEROS VALPARAISO,619793609,,Región de Valparaíso ,,LUISA SALOMÉ LÓPEZ VÉLIZ | DISTRIBUIDORA MEYLIN,171635721,,Región de Valparaíso ,,,,,1455904,"ADQUISICION DE VERDURAS, CARENES Y ABARROTES  PARA LA 4TA COM. QUILLOTA",LECHE SABORIZADA SEMIDESCREMADA COLUN CHOCOLATE ORIGINAL CAJA 200 CC UNIDAD V REGION(1455904) LECHE SABORIZADA SEMIDESCREMADA COLUN CHOCOLATE ORIGINAL CAJA 200 CC UNIDAD V REGION,48.0,,CLP,426.0,,
1079516-39-CM24,,2024-01-30T18:24:15Z,,,,,DIRECCION DE LOGISTICA DE CARABINEROS | SECCIÓN COMPRAS ZONA DE CARABINEROS VALPARAISO,619793609,,Región de Valparaíso ,,LUISA SALOMÉ LÓPEZ VÉLIZ | DISTRIBUIDORA MEYLIN,171635721,,Región de Valparaíso ,,,,,1450189,"ADQUISICION DE VERDURAS, CARENES Y ABARROTES  PARA LA 4TA COM. QUILLOTA",CAFE INSTANTANEO NESCAFE TRADICION TARRO 170 G UNIDAD V REGION(1450189) CAFE INSTANTANEO NESCAFE TRADICION TARRO 170 G UNIDAD V REGION,3.0,,CLP,5531.0,,
1079516-39-CM24,,2024-01-30T18:24:15Z,,,,,DIRECCION DE LOGISTICA DE CARABINEROS | SECCIÓN COMPRAS ZONA DE CARABINEROS VALPARAISO,619793609,,Región de Valparaíso ,,LUISA SALOMÉ LÓPEZ VÉLIZ | DISTRIBUIDORA MEYLIN,171635721,,Región de Valparaíso ,,,,,1449889,"ADQUISICION DE VERDURAS, CARENES Y ABARROTES  PARA LA 4TA COM. QUILLOTA",SALSA DE TOMATE CAROZZI TOSCANA BOLOÑESA DOYPACK 200 G UNIDAD V REGION(1449889) SALSA DE TOMATE CAROZZI TOSCANA BOLOÑESA DOYPACK 200 G UNIDAD V REGION,24.0,,CLP,1013.0,,
1079516-39-CM24,,2024-01-30T18:24:15Z,,,,,DIRECCION DE LOGISTICA DE CARABINEROS | SECCIÓN COMPRAS ZONA DE CARABINEROS VALPARAISO,619793609,,Región de Valparaíso ,,LUISA SALOMÉ LÓPEZ VÉLIZ | DISTRIBUIDORA MEYLIN,171635721,,Región de Valparaíso ,,,,,1431394,"ADQUISICION DE VERDURAS, CARENES Y ABARROTES  PARA LA 4TA COM. QUILLOTA",OREGANO GOURMET MOLIDO BOLSA 50 G UNIDAD V REGION(1431394) OREGANO GOURMET MOLIDO BOLSA 50 G UNIDAD V REGION,5.0,,CLP,793.0,,
1079516-39-CM24,,2024-01-30T18:24:15Z,,,,,DIRECCION DE LOGISTICA DE CARABINEROS | SECCIÓN COMPRAS ZONA DE CARABINEROS VALPARAISO,619793609,,Región de Valparaíso ,,LUISA SALOMÉ LÓPEZ VÉLIZ | DISTRIBUIDORA MEYLIN,171635721,,Región de Valparaíso ,,,,,1506994,"ADQUISICION DE VERDURAS, CARENES Y ABARROTES  PARA LA 4TA COM. QUILLOTA",QUESO RALLADO LOS HORNOS PARMESANO CORTE ARTESANAL BOLSA 40 G UNIDAD V REGION(1506994) QUESO RALLADO LOS HORNOS PARMESANO CORTE ARTESANAL BOLSA 40 G UNIDAD V REGION,8.0,,CLP,1280.0,,
1079516-39-CM24,,2024-01-30T18:24:15Z,,,,,DIRECCION DE LOGISTICA DE CARABINEROS | SECCIÓN COMPRAS ZONA DE CARABINEROS VALPARAISO,619793609,,Región de Valparaíso ,,LUISA SALOMÉ LÓPEZ VÉLIZ | DISTRIBUIDORA MEYLIN,171635721,,Región de Valparaíso ,,,,,1493059,"ADQUISICION DE VERDURAS, CARENES Y ABARROTES  PARA LA 4TA COM. QUILLOTA",SAL ARUBA BOLSA 1K UNIDAD V REGION(1493059) SAL ARUBA BOLSA 1K UNIDAD V REGION,2.0,,CLP,511.0,,
1079516-39-CM24,,2024-01-30T18:24:15Z,,,,,DIRECCION DE LOGISTICA DE CARABINEROS | SECCIÓN COMPRAS ZONA DE CARABINEROS VALPARAISO,619793609,,Región de Valparaíso ,,LUISA SALOMÉ LÓPEZ VÉLIZ | DISTRIBUIDORA MEYLIN,171635721,,Región de Valparaíso ,,,,,1431574,"ADQUISICION DE VERDURAS, CARENES Y ABARROTES  PARA LA 4TA COM. QUILLOTA",JUGO DE LIMON HIGUERAS SUCEDANEO BOTELLA 500 ML UNIDAD V REGION(1431574) JUGO DE LIMON HIGUERAS SUCEDANEO BOTELLA 500 ML UNIDAD V REGION,10.0,,CLP,786.0,,
1079516-39-CM24,,2024-01-30T18:24:15Z,,,,,DIRECCION DE LOGISTICA DE CARABINEROS | SECCIÓN COMPRAS ZONA DE CARABINEROS VALPARAISO,619793609,,Región de Valparaíso ,,LUISA SALOMÉ LÓPEZ VÉLIZ | DISTRIBUIDORA MEYLIN,171635721,,Región de Valparaíso ,,,,,1440229,"ADQUISICION DE VERDURAS, CARENES Y ABARROTES  PARA LA 4TA COM. QUILLOTA",TE LIPTON NEGRO ROYAL CEYLON CAJA 100 BOLSAS UNIDAD V REGION(1440229) TE LIPTON NEGRO ROYAL CEYLON CAJA 100 BOLSAS UNIDAD V REGION,2.0,,CLP,5103.0,,
1079516-39-CM24,,2024-01-30T18:24:15Z,,,,,DIRECCION DE LOGISTICA DE CARABINEROS | SECCIÓN COMPRAS ZONA DE CARABINEROS VALPARAISO,619793609,,Región de Valparaíso ,,LUISA SALOMÉ LÓPEZ VÉLIZ | DISTRIBUIDORA MEYLIN,171635721,,Región de Valparaíso ,,,,,1486684,"ADQUISICION DE VERDURAS, CARENES Y ABARROTES  PARA LA 4TA COM. QUILLOTA",MAYONESA HELLMANN´S DOYPACK 744 G UNIDAD V REGION(1486684) MAYONESA HELLMANN´S DOYPACK 744 G UNIDAD V REGION,3.0,,CLP,3076.0,,
1079516-39-CM24,,2024-01-30T18:24:15Z,,,,,DIRECCION DE LOGISTICA DE CARABINEROS | SECCIÓN COMPRAS ZONA DE CARABINEROS VALPARAISO,619793609,,Región de Valparaíso ,,LUISA SALOMÉ LÓPEZ VÉLIZ | DISTRIBUIDORA MEYLIN,171635721,,Región de Valparaíso ,,,,,1563911,"ADQUISICION DE VERDURAS, CARENES Y ABARROTES  PARA LA 4TA COM. QUILLOTA",JUREL CONSERVA AL NATURAL ATLAS TARRO 425 G UNIDAD V REGION(1563911) JUREL CONSERVA AL NATURAL ATLAS TARRO 425 G UNIDAD V REGION,10.0,,CLP,1818.0,,
1079516-39-CM24,,2024-01-30T18:24:15Z,,,,,DIRECCION DE LOGISTICA DE CARABINEROS | SECCIÓN COMPRAS ZONA DE CARABINEROS VALPARAISO,619793609,,Región de Valparaíso ,,LUISA SALOMÉ LÓPEZ VÉLIZ | DISTRIBUIDORA MEYLIN,171635721,,Región de Valparaíso ,,,,,1449814,"ADQUISICION DE VERDURAS, CARENES Y ABARROTES  PARA LA 4TA COM. QUILLOTA",QUIFAROS CAROZZI BOLSA 400 G UNIDAD V REGION(1449814) QUIFAROS CAROZZI BOLSA 400 G UNIDAD V REGION,20.0,,CLP,1313.0,,
1079516-39-CM24,,2024-01-30T18:24:15Z,,,,,DIRECCION DE LOGISTICA DE CARABINEROS | SECCIÓN COMPRAS ZONA DE CARABINEROS VALPARAISO,619793609,,Región de Valparaíso ,,LUISA SALOMÉ LÓPEZ VÉLIZ | DISTRIBUIDORA MEYLIN,171635721,,Región de Valparaíso ,,,,,1438294,"ADQUISICION DE VERDURAS, CARENES Y ABARROTES  PARA LA 4TA COM. QUILLOTA",JUGO EN POLVO MACRO FOOD NARANJA CARIBEÑO 8 100% AZUCAR BOLSA 1 K UNIDAD V REGION(1438294) JUGO EN POLVO MACRO FOOD NARANJA CARIBEÑO 8 100% AZUCAR BOLSA 1 K UNIDAD V REGION,3.0,,CLP,3745.0,,
1079516-39-CM24,,2024-01-30T18:24:15Z,,,,,DIRECCION DE LOGISTICA DE CARABINEROS | SECCIÓN COMPRAS ZONA DE CARABINEROS VALPARAISO,619793609,,Región de Valparaíso ,,LUISA SALOMÉ LÓPEZ VÉLIZ | DISTRIBUIDORA MEYLIN,171635721,,Región de Valparaíso ,,,,,1484719,"ADQUISICION DE VERDURAS, CARENES Y ABARROTES  PARA LA 4TA COM. QUILLOTA",QUESO LAMINADO SAN RAFAEL MANTECOSO CHANCO DISPLAY 500 G UNIDAD V REGION(1484719) QUESO LAMINADO SAN RAFAEL MANTECOSO CHANCO DISPLAY 500 G UNIDAD V REGION,16.0,,CLP,5865.0,,
1079516-39-CM24,,2024-01-30T18:24:15Z,,,,,DIRECCION DE LOGISTICA DE CARABINEROS | SECCIÓN COMPRAS ZONA DE CARABINEROS VALPARAISO,619793609,,Región de Valparaíso ,,LUISA SALOMÉ LÓPEZ VÉLIZ | DISTRIBUIDORA MEYLIN,171635721,,Región de Valparaíso ,,,,,1452319,"ADQUISICION DE VERDURAS, CARENES Y ABARROTES  PARA LA 4TA COM. QUILLOTA",GALLETA DULCE MCKAY MINI NIZA BOLSA 40 G UNIDAD V REGION(1452319) GALLETA DULCE MCKAY MINI NIZA BOLSA 40 G UNIDAD V REGION,90.0,,CLP,210.0,,
1079516-39-CM24,,2024-01-30T18:24:15Z,,,,,DIRECCION DE LOGISTICA DE CARABINEROS | SECCIÓN COMPRAS ZONA DE CARABINEROS VALPARAISO,619793609,,Región de Valparaíso ,,LUISA SALOMÉ LÓPEZ VÉLIZ | DISTRIBUIDORA MEYLIN,171635721,,Región de Valparaíso ,,,,,1630019,"ADQUISICION DE VERDURAS, CARENES Y ABARROTES  PARA LA 4TA COM. QUILLOTA",QUEQUE COSTA CHOCMAN BISCOCHO V REGION(1630019) QUEQUE COSTA CHOCMAN BISCOCHO V REGION,64.0,,CLP,192.0,,
1079516-39-CM24,,2024-01-30T18:24:15Z,,,,,DIRECCION DE LOGISTICA DE CARABINEROS | SECCIÓN COMPRAS ZONA DE CARABINEROS VALPARAISO,619793609,,Región de Valparaíso ,,LUISA SALOMÉ LÓPEZ VÉLIZ | DISTRIBUIDORA MEYLIN,171635721,,Región de Valparaíso ,,,,,1563003,"ADQUISICION DE VERDURAS, CARENES Y ABARROTES  PARA LA 4TA COM. QUILLOTA",TRUTRO ENTERO POLLO CONGELADO LAS CAMELIAS SIN MARINAR CAJA 15 KG UNIDAD IMPORTADO V REGION(1563003) TRUTRO ENTERO POLLO CONGELADO LAS CAMELIAS SIN MARINAR CAJA 15 KG UNIDAD IMPORTADO V REGION,1.0,,CLP,45567.0,,
1079516-39-CM24,,2024-01-30T18:24:15Z,,,,,DIRECCION DE LOGISTICA DE CARABINEROS | SECCIÓN COMPRAS ZONA DE CARABINEROS VALPARAISO,619793609,,Región de Valparaíso ,,LUISA SALOMÉ LÓPEZ VÉLIZ | DISTRIBUIDORA MEYLIN,171635721,,Región de Valparaíso ,,,,,1563916,"ADQUISICION DE VERDURAS, CARENES Y ABARROTES  PARA LA 4TA COM. QUILLOTA",PAPA FRESCA - PATAGONIA INIA SEGUNDA KILO V REGION(1563916) PAPA FRESCA - PATAGONIA INIA SEGUNDA KILO V REGION,50.0,,CLP,1717.0,,
1079516-39-CM24,,2024-01-30T18:24:15Z,,,,,DIRECCION DE LOGISTICA DE CARABINEROS | SECCIÓN COMPRAS ZONA DE CARABINEROS VALPARAISO,619793609,,Región de Valparaíso ,,LUISA SALOMÉ LÓPEZ VÉLIZ | DISTRIBUIDORA MEYLIN,171635721,,Región de Valparaíso ,,,,,1471969,"ADQUISICION DE VERDURAS, CARENES Y ABARROTES  PARA LA 4TA COM. QUILLOTA",PIMENTON FRESCO - ROJO UNIDAD V REGION(1471969) PIMENTON FRESCO - ROJO UNIDAD V REGION,15.0,,CLP,648.0,,
1079516-39-CM24,,2024-01-30T18:24:15Z,,,,,DIRECCION DE LOGISTICA DE CARABINEROS | SECCIÓN COMPRAS ZONA DE CARABINEROS VALPARAISO,619793609,,Región de Valparaíso ,,LUISA SALOMÉ LÓPEZ VÉLIZ | DISTRIBUIDORA MEYLIN,171635721,,Región de Valparaíso ,,,,,1471624,"ADQUISICION DE VERDURAS, CARENES Y ABARROTES  PARA LA 4TA COM. QUILLOTA",PEPINO FRESCO - ENSALADA UNIDAD V REGION(1471624) PEPINO FRESCO - ENSALADA UNIDAD V REGION,10.0,,CLP,288.0,,
1079516-39-CM24,,2024-01-30T18:24:15Z,,,,,DIRECCION DE LOGISTICA DE CARABINEROS | SECCIÓN COMPRAS ZONA DE CARABINEROS VALPARAISO,619793609,,Región de Valparaíso ,,LUISA SALOMÉ LÓPEZ VÉLIZ | DISTRIBUIDORA MEYLIN,171635721,,Región de Valparaíso ,,,,,1473499,"ADQUISICION DE VERDURAS, CARENES Y ABARROTES  PARA LA 4TA COM. QUILLOTA",REPOLLO FRESCO - MORADO UNIDAD V REGION(1473499) REPOLLO FRESCO - MORADO UNIDAD V REGION,3.0,,CLP,1060.0,,
1079516-39-CM24,,2024-01-30T18:24:15Z,,,,,DIRECCION DE LOGISTICA DE CARABINEROS | SECCIÓN COMPRAS ZONA DE CARABINEROS VALPARAISO,619793609,,Región de Valparaíso ,,LUISA SALOMÉ LÓPEZ VÉLIZ | DISTRIBUIDORA MEYLIN,171635721,,Región de Valparaíso ,,,,,1473814,"ADQUISICION DE VERDURAS, CARENES Y ABARROTES  PARA LA 4TA COM. QUILLOTA",TOMATE FRESCO - POMAROLA EXTRA GRANDE KILO APROX. V REGION(1473814) TOMATE FRESCO - POMAROLA EXTRA GRANDE KILO APROX. V REGION,30.0,,CLP,1607.0,,
1079516-39-CM24,,2024-01-30T18:24:15Z,,,,,DIRECCION DE LOGISTICA DE CARABINEROS | SECCIÓN COMPRAS ZONA DE CARABINEROS VALPARAISO,619793609,,Región de Valparaíso ,,LUISA SALOMÉ LÓPEZ VÉLIZ | DISTRIBUIDORA MEYLIN,171635721,,Región de Valparaíso ,,,,,1475464,"ADQUISICION DE VERDURAS, CARENES Y ABARROTES  PARA LA 4TA COM. QUILLOTA",ZANAHORIA FRESCA - GRANEL KILO APROX. V REGION(1475464) ZANAHORIA FRESCA - GRANEL KILO APROX. V REGION,12.0,,CLP,779.0,,
1079516-39-CM24,,2024-01-30T18:24:15Z,,,,,DIRECCION DE LOGISTICA DE CARABINEROS | SECCIÓN COMPRAS ZONA DE CARABINEROS VALPARAISO,619793609,,Región de Valparaíso ,,LUISA SALOMÉ LÓPEZ VÉLIZ | DISTRIBUIDORA MEYLIN,171635721,,Región de Valparaíso ,,,,,1475599,"ADQUISICION DE VERDURAS, CARENES Y ABARROTES  PARA LA 4TA COM. QUILLOTA",ZAPALLO FRESCO - CAMOTE 100 KILO APROX. V REGION(1475599) ZAPALLO FRESCO - CAMOTE 100 KILO APROX. V REGION,12.0,,CLP,965.0,,
1079516-39-CM24,,2024-01-30T18:24:15Z,,,,,DIRECCION DE LOGISTICA DE CARABINEROS | SECCIÓN COMPRAS ZONA DE CARABINEROS VALPARAISO,619793609,,Región de Valparaíso ,,LUISA SALOMÉ LÓPEZ VÉLIZ | DISTRIBUIDORA MEYLIN,171635721,,Región de Valparaíso ,,,,,1475629,"ADQUISICION DE VERDURAS, CARENES Y ABARROTES  PARA LA 4TA COM. QUILLOTA",ZAPALLO FRESCO - ITALIANO 100 UNIDADES V REGION(1475629) ZAPALLO FRESCO - ITALIANO 100 UNIDADES V REGION,40.0,,CLP,383.0,,
1079516-39-CM24,,2024-01-30T18:24:15Z,,,,,DIRECCION DE LOGISTICA DE CARABINEROS | SECCIÓN COMPRAS ZONA DE CARABINEROS VALPARAISO,619793609,,Región de Valparaíso ,,LUISA SALOMÉ LÓPEZ VÉLIZ | DISTRIBUIDORA MEYLIN,171635721,,Región de Valparaíso ,,,,,1460629,"ADQUISICION DE VERDURAS, CARENES Y ABARROTES  PARA LA 4TA COM. QUILLOTA",ACELGA FRESCA PROCESADA - HOJA CON TALLO BOLSA 1 K UNIDAD V REGION(1460629) ACELGA FRESCA PROCESADA - HOJA CON TALLO BOLSA 1 K UNIDAD V REGION,4.0,,CLP,1398.0,,
1079516-39-CM24,,2024-01-30T18:24:15Z,,,,,DIRECCION DE LOGISTICA DE CARABINEROS | SECCIÓN COMPRAS ZONA DE CARABINEROS VALPARAISO,619793609,,Región de Valparaíso ,,LUISA SALOMÉ LÓPEZ VÉLIZ | DISTRIBUIDORA MEYLIN,171635721,,Región de Valparaíso ,,,,,1460809,"ADQUISICION DE VERDURAS, CARENES Y ABARROTES  PARA LA 4TA COM. QUILLOTA",AJO FRESCO - CHINO UNIDAD V REGION(1460809) AJO FRESCO - CHINO UNIDAD V REGION,8.0,,CLP,222.0,,
1079516-39-CM24,,2024-01-30T18:24:15Z,,,,,DIRECCION DE LOGISTICA DE CARABINEROS | SECCIÓN COMPRAS ZONA DE CARABINEROS VALPARAISO,619793609,,Región de Valparaíso ,,LUISA SALOMÉ LÓPEZ VÉLIZ | DISTRIBUIDORA MEYLIN,171635721,,Región de Valparaíso ,,,,,1461019,"ADQUISICION DE VERDURAS, CARENES Y ABARROTES  PARA LA 4TA COM. QUILLOTA",APIO FRESCO - PAQUETE UNIDAD V REGION(1461019) APIO FRESCO - PAQUETE UNIDAD V REGION,3.0,,CLP,1008.0,,
1079516-39-CM24,,2024-01-30T18:24:15Z,,,,,DIRECCION DE LOGISTICA DE CARABINEROS | SECCIÓN COMPRAS ZONA DE CARABINEROS VALPARAISO,619793609,,Región de Valparaíso ,,LUISA SALOMÉ LÓPEZ VÉLIZ | DISTRIBUIDORA MEYLIN,171635721,,Región de Valparaíso ,,,,,1461394,"ADQUISICION DE VERDURAS, CARENES Y ABARROTES  PARA LA 4TA COM. QUILLOTA",BETARRAGA FRESCA - PAQUETE APROX. 1 K UNIDAD V REGION(1461394) BETARRAGA FRESCA - PAQUETE APROX. 1 K UNIDAD V REGION,6.0,,CLP,710.0,,
1079516-39-CM24,,2024-01-30T18:24:15Z,,,,,DIRECCION DE LOGISTICA DE CARABINEROS | SECCIÓN COMPRAS ZONA DE CARABINEROS VALPARAISO,619793609,,Región de Valparaíso ,,LUISA SALOMÉ LÓPEZ VÉLIZ | DISTRIBUIDORA MEYLIN,171635721,,Región de Valparaíso ,,,,,1461664,"ADQUISICION DE VERDURAS, CARENES Y ABARROTES  PARA LA 4TA COM. QUILLOTA",CEBOLLA FRESCA - PERLA  KILO APROX. V REGION(1461664) CEBOLLA FRESCA - PERLA  KILO APROX. V REGION,16.0,,CLP,1601.0,,
1079516-39-CM24,,2024-01-30T18:24:15Z,,,,,DIRECCION DE LOGISTICA DE CARABINEROS | SECCIÓN COMPRAS ZONA DE CARABINEROS VALPARAISO,619793609,,Región de Valparaíso ,,LUISA SALOMÉ LÓPEZ VÉLIZ | DISTRIBUIDORA MEYLIN,171635721,,Región de Valparaíso ,,,,,1462699,"ADQUISICION DE VERDURAS, CARENES Y ABARROTES  PARA LA 4TA COM. QUILLOTA",CILANTRO FRESCO PROCESADO - ENTERO BOLSA 1 K UNIDAD V REGION(1462699) CILANTRO FRESCO PROCESADO - ENTERO BOLSA 1 K UNIDAD V REGION,3.0,,CLP,1258.0,,
1079516-39-CM24,,2024-01-30T18:24:15Z,,,,,DIRECCION DE LOGISTICA DE CARABINEROS | SECCIÓN COMPRAS ZONA DE CARABINEROS VALPARAISO,619793609,,Región de Valparaíso ,,LUISA SALOMÉ LÓPEZ VÉLIZ | DISTRIBUIDORA MEYLIN,171635721,,Región de Valparaíso ,,,,,1467034,"ADQUISICION DE VERDURAS, CARENES Y ABARROTES  PARA LA 4TA COM. QUILLOTA",HUEVO EXTRA 61-68 GR - BLANCO 30 UNIDADES V REGION(1467034) HUEVO EXTRA 61-68 GR - BLANCO 30 UNIDADES V REGION,24.0,,CLP,7773.0,,
1079516-39-CM24,,2024-01-30T18:24:15Z,,,,,DIRECCION DE LOGISTICA DE CARABINEROS | SECCIÓN COMPRAS ZONA DE CARABINEROS VALPARAISO,619793609,,Región de Valparaíso ,,LUISA SALOMÉ LÓPEZ VÉLIZ | DISTRIBUIDORA MEYLIN,171635721,,Región de Valparaíso ,,,,,1476169,"ADQUISICION DE VERDURAS, CARENES Y ABARROTES  PARA LA 4TA COM. QUILLOTA",POROTO VERDE CONGELADO MINUTO VERDE CORTE FRNACES BOLSA 350 G UNIDAD V REGION(1476169) POROTO VERDE CONGELADO MINUTO VERDE CORTE FRNACES BOLSA 350 G UNIDAD V REGION,10.0,,CLP,1812.0,,
1079516-39-CM24,,2024-01-30T18:24:15Z,,,,,DIRECCION DE LOGISTICA DE CARABINEROS | SECCIÓN COMPRAS ZONA DE CARABINEROS VALPARAISO,619793609,,Región de Valparaíso ,,LUISA SALOMÉ LÓPEZ VÉLIZ | DISTRIBUIDORA MEYLIN,171635721,,Región de Valparaíso ,,,,,1476214,"ADQUISICION DE VERDURAS, CARENES Y ABARROTES  PARA LA 4TA COM. QUILLOTA",PRIMAVERA VERDURAS MINUTO VERDE BOLSA 500 G UNIDAD V REGION(1476214) PRIMAVERA VERDURAS MINUTO VERDE BOLSA 500 G UNIDAD V REGION,6.0,,CLP,1530.0,,
1079516-39-CM24,,2024-01-30T18:24:15Z,,,,,DIRECCION DE LOGISTICA DE CARABINEROS | SECCIÓN COMPRAS ZONA DE CARABINEROS VALPARAISO,619793609,,Región de Valparaíso ,,LUISA SALOMÉ LÓPEZ VÉLIZ | DISTRIBUIDORA MEYLIN,171635721,,Región de Valparaíso ,,,,,1460134,"ADQUISICION DE VERDURAS, CARENES Y ABARROTES  PARA LA 4TA COM. QUILLOTA",LONGANIZA BAVARIA CERDO TIPO ARTESANAL AL VACIO 1K UNIDAD V REGION(1460134) LONGANIZA BAVARIA CERDO TIPO ARTESANAL AL VACIO 1K UNIDAD V REGION,3.0,,CLP,6170.0,,
1079516-39-CM24,,2024-01-30T18:24:15Z,,,,,DIRECCION DE LOGISTICA DE CARABINEROS | SECCIÓN COMPRAS ZONA DE CARABINEROS VALPARAISO,619793609,,Región de Valparaíso ,,LUISA SALOMÉ LÓPEZ VÉLIZ | DISTRIBUIDORA MEYLIN,171635721,,Región de Valparaíso ,,,,,1564730,"ADQUISICION DE VERDURAS, CARENES Y ABARROTES  PARA LA 4TA COM. QUILLOTA",POUCH DE CARNE DE VACUNO VIDA ESTABLE MOLIDA 1000 GR V REGION(1564730) POUCH DE CARNE DE VACUNO VIDA ESTABLE MOLIDA 1000 GR V REGION,10.0,,CLP,10607.0,,
1079516-39-CM24,,2024-01-30T18:24:15Z,,,,,DIRECCION DE LOGISTICA DE CARABINEROS | SECCIÓN COMPRAS ZONA DE CARABINEROS VALPARAISO,619793609,,Región de Valparaíso ,,LUISA SALOMÉ LÓPEZ VÉLIZ | DISTRIBUIDORA MEYLIN,171635721,,Región de Valparaíso ,,,,,1501549,"ADQUISICION DE VERDURAS, CARENES Y ABARROTES  PARA LA 4TA COM. QUILLOTA",CHULETA CERDO CONGELADA SEARA BOLSA 800 G UNIDAD V REGION(1501549) CHULETA CERDO CONGELADA SEARA BOLSA 800 G UNIDAD V REGION,15.0,,CLP,4967.0,,
1079516-39-CM24,,2024-01-30T18:24:15Z,,,,,DIRECCION DE LOGISTICA DE CARABINEROS | SECCIÓN COMPRAS ZONA DE CARABINEROS VALPARAISO,619793609,,Región de Valparaíso ,,LUISA SALOMÉ LÓPEZ VÉLIZ | DISTRIBUIDORA MEYLIN,171635721,,Región de Valparaíso ,,,,,1473304,"ADQUISICION DE VERDURAS, CARENES Y ABARROTES  PARA LA 4TA COM. QUILLOTA",PULPA CERDO - MARINADO BOLSA 1K UNIDAD IMPORTADO V REGION(1473304) PULPA CERDO - MARINADO BOLSA 1K UNIDAD IMPORTADO V REGION,10.0,,CLP,5300.0,,
1079516-39-CM24,,2024-01-30T18:24:15Z,,,,,DIRECCION DE LOGISTICA DE CARABINEROS | SECCIÓN COMPRAS ZONA DE CARABINEROS VALPARAISO,619793609,,Región de Valparaíso ,,LUISA SALOMÉ LÓPEZ VÉLIZ | DISTRIBUIDORA MEYLIN,171635721,,Región de Valparaíso ,,,,,1452409,"ADQUISICION DE VERDURAS, CARENES Y ABARROTES  PARA LA 4TA COM. QUILLOTA",GALLETA DULCE MCKAY MINI MANTEQUILLA 40 G UNIDAD V REGION(1452409) GALLETA DULCE MCKAY MINI MANTEQUILLA 40 G UNIDAD V REGION,60.0,,CLP,210.0,,
1079516-39-CM24,,2024-01-30T18:24:15Z,,,,,DIRECCION DE LOGISTICA DE CARABINEROS | SECCIÓN COMPRAS ZONA DE CARABINEROS VALPARAISO,619793609,,Región de Valparaíso ,,LUISA SALOMÉ LÓPEZ VÉLIZ | DISTRIBUIDORA MEYLIN,171635721,,Región de Valparaíso ,,,,,1452499,"ADQUISICION DE VERDURAS, CARENES Y ABARROTES  PARA LA 4TA COM. QUILLOTA",GALLETA DULCE MCKAY MINI COCO BOLSA 40 G UNIDAD V REGION(1452499) GALLETA DULCE MCKAY MINI COCO BOLSA 40 G UNIDAD V REGION,60.0,,CLP,210.0,,
1079516-68-CM24,,2024-02-14T09:47:47Z,,,,,DIRECCION DE LOGISTICA DE CARABINEROS | SECCIÓN COMPRAS ZONA DE CARABINEROS VALPARAISO,619793609,,Región de Valparaíso ,,GASCO GLP S A | GASCO GLP - DIVISION SUR,965687408,,Región Metropolitana de Santiago,,,,,1945003,ADQUISICIÓN DE 500 LITROS  DE GAS GRANEL PARA LA 1RA. COMISARIA SAN ANTONIO.,GAS LICUADO GRANEL LITRO V REGIÓN(1945003) GAS LICUADO GRANEL LITRO V REGIÓN,500.0,,CLP,280.0,,
1079563-17-CM24,,2024-04-05T09:40:26Z,,,,,DIRECCION DE LOGISTICA DE CARABINEROS | SECC COMPRAS ZONA DE CARAB LIB BERNARDO OHIGGINS,619786807,,Región del Libertador General Bernardo O´Higgins,,INVERSIONES LA REINA SPA | Com La Reina,762716798,,Región de Valparaíso ,,,,,1520054,"ADQUISICIÓN DE PAN PARA LA COMISIÓN ADMINISTRATIVA RANCHO DE LA 1RA. COMISARÍA SAN FERNANDO, DEPENDIENTE DE LA PREFECTURA DE CARABINEROS COLCHAGUA N° 12.",MARRAQUETA - BLANCA 100 GR APROX. 500 KILOS VI REGION(1520054) MARRAQUETA - BLANCA 100 GR APROX. 500 KILOS VI REGION,100.0,,CLP,2180.0,,
1079563-17-CM24,,2024-04-05T09:40:26Z,,,,,DIRECCION DE LOGISTICA DE CARABINEROS | SECC COMPRAS ZONA DE CARAB LIB BERNARDO OHIGGINS,619786807,,Región del Libertador General Bernardo O´Higgins,,INVERSIONES LA REINA SPA | Com La Reina,762716798,,Región de Valparaíso ,,,,,1466735,"ADQUISICIÓN DE PAN PARA LA COMISIÓN ADMINISTRATIVA RANCHO DE LA 1RA. COMISARÍA SAN FERNANDO, DEPENDIENTE DE LA PREFECTURA DE CARABINEROS COLCHAGUA N° 12.",HALLULLA - NORMAL 100 G 1 KILO VI REGION(1466735) HALLULLA - NORMAL 100 G 1 KILO VI REGION,300.0,,CLP,2022.0,,
1080286-18-CM24,,2024-02-25T12:20:41Z,,,,,DIRECCION DE LOGISTICA DE CARABINEROS | SECCIÓN COMPRAS ZONA METROPOLITANA,619787005,,Región Metropolitana de Santiago,,vitalmento | vitalmento,763641724,,Región Metropolitana de Santiago,,,,,1473882,ADQUISICIÓN DE INSUMOS COMISIÓN RANCHO 32° COMISARÍA DEL TRÁNSITO.,TOMATE FRESCO - LARGA VIDA EXTRA GRANDE KILO APROX. RM(1473882) TOMATE FRESCO - LARGA VIDA EXTRA GRANDE KILO APROX. RM,45.0,,CLP,1659.0,,
1080286-18-CM24,,2024-02-25T12:20:41Z,,,,,DIRECCION DE LOGISTICA DE CARABINEROS | SECCIÓN COMPRAS ZONA METROPOLITANA,619787005,,Región Metropolitana de Santiago,,vitalmento | vitalmento,763641724,,Región Metropolitana de Santiago,,,,,1475472,ADQUISICIÓN DE INSUMOS COMISIÓN RANCHO 32° COMISARÍA DEL TRÁNSITO.,ZANAHORIA FRESCA - GRANEL KILO APROX. RM(1475472) ZANAHORIA FRESCA - GRANEL KILO APROX. RM,10.0,,CLP,830.0,,
1080286-18-CM24,,2024-02-25T12:20:41Z,,,,,DIRECCION DE LOGISTICA DE CARABINEROS | SECCIÓN COMPRAS ZONA METROPOLITANA,619787005,,Región Metropolitana de Santiago,,vitalmento | vitalmento,763641724,,Región Metropolitana de Santiago,,,,,1460832,ADQUISICIÓN DE INSUMOS COMISIÓN RANCHO 32° COMISARÍA DEL TRÁNSITO.,AJO FRESCO - ROSADO UNIDAD RM(1460832) AJO FRESCO - ROSADO UNIDAD RM,10.0,,CLP,152.0,,
1080286-18-CM24,,2024-02-25T12:20:41Z,,,,,DIRECCION DE LOGISTICA DE CARABINEROS | SECCIÓN COMPRAS ZONA METROPOLITANA,619787005,,Región Metropolitana de Santiago,,vitalmento | vitalmento,763641724,,Región Metropolitana de Santiago,,,,,1461402,ADQUISICIÓN DE INSUMOS COMISIÓN RANCHO 32° COMISARÍA DEL TRÁNSITO.,BETARRAGA FRESCA - PAQUETE APROX. 1 K UNIDAD RM(1461402) BETARRAGA FRESCA - PAQUETE APROX. 1 K UNIDAD RM,9.0,,CLP,595.0,,
1080286-18-CM24,,2024-02-25T12:20:41Z,,,,,DIRECCION DE LOGISTICA DE CARABINEROS | SECCIÓN COMPRAS ZONA METROPOLITANA,619787005,,Región Metropolitana de Santiago,,vitalmento | vitalmento,763641724,,Región Metropolitana de Santiago,,,,,1475637,ADQUISICIÓN DE INSUMOS COMISIÓN RANCHO 32° COMISARÍA DEL TRÁNSITO.,ZAPALLO FRESCO - ITALIANO 100 UNIDADES RM(1475637) ZAPALLO FRESCO - ITALIANO 100 UNIDADES RM,70.0,,CLP,352.0,,
1080286-18-CM24,,2024-02-25T12:20:41Z,,,,,DIRECCION DE LOGISTICA DE CARABINEROS | SECCIÓN COMPRAS ZONA METROPOLITANA,619787005,,Región Metropolitana de Santiago,,vitalmento | vitalmento,763641724,,Región Metropolitana de Santiago,,,,,1467882,ADQUISICIÓN DE INSUMOS COMISIÓN RANCHO 32° COMISARÍA DEL TRÁNSITO.,LECHUGA FRESCA - COSTINA UNIDAD RM(1467882) LECHUGA FRESCA - COSTINA UNIDAD RM,30.0,,CLP,840.0,,
1080286-18-CM24,,2024-02-25T12:20:41Z,,,,,DIRECCION DE LOGISTICA DE CARABINEROS | SECCIÓN COMPRAS ZONA METROPOLITANA,619787005,,Región Metropolitana de Santiago,,vitalmento | vitalmento,763641724,,Región Metropolitana de Santiago,,,,,1468902,ADQUISICIÓN DE INSUMOS COMISIÓN RANCHO 32° COMISARÍA DEL TRÁNSITO.,MANZANA - FUJI GRANDE KILO APROX. RM(1468902) MANZANA - FUJI GRANDE KILO APROX. RM,30.0,,CLP,1695.0,,
1080286-18-CM24,,2024-02-25T12:20:41Z,,,,,DIRECCION DE LOGISTICA DE CARABINEROS | SECCIÓN COMPRAS ZONA METROPOLITANA,619787005,,Región Metropolitana de Santiago,,vitalmento | vitalmento,763641724,,Región Metropolitana de Santiago,,,,,1469277,ADQUISICIÓN DE INSUMOS COMISIÓN RANCHO 32° COMISARÍA DEL TRÁNSITO.,NARANJA - NAVEL GRANDE KILO APROX. RM(1469277) NARANJA - NAVEL GRANDE KILO APROX. RM,30.0,,CLP,1421.0,,
1080286-18-CM24,,2024-02-25T12:20:41Z,,,,,DIRECCION DE LOGISTICA DE CARABINEROS | SECCIÓN COMPRAS ZONA METROPOLITANA,619787005,,Región Metropolitana de Santiago,,vitalmento | vitalmento,763641724,,Región Metropolitana de Santiago,,,,,1471767,ADQUISICIÓN DE INSUMOS COMISIÓN RANCHO 32° COMISARÍA DEL TRÁNSITO.,PERA  - PAKAM MEDIANA KILO APROX. RM(1471767) PERA  - PAKAM MEDIANA KILO APROX. RM,30.0,,CLP,1245.0,,
1080286-18-CM24,,2024-02-25T12:20:41Z,,,,,DIRECCION DE LOGISTICA DE CARABINEROS | SECCIÓN COMPRAS ZONA METROPOLITANA,619787005,,Región Metropolitana de Santiago,,vitalmento | vitalmento,763641724,,Región Metropolitana de Santiago,,,,,1471632,ADQUISICIÓN DE INSUMOS COMISIÓN RANCHO 32° COMISARÍA DEL TRÁNSITO.,PEPINO FRESCO - ENSALADA UNIDAD RM(1471632) PEPINO FRESCO - ENSALADA UNIDAD RM,25.0,,CLP,342.0,,
1080286-18-CM24,,2024-02-25T12:20:41Z,,,,,DIRECCION DE LOGISTICA DE CARABINEROS | SECCIÓN COMPRAS ZONA METROPOLITANA,619787005,,Región Metropolitana de Santiago,,vitalmento | vitalmento,763641724,,Región Metropolitana de Santiago,,,,,1563194,ADQUISICIÓN DE INSUMOS COMISIÓN RANCHO 32° COMISARÍA DEL TRÁNSITO.,ZAPALLO FRESCO - CAMOTE PRIMERA DE GUARDA RM(1563194) ZAPALLO FRESCO - CAMOTE PRIMERA DE GUARDA RM,10.0,,CLP,910.0,,
1080286-18-CM24,,2024-02-25T12:20:41Z,,,,,DIRECCION DE LOGISTICA DE CARABINEROS | SECCIÓN COMPRAS ZONA METROPOLITANA,619787005,,Región Metropolitana de Santiago,,vitalmento | vitalmento,763641724,,Región Metropolitana de Santiago,,,,,1471992,ADQUISICIÓN DE INSUMOS COMISIÓN RANCHO 32° COMISARÍA DEL TRÁNSITO.,PIMENTON FRESCO - VERDE UNIDAD RM(1471992) PIMENTON FRESCO - VERDE UNIDAD RM,10.0,,CLP,424.0,,
1080286-18-CM24,,2024-02-25T12:20:41Z,,,,,DIRECCION DE LOGISTICA DE CARABINEROS | SECCIÓN COMPRAS ZONA METROPOLITANA,619787005,,Región Metropolitana de Santiago,,vitalmento | vitalmento,763641724,,Región Metropolitana de Santiago,,,,,1461672,ADQUISICIÓN DE INSUMOS COMISIÓN RANCHO 32° COMISARÍA DEL TRÁNSITO.,CEBOLLA FRESCA - PERLA  KILO APROX. RM(1461672) CEBOLLA FRESCA - PERLA  KILO APROX. RM,20.0,,CLP,1299.0,,
1080286-18-CM24,,2024-02-25T12:20:41Z,,,,,DIRECCION DE LOGISTICA DE CARABINEROS | SECCIÓN COMPRAS ZONA METROPOLITANA,619787005,,Región Metropolitana de Santiago,,vitalmento | vitalmento,763641724,,Región Metropolitana de Santiago,,,,,1563978,ADQUISICIÓN DE INSUMOS COMISIÓN RANCHO 32° COMISARÍA DEL TRÁNSITO.,PAPA FRESCA - PATAGONIA INIA PRIMERA KILO APROX RM(1563978) PAPA FRESCA - PATAGONIA INIA PRIMERA KILO APROX RM,120.0,,CLP,1214.0,,
1080286-18-CM24,,2024-02-25T12:20:41Z,,,,,DIRECCION DE LOGISTICA DE CARABINEROS | SECCIÓN COMPRAS ZONA METROPOLITANA,619787005,,Región Metropolitana de Santiago,,vitalmento | vitalmento,763641724,,Región Metropolitana de Santiago,,,,,1467147,ADQUISICIÓN DE INSUMOS COMISIÓN RANCHO 32° COMISARÍA DEL TRÁNSITO.,HUEVO PRIMERA 54-61 GR  - BLANCO 6 UNIDADES RM(1467147) HUEVO PRIMERA 54-61 GR  - BLANCO 6 UNIDADES RM,720.0,,CLP,266.0,,
1080286-18-CM24,,2024-02-25T12:20:41Z,,,,,DIRECCION DE LOGISTICA DE CARABINEROS | SECCIÓN COMPRAS ZONA METROPOLITANA,619787005,,Región Metropolitana de Santiago,,vitalmento | vitalmento,763641724,,Región Metropolitana de Santiago,,,,,1472007,ADQUISICIÓN DE INSUMOS COMISIÓN RANCHO 32° COMISARÍA DEL TRÁNSITO.,PIMENTON FRESCO - AMARILLO UNIDAD RM(1472007) PIMENTON FRESCO - AMARILLO UNIDAD RM,10.0,,CLP,838.0,,
1080286-18-CM24,,2024-02-25T12:20:41Z,,,,,DIRECCION DE LOGISTICA DE CARABINEROS | SECCIÓN COMPRAS ZONA METROPOLITANA,619787005,,Región Metropolitana de Santiago,,vitalmento | vitalmento,763641724,,Región Metropolitana de Santiago,,,,,1465737,ADQUISICIÓN DE INSUMOS COMISIÓN RANCHO 32° COMISARÍA DEL TRÁNSITO.,DURAZNO - PLATANO MEDIANO KILO APROX. RM(1465737) DURAZNO - PLATANO MEDIANO KILO APROX. RM,30.0,,CLP,1373.0,,
1080286-18-CM24,,2024-02-25T12:20:41Z,,,,,DIRECCION DE LOGISTICA DE CARABINEROS | SECCIÓN COMPRAS ZONA METROPOLITANA,619787005,,Región Metropolitana de Santiago,,vitalmento | vitalmento,763641724,,Región Metropolitana de Santiago,,,,,1472187,ADQUISICIÓN DE INSUMOS COMISIÓN RANCHO 32° COMISARÍA DEL TRÁNSITO.,PLATANO - PERUANO (VERDE) KILO APROX. RM(1472187) PLATANO - PERUANO (VERDE) KILO APROX. RM,30.0,,CLP,2002.0,,
1080286-18-CM24,,2024-02-25T12:20:41Z,,,,,DIRECCION DE LOGISTICA DE CARABINEROS | SECCIÓN COMPRAS ZONA METROPOLITANA,619787005,,Región Metropolitana de Santiago,,vitalmento | vitalmento,763641724,,Región Metropolitana de Santiago,,,,,1471977,ADQUISICIÓN DE INSUMOS COMISIÓN RANCHO 32° COMISARÍA DEL TRÁNSITO.,PIMENTON FRESCO - ROJO UNIDAD RM(1471977) PIMENTON FRESCO - ROJO UNIDAD RM,10.0,,CLP,597.0,,
1080286-19-CM24,,2024-02-25T12:26:21Z,,,,,DIRECCION DE LOGISTICA DE CARABINEROS | SECCIÓN COMPRAS ZONA METROPOLITANA,619787005,,Región Metropolitana de Santiago,,SERVICIOS INTEGRADOS SIDAPT LIMITADA | SERVICIOS INTEGRADOS SIDAPT LTDA,762993589,,Región Metropolitana de Santiago,,,,,1447812,ADQUISICIÓN DE INSUMOS COMISIÓN RANCHO 32° COMISARÍA DEL TRÁNSITO.,CHOCOLATE NESTLE SAHNE-NUSS BARRA 30 G UNIDAD RM(1447812) CHOCOLATE NESTLE SAHNE-NUSS BARRA 30 G UNIDAD RM,30.0,,CLP,458.0,,
1080286-19-CM24,,2024-02-25T12:26:21Z,,,,,DIRECCION DE LOGISTICA DE CARABINEROS | SECCIÓN COMPRAS ZONA METROPOLITANA,619787005,,Región Metropolitana de Santiago,,SERVICIOS INTEGRADOS SIDAPT LIMITADA | SERVICIOS INTEGRADOS SIDAPT LTDA,762993589,,Región Metropolitana de Santiago,,,,,1598289,ADQUISICIÓN DE INSUMOS COMISIÓN RANCHO 32° COMISARÍA DEL TRÁNSITO.,PULPAS PARA JUGO MACROFOOD CONCENTRADO 1+19 SABOR DURAZNOS BIDON 5 L UNIDAD RM(1598289) PULPAS PARA JUGO MACROFOOD CONCENTRADO 1+19 SABOR DURAZNOS BIDON 5 L UNIDAD RM,2.0,,CLP,10245.0,,
1080286-19-CM24,,2024-02-25T12:26:21Z,,,,,DIRECCION DE LOGISTICA DE CARABINEROS | SECCIÓN COMPRAS ZONA METROPOLITANA,619787005,,Región Metropolitana de Santiago,,SERVICIOS INTEGRADOS SIDAPT LIMITADA | SERVICIOS INTEGRADOS SIDAPT LTDA,762993589,,Región Metropolitana de Santiago,,,,,1801452,ADQUISICIÓN DE INSUMOS COMISIÓN RANCHO 32° COMISARÍA DEL TRÁNSITO.,CALDO DE POLLO TKF CONCENTRADO BOLSA 1K UNIDAD RM(1801452) CALDO DE POLLO TKF CONCENTRADO BOLSA 1K UNIDAD RM,2.0,,CLP,2899.0,,
1080286-19-CM24,,2024-02-25T12:26:21Z,,,,,DIRECCION DE LOGISTICA DE CARABINEROS | SECCIÓN COMPRAS ZONA METROPOLITANA,619787005,,Región Metropolitana de Santiago,,SERVICIOS INTEGRADOS SIDAPT LIMITADA | SERVICIOS INTEGRADOS SIDAPT LTDA,762993589,,Región Metropolitana de Santiago,,,,,1440957,ADQUISICIÓN DE INSUMOS COMISIÓN RANCHO 32° COMISARÍA DEL TRÁNSITO.,SAL LOBOS FINA BOLSA 1K UNIDAD RM(1440957) SAL LOBOS FINA BOLSA 1K UNIDAD RM,21.0,,CLP,603.0,,
1080286-19-CM24,,2024-02-25T12:26:21Z,,,,,DIRECCION DE LOGISTICA DE CARABINEROS | SECCIÓN COMPRAS ZONA METROPOLITANA,619787005,,Región Metropolitana de Santiago,,SERVICIOS INTEGRADOS SIDAPT LIMITADA | SERVICIOS INTEGRADOS SIDAPT LTDA,762993589,,Región Metropolitana de Santiago,,,,,1824132,ADQUISICIÓN DE INSUMOS COMISIÓN RANCHO 32° COMISARÍA DEL TRÁNSITO.,SALSA DE TOMATE CAROZZI POMAROLA TRIPLE CONCENTRADO 1 KG RM(1824132) SALSA DE TOMATE CAROZZI POMAROLA TRIPLE CONCENTRADO 1 KG RM,6.0,,CLP,3636.0,,
1080286-19-CM24,,2024-02-25T12:26:21Z,,,,,DIRECCION DE LOGISTICA DE CARABINEROS | SECCIÓN COMPRAS ZONA METROPOLITANA,619787005,,Región Metropolitana de Santiago,,SERVICIOS INTEGRADOS SIDAPT LIMITADA | SERVICIOS INTEGRADOS SIDAPT LTDA,762993589,,Región Metropolitana de Santiago,,,,,1505052,ADQUISICIÓN DE INSUMOS COMISIÓN RANCHO 32° COMISARÍA DEL TRÁNSITO.,MARGARINA SUREÑA LIGHT POTE 500 G UNIDAD RM(1505052) MARGARINA SUREÑA LIGHT POTE 500 G UNIDAD RM,15.0,,CLP,2749.0,,
1080286-19-CM24,,2024-02-25T12:26:21Z,,,,,DIRECCION DE LOGISTICA DE CARABINEROS | SECCIÓN COMPRAS ZONA METROPOLITANA,619787005,,Región Metropolitana de Santiago,,SERVICIOS INTEGRADOS SIDAPT LIMITADA | SERVICIOS INTEGRADOS SIDAPT LTDA,762993589,,Región Metropolitana de Santiago,,,,,1444662,ADQUISICIÓN DE INSUMOS COMISIÓN RANCHO 32° COMISARÍA DEL TRÁNSITO.,GARBANZO BANQUETE SIN PIEL BOLSA 1K UNIDAD RM(1444662) GARBANZO BANQUETE SIN PIEL BOLSA 1K UNIDAD RM,15.0,,CLP,3137.0,,
1080286-19-CM24,,2024-02-25T12:26:21Z,,,,,DIRECCION DE LOGISTICA DE CARABINEROS | SECCIÓN COMPRAS ZONA METROPOLITANA,619787005,,Región Metropolitana de Santiago,,SERVICIOS INTEGRADOS SIDAPT LIMITADA | SERVICIOS INTEGRADOS SIDAPT LTDA,762993589,,Región Metropolitana de Santiago,,,,,1448112,ADQUISICIÓN DE INSUMOS COMISIÓN RANCHO 32° COMISARÍA DEL TRÁNSITO.,GALLETA DULCE NESTLE NEGRITA BARRA 30 G UNIDAD RM(1448112) GALLETA DULCE NESTLE NEGRITA BARRA 30 G UNIDAD RM,20.0,,CLP,216.0,,
1080286-19-CM24,,2024-02-25T12:26:21Z,,,,,DIRECCION DE LOGISTICA DE CARABINEROS | SECCIÓN COMPRAS ZONA METROPOLITANA,619787005,,Región Metropolitana de Santiago,,SERVICIOS INTEGRADOS SIDAPT LIMITADA | SERVICIOS INTEGRADOS SIDAPT LTDA,762993589,,Región Metropolitana de Santiago,,,,,1448097,ADQUISICIÓN DE INSUMOS COMISIÓN RANCHO 32° COMISARÍA DEL TRÁNSITO.,GALLETA DULCE NESTLE SUPER 8 BOLSA 29 G UNIDAD RM(1448097) GALLETA DULCE NESTLE SUPER 8 BOLSA 29 G UNIDAD RM,24.0,,CLP,230.0,,
1080286-19-CM24,,2024-02-25T12:26:21Z,,,,,DIRECCION DE LOGISTICA DE CARABINEROS | SECCIÓN COMPRAS ZONA METROPOLITANA,619787005,,Región Metropolitana de Santiago,,SERVICIOS INTEGRADOS SIDAPT LIMITADA | SERVICIOS INTEGRADOS SIDAPT LTDA,762993589,,Región Metropolitana de Santiago,,,,,1451502,ADQUISICIÓN DE INSUMOS COMISIÓN RANCHO 32° COMISARÍA DEL TRÁNSITO.,GALLETA DULCE COSTA FRAC CLASICA BOLSA 130 G UNIDAD RM(1451502) GALLETA DULCE COSTA FRAC CLASICA BOLSA 130 G UNIDAD RM,30.0,,CLP,490.0,,
1080286-19-CM24,,2024-02-25T12:26:21Z,,,,,DIRECCION DE LOGISTICA DE CARABINEROS | SECCIÓN COMPRAS ZONA METROPOLITANA,619787005,,Región Metropolitana de Santiago,,SERVICIOS INTEGRADOS SIDAPT LIMITADA | SERVICIOS INTEGRADOS SIDAPT LTDA,762993589,,Región Metropolitana de Santiago,,,,,1451667,ADQUISICIÓN DE INSUMOS COMISIÓN RANCHO 32° COMISARÍA DEL TRÁNSITO.,GALLETA DULCE COSTA GRETEL CHOCOLATE BOLSA 85 G UNIDAD RM(1451667) GALLETA DULCE COSTA GRETEL CHOCOLATE BOLSA 85 G UNIDAD RM,30.0,,CLP,925.0,,
1080286-19-CM24,,2024-02-25T12:26:21Z,,,,,DIRECCION DE LOGISTICA DE CARABINEROS | SECCIÓN COMPRAS ZONA METROPOLITANA,619787005,,Región Metropolitana de Santiago,,SERVICIOS INTEGRADOS SIDAPT LIMITADA | SERVICIOS INTEGRADOS SIDAPT LTDA,762993589,,Región Metropolitana de Santiago,,,,,1451607,ADQUISICIÓN DE INSUMOS COMISIÓN RANCHO 32° COMISARÍA DEL TRÁNSITO.,GALLETA DULCE COSTA OBSESION BOLSA 85 G  UNIDAD RM(1451607) GALLETA DULCE COSTA OBSESION BOLSA 85 G  UNIDAD RM,30.0,,CLP,905.0,,
1080286-19-CM24,,2024-02-25T12:26:21Z,,,,,DIRECCION DE LOGISTICA DE CARABINEROS | SECCIÓN COMPRAS ZONA METROPOLITANA,619787005,,Región Metropolitana de Santiago,,SERVICIOS INTEGRADOS SIDAPT LIMITADA | SERVICIOS INTEGRADOS SIDAPT LTDA,762993589,,Región Metropolitana de Santiago,,,,,1451547,ADQUISICIÓN DE INSUMOS COMISIÓN RANCHO 32° COMISARÍA DEL TRÁNSITO.,GALLETA DULCE COSTA TUAREG COCO BOLSA 120 G UNIDAD RM(1451547) GALLETA DULCE COSTA TUAREG COCO BOLSA 120 G UNIDAD RM,30.0,,CLP,572.0,,
1080286-19-CM24,,2024-02-25T12:26:21Z,,,,,DIRECCION DE LOGISTICA DE CARABINEROS | SECCIÓN COMPRAS ZONA METROPOLITANA,619787005,,Región Metropolitana de Santiago,,SERVICIOS INTEGRADOS SIDAPT LIMITADA | SERVICIOS INTEGRADOS SIDAPT LTDA,762993589,,Región Metropolitana de Santiago,,,,,1433997,ADQUISICIÓN DE INSUMOS COMISIÓN RANCHO 32° COMISARÍA DEL TRÁNSITO.,MANJAR SOPROLE BOLSA 1K UNIDAD RM(1433997) MANJAR SOPROLE BOLSA 1K UNIDAD RM,3.0,,CLP,4021.0,,
1080286-19-CM24,,2024-02-25T12:26:21Z,,,,,DIRECCION DE LOGISTICA DE CARABINEROS | SECCIÓN COMPRAS ZONA METROPOLITANA,619787005,,Región Metropolitana de Santiago,,SERVICIOS INTEGRADOS SIDAPT LIMITADA | SERVICIOS INTEGRADOS SIDAPT LTDA,762993589,,Región Metropolitana de Santiago,,,,,1451802,ADQUISICIÓN DE INSUMOS COMISIÓN RANCHO 32° COMISARÍA DEL TRÁNSITO.,ACEITE MARAVILLA MIRAFLORES BOTELLA 1 L UNIDAD RM(1451802) ACEITE MARAVILLA MIRAFLORES BOTELLA 1 L UNIDAD RM,24.0,,CLP,3799.0,,
1080286-19-CM24,,2024-02-25T12:26:21Z,,,,,DIRECCION DE LOGISTICA DE CARABINEROS | SECCIÓN COMPRAS ZONA METROPOLITANA,619787005,,Región Metropolitana de Santiago,,SERVICIOS INTEGRADOS SIDAPT LIMITADA | SERVICIOS INTEGRADOS SIDAPT LTDA,762993589,,Región Metropolitana de Santiago,,,,,1451892,ADQUISICIÓN DE INSUMOS COMISIÓN RANCHO 32° COMISARÍA DEL TRÁNSITO.,ARROZ PRE GRANEADO MIRAFLORES GRADO 1 BOLSA 1K UNIDAD RM(1451892) ARROZ PRE GRANEADO MIRAFLORES GRADO 1 BOLSA 1K UNIDAD RM,71.0,,CLP,1524.0,,
1080286-19-CM24,,2024-02-25T12:26:21Z,,,,,DIRECCION DE LOGISTICA DE CARABINEROS | SECCIÓN COMPRAS ZONA METROPOLITANA,619787005,,Región Metropolitana de Santiago,,SERVICIOS INTEGRADOS SIDAPT LIMITADA | SERVICIOS INTEGRADOS SIDAPT LTDA,762993589,,Región Metropolitana de Santiago,,,,,1446897,ADQUISICIÓN DE INSUMOS COMISIÓN RANCHO 32° COMISARÍA DEL TRÁNSITO.,AZUCAR DAMA BLANCA BLANCA GRANULADA BOLSA 1K UNIDAD RM(1446897) AZUCAR DAMA BLANCA BLANCA GRANULADA BOLSA 1K UNIDAD RM,10.0,,CLP,1482.0,,
1080286-19-CM24,,2024-02-25T12:26:21Z,,,,,DIRECCION DE LOGISTICA DE CARABINEROS | SECCIÓN COMPRAS ZONA METROPOLITANA,619787005,,Región Metropolitana de Santiago,,SERVICIOS INTEGRADOS SIDAPT LIMITADA | SERVICIOS INTEGRADOS SIDAPT LTDA,762993589,,Región Metropolitana de Santiago,,,,,1563197,ADQUISICIÓN DE INSUMOS COMISIÓN RANCHO 32° COMISARÍA DEL TRÁNSITO.,"CAFE SACHET GOLD STICK 1,8 G CAJA 96 UNIDADES RM(1563197) CAFE SACHET GOLD STICK 1,8 G CAJA 96 UNIDADES RM",3.0,,CLP,8173.0,,
1080286-19-CM24,,2024-02-25T12:26:21Z,,,,,DIRECCION DE LOGISTICA DE CARABINEROS | SECCIÓN COMPRAS ZONA METROPOLITANA,619787005,,Región Metropolitana de Santiago,,SERVICIOS INTEGRADOS SIDAPT LIMITADA | SERVICIOS INTEGRADOS SIDAPT LTDA,762993589,,Región Metropolitana de Santiago,,,,,1442592,ADQUISICIÓN DE INSUMOS COMISIÓN RANCHO 32° COMISARÍA DEL TRÁNSITO.,DULCE DE MEMBRILLO WATT´S PAQUETE 1 K UNIDAD RM(1442592) DULCE DE MEMBRILLO WATT´S PAQUETE 1 K UNIDAD RM,4.0,,CLP,3378.0,,
1080286-19-CM24,,2024-02-25T12:26:21Z,,,,,DIRECCION DE LOGISTICA DE CARABINEROS | SECCIÓN COMPRAS ZONA METROPOLITANA,619787005,,Región Metropolitana de Santiago,,SERVICIOS INTEGRADOS SIDAPT LIMITADA | SERVICIOS INTEGRADOS SIDAPT LTDA,762993589,,Región Metropolitana de Santiago,,,,,1449582,ADQUISICIÓN DE INSUMOS COMISIÓN RANCHO 32° COMISARÍA DEL TRÁNSITO.,ESPIRALES CAROZZI BOLSA 1K UNIDAD RM(1449582) ESPIRALES CAROZZI BOLSA 1K UNIDAD RM,12.0,,CLP,2360.0,,
1080286-19-CM24,,2024-02-25T12:26:21Z,,,,,DIRECCION DE LOGISTICA DE CARABINEROS | SECCIÓN COMPRAS ZONA METROPOLITANA,619787005,,Región Metropolitana de Santiago,,SERVICIOS INTEGRADOS SIDAPT LIMITADA | SERVICIOS INTEGRADOS SIDAPT LTDA,762993589,,Región Metropolitana de Santiago,,,,,1433487,ADQUISICIÓN DE INSUMOS COMISIÓN RANCHO 32° COMISARÍA DEL TRÁNSITO.,JUGO DE LIMON TRAVERSO SUCEDANEO BOTELLA 1 L UNIDAD RM(1433487) JUGO DE LIMON TRAVERSO SUCEDANEO BOTELLA 1 L UNIDAD RM,10.0,,CLP,1550.0,,
1080286-19-CM24,,2024-02-25T12:26:21Z,,,,,DIRECCION DE LOGISTICA DE CARABINEROS | SECCIÓN COMPRAS ZONA METROPOLITANA,619787005,,Región Metropolitana de Santiago,,SERVICIOS INTEGRADOS SIDAPT LIMITADA | SERVICIOS INTEGRADOS SIDAPT LTDA,762993589,,Región Metropolitana de Santiago,,,,,1441842,ADQUISICIÓN DE INSUMOS COMISIÓN RANCHO 32° COMISARÍA DEL TRÁNSITO.,LECHE EN POLVO DESCREMADA SIN LACTOSA LONCO LECHE INSTANTANEA BOLSA 800 G UNIDAD RM(1441842) LECHE EN POLVO DESCREMADA SIN LACTOSA LONCO LECHE INSTANTANEA BOLSA 800 G UNIDAD RM,3.0,,CLP,13249.0,,
1080286-19-CM24,,2024-02-25T12:26:21Z,,,,,DIRECCION DE LOGISTICA DE CARABINEROS | SECCIÓN COMPRAS ZONA METROPOLITANA,619787005,,Región Metropolitana de Santiago,,SERVICIOS INTEGRADOS SIDAPT LIMITADA | SERVICIOS INTEGRADOS SIDAPT LTDA,762993589,,Región Metropolitana de Santiago,,,,,1444677,ADQUISICIÓN DE INSUMOS COMISIÓN RANCHO 32° COMISARÍA DEL TRÁNSITO.,LENTEJA BANQUETE 6 MM BOLSA 1K UNIDAD RM(1444677) LENTEJA BANQUETE 6 MM BOLSA 1K UNIDAD RM,10.0,,CLP,2350.0,,
1080286-19-CM24,,2024-02-25T12:26:21Z,,,,,DIRECCION DE LOGISTICA DE CARABINEROS | SECCIÓN COMPRAS ZONA METROPOLITANA,619787005,,Región Metropolitana de Santiago,,SERVICIOS INTEGRADOS SIDAPT LIMITADA | SERVICIOS INTEGRADOS SIDAPT LTDA,762993589,,Región Metropolitana de Santiago,,,,,1885099,ADQUISICIÓN DE INSUMOS COMISIÓN RANCHO 32° COMISARÍA DEL TRÁNSITO.,MAYONESA CAROZZI 1 KILO RM(1885099) MAYONESA CAROZZI 1 KILO RM,6.0,,CLP,2977.0,,
1080286-19-CM24,,2024-02-25T12:26:21Z,,,,,DIRECCION DE LOGISTICA DE CARABINEROS | SECCIÓN COMPRAS ZONA METROPOLITANA,619787005,,Región Metropolitana de Santiago,,SERVICIOS INTEGRADOS SIDAPT LIMITADA | SERVICIOS INTEGRADOS SIDAPT LTDA,762993589,,Región Metropolitana de Santiago,,,,,1435707,ADQUISICIÓN DE INSUMOS COMISIÓN RANCHO 32° COMISARÍA DEL TRÁNSITO.,LECHE LIQUIDA DESCREMADA SIN LACTOSA SURLAT NATURAL CAJA 1 L UNIDAD RM(1435707) LECHE LIQUIDA DESCREMADA SIN LACTOSA SURLAT NATURAL CAJA 1 L UNIDAD RM,60.0,,CLP,1429.0,,
1080286-19-CM24,,2024-02-25T12:26:21Z,,,,,DIRECCION DE LOGISTICA DE CARABINEROS | SECCIÓN COMPRAS ZONA METROPOLITANA,619787005,,Región Metropolitana de Santiago,,SERVICIOS INTEGRADOS SIDAPT LIMITADA | SERVICIOS INTEGRADOS SIDAPT LTDA,762993589,,Región Metropolitana de Santiago,,,,,1449522,ADQUISICIÓN DE INSUMOS COMISIÓN RANCHO 32° COMISARÍA DEL TRÁNSITO.,CORBATAS CAROZZI BOLSA 1K UNIDAD RM(1449522) CORBATAS CAROZZI BOLSA 1K UNIDAD RM,24.0,,CLP,2397.0,,
1080286-19-CM24,,2024-02-25T12:26:21Z,,,,,DIRECCION DE LOGISTICA DE CARABINEROS | SECCIÓN COMPRAS ZONA METROPOLITANA,619787005,,Región Metropolitana de Santiago,,SERVICIOS INTEGRADOS SIDAPT LIMITADA | SERVICIOS INTEGRADOS SIDAPT LTDA,762993589,,Región Metropolitana de Santiago,,,,,1493082,ADQUISICIÓN DE INSUMOS COMISIÓN RANCHO 32° COMISARÍA DEL TRÁNSITO.,CHOCOLATE SNICKERS BOLSA 53 G UNIDAD RM(1493082) CHOCOLATE SNICKERS BOLSA 53 G UNIDAD RM,48.0,,CLP,893.0,,
1080286-19-CM24,,2024-02-25T12:26:21Z,,,,,DIRECCION DE LOGISTICA DE CARABINEROS | SECCIÓN COMPRAS ZONA METROPOLITANA,619787005,,Región Metropolitana de Santiago,,SERVICIOS INTEGRADOS SIDAPT LIMITADA | SERVICIOS INTEGRADOS SIDAPT LTDA,762993589,,Región Metropolitana de Santiago,,,,,1562494,ADQUISICIÓN DE INSUMOS COMISIÓN RANCHO 32° COMISARÍA DEL TRÁNSITO.,PURE INSTANTANEO HOFFMANN FORMULA COMPLETA BOLSA 1K UNIDAD RM(1562494) PURE INSTANTANEO HOFFMANN FORMULA COMPLETA BOLSA 1K UNIDAD RM,6.0,,CLP,5590.0,,
1110404-16-CM24,,2024-01-31T13:22:40Z,,,,,SERVICIO LOCAL DE EDUCACION DE CHINCHORRO | SLEPCH - EE - Programa 02,620006602,,Región de Arica y Parinacota,,COMERCIALIZADORA NEUMACLICK SPA | NEUMACLICK,764208633,,Región Metropolitana de Santiago,,,,,1913688,MRA-SC2046-PALAS Y PAPEL HIGIENICO-ESTABLECIMIENTOS EDUCACIONALES-SUBV GRAL.,PALA DE ASEO VIRUTEX PRO PLÁSTICA MANGO LARGO 90 CM UNIDAD REGIÓN XV(1913688) PALA DE ASEO VIRUTEX PRO PLÁSTICA MANGO LARGO 90 CM UNIDAD REGIÓN XV,1151.0,,CLP,1720.0,,
1110404-16-CM24,,2024-01-31T13:22:40Z,,,,,SERVICIO LOCAL DE EDUCACION DE CHINCHORRO | SLEPCH - EE - Programa 02,620006602,,Región de Arica y Parinacota,,COMERCIALIZADORA NEUMACLICK SPA | NEUMACLICK,764208633,,Región Metropolitana de Santiago,,,,,1921508,MRA-SC2046-PALAS Y PAPEL HIGIENICO-ESTABLECIMIENTOS EDUCACIONALES-SUBV GRAL.,PAPEL HIGIÉNICO TECNOPAPEL ALTO METRAJE HOJA SIMPLE 4 ROLLOS 500 M 1 PAQUETE REGIÓN XV(1921508) PAPEL HIGIÉNICO TECNOPAPEL ALTO METRAJE HOJA SIMPLE 4 ROLLOS 500 M 1 PAQUETE REGIÓN XV,5355.0,,CLP,7558.0,,
1161266-138-CM24,,2024-01-31T16:39:42Z,,,,,I MUNICIPALIDAD DE TUCAPEL | Adquisiciones Contratos y Licitaciones,691418006,,Región del Biobío ,,GASCO GLP S A | GASCO GLP - DIVISION SUR,965687408,,Región Metropolitana de Santiago,,,,,1944955,ADQUISICIÓN CARGAS DE GAS PARA EL SERVICIO DE BIENESTAR MUNICIPAL,GAS LICUADO CILINDRO MEDIANTE VALE DE RECARGA 11 KG VIII REGIÓN(1944955) GAS LICUADO CILINDRO MEDIANTE VALE DE RECARGA 11 KG VIII REGIÓN,5.0,,CLP,8778.0,,
1161266-138-CM24,,2024-01-31T16:39:42Z,,,,,I MUNICIPALIDAD DE TUCAPEL | Adquisiciones Contratos y Licitaciones,691418006,,Región del Biobío ,,GASCO GLP S A | GASCO GLP - DIVISION SUR,965687408,,Región Metropolitana de Santiago,,,,,1944972,ADQUISICIÓN CARGAS DE GAS PARA EL SERVICIO DE BIENESTAR MUNICIPAL,GAS LICUADO CILINDRO MEDIANTE VALE DE RECARGA 15 KG VIII REGIÓN(1944972) GAS LICUADO CILINDRO MEDIANTE VALE DE RECARGA 15 KG VIII REGIÓN,51.0,,CLP,10337.0,,
1161266-138-CM24,,2024-01-31T16:39:42Z,,,,,I MUNICIPALIDAD DE TUCAPEL | Adquisiciones Contratos y Licitaciones,691418006,,Región del Biobío ,,GASCO GLP S A | GASCO GLP - DIVISION SUR,965687408,,Región Metropolitana de Santiago,,,,,1944989,ADQUISICIÓN CARGAS DE GAS PARA EL SERVICIO DE BIENESTAR MUNICIPAL,GAS LICUADO CILINDRO MEDIANTE VALE DE RECARGA 45 KG VIII REGIÓN(1944989) GAS LICUADO CILINDRO MEDIANTE VALE DE RECARGA 45 KG VIII REGIÓN,3.0,,CLP,34149.0,,
1161266-138-CM24,,2024-01-31T16:39:42Z,,,,,I MUNICIPALIDAD DE TUCAPEL | Adquisiciones Contratos y Licitaciones,691418006,,Región del Biobío ,,GASCO GLP S A | GASCO GLP - DIVISION SUR,965687408,,Región Metropolitana de Santiago,,,,,1944938,ADQUISICIÓN CARGAS DE GAS PARA EL SERVICIO DE BIENESTAR MUNICIPAL,GAS LICUADO CILINDRO MEDIANTE VALE DE RECARGA 5 KG VIII REGIÓN(1944938) GAS LICUADO CILINDRO MEDIANTE VALE DE RECARGA 5 KG VIII REGIÓN,3.0,,CLP,4606.0,,
1177296-61-CM24,,2024-01-30T17:10:03Z,,,,,SERVICIO NACIONAL DE PROTECCIÓN ESPECIALIZADA A LA NIÑEZ Y ADOLESCENCI | Dirección Nacional,620008907,,Región Metropolitana de Santiago,,AGENCIA DE VIAJES TURAVION SPA | Turavion SpA,809894002,,Región Metropolitana de Santiago,,,,,1849200,PASAJE IDA REGRESO PUNTA ARENAS VALENZUELA ARAVENA,PASAJE AÉREO(1849200) PASAJE AÉREO,1.0,,CLP,263980.0,,
1177296-61-CM24,,2024-01-30T17:10:03Z,,,,,SERVICIO NACIONAL DE PROTECCIÓN ESPECIALIZADA A LA NIÑEZ Y ADOLESCENCI | Dirección Nacional,620008907,,Región Metropolitana de Santiago,,AGENCIA DE VIAJES TURAVION SPA | Turavion SpA,809894002,,Región Metropolitana de Santiago,,,,,1849200,PASAJE IDA REGRESO PUNTA ARENAS VALENZUELA ARAVENA,PASAJE AÉREO(1849200) PASAJE AÉREO,1.0,,CLP,263980.0,,
1177296-61-CM24,,2024-01-30T17:10:03Z,,,,,SERVICIO NACIONAL DE PROTECCIÓN ESPECIALIZADA A LA NIÑEZ Y ADOLESCENCI | Dirección Nacional,620008907,,Región Metropolitana de Santiago,,AGENCIA DE VIAJES TURAVION SPA | Turavion SpA,809894002,,Región Metropolitana de Santiago,,,,,1849900,PASAJE IDA REGRESO PUNTA ARENAS VALENZUELA ARAVENA,TASA DE EMBARQUE(1849900) TASA DE EMBARQUE,1.0,,CLP,73200.0,,
1186229-29-CM24,,2024-01-29T12:37:37Z,,,,,SERVICIO DE REGISTRO CIVIL E IDENTIFICACION | Unidad de Compras Nivel Central,610020003,,Región Metropolitana de Santiago,,AGENCIA DE VIAJES TURAVION SPA | Turavion SpA,809894002,,Región Metropolitana de Santiago,,,,,1849200,"Pasajes Santiago/La Serena / ida Alejandro Rabuco S, P Ciudadana. / ELV.",PASAJE AÉREO(1849200) PASAJE AÉREO,1.0,,CLP,83270.0,,
1186229-29-CM24,,2024-01-29T12:37:37Z,,,,,SERVICIO DE REGISTRO CIVIL E IDENTIFICACION | Unidad de Compras Nivel Central,610020003,,Región Metropolitana de Santiago,,AGENCIA DE VIAJES TURAVION SPA | Turavion SpA,809894002,,Región Metropolitana de Santiago,,,,,1849900,"Pasajes Santiago/La Serena / ida Alejandro Rabuco S, P Ciudadana. / ELV.",TASA DE EMBARQUE(1849900) TASA DE EMBARQUE,1.0,,CLP,7224.0,,
1186229-31-CM24,,2024-01-29T12:36:21Z,,,,,SERVICIO DE REGISTRO CIVIL E IDENTIFICACION | Unidad de Compras Nivel Central,610020003,,Región Metropolitana de Santiago,,AGENCIA DE VIAJES TURAVION SPA | Turavion SpA,809894002,,Región Metropolitana de Santiago,,,,,1849200,"Pasajes Puerto Montt/ Santiago / ida Alejandro Rabuco S, P Ciudadana. / ELV.",PASAJE AÉREO(1849200) PASAJE AÉREO,1.0,,CLP,93990.0,,
1186229-31-CM24,,2024-01-29T12:36:21Z,,,,,SERVICIO DE REGISTRO CIVIL E IDENTIFICACION | Unidad de Compras Nivel Central,610020003,,Región Metropolitana de Santiago,,AGENCIA DE VIAJES TURAVION SPA | Turavion SpA,809894002,,Región Metropolitana de Santiago,,,,,1849900,"Pasajes Puerto Montt/ Santiago / ida Alejandro Rabuco S, P Ciudadana. / ELV.",TASA DE EMBARQUE(1849900) TASA DE EMBARQUE,1.0,,CLP,18156.0,,
1227338-8-CM24,,2024-02-23T13:05:17Z,,,,,CORPORACION CULTURAL DE PENALOLEN | Administración y finanzas,722561007,,Región Metropolitana de Santiago,,ESMAX DISTRIBUCION LIMITADA | ESMAX DISTRIBUCION SPA,795888705,,Región de Atacama ,,,,,1944438,Carga Tarjeta Combustible: 1227338-8-CM24,ESTACIÓN DE SERVICIO DIESEL REGIÓN METROPOLITANA DESCUENTO PESOS POR LITRO(1944438) ESTACIÓN DE SERVICIO DIESEL REGIÓN METROPOLITANA DESCUENTO PESOS POR LITRO,1.0,,CLP,2000000.0,,
1260057-99-CM24,,2024-02-14T09:47:47Z,,,,,SERVICIO NACIONAL DE SALUD HOSPITAL DE P | Bienes y Servicios,616021214,,Región Metropolitana de Santiago,,PROVEEDORES INTEGRALES PRISA S A | PRISA S A. - sucursal,965569405,,Región Metropolitana de Santiago,,,,,1918456,COMPRA ARTICULOS DE ASEO,PAÑO ABSORBENTE MULTIUSO VIRUTEX PRO RESISTENTE AL CLORO PAQUETE DE UNIDAD REGIÓN RM(1918456) PAÑO ABSORBENTE MULTIUSO VIRUTEX PRO RESISTENTE AL CLORO PAQUETE DE UNIDAD REGIÓN RM,400.0,,CLP,237.0,,
1260057-99-CM24,,2024-02-14T09:47:47Z,,,,,SERVICIO NACIONAL DE SALUD HOSPITAL DE P | Bienes y Servicios,616021214,,Región Metropolitana de Santiago,,PROVEEDORES INTEGRALES PRISA S A | PRISA S A. - sucursal,965569405,,Región Metropolitana de Santiago,,,,,1898260,COMPRA ARTICULOS DE ASEO,DESENGRASANTE COCINA TREMEX ANTIGRASA C/PULVERIZADOR 500 ML UNIDAD REGIÓN RM(1898260) DESENGRASANTE COCINA TREMEX ANTIGRASA C/PULVERIZADOR 500 ML UNIDAD REGIÓN RM,60.0,,CLP,1900.0,,
1260057-99-CM24,,2024-02-14T09:47:47Z,,,,,SERVICIO NACIONAL DE SALUD HOSPITAL DE P | Bienes y Servicios,616021214,,Región Metropolitana de Santiago,,PROVEEDORES INTEGRALES PRISA S A | PRISA S A. - sucursal,965569405,,Región Metropolitana de Santiago,,,,,1931416,COMPRA ARTICULOS DE ASEO,DESINFECTANTE SUPERFICIES EN AEROSOL IGENIX ANTIBACTERIAL 360 ML UNIDAD REGIÓN RM(1931416) DESINFECTANTE SUPERFICIES EN AEROSOL IGENIX ANTIBACTERIAL 360 ML UNIDAD REGIÓN RM,100.0,,CLP,1476.0,,
1260057-99-CM24,,2024-02-14T09:47:47Z,,,,,SERVICIO NACIONAL DE SALUD HOSPITAL DE P | Bienes y Servicios,616021214,,Región Metropolitana de Santiago,,PROVEEDORES INTEGRALES PRISA S A | PRISA S A. - sucursal,965569405,,Región Metropolitana de Santiago,,,,,1898430,COMPRA ARTICULOS DE ASEO,DESINFECTANTE SUPERFICIES EN AEROSOL IGENIX ANTIBACTERIAL 420 ML UNIDAD REGIÓN RM(1898430) DESINFECTANTE SUPERFICIES EN AEROSOL IGENIX ANTIBACTERIAL 420 ML UNIDAD REGIÓN RM,100.0,,CLP,1797.0,,
1260057-99-CM24,,2024-02-14T09:47:47Z,,,,,SERVICIO NACIONAL DE SALUD HOSPITAL DE P | Bienes y Servicios,616021214,,Región Metropolitana de Santiago,,PROVEEDORES INTEGRALES PRISA S A | PRISA S A. - sucursal,965569405,,Región Metropolitana de Santiago,,,,,1898515,COMPRA ARTICULOS DE ASEO,DESODORANTE AMBIENTAL AROM AEROSOL 360 CC LAVANDA UNIDAD REGIÓN RM(1898515) DESODORANTE AMBIENTAL AROM AEROSOL 360 CC LAVANDA UNIDAD REGIÓN RM,30.0,,CLP,1196.0,,
1260057-99-CM24,,2024-02-14T09:47:47Z,,,,,SERVICIO NACIONAL DE SALUD HOSPITAL DE P | Bienes y Servicios,616021214,,Región Metropolitana de Santiago,,PROVEEDORES INTEGRALES PRISA S A | PRISA S A. - sucursal,965569405,,Región Metropolitana de Santiago,,,,,1898549,COMPRA ARTICULOS DE ASEO,DESODORANTE AMBIENTAL AROM AEROSOL 360 CC VAINILLA UNIDAD REGIÓN RM(1898549) DESODORANTE AMBIENTAL AROM AEROSOL 360 CC VAINILLA UNIDAD REGIÓN RM,30.0,,CLP,1129.0,,
1260057-99-CM24,,2024-02-14T09:47:47Z,,,,,SERVICIO NACIONAL DE SALUD HOSPITAL DE P | Bienes y Servicios,616021214,,Región Metropolitana de Santiago,,PROVEEDORES INTEGRALES PRISA S A | PRISA S A. - sucursal,965569405,,Región Metropolitana de Santiago,,,,,1890406,COMPRA ARTICULOS DE ASEO,BOLSA DE BASURA TREMEX PEQUEÑA 50X70 30 L ROLLO X 10 UNIDADES REGIÓN RM(1890406) BOLSA DE BASURA TREMEX PEQUEÑA 50X70 30 L ROLLO X 10 UNIDADES REGIÓN RM,600.0,,CLP,419.0,,
1260057-99-CM24,,2024-02-14T09:47:47Z,,,,,SERVICIO NACIONAL DE SALUD HOSPITAL DE P | Bienes y Servicios,616021214,,Región Metropolitana de Santiago,,PROVEEDORES INTEGRALES PRISA S A | PRISA S A. - sucursal,965569405,,Región Metropolitana de Santiago,,,,,1923981,COMPRA ARTICULOS DE ASEO,TOALLA DE PAPEL ELITE PROFESSIONAL DOBLE HOJA 200 M 2 ROLLOS REGIÓN RM(1923981) TOALLA DE PAPEL ELITE PROFESSIONAL DOBLE HOJA 200 M 2 ROLLOS REGIÓN RM,120.0,,CLP,6815.0,,
1270172-5-CM24,,2024-02-14T09:47:47Z,,,,,Corporación Municipal de Deportes y Recreación Panguipulli | Corporación Municipal de Deportes y Recreación Panguipulli,65029257K,,Región de Los Ríos,,ABASTIBLE S.A. | ABASTIBLE S.A.,918060006,,Región de Atacama ,,,,,1945012,Orden de Compra: 1270172-5-CM24,GAS LICUADO GRANEL LITRO XIV REGIÓN(1945012) GAS LICUADO GRANEL LITRO XIV REGIÓN,1000.0,,CLP,352.0,,
1272221-11-CM24,,2024-02-14T09:47:47Z,,,,,DIRECCION GENERAL DE GENDARMERIA DE CHIL | Economato CDP Puente Alto,619635000,,Región Metropolitana de Santiago,,LA OFERTA COMERCIAL LTDA. | La Oferta,965321209,,Región Metropolitana de Santiago,,,,,1453737,ECONOMATO C.D.P PTE. ALTO ADQ. ABARROTES PARA LA VENTA.,CARAMELO AMBROSOLI COYAC PIN POP CON CHICLE BOLSA 432 G UNIDAD RM(1453737) CARAMELO AMBROSOLI COYAC PIN POP CON CHICLE BOLSA 432 G UNIDAD RM,360.0,,CLP,1763.0,,
1272221-11-CM24,,2024-02-14T09:47:47Z,,,,,DIRECCION GENERAL DE GENDARMERIA DE CHIL | Economato CDP Puente Alto,619635000,,Región Metropolitana de Santiago,,LA OFERTA COMERCIAL LTDA. | La Oferta,965321209,,Región Metropolitana de Santiago,,,,,1448097,ECONOMATO C.D.P PTE. ALTO ADQ. ABARROTES PARA LA VENTA.,GALLETA DULCE NESTLE SUPER 8 BOLSA 29 G UNIDAD RM(1448097) GALLETA DULCE NESTLE SUPER 8 BOLSA 29 G UNIDAD RM,4800.0,,CLP,203.0,,
1272221-11-CM24,,2024-02-14T09:47:47Z,,,,,DIRECCION GENERAL DE GENDARMERIA DE CHIL | Economato CDP Puente Alto,619635000,,Región Metropolitana de Santiago,,LA OFERTA COMERCIAL LTDA. | La Oferta,965321209,,Región Metropolitana de Santiago,,,,,1453782,ECONOMATO C.D.P PTE. ALTO ADQ. ABARROTES PARA LA VENTA.,CHOCOLATE AMBROSOLI ORLY BERRIES BARRA 120 G UNIDAD RM(1453782) CHOCOLATE AMBROSOLI ORLY BERRIES BARRA 120 G UNIDAD RM,900.0,,CLP,920.0,,
1272221-11-CM24,,2024-02-14T09:47:47Z,,,,,DIRECCION GENERAL DE GENDARMERIA DE CHIL | Economato CDP Puente Alto,619635000,,Región Metropolitana de Santiago,,LA OFERTA COMERCIAL LTDA. | La Oferta,965321209,,Región Metropolitana de Santiago,,,,,1451322,ECONOMATO C.D.P PTE. ALTO ADQ. ABARROTES PARA LA VENTA.,CHOCOLATE COSTA VIZZIO MIX CAJA 120 G UNIDAD RM(1451322) CHOCOLATE COSTA VIZZIO MIX CAJA 120 G UNIDAD RM,680.0,,CLP,1382.0,,
1272221-11-CM24,,2024-02-14T09:47:47Z,,,,,DIRECCION GENERAL DE GENDARMERIA DE CHIL | Economato CDP Puente Alto,619635000,,Región Metropolitana de Santiago,,LA OFERTA COMERCIAL LTDA. | La Oferta,965321209,,Región Metropolitana de Santiago,,,,,1447872,ECONOMATO C.D.P PTE. ALTO ADQ. ABARROTES PARA LA VENTA.,CHOCOLATE NESTLE SAHNE-NUSS BARRA 14 G UNIDAD RM(1447872) CHOCOLATE NESTLE SAHNE-NUSS BARRA 14 G UNIDAD RM,4800.0,,CLP,175.0,,
1272221-11-CM24,,2024-02-14T09:47:47Z,,,,,DIRECCION GENERAL DE GENDARMERIA DE CHIL | Economato CDP Puente Alto,619635000,,Región Metropolitana de Santiago,,LA OFERTA COMERCIAL LTDA. | La Oferta,965321209,,Región Metropolitana de Santiago,,,,,1453062,ECONOMATO C.D.P PTE. ALTO ADQ. ABARROTES PARA LA VENTA.,AGUA MINERAL CON GAS BENEDICTINO BOTELLA 500 CC UNIDAD RM(1453062) AGUA MINERAL CON GAS BENEDICTINO BOTELLA 500 CC UNIDAD RM,4800.0,,CLP,346.0,,
1272221-11-CM24,,2024-02-14T09:47:47Z,,,,,DIRECCION GENERAL DE GENDARMERIA DE CHIL | Economato CDP Puente Alto,619635000,,Región Metropolitana de Santiago,,LA OFERTA COMERCIAL LTDA. | La Oferta,965321209,,Región Metropolitana de Santiago,,,,,1451547,ECONOMATO C.D.P PTE. ALTO ADQ. ABARROTES PARA LA VENTA.,GALLETA DULCE COSTA TUAREG COCO BOLSA 120 G UNIDAD RM(1451547) GALLETA DULCE COSTA TUAREG COCO BOLSA 120 G UNIDAD RM,3500.0,,CLP,459.0,,
1272223-20-CM24,,2024-01-29T16:37:35Z,,,,,DIRECCION GENERAL DE GENDARMERIA DE CHIL | Economato CCP Colina I,650201086,,Región Metropolitana de Santiago,,LA OFERTA COMERCIAL LTDA. | La Oferta,965321209,,Región Metropolitana de Santiago,,,,,1453062,ECONOMATO C.C.P. COLINA I - ABASTECIMIENTO KIOSCOS,AGUA MINERAL CON GAS BENEDICTINO BOTELLA 500 CC UNIDAD RM(1453062) AGUA MINERAL CON GAS BENEDICTINO BOTELLA 500 CC UNIDAD RM,3600.0,,CLP,346.0,,
1272223-20-CM24,,2024-01-29T16:37:35Z,,,,,DIRECCION GENERAL DE GENDARMERIA DE CHIL | Economato CCP Colina I,650201086,,Región Metropolitana de Santiago,,LA OFERTA COMERCIAL LTDA. | La Oferta,965321209,,Región Metropolitana de Santiago,,,,,1492152,ECONOMATO C.C.P. COLINA I - ABASTECIMIENTO KIOSCOS,BEBIDA ISOTONICA POWERADE FROZEN BLAST BOTELLA 1 L UNIDAD RM(1492152) BEBIDA ISOTONICA POWERADE FROZEN BLAST BOTELLA 1 L UNIDAD RM,1200.0,,CLP,1123.0,,
1272223-20-CM24,,2024-01-29T16:37:35Z,,,,,DIRECCION GENERAL DE GENDARMERIA DE CHIL | Economato CCP Colina I,650201086,,Región Metropolitana de Santiago,,LA OFERTA COMERCIAL LTDA. | La Oferta,965321209,,Región Metropolitana de Santiago,,,,,1436067,ECONOMATO C.C.P. COLINA I - ABASTECIMIENTO KIOSCOS,AZUCAR IANSA BLANCA GRANULADA BOLSA 1K  UNIDAD RM(1436067) AZUCAR IANSA BLANCA GRANULADA BOLSA 1K  UNIDAD RM,600.0,,CLP,1246.0,,
1272223-20-CM24,,2024-01-29T16:37:35Z,,,,,DIRECCION GENERAL DE GENDARMERIA DE CHIL | Economato CCP Colina I,650201086,,Región Metropolitana de Santiago,,LA OFERTA COMERCIAL LTDA. | La Oferta,965321209,,Región Metropolitana de Santiago,,,,,1609871,ECONOMATO C.C.P. COLINA I - ABASTECIMIENTO KIOSCOS,JUGO EN POLVO ZUKO FRAMBUESA SOBRE 25 G UNIDAD RM(1609871) JUGO EN POLVO ZUKO FRAMBUESA SOBRE 25 G UNIDAD RM,16000.0,,CLP,158.0,,
1272256-4-CM24,,2024-02-14T09:47:47Z,,,,,DIRECCION GENERAL DE GENDARMERIA DE CHIL | Economato CCP Cauquenes,650260686,,Región del Maule ,,DISTRIBUIDORA Y COMERCIAL DIMAK LIMITADA | DISTRIBUIDORA Y COMERCIAL DIMAK LIMITADA,788095600,,Región de los Lagos ,,,,,1454586,"ECONOMATO CCP CAUQUENES, FOSOAD Nº 33, COMPRA MERCADERÍA",MARISCO CONSERVA AL NATURAL SAN JOSE CHORITOS TARRO 190 G UNIDAD VII REGION(1454586) MARISCO CONSERVA AL NATURAL SAN JOSE CHORITOS TARRO 190 G UNIDAD VII REGION,150.0,,CLP,1571.0,,
1272256-4-CM24,,2024-02-14T09:47:47Z,,,,,DIRECCION GENERAL DE GENDARMERIA DE CHIL | Economato CCP Cauquenes,650260686,,Región del Maule ,,DISTRIBUIDORA Y COMERCIAL DIMAK LIMITADA | DISTRIBUIDORA Y COMERCIAL DIMAK LIMITADA,788095600,,Región de los Lagos ,,,,,1703270,"ECONOMATO CCP CAUQUENES, FOSOAD Nº 33, COMPRA MERCADERÍA",PAPA FRITA KRYZPO ORIGINAL LATA 130 GR UNIDAD VII REGION(1703270) PAPA FRITA KRYZPO ORIGINAL LATA 130 GR UNIDAD VII REGION,240.0,,CLP,1899.0,,
1272256-4-CM24,,2024-02-14T09:47:47Z,,,,,DIRECCION GENERAL DE GENDARMERIA DE CHIL | Economato CCP Cauquenes,650260686,,Región del Maule ,,DISTRIBUIDORA Y COMERCIAL DIMAK LIMITADA | DISTRIBUIDORA Y COMERCIAL DIMAK LIMITADA,788095600,,Región de los Lagos ,,,,,1446891,"ECONOMATO CCP CAUQUENES, FOSOAD Nº 33, COMPRA MERCADERÍA",AZUCAR DAMA BLANCA BLANCA GRANULADA BOLSA 1K UNIDAD VII REGION(1446891) AZUCAR DAMA BLANCA BLANCA GRANULADA BOLSA 1K UNIDAD VII REGION,300.0,,CLP,1231.0,,
1272260-3-CM24,,2024-01-31T17:41:24Z,,,,,DIRECCION GENERAL DE GENDARMERIA DE CHIL | Economato CCP Talca,73464000K,,Región del Maule ,,SUPERMERCADO SAN RAFAEL | SUPERMERCADO SAN RAFAEL,865591004,,Región del Libertador General Bernardo O´Higgins,,,,,1446771,C.C.P DE TALCA ECONOMATO FOSOAD N° 10 COMPRA MERCADERIA ,"AGUA MINERAL CON GAS VITAL BOTELLA 1,6 L UNIDAD VII REGION(1446771) AGUA MINERAL CON GAS VITAL BOTELLA 1,6 L UNIDAD VII REGION",1200.0,,CLP,732.0,,
1272260-3-CM24,,2024-01-31T17:41:24Z,,,,,DIRECCION GENERAL DE GENDARMERIA DE CHIL | Economato CCP Talca,73464000K,,Región del Maule ,,SUPERMERCADO SAN RAFAEL | SUPERMERCADO SAN RAFAEL,865591004,,Región del Libertador General Bernardo O´Higgins,,,,,1490526,C.C.P DE TALCA ECONOMATO FOSOAD N° 10 COMPRA MERCADERIA ,SAL VENUS BOLSA 1K UNIDAD VII REGION(1490526) SAL VENUS BOLSA 1K UNIDAD VII REGION,50.0,,CLP,360.0,,
1300-14-CM24,,2024-01-31T11:57:35Z,,,,,SERVICIO NACIONAL DEL ADULTO MAYOR | Servicio Nacional del Adulto Mayor,619610008,,Región Metropolitana de Santiago,,PROVEEDORES INTEGRALES PRISA S A | PRISA S A. - sucursal,965569405,,Región Metropolitana de Santiago,,,,,1932841,Materiales de aseo para Coordinaciones Regionales primer semestre (REQ 038),JABÓN TREMEX AROMATICO LÍQUIDO BIDÓN 5 L UNIDAD REGIÓN RM(1932841) JABÓN TREMEX AROMATICO LÍQUIDO BIDÓN 5 L UNIDAD REGIÓN RM,52.0,,CLP,5188.0,,
1300-14-CM24,,2024-01-31T11:57:35Z,,,,,SERVICIO NACIONAL DEL ADULTO MAYOR | Servicio Nacional del Adulto Mayor,619610008,,Región Metropolitana de Santiago,,PROVEEDORES INTEGRALES PRISA S A | PRISA S A. - sucursal,965569405,,Región Metropolitana de Santiago,,,,,1921669,Materiales de aseo para Coordinaciones Regionales primer semestre (REQ 038),PAPEL HIGIÉNICO TECNOROLL ALTO METRAJE DOBLE HOJA 6 ROLLOS 250 M 1 PAQUETE REGIÓN RM(1921669) PAPEL HIGIÉNICO TECNOROLL ALTO METRAJE DOBLE HOJA 6 ROLLOS 250 M 1 PAQUETE REGIÓN RM,62.0,,CLP,10913.0,,
1300-14-CM24,,2024-01-31T11:57:35Z,,,,,SERVICIO NACIONAL DEL ADULTO MAYOR | Servicio Nacional del Adulto Mayor,619610008,,Región Metropolitana de Santiago,,PROVEEDORES INTEGRALES PRISA S A | PRISA S A. - sucursal,965569405,,Región Metropolitana de Santiago,,,,,1923981,Materiales de aseo para Coordinaciones Regionales primer semestre (REQ 038),TOALLA DE PAPEL ELITE PROFESSIONAL DOBLE HOJA 200 M 2 ROLLOS REGIÓN RM(1923981) TOALLA DE PAPEL ELITE PROFESSIONAL DOBLE HOJA 200 M 2 ROLLOS REGIÓN RM,150.0,,CLP,6815.0,,
1346279-12-CM24,,2024-03-14T12:53:10Z,,,,,SERVICIO NACIONAL DE REINSERCION SOCIAL JUVENIL | DIRECCION REGIONAL DE ARICA Y PARINACOTA,620009709,,Región de Arica y Parinacota,,AYLIN JANET BRICEÑO CHÁVEZ | Aylin Briceño Chavez,150098297,,Región de Tarapacá  ,,,,,1482794,compra de abarrotes,GARBANZO CAMPO LINDO CON PIEL BOLSA 1K UNIDAD XV REGION(1482794) GARBANZO CAMPO LINDO CON PIEL BOLSA 1K UNIDAD XV REGION,6.0,,CLP,4096.0,,
1346279-12-CM24,,2024-03-14T12:53:10Z,,,,,SERVICIO NACIONAL DE REINSERCION SOCIAL JUVENIL | DIRECCION REGIONAL DE ARICA Y PARINACOTA,620009709,,Región de Arica y Parinacota,,AYLIN JANET BRICEÑO CHÁVEZ | Aylin Briceño Chavez,150098297,,Región de Tarapacá  ,,,,,1488539,compra de abarrotes,CEREAL NATUR ARROZ INFLADO BOLSA 20 G UNIDAD XV REGION(1488539) CEREAL NATUR ARROZ INFLADO BOLSA 20 G UNIDAD XV REGION,56.0,,CLP,327.0,,
1346279-12-CM24,,2024-03-14T12:53:10Z,,,,,SERVICIO NACIONAL DE REINSERCION SOCIAL JUVENIL | DIRECCION REGIONAL DE ARICA Y PARINACOTA,620009709,,Región de Arica y Parinacota,,AYLIN JANET BRICEÑO CHÁVEZ | Aylin Briceño Chavez,150098297,,Región de Tarapacá  ,,,,,1451279,compra de abarrotes,CEREAL EN BARRA COSTA CEREAL BAR GOLDEN MAS LECHE CAJA 8 BARRAS UNIDAD XV REGION(1451279) CEREAL EN BARRA COSTA CEREAL BAR GOLDEN MAS LECHE CAJA 8 BARRAS UNIDAD XV REGION,5.0,,CLP,1534.0,,
1346279-12-CM24,,2024-03-14T12:53:10Z,,,,,SERVICIO NACIONAL DE REINSERCION SOCIAL JUVENIL | DIRECCION REGIONAL DE ARICA Y PARINACOTA,620009709,,Región de Arica y Parinacota,,AYLIN JANET BRICEÑO CHÁVEZ | Aylin Briceño Chavez,150098297,,Región de Tarapacá  ,,,,,1433384,compra de abarrotes,HARINA SIN POLVOS SELECTA BOLSA 1K UNIDAD XV REGION(1433384) HARINA SIN POLVOS SELECTA BOLSA 1K UNIDAD XV REGION,20.0,,CLP,1959.0,,
1346279-12-CM24,,2024-03-14T12:53:10Z,,,,,SERVICIO NACIONAL DE REINSERCION SOCIAL JUVENIL | DIRECCION REGIONAL DE ARICA Y PARINACOTA,620009709,,Región de Arica y Parinacota,,AYLIN JANET BRICEÑO CHÁVEZ | Aylin Briceño Chavez,150098297,,Región de Tarapacá  ,,,,,1429289,compra de abarrotes,POLVOS DE HORNEAR IMPERIAL TARRO 750 G UNIDAD XV REGION(1429289) POLVOS DE HORNEAR IMPERIAL TARRO 750 G UNIDAD XV REGION,2.0,,CLP,7303.0,,
1346279-12-CM24,,2024-03-14T12:53:10Z,,,,,SERVICIO NACIONAL DE REINSERCION SOCIAL JUVENIL | DIRECCION REGIONAL DE ARICA Y PARINACOTA,620009709,,Región de Arica y Parinacota,,AYLIN JANET BRICEÑO CHÁVEZ | Aylin Briceño Chavez,150098297,,Región de Tarapacá  ,,,,,1433069,compra de abarrotes,QUINOA ALMIFRUT BOLSA 1K UNIDAD XV REGION(1433069) QUINOA ALMIFRUT BOLSA 1K UNIDAD XV REGION,2.0,,CLP,9394.0,,
1346279-12-CM24,,2024-03-14T12:53:10Z,,,,,SERVICIO NACIONAL DE REINSERCION SOCIAL JUVENIL | DIRECCION REGIONAL DE ARICA Y PARINACOTA,620009709,,Región de Arica y Parinacota,,AYLIN JANET BRICEÑO CHÁVEZ | Aylin Briceño Chavez,150098297,,Región de Tarapacá  ,,,,,1439414,compra de abarrotes,CORBATAS LUCCHETTI BOLSA 400 G UNIDAD XV REGION(1439414) CORBATAS LUCCHETTI BOLSA 400 G UNIDAD XV REGION,20.0,,CLP,1182.0,,
1346279-12-CM24,,2024-03-14T12:53:10Z,,,,,SERVICIO NACIONAL DE REINSERCION SOCIAL JUVENIL | DIRECCION REGIONAL DE ARICA Y PARINACOTA,620009709,,Región de Arica y Parinacota,,AYLIN JANET BRICEÑO CHÁVEZ | Aylin Briceño Chavez,150098297,,Región de Tarapacá  ,,,,,1449569,compra de abarrotes,ESPIRALES CAROZZI BOLSA 400 G UNIDAD XV REGION(1449569) ESPIRALES CAROZZI BOLSA 400 G UNIDAD XV REGION,20.0,,CLP,1160.0,,
1346279-12-CM24,,2024-03-14T12:53:10Z,,,,,SERVICIO NACIONAL DE REINSERCION SOCIAL JUVENIL | DIRECCION REGIONAL DE ARICA Y PARINACOTA,620009709,,Región de Arica y Parinacota,,AYLIN JANET BRICEÑO CHÁVEZ | Aylin Briceño Chavez,150098297,,Región de Tarapacá  ,,,,,1439504,compra de abarrotes,LASAÑA LUCCHETTI PRECOCIDA CAJA 360 G UNIDAD XV REGION(1439504) LASAÑA LUCCHETTI PRECOCIDA CAJA 360 G UNIDAD XV REGION,20.0,,CLP,2550.0,,
1346279-12-CM24,,2024-03-14T12:53:10Z,,,,,SERVICIO NACIONAL DE REINSERCION SOCIAL JUVENIL | DIRECCION REGIONAL DE ARICA Y PARINACOTA,620009709,,Región de Arica y Parinacota,,AYLIN JANET BRICEÑO CHÁVEZ | Aylin Briceño Chavez,150098297,,Región de Tarapacá  ,,,,,1451744,compra de abarrotes,GALLETA SALADA COSTA CRACKELET BOLSA 85 G UNIDAD XV REGION(1451744) GALLETA SALADA COSTA CRACKELET BOLSA 85 G UNIDAD XV REGION,112.0,,CLP,542.0,,
1346279-12-CM24,,2024-03-14T12:53:10Z,,,,,SERVICIO NACIONAL DE REINSERCION SOCIAL JUVENIL | DIRECCION REGIONAL DE ARICA Y PARINACOTA,620009709,,Región de Arica y Parinacota,,AYLIN JANET BRICEÑO CHÁVEZ | Aylin Briceño Chavez,150098297,,Región de Tarapacá  ,,,,,1486064,compra de abarrotes,RAMITA EVERCRISP ORIGINAL BOLSA 42 G UNIDAD XV REGION(1486064) RAMITA EVERCRISP ORIGINAL BOLSA 42 G UNIDAD XV REGION,28.0,,CLP,673.0,,
1346279-12-CM24,,2024-03-14T12:53:10Z,,,,,SERVICIO NACIONAL DE REINSERCION SOCIAL JUVENIL | DIRECCION REGIONAL DE ARICA Y PARINACOTA,620009709,,Región de Arica y Parinacota,,AYLIN JANET BRICEÑO CHÁVEZ | Aylin Briceño Chavez,150098297,,Región de Tarapacá  ,,,,,1450289,compra de abarrotes,CAFE INSTANTANEO NESCAFE TRADICION TARRO 400 G UNIDAD XV REGION(1450289) CAFE INSTANTANEO NESCAFE TRADICION TARRO 400 G UNIDAD XV REGION,1.0,,CLP,12884.0,,
1346279-12-CM24,,2024-03-14T12:53:10Z,,,,,SERVICIO NACIONAL DE REINSERCION SOCIAL JUVENIL | DIRECCION REGIONAL DE ARICA Y PARINACOTA,620009709,,Región de Arica y Parinacota,,AYLIN JANET BRICEÑO CHÁVEZ | Aylin Briceño Chavez,150098297,,Región de Tarapacá  ,,,,,1485539,compra de abarrotes,ENDULZANTE LIQUIDO DAILY SUCRALOSA BOTELLA 270 ML UNIDAD XV REGION(1485539) ENDULZANTE LIQUIDO DAILY SUCRALOSA BOTELLA 270 ML UNIDAD XV REGION,5.0,,CLP,3679.0,,
1346279-12-CM24,,2024-03-14T12:53:10Z,,,,,SERVICIO NACIONAL DE REINSERCION SOCIAL JUVENIL | DIRECCION REGIONAL DE ARICA Y PARINACOTA,620009709,,Región de Arica y Parinacota,,AYLIN JANET BRICEÑO CHÁVEZ | Aylin Briceño Chavez,150098297,,Región de Tarapacá  ,,,,,1448699,compra de abarrotes,SABORIZANTE NESTLE MILO BOLSA 1K UNIDAD XV REGION(1448699) SABORIZANTE NESTLE MILO BOLSA 1K UNIDAD XV REGION,2.0,,CLP,9254.0,,
1346279-12-CM24,,2024-03-14T12:53:10Z,,,,,SERVICIO NACIONAL DE REINSERCION SOCIAL JUVENIL | DIRECCION REGIONAL DE ARICA Y PARINACOTA,620009709,,Región de Arica y Parinacota,,AYLIN JANET BRICEÑO CHÁVEZ | Aylin Briceño Chavez,150098297,,Región de Tarapacá  ,,,,,1492334,compra de abarrotes,BEBIDA NORMAL CANADA DRY LIMON SODA BOTELLA 2 L  UNIDAD XV REGION(1492334) BEBIDA NORMAL CANADA DRY LIMON SODA BOTELLA 2 L  UNIDAD XV REGION,6.0,,CLP,1800.0,,
1346279-12-CM24,,2024-03-14T12:53:10Z,,,,,SERVICIO NACIONAL DE REINSERCION SOCIAL JUVENIL | DIRECCION REGIONAL DE ARICA Y PARINACOTA,620009709,,Región de Arica y Parinacota,,AYLIN JANET BRICEÑO CHÁVEZ | Aylin Briceño Chavez,150098297,,Región de Tarapacá  ,,,,,1436369,compra de abarrotes,BEBIDA NORMAL BILZ BOTELLA 2 L  UNIDAD XV REGION(1436369) BEBIDA NORMAL BILZ BOTELLA 2 L  UNIDAD XV REGION,6.0,,CLP,1800.0,,
1346279-12-CM24,,2024-03-14T12:53:10Z,,,,,SERVICIO NACIONAL DE REINSERCION SOCIAL JUVENIL | DIRECCION REGIONAL DE ARICA Y PARINACOTA,620009709,,Región de Arica y Parinacota,,AYLIN JANET BRICEÑO CHÁVEZ | Aylin Briceño Chavez,150098297,,Región de Tarapacá  ,,,,,1431974,compra de abarrotes,JUGO LIQUIDO  ANDINA NECTAR MANZANA CAJA 200 CC UNIDAD XV REGION(1431974) JUGO LIQUIDO  ANDINA NECTAR MANZANA CAJA 200 CC UNIDAD XV REGION,100.0,,CLP,334.0,,
1346279-12-CM24,,2024-03-14T12:53:10Z,,,,,SERVICIO NACIONAL DE REINSERCION SOCIAL JUVENIL | DIRECCION REGIONAL DE ARICA Y PARINACOTA,620009709,,Región de Arica y Parinacota,,AYLIN JANET BRICEÑO CHÁVEZ | Aylin Briceño Chavez,150098297,,Región de Tarapacá  ,,,,,1431959,compra de abarrotes,JUGO LIQUIDO  ANDINA NECTAR NARANJA CAJA 200 CC UNIDAD XV REGION(1431959) JUGO LIQUIDO  ANDINA NECTAR NARANJA CAJA 200 CC UNIDAD XV REGION,100.0,,CLP,338.0,,
1346279-12-CM24,,2024-03-14T12:53:10Z,,,,,SERVICIO NACIONAL DE REINSERCION SOCIAL JUVENIL | DIRECCION REGIONAL DE ARICA Y PARINACOTA,620009709,,Región de Arica y Parinacota,,AYLIN JANET BRICEÑO CHÁVEZ | Aylin Briceño Chavez,150098297,,Región de Tarapacá  ,,,,,1487744,compra de abarrotes,JUGO LIQUIDO  LIVEAN NECTAR 0% AZUCAR MANZANA CAJA 200 CC UNIDAD XV REGION(1487744) JUGO LIQUIDO  LIVEAN NECTAR 0% AZUCAR MANZANA CAJA 200 CC UNIDAD XV REGION,100.0,,CLP,370.0,,
1346279-12-CM24,,2024-03-14T12:53:10Z,,,,,SERVICIO NACIONAL DE REINSERCION SOCIAL JUVENIL | DIRECCION REGIONAL DE ARICA Y PARINACOTA,620009709,,Región de Arica y Parinacota,,AYLIN JANET BRICEÑO CHÁVEZ | Aylin Briceño Chavez,150098297,,Región de Tarapacá  ,,,,,1487759,compra de abarrotes,JUGO LIQUIDO  LIVEAN NECTAR 0% AZUCAR DURAZNO CAJA 200 CC UNIDAD XV REGION(1487759) JUGO LIQUIDO  LIVEAN NECTAR 0% AZUCAR DURAZNO CAJA 200 CC UNIDAD XV REGION,100.0,,CLP,370.0,,
1346279-12-CM24,,2024-03-14T12:53:10Z,,,,,SERVICIO NACIONAL DE REINSERCION SOCIAL JUVENIL | DIRECCION REGIONAL DE ARICA Y PARINACOTA,620009709,,Región de Arica y Parinacota,,AYLIN JANET BRICEÑO CHÁVEZ | Aylin Briceño Chavez,150098297,,Región de Tarapacá  ,,,,,1487789,compra de abarrotes,JUGO LIQUIDO  LIVEAN NECTAR 0% AZUCAR FRUTIFRUTILLA CAJA 200 CC UNIDAD XV REGION(1487789) JUGO LIQUIDO  LIVEAN NECTAR 0% AZUCAR FRUTIFRUTILLA CAJA 200 CC UNIDAD XV REGION,100.0,,CLP,370.0,,
1346279-12-CM24,,2024-03-14T12:53:10Z,,,,,SERVICIO NACIONAL DE REINSERCION SOCIAL JUVENIL | DIRECCION REGIONAL DE ARICA Y PARINACOTA,620009709,,Región de Arica y Parinacota,,AYLIN JANET BRICEÑO CHÁVEZ | Aylin Briceño Chavez,150098297,,Región de Tarapacá  ,,,,,1487774,compra de abarrotes,JUGO LIQUIDO  LIVEAN NECTAR 0% AZUCAR PIÑA CAJA 200 CC UNIDAD XV REGION(1487774) JUGO LIQUIDO  LIVEAN NECTAR 0% AZUCAR PIÑA CAJA 200 CC UNIDAD XV REGION,100.0,,CLP,368.0,,
1346279-12-CM24,,2024-03-14T12:53:10Z,,,,,SERVICIO NACIONAL DE REINSERCION SOCIAL JUVENIL | DIRECCION REGIONAL DE ARICA Y PARINACOTA,620009709,,Región de Arica y Parinacota,,AYLIN JANET BRICEÑO CHÁVEZ | Aylin Briceño Chavez,150098297,,Región de Tarapacá  ,,,,,1476059,compra de abarrotes,PAPAS DUQUESA MINUTO VERDE BOLSA 1K UNIDAD XV REGION(1476059) PAPAS DUQUESA MINUTO VERDE BOLSA 1K UNIDAD XV REGION,15.0,,CLP,4064.0,,
1346279-12-CM24,,2024-03-14T12:53:10Z,,,,,SERVICIO NACIONAL DE REINSERCION SOCIAL JUVENIL | DIRECCION REGIONAL DE ARICA Y PARINACOTA,620009709,,Región de Arica y Parinacota,,AYLIN JANET BRICEÑO CHÁVEZ | Aylin Briceño Chavez,150098297,,Región de Tarapacá  ,,,,,1448669,compra de abarrotes,POSTRE REFRIGERADO NESTLE CHANDELLE MANJAR POTE 130 G UNIDAD XV REGION(1448669) POSTRE REFRIGERADO NESTLE CHANDELLE MANJAR POTE 130 G UNIDAD XV REGION,20.0,,CLP,994.0,,
1346279-12-CM24,,2024-03-14T12:53:10Z,,,,,SERVICIO NACIONAL DE REINSERCION SOCIAL JUVENIL | DIRECCION REGIONAL DE ARICA Y PARINACOTA,620009709,,Región de Arica y Parinacota,,AYLIN JANET BRICEÑO CHÁVEZ | Aylin Briceño Chavez,150098297,,Región de Tarapacá  ,,,,,1434374,compra de abarrotes,POSTRE REFRIGERADO SOPROLE JALEA PIÑA POTE 110 G UNIDAD XV REGION(1434374) POSTRE REFRIGERADO SOPROLE JALEA PIÑA POTE 110 G UNIDAD XV REGION,50.0,,CLP,297.0,,
1346279-12-CM24,,2024-03-14T12:53:10Z,,,,,SERVICIO NACIONAL DE REINSERCION SOCIAL JUVENIL | DIRECCION REGIONAL DE ARICA Y PARINACOTA,620009709,,Región de Arica y Parinacota,,AYLIN JANET BRICEÑO CHÁVEZ | Aylin Briceño Chavez,150098297,,Región de Tarapacá  ,,,,,1493759,compra de abarrotes,QUEQUE NUTRABIEN MARMOL BOLSA 70 G UNIDAD XV REGION(1493759) QUEQUE NUTRABIEN MARMOL BOLSA 70 G UNIDAD XV REGION,28.0,,CLP,645.0,,
1346279-12-CM24,,2024-03-14T12:53:10Z,,,,,SERVICIO NACIONAL DE REINSERCION SOCIAL JUVENIL | DIRECCION REGIONAL DE ARICA Y PARINACOTA,620009709,,Región de Arica y Parinacota,,AYLIN JANET BRICEÑO CHÁVEZ | Aylin Briceño Chavez,150098297,,Región de Tarapacá  ,,,,,1493729,compra de abarrotes,QUEQUE NUTRABIEN BROWNIE CHIP BOLSA 62 G UNIDAD XV REGION(1493729) QUEQUE NUTRABIEN BROWNIE CHIP BOLSA 62 G UNIDAD XV REGION,28.0,,CLP,634.0,,
1346279-12-CM24,,2024-03-14T12:53:10Z,,,,,SERVICIO NACIONAL DE REINSERCION SOCIAL JUVENIL | DIRECCION REGIONAL DE ARICA Y PARINACOTA,620009709,,Región de Arica y Parinacota,,AYLIN JANET BRICEÑO CHÁVEZ | Aylin Briceño Chavez,150098297,,Región de Tarapacá  ,,,,,1499054,compra de abarrotes,TORTILLAS  PANCHO VILLA MAIZ ORALE (24 UND) BOLSA 600 G UNIDAD XV REGION(1499054) TORTILLAS  PANCHO VILLA MAIZ ORALE (24 UND) BOLSA 600 G UNIDAD XV REGION,4.0,,CLP,3213.0,,
1346279-12-CM24,,2024-03-14T12:53:10Z,,,,,SERVICIO NACIONAL DE REINSERCION SOCIAL JUVENIL | DIRECCION REGIONAL DE ARICA Y PARINACOTA,620009709,,Región de Arica y Parinacota,,AYLIN JANET BRICEÑO CHÁVEZ | Aylin Briceño Chavez,150098297,,Región de Tarapacá  ,,,,,1590439,compra de abarrotes,CREMA DE LECHE COLUN PARA BATIR LIGHT CAJA 200 ML UNIDAD  XV REGION(1590439) CREMA DE LECHE COLUN PARA BATIR LIGHT CAJA 200 ML UNIDAD  XV REGION,32.0,,CLP,1307.0,,
1346279-12-CM24,,2024-03-14T12:53:10Z,,,,,SERVICIO NACIONAL DE REINSERCION SOCIAL JUVENIL | DIRECCION REGIONAL DE ARICA Y PARINACOTA,620009709,,Región de Arica y Parinacota,,AYLIN JANET BRICEÑO CHÁVEZ | Aylin Briceño Chavez,150098297,,Región de Tarapacá  ,,,,,1434074,compra de abarrotes,MANTEQUILLA SOPROLE CON SAL PAN 250 G UNIDAD XV REGION(1434074) MANTEQUILLA SOPROLE CON SAL PAN 250 G UNIDAD XV REGION,40.0,,CLP,2839.0,,
1346279-12-CM24,,2024-03-14T12:53:10Z,,,,,SERVICIO NACIONAL DE REINSERCION SOCIAL JUVENIL | DIRECCION REGIONAL DE ARICA Y PARINACOTA,620009709,,Región de Arica y Parinacota,,AYLIN JANET BRICEÑO CHÁVEZ | Aylin Briceño Chavez,150098297,,Región de Tarapacá  ,,,,,1488719,compra de abarrotes,MARGARINA PAMPERITA BOLSA 1 K UNIDAD XV REGION(1488719) MARGARINA PAMPERITA BOLSA 1 K UNIDAD XV REGION,2.0,,CLP,3871.0,,
1346279-12-CM24,,2024-03-14T12:53:10Z,,,,,SERVICIO NACIONAL DE REINSERCION SOCIAL JUVENIL | DIRECCION REGIONAL DE ARICA Y PARINACOTA,620009709,,Región de Arica y Parinacota,,AYLIN JANET BRICEÑO CHÁVEZ | Aylin Briceño Chavez,150098297,,Región de Tarapacá  ,,,,,1448279,compra de abarrotes,LECHE EVAPORADA NESTLE IDEAL LATA 400 G UNIDAD XV REGION(1448279) LECHE EVAPORADA NESTLE IDEAL LATA 400 G UNIDAD XV REGION,48.0,,CLP,2338.0,,
1346279-12-CM24,,2024-03-14T12:53:10Z,,,,,SERVICIO NACIONAL DE REINSERCION SOCIAL JUVENIL | DIRECCION REGIONAL DE ARICA Y PARINACOTA,620009709,,Región de Arica y Parinacota,,AYLIN JANET BRICEÑO CHÁVEZ | Aylin Briceño Chavez,150098297,,Región de Tarapacá  ,,,,,1433909,compra de abarrotes,LECHE SABORIZADA SEMIDESCREMADA SOPROLE FRUTILLA CAJA 200 ML UNIDAD XV REGION(1433909) LECHE SABORIZADA SEMIDESCREMADA SOPROLE FRUTILLA CAJA 200 ML UNIDAD XV REGION,140.0,,CLP,463.0,,
1346279-12-CM24,,2024-03-14T12:53:10Z,,,,,SERVICIO NACIONAL DE REINSERCION SOCIAL JUVENIL | DIRECCION REGIONAL DE ARICA Y PARINACOTA,620009709,,Región de Arica y Parinacota,,AYLIN JANET BRICEÑO CHÁVEZ | Aylin Briceño Chavez,150098297,,Región de Tarapacá  ,,,,,1433939,compra de abarrotes,LECHE SABORIZADA SEMIDESCREMADA SOPROLE CHOCOLATE CAJA 200 ML UNIDAD XV REGION(1433939) LECHE SABORIZADA SEMIDESCREMADA SOPROLE CHOCOLATE CAJA 200 ML UNIDAD XV REGION,140.0,,CLP,483.0,,
1346279-12-CM24,,2024-03-14T12:53:10Z,,,,,SERVICIO NACIONAL DE REINSERCION SOCIAL JUVENIL | DIRECCION REGIONAL DE ARICA Y PARINACOTA,620009709,,Región de Arica y Parinacota,,AYLIN JANET BRICEÑO CHÁVEZ | Aylin Briceño Chavez,150098297,,Región de Tarapacá  ,,,,,1434809,compra de abarrotes,YOGURT BATIDO SOPROLE PLATANO POTE 120 G UNIDAD XV REGION(1434809) YOGURT BATIDO SOPROLE PLATANO POTE 120 G UNIDAD XV REGION,60.0,,CLP,285.0,,
1346279-12-CM24,,2024-03-14T12:53:10Z,,,,,SERVICIO NACIONAL DE REINSERCION SOCIAL JUVENIL | DIRECCION REGIONAL DE ARICA Y PARINACOTA,620009709,,Región de Arica y Parinacota,,AYLIN JANET BRICEÑO CHÁVEZ | Aylin Briceño Chavez,150098297,,Región de Tarapacá  ,,,,,1434824,compra de abarrotes,YOGURT BATIDO SOPROLE FRUTILLA POTE 120 G UNIDAD XV REGION(1434824) YOGURT BATIDO SOPROLE FRUTILLA POTE 120 G UNIDAD XV REGION,60.0,,CLP,285.0,,
1346279-12-CM24,,2024-03-14T12:53:10Z,,,,,SERVICIO NACIONAL DE REINSERCION SOCIAL JUVENIL | DIRECCION REGIONAL DE ARICA Y PARINACOTA,620009709,,Región de Arica y Parinacota,,AYLIN JANET BRICEÑO CHÁVEZ | Aylin Briceño Chavez,150098297,,Región de Tarapacá  ,,,,,1434854,compra de abarrotes,YOGURT BATIDO SOPROLE FRAMBUESA POTE 120 G UNIDAD XV REGION(1434854) YOGURT BATIDO SOPROLE FRAMBUESA POTE 120 G UNIDAD XV REGION,60.0,,CLP,285.0,,
1346279-12-CM24,,2024-03-14T12:53:10Z,,,,,SERVICIO NACIONAL DE REINSERCION SOCIAL JUVENIL | DIRECCION REGIONAL DE ARICA Y PARINACOTA,620009709,,Región de Arica y Parinacota,,AYLIN JANET BRICEÑO CHÁVEZ | Aylin Briceño Chavez,150098297,,Región de Tarapacá  ,,,,,1435124,compra de abarrotes,YOGURT CON CEREAL SOPROLE 1+1 ZUCARITAS POTE 140 G UNIDAD XV REGION(1435124) YOGURT CON CEREAL SOPROLE 1+1 ZUCARITAS POTE 140 G UNIDAD XV REGION,300.0,,CLP,704.0,,
1346279-12-CM24,,2024-03-14T12:53:10Z,,,,,SERVICIO NACIONAL DE REINSERCION SOCIAL JUVENIL | DIRECCION REGIONAL DE ARICA Y PARINACOTA,620009709,,Región de Arica y Parinacota,,AYLIN JANET BRICEÑO CHÁVEZ | Aylin Briceño Chavez,150098297,,Región de Tarapacá  ,,,,,1435289,compra de abarrotes,YOGURT CON FRUTA SOPROLE GOLD TRADICIONAL POTE 165 G UNIDAD XV REGION(1435289) YOGURT CON FRUTA SOPROLE GOLD TRADICIONAL POTE 165 G UNIDAD XV REGION,260.0,,CLP,749.0,,
1346279-12-CM24,,2024-03-14T12:53:10Z,,,,,SERVICIO NACIONAL DE REINSERCION SOCIAL JUVENIL | DIRECCION REGIONAL DE ARICA Y PARINACOTA,620009709,,Región de Arica y Parinacota,,AYLIN JANET BRICEÑO CHÁVEZ | Aylin Briceño Chavez,150098297,,Región de Tarapacá  ,,,,,1433459,compra de abarrotes,JUGO DE LIMON TRAVERSO SUCEDANEO BOTELLA 500 ML UNIDAD XV REGION(1433459) JUGO DE LIMON TRAVERSO SUCEDANEO BOTELLA 500 ML UNIDAD XV REGION,5.0,,CLP,1619.0,,
1346279-12-CM24,,2024-03-14T12:53:10Z,,,,,SERVICIO NACIONAL DE REINSERCION SOCIAL JUVENIL | DIRECCION REGIONAL DE ARICA Y PARINACOTA,620009709,,Región de Arica y Parinacota,,AYLIN JANET BRICEÑO CHÁVEZ | Aylin Briceño Chavez,150098297,,Región de Tarapacá  ,,,,,1885169,compra de abarrotes,KETCHUP CAROZZI 1 KILO UNIDAD XV REGION(1885169) KETCHUP CAROZZI 1 KILO UNIDAD XV REGION,8.0,,CLP,3323.0,,
1346279-12-CM24,,2024-03-14T12:53:10Z,,,,,SERVICIO NACIONAL DE REINSERCION SOCIAL JUVENIL | DIRECCION REGIONAL DE ARICA Y PARINACOTA,620009709,,Región de Arica y Parinacota,,AYLIN JANET BRICEÑO CHÁVEZ | Aylin Briceño Chavez,150098297,,Región de Tarapacá  ,,,,,1430099,compra de abarrotes,MAYONESA MAGGI DOYPACK 1 L UNIDAD XV REGION(1430099) MAYONESA MAGGI DOYPACK 1 L UNIDAD XV REGION,30.0,,CLP,4307.0,,
1346279-12-CM24,,2024-03-14T12:53:10Z,,,,,SERVICIO NACIONAL DE REINSERCION SOCIAL JUVENIL | DIRECCION REGIONAL DE ARICA Y PARINACOTA,620009709,,Región de Arica y Parinacota,,AYLIN JANET BRICEÑO CHÁVEZ | Aylin Briceño Chavez,150098297,,Región de Tarapacá  ,,,,,1885135,compra de abarrotes,MOSTAZA CAROZZI 1 KILO UNIDAD XV REGION(1885135) MOSTAZA CAROZZI 1 KILO UNIDAD XV REGION,12.0,,CLP,2670.0,,
1346279-12-CM24,,2024-03-14T12:53:10Z,,,,,SERVICIO NACIONAL DE REINSERCION SOCIAL JUVENIL | DIRECCION REGIONAL DE ARICA Y PARINACOTA,620009709,,Región de Arica y Parinacota,,AYLIN JANET BRICEÑO CHÁVEZ | Aylin Briceño Chavez,150098297,,Región de Tarapacá  ,,,,,1452539,compra de abarrotes,GALLETA DULCE MCKAY MINI MOROCHA BOLSA 50 G UNIDAD XV REGION(1452539) GALLETA DULCE MCKAY MINI MOROCHA BOLSA 50 G UNIDAD XV REGION,56.0,,CLP,374.0,,
1346279-12-CM24,,2024-03-14T12:53:10Z,,,,,SERVICIO NACIONAL DE REINSERCION SOCIAL JUVENIL | DIRECCION REGIONAL DE ARICA Y PARINACOTA,620009709,,Región de Arica y Parinacota,,AYLIN JANET BRICEÑO CHÁVEZ | Aylin Briceño Chavez,150098297,,Región de Tarapacá  ,,,,,1493594,compra de abarrotes,GALLETON NUTRA BIEN CHIP CHOCOLATE BOLSA 40 G UNIDAD XV REGION(1493594) GALLETON NUTRA BIEN CHIP CHOCOLATE BOLSA 40 G UNIDAD XV REGION,112.0,,CLP,456.0,,
1346279-12-CM24,,2024-03-14T12:53:10Z,,,,,SERVICIO NACIONAL DE REINSERCION SOCIAL JUVENIL | DIRECCION REGIONAL DE ARICA Y PARINACOTA,620009709,,Región de Arica y Parinacota,,AYLIN JANET BRICEÑO CHÁVEZ | Aylin Briceño Chavez,150098297,,Región de Tarapacá  ,,,,,1433324,compra de abarrotes,HARINA CON POLVOS SELECTA BOLSA 1K UNIDAD XV REGION(1433324) HARINA CON POLVOS SELECTA BOLSA 1K UNIDAD XV REGION,20.0,,CLP,1911.0,,
1346282-3-CM24,,2024-03-13T15:35:46Z,,,,,SERVICIO NACIONAL DE REINSERCION SOCIAL JUVENIL | DIRECCIÓN REGIONAL DE COQUIMBO,620009709,,Región de Coquimbo ,,IMPORTADORA Y ALIMENTOS ICB FOOD SERVICE SPA | IMPORTADORA Y ALIMENTOS ICB FOOD SERVICE LTDA.,779656209,,Región del Biobío ,,,,,1470693,Alimentos para personas para IP-IRC La Serena (Carnes),"PAPAS PRE-FRITAS - BOLSA 2,5K UNIDAD IV REGION(1470693) PAPAS PRE-FRITAS - BOLSA 2,5K UNIDAD IV REGION",60.0,,CLP,5807.0,,
1346282-3-CM24,,2024-03-13T15:35:46Z,,,,,SERVICIO NACIONAL DE REINSERCION SOCIAL JUVENIL | DIRECCIÓN REGIONAL DE COQUIMBO,620009709,,Región de Coquimbo ,,IMPORTADORA Y ALIMENTOS ICB FOOD SERVICE SPA | IMPORTADORA Y ALIMENTOS ICB FOOD SERVICE LTDA.,779656209,,Región del Biobío ,,,,,1464558,Alimentos para personas para IP-IRC La Serena (Carnes),CORTE POSTA ROSADA - MARINADO BOLSA 1K UNIDAD IMPORTADO IV REGION(1464558) CORTE POSTA ROSADA - MARINADO BOLSA 1K UNIDAD IMPORTADO IV REGION,200.0,,CLP,8550.0,,
1346282-3-CM24,,2024-03-13T15:35:46Z,,,,,SERVICIO NACIONAL DE REINSERCION SOCIAL JUVENIL | DIRECCIÓN REGIONAL DE COQUIMBO,620009709,,Región de Coquimbo ,,IMPORTADORA Y ALIMENTOS ICB FOOD SERVICE SPA | IMPORTADORA Y ALIMENTOS ICB FOOD SERVICE LTDA.,779656209,,Región del Biobío ,,,,,1473438,Alimentos para personas para IP-IRC La Serena (Carnes),REINETA CONGELADA - FILETE BOLSA 1K UNIDAD IV REGION(1473438) REINETA CONGELADA - FILETE BOLSA 1K UNIDAD IV REGION,50.0,,CLP,9800.0,,
1346282-4-CM24,,2024-04-05T11:02:27Z,,,,,SERVICIO NACIONAL DE REINSERCION SOCIAL JUVENIL | DIRECCIÓN REGIONAL DE COQUIMBO,620009709,,Región de Coquimbo ,,AGROSUPER COMERCIALIZADORA DE ALIMENTOS LTDA | Agrosuper Comercializadora de Alimentos Limitada,799842408,,Región Metropolitana de Santiago,,,,,1473333,Alimentos para personas para IP-IRC La Serena (Carnes),PULPA CERDO CONGELADA - MARINADA BOLSA 1K UNIDAD NACIONAL IV REGION(1473333) PULPA CERDO CONGELADA - MARINADA BOLSA 1K UNIDAD NACIONAL IV REGION,200.0,,CLP,3864.0,,
1346282-4-CM24,,2024-04-05T11:02:27Z,,,,,SERVICIO NACIONAL DE REINSERCION SOCIAL JUVENIL | DIRECCIÓN REGIONAL DE COQUIMBO,620009709,,Región de Coquimbo ,,AGROSUPER COMERCIALIZADORA DE ALIMENTOS LTDA | Agrosuper Comercializadora de Alimentos Limitada,799842408,,Región Metropolitana de Santiago,,,,,1564819,Alimentos para personas para IP-IRC La Serena (Carnes),"CHULETA CERDO CONGELADA SUPER CERDO CENTRO CALIBRADA 180-200GRS, CAJA DE 7.5KGS NACIONAL IV REGION(1564819) CHULETA CERDO CONGELADA SUPER CERDO CENTRO CALIBRADA 180-200GRS, CAJA DE 7.5KGS NACIONAL IV REGION",20.0,,CLP,41000.0,,
1346282-4-CM24,,2024-04-05T11:02:27Z,,,,,SERVICIO NACIONAL DE REINSERCION SOCIAL JUVENIL | DIRECCIÓN REGIONAL DE COQUIMBO,620009709,,Región de Coquimbo ,,AGROSUPER COMERCIALIZADORA DE ALIMENTOS LTDA | Agrosuper Comercializadora de Alimentos Limitada,799842408,,Región Metropolitana de Santiago,,,,,1563250,Alimentos para personas para IP-IRC La Serena (Carnes),TRUTRO CORTO PAVO CONGELADO SOPRAVAL DESHUESADO GRANEL CAJA DE 15KGS NACIONAL IV REGION(1563250) TRUTRO CORTO PAVO CONGELADO SOPRAVAL DESHUESADO GRANEL CAJA DE 15KGS NACIONAL IV REGION,13.0,,CLP,89820.0,,
1346282-6-CM24,,2024-04-05T09:40:26Z,,,,,SERVICIO NACIONAL DE REINSERCION SOCIAL JUVENIL | DIRECCIÓN REGIONAL DE COQUIMBO,620009709,,Región de Coquimbo ,,AGENCIA DE VIAJES TURAVION SPA | Turavion SpA,809894002,,Región Metropolitana de Santiago,,,,,1849200,Pasaje Aéreo La Serena - Santiago para Funcionario CIP-CRC Talca,PASAJE AÉREO(1849200) PASAJE AÉREO,1.0,,CLP,74990.0,,
1346282-6-CM24,,2024-04-05T09:40:26Z,,,,,SERVICIO NACIONAL DE REINSERCION SOCIAL JUVENIL | DIRECCIÓN REGIONAL DE COQUIMBO,620009709,,Región de Coquimbo ,,AGENCIA DE VIAJES TURAVION SPA | Turavion SpA,809894002,,Región Metropolitana de Santiago,,,,,1849900,Pasaje Aéreo La Serena - Santiago para Funcionario CIP-CRC Talca,TASA DE EMBARQUE(1849900) TASA DE EMBARQUE,1.0,,CLP,18156.0,,
1390-3-CM24,,2024-02-19T08:58:39Z,,,,,SUBSECRETARIA DEL MINISTERIO DE EDUCACION PUBLICA | Departamento Provincial de Educación Talagante,619486005,,Región Metropolitana de Santiago,,ESMAX DISTRIBUCION LIMITADA | ESMAX DISTRIBUCION SPA,795888705,,Región de Atacama ,,,,,1944438,Adquisición de carga combustible para Vehículo Fiscal Patente SJXT-73 del Deprov Talagante,ESTACIÓN DE SERVICIO DIESEL REGIÓN METROPOLITANA DESCUENTO PESOS POR LITRO(1944438) ESTACIÓN DE SERVICIO DIESEL REGIÓN METROPOLITANA DESCUENTO PESOS POR LITRO,1.0,,CLP,2500000.0,,
1391-186-CM24,,2024-01-31T15:23:25Z,,,,,DIRECCION GENERAL DE GENDARMERIA DE CHIL | Región del Maule,610040519,,Región del Maule ,,SOCIEDAD COMERCIAL MAULE LTDA | SOCIEDAD COMERCIAL MAULE LTDA,76287511K,,Región del Maule ,,,,,1471626,C.C.P DE TALCA FOSOAD N° 13 COMPRA MERCADERIA PARA EL SERVICIO DE ALIMENTACION,PEPINO FRESCO - ENSALADA UNIDAD VII REGION(1471626) PEPINO FRESCO - ENSALADA UNIDAD VII REGION,50.0,,CLP,443.0,,
1391-186-CM24,,2024-01-31T15:23:25Z,,,,,DIRECCION GENERAL DE GENDARMERIA DE CHIL | Región del Maule,610040519,,Región del Maule ,,SOCIEDAD COMERCIAL MAULE LTDA | SOCIEDAD COMERCIAL MAULE LTDA,76287511K,,Región del Maule ,,,,,1460571,C.C.P DE TALCA FOSOAD N° 13 COMPRA MERCADERIA PARA EL SERVICIO DE ALIMENTACION,ACELGA FRESCA - PAQUETE APROX. 1 K UNIDAD VII REGION(1460571) ACELGA FRESCA - PAQUETE APROX. 1 K UNIDAD VII REGION,60.0,,CLP,847.0,,
1391-186-CM24,,2024-01-31T15:23:25Z,,,,,DIRECCION GENERAL DE GENDARMERIA DE CHIL | Región del Maule,610040519,,Región del Maule ,,SOCIEDAD COMERCIAL MAULE LTDA | SOCIEDAD COMERCIAL MAULE LTDA,76287511K,,Región del Maule ,,,,,1461651,C.C.P DE TALCA FOSOAD N° 13 COMPRA MERCADERIA PARA EL SERVICIO DE ALIMENTACION,CEBOLLA FRESCA - BLANCA KILO APROX. VII REGION(1461651) CEBOLLA FRESCA - BLANCA KILO APROX. VII REGION,175.0,,CLP,773.0,,
1391-186-CM24,,2024-01-31T15:23:25Z,,,,,DIRECCION GENERAL DE GENDARMERIA DE CHIL | Región del Maule,610040519,,Región del Maule ,,SOCIEDAD COMERCIAL MAULE LTDA | SOCIEDAD COMERCIAL MAULE LTDA,76287511K,,Región del Maule ,,,,,1471971,C.C.P DE TALCA FOSOAD N° 13 COMPRA MERCADERIA PARA EL SERVICIO DE ALIMENTACION,PIMENTON FRESCO - ROJO UNIDAD VII REGION(1471971) PIMENTON FRESCO - ROJO UNIDAD VII REGION,210.0,,CLP,625.0,,
1391-186-CM24,,2024-01-31T15:23:25Z,,,,,DIRECCION GENERAL DE GENDARMERIA DE CHIL | Región del Maule,610040519,,Región del Maule ,,SOCIEDAD COMERCIAL MAULE LTDA | SOCIEDAD COMERCIAL MAULE LTDA,76287511K,,Región del Maule ,,,,,1460826,C.C.P DE TALCA FOSOAD N° 13 COMPRA MERCADERIA PARA EL SERVICIO DE ALIMENTACION,AJO FRESCO - ROSADO UNIDAD VII REGION(1460826) AJO FRESCO - ROSADO UNIDAD VII REGION,84.0,,CLP,231.0,,
1391-186-CM24,,2024-01-31T15:23:25Z,,,,,DIRECCION GENERAL DE GENDARMERIA DE CHIL | Región del Maule,610040519,,Región del Maule ,,SOCIEDAD COMERCIAL MAULE LTDA | SOCIEDAD COMERCIAL MAULE LTDA,76287511K,,Región del Maule ,,,,,1475676,C.C.P DE TALCA FOSOAD N° 13 COMPRA MERCADERIA PARA EL SERVICIO DE ALIMENTACION,ZAPALLO FRESCO PROCESADO - CAMOTE TROZO CASCARA BOLSA 1 K UNIDAD VII REGION(1475676) ZAPALLO FRESCO PROCESADO - CAMOTE TROZO CASCARA BOLSA 1 K UNIDAD VII REGION,160.0,,CLP,695.0,,
1391-186-CM24,,2024-01-31T15:23:25Z,,,,,DIRECCION GENERAL DE GENDARMERIA DE CHIL | Región del Maule,610040519,,Región del Maule ,,SOCIEDAD COMERCIAL MAULE LTDA | SOCIEDAD COMERCIAL MAULE LTDA,76287511K,,Región del Maule ,,,,,1473891,C.C.P DE TALCA FOSOAD N° 13 COMPRA MERCADERIA PARA EL SERVICIO DE ALIMENTACION,TOMATE FRESCO - MEDIANO 200 KILO APROX. VII REGION(1473891) TOMATE FRESCO - MEDIANO 200 KILO APROX. VII REGION,290.0,,CLP,2043.0,,
1391-186-CM24,,2024-01-31T15:23:25Z,,,,,DIRECCION GENERAL DE GENDARMERIA DE CHIL | Región del Maule,610040519,,Región del Maule ,,SOCIEDAD COMERCIAL MAULE LTDA | SOCIEDAD COMERCIAL MAULE LTDA,76287511K,,Región del Maule ,,,,,1431576,C.C.P DE TALCA FOSOAD N° 13 COMPRA MERCADERIA PARA EL SERVICIO DE ALIMENTACION,JUGO DE LIMON HIGUERAS SUCEDANEO BOTELLA 500 ML UNIDAD VII REGION(1431576) JUGO DE LIMON HIGUERAS SUCEDANEO BOTELLA 500 ML UNIDAD VII REGION,60.0,,CLP,753.0,,
1391-186-CM24,,2024-01-31T15:23:25Z,,,,,DIRECCION GENERAL DE GENDARMERIA DE CHIL | Región del Maule,610040519,,Región del Maule ,,SOCIEDAD COMERCIAL MAULE LTDA | SOCIEDAD COMERCIAL MAULE LTDA,76287511K,,Región del Maule ,,,,,1466451,C.C.P DE TALCA FOSOAD N° 13 COMPRA MERCADERIA PARA EL SERVICIO DE ALIMENTACION,FRUTILLA  - BOLSA KILO APROX. VII REGION(1466451) FRUTILLA  - BOLSA KILO APROX. VII REGION,15.0,,CLP,2136.0,,
1391-186-CM24,,2024-01-31T15:23:25Z,,,,,DIRECCION GENERAL DE GENDARMERIA DE CHIL | Región del Maule,610040519,,Región del Maule ,,SOCIEDAD COMERCIAL MAULE LTDA | SOCIEDAD COMERCIAL MAULE LTDA,76287511K,,Región del Maule ,,,,,1465596,C.C.P DE TALCA FOSOAD N° 13 COMPRA MERCADERIA PARA EL SERVICIO DE ALIMENTACION,DURAZNO - PELADO MEDIANO KILO APROX. VII REGION(1465596) DURAZNO - PELADO MEDIANO KILO APROX. VII REGION,48.0,,CLP,1156.0,,
1391-186-CM24,,2024-01-31T15:23:25Z,,,,,DIRECCION GENERAL DE GENDARMERIA DE CHIL | Región del Maule,610040519,,Región del Maule ,,SOCIEDAD COMERCIAL MAULE LTDA | SOCIEDAD COMERCIAL MAULE LTDA,76287511K,,Región del Maule ,,,,,1472016,C.C.P DE TALCA FOSOAD N° 13 COMPRA MERCADERIA PARA EL SERVICIO DE ALIMENTACION,PIMENTON FRESCO - VERDE 100 UNIDADES VII REGION(1472016) PIMENTON FRESCO - VERDE 100 UNIDADES VII REGION,330.0,,CLP,686.0,,
1391-186-CM24,,2024-01-31T15:23:25Z,,,,,DIRECCION GENERAL DE GENDARMERIA DE CHIL | Región del Maule,610040519,,Región del Maule ,,SOCIEDAD COMERCIAL MAULE LTDA | SOCIEDAD COMERCIAL MAULE LTDA,76287511K,,Región del Maule ,,,,,1472901,C.C.P DE TALCA FOSOAD N° 13 COMPRA MERCADERIA PARA EL SERVICIO DE ALIMENTACION,POROTO VERDE - MAGNUN KILO APROX. VII REGION(1472901) POROTO VERDE - MAGNUN KILO APROX. VII REGION,34.0,,CLP,1813.0,,
1391-186-CM24,,2024-01-31T15:23:25Z,,,,,DIRECCION GENERAL DE GENDARMERIA DE CHIL | Región del Maule,610040519,,Región del Maule ,,SOCIEDAD COMERCIAL MAULE LTDA | SOCIEDAD COMERCIAL MAULE LTDA,76287511K,,Región del Maule ,,,,,1462701,C.C.P DE TALCA FOSOAD N° 13 COMPRA MERCADERIA PARA EL SERVICIO DE ALIMENTACION,CILANTRO FRESCO PROCESADO - ENTERO BOLSA 1 K UNIDAD VII REGION(1462701) CILANTRO FRESCO PROCESADO - ENTERO BOLSA 1 K UNIDAD VII REGION,30.0,,CLP,1502.0,,
1391-186-CM24,,2024-01-31T15:23:25Z,,,,,DIRECCION GENERAL DE GENDARMERIA DE CHIL | Región del Maule,610040519,,Región del Maule ,,SOCIEDAD COMERCIAL MAULE LTDA | SOCIEDAD COMERCIAL MAULE LTDA,76287511K,,Región del Maule ,,,,,1467876,C.C.P DE TALCA FOSOAD N° 13 COMPRA MERCADERIA PARA EL SERVICIO DE ALIMENTACION,LECHUGA FRESCA - COSTINA UNIDAD VII REGION(1467876) LECHUGA FRESCA - COSTINA UNIDAD VII REGION,300.0,,CLP,1053.0,,
1391-186-CM24,,2024-01-31T15:23:25Z,,,,,DIRECCION GENERAL DE GENDARMERIA DE CHIL | Región del Maule,610040519,,Región del Maule ,,SOCIEDAD COMERCIAL MAULE LTDA | SOCIEDAD COMERCIAL MAULE LTDA,76287511K,,Región del Maule ,,,,,1473486,C.C.P DE TALCA FOSOAD N° 13 COMPRA MERCADERIA PARA EL SERVICIO DE ALIMENTACION,REPOLLO FRESCO - LISO UNIDAD VII REGION(1473486) REPOLLO FRESCO - LISO UNIDAD VII REGION,18.0,,CLP,1086.0,,
1391-186-CM24,,2024-01-31T15:23:25Z,,,,,DIRECCION GENERAL DE GENDARMERIA DE CHIL | Región del Maule,610040519,,Región del Maule ,,SOCIEDAD COMERCIAL MAULE LTDA | SOCIEDAD COMERCIAL MAULE LTDA,76287511K,,Región del Maule ,,,,,1460466,C.C.P DE TALCA FOSOAD N° 13 COMPRA MERCADERIA PARA EL SERVICIO DE ALIMENTACION,ACEITUNA - AZAPA BOLSA 1K UNIDAD VII REGION(1460466) ACEITUNA - AZAPA BOLSA 1K UNIDAD VII REGION,4.0,,CLP,7128.0,,
1391-186-CM24,,2024-01-31T15:23:25Z,,,,,DIRECCION GENERAL DE GENDARMERIA DE CHIL | Región del Maule,610040519,,Región del Maule ,,SOCIEDAD COMERCIAL MAULE LTDA | SOCIEDAD COMERCIAL MAULE LTDA,76287511K,,Región del Maule ,,,,,1473666,C.C.P DE TALCA FOSOAD N° 13 COMPRA MERCADERIA PARA EL SERVICIO DE ALIMENTACION,SANDIA - SANDIA MEDIANA UNIDAD VII REGION(1473666) SANDIA - SANDIA MEDIANA UNIDAD VII REGION,16.0,,CLP,2600.0,,
1391-186-CM24,,2024-01-31T15:23:25Z,,,,,DIRECCION GENERAL DE GENDARMERIA DE CHIL | Región del Maule,610040519,,Región del Maule ,,SOCIEDAD COMERCIAL MAULE LTDA | SOCIEDAD COMERCIAL MAULE LTDA,76287511K,,Región del Maule ,,,,,1468161,C.C.P DE TALCA FOSOAD N° 13 COMPRA MERCADERIA PARA EL SERVICIO DE ALIMENTACION,LIMON FRESCO - AMARILLO KILO APROX. VII REGION(1468161) LIMON FRESCO - AMARILLO KILO APROX. VII REGION,40.0,,CLP,834.0,,
1391-186-CM24,,2024-01-31T15:23:25Z,,,,,DIRECCION GENERAL DE GENDARMERIA DE CHIL | Región del Maule,610040519,,Región del Maule ,,SOCIEDAD COMERCIAL MAULE LTDA | SOCIEDAD COMERCIAL MAULE LTDA,76287511K,,Región del Maule ,,,,,1470456,C.C.P DE TALCA FOSOAD N° 13 COMPRA MERCADERIA PARA EL SERVICIO DE ALIMENTACION,PAPA FRESCA - ASTERIX PRIMERA KILO APROX. VII REGION(1470456) PAPA FRESCA - ASTERIX PRIMERA KILO APROX. VII REGION,1050.0,,CLP,1690.0,,
1391-186-CM24,,2024-01-31T15:23:25Z,,,,,DIRECCION GENERAL DE GENDARMERIA DE CHIL | Región del Maule,610040519,,Región del Maule ,,SOCIEDAD COMERCIAL MAULE LTDA | SOCIEDAD COMERCIAL MAULE LTDA,76287511K,,Región del Maule ,,,,,1475481,C.C.P DE TALCA FOSOAD N° 13 COMPRA MERCADERIA PARA EL SERVICIO DE ALIMENTACION,ZANAHORIA FRESCA - GRANEL 100 KILO APROX. VII REGION(1475481) ZANAHORIA FRESCA - GRANEL 100 KILO APROX. VII REGION,175.0,,CLP,883.0,,
1392-3-CM24,,2024-01-30T17:05:39Z,,,,,DIRECCION GENERAL DE AERONAUTICA CIVIL | UNIDAD DE COMPRA DMC,611040008,,Región Metropolitana de Santiago,,DIMERC S A | DIMERC S.A.,966708409,,Región de Antofagasta ,,,,,1920037,Adquisición de materiales de aseo.,PAPEL HIGIÉNICO ELITE ALTO METRAJE DOBLE HOJA 6 ROLLOS 250 M 1 PAQUETE REGIÓN RM(1920037) PAPEL HIGIÉNICO ELITE ALTO METRAJE DOBLE HOJA 6 ROLLOS 250 M 1 PAQUETE REGIÓN RM,64.0,,CLP,9504.0,,
1392-3-CM24,,2024-01-30T17:05:39Z,,,,,DIRECCION GENERAL DE AERONAUTICA CIVIL | UNIDAD DE COMPRA DMC,611040008,,Región Metropolitana de Santiago,,DIMERC S A | DIMERC S.A.,966708409,,Región de Antofagasta ,,,,,1923998,Adquisición de materiales de aseo.,TOALLA DE PAPEL ELITE PROFESSIONAL HOJA SIMPLE 250 M 2 ROLLOS REGIÓN RM(1923998) TOALLA DE PAPEL ELITE PROFESSIONAL HOJA SIMPLE 250 M 2 ROLLOS REGIÓN RM,184.0,,CLP,6111.0,,
1403-72-CM24,,2024-02-14T09:47:47Z,,,,,DIRECCION GENERAL DE GENDARMERIA DE CHIL | Región de Aysén,610041019,,Región Aysén del General Carlos Ibáñez del Campo,,GASCO GLP S A | GASCO GLP - DIVISION SUR,965687408,,Región Metropolitana de Santiago,,,,,1945009,ADQUISICION GAS GRANEL CCP COYHAIQUE,GAS LICUADO GRANEL LITRO XI REGIÓN(1945009) GAS LICUADO GRANEL LITRO XI REGIÓN,4500.0,,CLP,298.0,,
1407-16-CM24,,2024-02-14T09:47:47Z,,,,,DIRECCION GENERAL DE GENDARMERIA DE CHIL | Región de Tarapacá,610040020,,Región de Tarapacá  ,,COOP AGRICOLA Y LECHERA DE LA UNION LTDA | Cooperativa Agricola y Lechera - Casa Matriz,810941006,,Región Metropolitana de Santiago,,,,,1456275,CCP IQUIQUE COMPRA VIVERES PARA LA CENTRAL DE ALIMENTACION,POSTRE REFRIGERADO COLUN FLAN MANJAR POTE 100 G UNIDAD I REGION(1456275) POSTRE REFRIGERADO COLUN FLAN MANJAR POTE 100 G UNIDAD I REGION,504.0,,CLP,248.0,,
1407-16-CM24,,2024-02-14T09:47:47Z,,,,,DIRECCION GENERAL DE GENDARMERIA DE CHIL | Región de Tarapacá,610040020,,Región de Tarapacá  ,,COOP AGRICOLA Y LECHERA DE LA UNION LTDA | Cooperativa Agricola y Lechera - Casa Matriz,810941006,,Región Metropolitana de Santiago,,,,,1456200,CCP IQUIQUE COMPRA VIVERES PARA LA CENTRAL DE ALIMENTACION,POSTRE REFRIGERADO COLUN JALEA GUINDA POTE 100 G UNIDAD I REGION(1456200) POSTRE REFRIGERADO COLUN JALEA GUINDA POTE 100 G UNIDAD I REGION,504.0,,CLP,162.0,,
1407-16-CM24,,2024-02-14T09:47:47Z,,,,,DIRECCION GENERAL DE GENDARMERIA DE CHIL | Región de Tarapacá,610040020,,Región de Tarapacá  ,,COOP AGRICOLA Y LECHERA DE LA UNION LTDA | Cooperativa Agricola y Lechera - Casa Matriz,810941006,,Región Metropolitana de Santiago,,,,,1455900,CCP IQUIQUE COMPRA VIVERES PARA LA CENTRAL DE ALIMENTACION,LECHE SABORIZADA SEMIDESCREMADA COLUN CHOCOLATE ORIGINAL CAJA 200 CC UNIDAD I REGION(1455900) LECHE SABORIZADA SEMIDESCREMADA COLUN CHOCOLATE ORIGINAL CAJA 200 CC UNIDAD I REGION,984.0,,CLP,432.0,,
1407-16-CM24,,2024-02-14T09:47:47Z,,,,,DIRECCION GENERAL DE GENDARMERIA DE CHIL | Región de Tarapacá,610040020,,Región de Tarapacá  ,,COOP AGRICOLA Y LECHERA DE LA UNION LTDA | Cooperativa Agricola y Lechera - Casa Matriz,810941006,,Región Metropolitana de Santiago,,,,,1455585,CCP IQUIQUE COMPRA VIVERES PARA LA CENTRAL DE ALIMENTACION,LECHE LIQUIDA DESCREMADA COLUN NATURAL CAJA 200 CC UNIDAD I REGION(1455585) LECHE LIQUIDA DESCREMADA COLUN NATURAL CAJA 200 CC UNIDAD I REGION,984.0,,CLP,350.0,,
1407-16-CM24,,2024-02-14T09:47:47Z,,,,,DIRECCION GENERAL DE GENDARMERIA DE CHIL | Región de Tarapacá,610040020,,Región de Tarapacá  ,,COOP AGRICOLA Y LECHERA DE LA UNION LTDA | Cooperativa Agricola y Lechera - Casa Matriz,810941006,,Región Metropolitana de Santiago,,,,,1455510,CCP IQUIQUE COMPRA VIVERES PARA LA CENTRAL DE ALIMENTACION,LECHE EN POLVO ENTERA COLUN INSTANTANEA BOLSA 1440 G UNIDAD I REGION(1455510) LECHE EN POLVO ENTERA COLUN INSTANTANEA BOLSA 1440 G UNIDAD I REGION,60.0,,CLP,12765.0,,
1407-16-CM24,,2024-02-14T09:47:47Z,,,,,DIRECCION GENERAL DE GENDARMERIA DE CHIL | Región de Tarapacá,610040020,,Región de Tarapacá  ,,COOP AGRICOLA Y LECHERA DE LA UNION LTDA | Cooperativa Agricola y Lechera - Casa Matriz,810941006,,Región Metropolitana de Santiago,,,,,1455945,CCP IQUIQUE COMPRA VIVERES PARA LA CENTRAL DE ALIMENTACION,MANJAR COLUN BOLSA 1K UNIDAD I REGION(1455945) MANJAR COLUN BOLSA 1K UNIDAD I REGION,60.0,,CLP,3927.0,,
1407-16-CM24,,2024-02-14T09:47:47Z,,,,,DIRECCION GENERAL DE GENDARMERIA DE CHIL | Región de Tarapacá,610040020,,Región de Tarapacá  ,,COOP AGRICOLA Y LECHERA DE LA UNION LTDA | Cooperativa Agricola y Lechera - Casa Matriz,810941006,,Región Metropolitana de Santiago,,,,,1456320,CCP IQUIQUE COMPRA VIVERES PARA LA CENTRAL DE ALIMENTACION,QUESILLO COLUN 2 POTES 160 G UNIDAD I REGION(1456320) QUESILLO COLUN 2 POTES 160 G UNIDAD I REGION,360.0,,CLP,1932.0,,
1407-16-CM24,,2024-02-14T09:47:47Z,,,,,DIRECCION GENERAL DE GENDARMERIA DE CHIL | Región de Tarapacá,610040020,,Región de Tarapacá  ,,COOP AGRICOLA Y LECHERA DE LA UNION LTDA | Cooperativa Agricola y Lechera - Casa Matriz,810941006,,Región Metropolitana de Santiago,,,,,1456575,CCP IQUIQUE COMPRA VIVERES PARA LA CENTRAL DE ALIMENTACION,QUESO CREMOSO COLUN NATURAL EMBUTIDO 200 G UNIDAD I REGION(1456575) QUESO CREMOSO COLUN NATURAL EMBUTIDO 200 G UNIDAD I REGION,260.0,,CLP,1207.0,,
1407-16-CM24,,2024-02-14T09:47:47Z,,,,,DIRECCION GENERAL DE GENDARMERIA DE CHIL | Región de Tarapacá,610040020,,Región de Tarapacá  ,,COOP AGRICOLA Y LECHERA DE LA UNION LTDA | Cooperativa Agricola y Lechera - Casa Matriz,810941006,,Región Metropolitana de Santiago,,,,,1457235,CCP IQUIQUE COMPRA VIVERES PARA LA CENTRAL DE ALIMENTACION,YOGURT BATIDO COLUN CEREZA POTE 125 G UNIDAD I REGION(1457235) YOGURT BATIDO COLUN CEREZA POTE 125 G UNIDAD I REGION,504.0,,CLP,213.0,,
1407-16-CM24,,2024-02-14T09:47:47Z,,,,,DIRECCION GENERAL DE GENDARMERIA DE CHIL | Región de Tarapacá,610040020,,Región de Tarapacá  ,,COOP AGRICOLA Y LECHERA DE LA UNION LTDA | Cooperativa Agricola y Lechera - Casa Matriz,810941006,,Región Metropolitana de Santiago,,,,,1457700,CCP IQUIQUE COMPRA VIVERES PARA LA CENTRAL DE ALIMENTACION,YOGURT LIGHT COLUN CEREZA POTE 125 G UNIDAD I REGION(1457700) YOGURT LIGHT COLUN CEREZA POTE 125 G UNIDAD I REGION,504.0,,CLP,245.0,,
1411-160-CM24,,2024-02-15T11:50:41Z,,,,,DIRECCION GENERAL DE GENDARMERIA DE CHIL | Región Metropolitana,619338006,,Región Metropolitana de Santiago,,CECINAS BAVARIA PROVIDENCIA | CECINAS BAVARIA PROVIDENCIA,787593402,,Región Metropolitana de Santiago,,,,,1803238,C.D.P. PTE. ALTO ADQ. ALIMENTO DESP. PARCIALIZADO FEBRERO.,JAMON CERDO BAVARIA LAMINADO 1 KILO RM(1803238) JAMON CERDO BAVARIA LAMINADO 1 KILO RM,182.0,,CLP,7512.0,,
1411-170-CM24,,2024-02-14T09:47:47Z,,,,,DIRECCION GENERAL DE GENDARMERIA DE CHIL | Región Metropolitana,619338006,,Región Metropolitana de Santiago,,vitalmento | vitalmento,763641724,,Región Metropolitana de Santiago,,,,,1460892,C.D.P. PTE. ALTO ADQ. ALIMENTO DESP. PARCIALIZADO FEBRERO.,ALBAHACA FRESCA - ATADO 500 GR UNIDAD RM(1460892) ALBAHACA FRESCA - ATADO 500 GR UNIDAD RM,15.0,,CLP,2390.0,,
1411-170-CM24,,2024-02-14T09:47:47Z,,,,,DIRECCION GENERAL DE GENDARMERIA DE CHIL | Región Metropolitana,619338006,,Región Metropolitana de Santiago,,vitalmento | vitalmento,763641724,,Región Metropolitana de Santiago,,,,,1461402,C.D.P. PTE. ALTO ADQ. ALIMENTO DESP. PARCIALIZADO FEBRERO.,BETARRAGA FRESCA - PAQUETE APROX. 1 K UNIDAD RM(1461402) BETARRAGA FRESCA - PAQUETE APROX. 1 K UNIDAD RM,150.0,,CLP,595.0,,
1411-170-CM24,,2024-02-14T09:47:47Z,,,,,DIRECCION GENERAL DE GENDARMERIA DE CHIL | Región Metropolitana,619338006,,Región Metropolitana de Santiago,,vitalmento | vitalmento,763641724,,Región Metropolitana de Santiago,,,,,1468842,C.D.P. PTE. ALTO ADQ. ALIMENTO DESP. PARCIALIZADO FEBRERO.,MANZANA - ROYAL GALA GRANDE KILO APROX. RM(1468842) MANZANA - ROYAL GALA GRANDE KILO APROX. RM,162.0,,CLP,1413.0,,
1411-170-CM24,,2024-02-14T09:47:47Z,,,,,DIRECCION GENERAL DE GENDARMERIA DE CHIL | Región Metropolitana,619338006,,Región Metropolitana de Santiago,,vitalmento | vitalmento,763641724,,Región Metropolitana de Santiago,,,,,1469277,C.D.P. PTE. ALTO ADQ. ALIMENTO DESP. PARCIALIZADO FEBRERO.,NARANJA - NAVEL GRANDE KILO APROX. RM(1469277) NARANJA - NAVEL GRANDE KILO APROX. RM,1230.0,,CLP,1421.0,,
1411-170-CM24,,2024-02-14T09:47:47Z,,,,,DIRECCION GENERAL DE GENDARMERIA DE CHIL | Región Metropolitana,619338006,,Región Metropolitana de Santiago,,vitalmento | vitalmento,763641724,,Región Metropolitana de Santiago,,,,,1563978,C.D.P. PTE. ALTO ADQ. ALIMENTO DESP. PARCIALIZADO FEBRERO.,PAPA FRESCA - PATAGONIA INIA PRIMERA KILO APROX RM(1563978) PAPA FRESCA - PATAGONIA INIA PRIMERA KILO APROX RM,431.0,,CLP,1214.0,,
1411-170-CM24,,2024-02-14T09:47:47Z,,,,,DIRECCION GENERAL DE GENDARMERIA DE CHIL | Región Metropolitana,619338006,,Región Metropolitana de Santiago,,vitalmento | vitalmento,763641724,,Región Metropolitana de Santiago,,,,,1471632,C.D.P. PTE. ALTO ADQ. ALIMENTO DESP. PARCIALIZADO FEBRERO.,PEPINO FRESCO - ENSALADA UNIDAD RM(1471632) PEPINO FRESCO - ENSALADA UNIDAD RM,330.0,,CLP,342.0,,
1411-170-CM24,,2024-02-14T09:47:47Z,,,,,DIRECCION GENERAL DE GENDARMERIA DE CHIL | Región Metropolitana,619338006,,Región Metropolitana de Santiago,,vitalmento | vitalmento,763641724,,Región Metropolitana de Santiago,,,,,1471992,C.D.P. PTE. ALTO ADQ. ALIMENTO DESP. PARCIALIZADO FEBRERO.,PIMENTON FRESCO - VERDE UNIDAD RM(1471992) PIMENTON FRESCO - VERDE UNIDAD RM,4125.0,,CLP,424.0,,
1411-171-CM24,,2024-02-14T09:47:47Z,,,,,DIRECCION GENERAL DE GENDARMERIA DE CHIL | Región Metropolitana,619338006,,Región Metropolitana de Santiago,,Alimentos San Mateo S.A. | Alimentos San Mateo S.A.,772746504,,Región Metropolitana de Santiago,,,,,1471377,C.D.P. PTE. ALTO ADQ. ALIMENTO DESP. PARCIALIZADO FEBRERO.,PECHUGA DESHUESADA POLLO CONGELADO - MARINADO BOLSA 1K UNIDAD IMPORTADO RM(1471377) PECHUGA DESHUESADA POLLO CONGELADO - MARINADO BOLSA 1K UNIDAD IMPORTADO RM,2414.0,,CLP,3800.0,,
1411-171-CM24,,2024-02-14T09:47:47Z,,,,,DIRECCION GENERAL DE GENDARMERIA DE CHIL | Región Metropolitana,619338006,,Región Metropolitana de Santiago,,Alimentos San Mateo S.A. | Alimentos San Mateo S.A.,772746504,,Región Metropolitana de Santiago,,,,,1475352,C.D.P. PTE. ALTO ADQ. ALIMENTO DESP. PARCIALIZADO FEBRERO.,VACUNO MOLIDO CONGELADO - MG 6% BOLSA 1K UNIDAD NACIONAL RM(1475352) VACUNO MOLIDO CONGELADO - MG 6% BOLSA 1K UNIDAD NACIONAL RM,660.0,,CLP,4828.0,,
1411-205-CM24,,2024-01-30T17:21:17Z,,,,,DIRECCION GENERAL DE GENDARMERIA DE CHIL | Región Metropolitana,619338006,,Región Metropolitana de Santiago,,LUIS ALBERTO BILBAO ROA | Luis Bilbao Roa,66945642,,Región Metropolitana de Santiago,,,,,1562732,CPF de Santiago Alimentos Febrero 2024,VACUNO EN CUBO CONGELADO BILBAO POSTA ROSADA MARINADA CUBOS 2X2X 2 CM BOLSA1 K NACIONAL RM(1562732) VACUNO EN CUBO CONGELADO BILBAO POSTA ROSADA MARINADA CUBOS 2X2X 2 CM BOLSA1 K NACIONAL RM,330.0,,CLP,9167.0,,
1411-205-CM24,,2024-01-30T17:21:17Z,,,,,DIRECCION GENERAL DE GENDARMERIA DE CHIL | Región Metropolitana,619338006,,Región Metropolitana de Santiago,,LUIS ALBERTO BILBAO ROA | Luis Bilbao Roa,66945642,,Región Metropolitana de Santiago,,,,,1563891,CPF de Santiago Alimentos Febrero 2024,POLLO EN CUBO CONGELADO BILBAO PECHUGA MARINADA CUBOS2 X 2 X 2 CM. BOLSA 1KG NACIONAL RM(1563891) POLLO EN CUBO CONGELADO BILBAO PECHUGA MARINADA CUBOS2 X 2 X 2 CM. BOLSA 1KG NACIONAL RM,820.0,,CLP,5141.0,,
1411-205-CM24,,2024-01-30T17:21:17Z,,,,,DIRECCION GENERAL DE GENDARMERIA DE CHIL | Región Metropolitana,619338006,,Región Metropolitana de Santiago,,LUIS ALBERTO BILBAO ROA | Luis Bilbao Roa,66945642,,Región Metropolitana de Santiago,,,,,1475397,CPF de Santiago Alimentos Febrero 2024,VACUNO MOLIDO CONGELADO - MG 2% BOLSA 1K UNIDAD IMPORTADO RM(1475397) VACUNO MOLIDO CONGELADO - MG 2% BOLSA 1K UNIDAD IMPORTADO RM,460.0,,CLP,8904.0,,
1411-205-CM24,,2024-01-30T17:21:17Z,,,,,DIRECCION GENERAL DE GENDARMERIA DE CHIL | Región Metropolitana,619338006,,Región Metropolitana de Santiago,,LUIS ALBERTO BILBAO ROA | Luis Bilbao Roa,66945642,,Región Metropolitana de Santiago,,,,,1472427,CPF de Santiago Alimentos Febrero 2024,POLLO EN TIRAS - BOLSA 1K UNIDAD NACIONAL RM(1472427) POLLO EN TIRAS - BOLSA 1K UNIDAD NACIONAL RM,90.0,,CLP,5635.0,,
1411-205-CM24,,2024-01-30T17:21:17Z,,,,,DIRECCION GENERAL DE GENDARMERIA DE CHIL | Región Metropolitana,619338006,,Región Metropolitana de Santiago,,LUIS ALBERTO BILBAO ROA | Luis Bilbao Roa,66945642,,Región Metropolitana de Santiago,,,,,1820638,CPF de Santiago Alimentos Febrero 2024,TRUTRO CORTO POLLO CONGELADO ARIZTIA SIN MARINAR CAJA DE 10 KILOS NACIONAL RM(1820638) TRUTRO CORTO POLLO CONGELADO ARIZTIA SIN MARINAR CAJA DE 10 KILOS NACIONAL RM,120.0,,CLP,4993.0,,
1411-205-CM24,,2024-01-30T17:21:17Z,,,,,DIRECCION GENERAL DE GENDARMERIA DE CHIL | Región Metropolitana,619338006,,Región Metropolitana de Santiago,,LUIS ALBERTO BILBAO ROA | Luis Bilbao Roa,66945642,,Región Metropolitana de Santiago,,,,,1471317,CPF de Santiago Alimentos Febrero 2024,PECHUGA DESHUESADA POLLO - MARINADO BOLSA 1K UNIDAD IMPORTADO RM(1471317) PECHUGA DESHUESADA POLLO - MARINADO BOLSA 1K UNIDAD IMPORTADO RM,90.0,,CLP,4462.0,,
1411-205-CM24,,2024-01-30T17:21:17Z,,,,,DIRECCION GENERAL DE GENDARMERIA DE CHIL | Región Metropolitana,619338006,,Región Metropolitana de Santiago,,LUIS ALBERTO BILBAO ROA | Luis Bilbao Roa,66945642,,Región Metropolitana de Santiago,,,,,1806308,CPF de Santiago Alimentos Febrero 2024,SALCHICHA DON CERDO VIENESAS DISPLAY 1K RM(1806308) SALCHICHA DON CERDO VIENESAS DISPLAY 1K RM,200.0,,CLP,4470.0,,
1411-205-CM24,,2024-01-30T17:21:17Z,,,,,DIRECCION GENERAL DE GENDARMERIA DE CHIL | Región Metropolitana,619338006,,Región Metropolitana de Santiago,,LUIS ALBERTO BILBAO ROA | Luis Bilbao Roa,66945642,,Región Metropolitana de Santiago,,,,,1459557,CPF de Santiago Alimentos Febrero 2024,LONGANIZA SUPER CERDO DISPLAY 1K UNIDAD RM(1459557) LONGANIZA SUPER CERDO DISPLAY 1K UNIDAD RM,80.0,,CLP,5185.0,,
1411-205-CM24,,2024-01-30T17:21:17Z,,,,,DIRECCION GENERAL DE GENDARMERIA DE CHIL | Región Metropolitana,619338006,,Región Metropolitana de Santiago,,LUIS ALBERTO BILBAO ROA | Luis Bilbao Roa,66945642,,Región Metropolitana de Santiago,,,,,1461912,CPF de Santiago Alimentos Febrero 2024,CERDO EN CUBOS - BOLSA 1K UNIDAD IMPORTADO RM(1461912) CERDO EN CUBOS - BOLSA 1K UNIDAD IMPORTADO RM,220.0,,CLP,5037.0,,
1411-205-CM24,,2024-01-30T17:21:17Z,,,,,DIRECCION GENERAL DE GENDARMERIA DE CHIL | Región Metropolitana,619338006,,Región Metropolitana de Santiago,,LUIS ALBERTO BILBAO ROA | Luis Bilbao Roa,66945642,,Región Metropolitana de Santiago,,,,,1478457,CPF de Santiago Alimentos Febrero 2024,HAMBURGUESA VACUNO CONGELADA LA CRIANZA CASERA SACHET 100 G UNIDAD RM(1478457) HAMBURGUESA VACUNO CONGELADA LA CRIANZA CASERA SACHET 100 G UNIDAD RM,400.0,,CLP,1130.0,,
1411-205-CM24,,2024-01-30T17:21:17Z,,,,,DIRECCION GENERAL DE GENDARMERIA DE CHIL | Región Metropolitana,619338006,,Región Metropolitana de Santiago,,LUIS ALBERTO BILBAO ROA | Luis Bilbao Roa,66945642,,Región Metropolitana de Santiago,,,,,1465077,CPF de Santiago Alimentos Febrero 2024,CORTE SOBRECOSTILLA - SIN MARINAR BOLSA 1K UNIDAD IMPORTADO RM(1465077) CORTE SOBRECOSTILLA - SIN MARINAR BOLSA 1K UNIDAD IMPORTADO RM,40.0,,CLP,8065.0,,
1411-205-CM24,,2024-01-30T17:21:17Z,,,,,DIRECCION GENERAL DE GENDARMERIA DE CHIL | Región Metropolitana,619338006,,Región Metropolitana de Santiago,,LUIS ALBERTO BILBAO ROA | Luis Bilbao Roa,66945642,,Región Metropolitana de Santiago,,,,,1464567,CPF de Santiago Alimentos Febrero 2024,CORTE POSTA ROSADA - MARINADO BOLSA 1K UNIDAD IMPORTADO RM(1464567) CORTE POSTA ROSADA - MARINADO BOLSA 1K UNIDAD IMPORTADO RM,70.0,,CLP,8551.0,,
1411-206-CM24,,2024-01-30T13:21:49Z,,,,,DIRECCION GENERAL DE GENDARMERIA DE CHIL | Región Metropolitana,619338006,,Región Metropolitana de Santiago,,COOP AGRICOLA Y LECHERA DE LA UNION LTDA | Cooperativa Agricola y Lechera - Casa Matriz,810941006,,Región Metropolitana de Santiago,,,,,1455597,CPF de Santiago Alimentos Febrero 2024,LECHE LIQUIDA DESCREMADA COLUN NATURAL CAJA 200 CC UNIDAD RM(1455597) LECHE LIQUIDA DESCREMADA COLUN NATURAL CAJA 200 CC UNIDAD RM,1000.0,,CLP,321.0,,
1411-206-CM24,,2024-01-30T13:21:49Z,,,,,DIRECCION GENERAL DE GENDARMERIA DE CHIL | Región Metropolitana,619338006,,Región Metropolitana de Santiago,,COOP AGRICOLA Y LECHERA DE LA UNION LTDA | Cooperativa Agricola y Lechera - Casa Matriz,810941006,,Región Metropolitana de Santiago,,,,,1456332,CPF de Santiago Alimentos Febrero 2024,QUESILLO COLUN 2 POTES 160 G UNIDAD RM(1456332) QUESILLO COLUN 2 POTES 160 G UNIDAD RM,872.0,,CLP,1789.0,,
1411-206-CM24,,2024-01-30T13:21:49Z,,,,,DIRECCION GENERAL DE GENDARMERIA DE CHIL | Región Metropolitana,619338006,,Región Metropolitana de Santiago,,COOP AGRICOLA Y LECHERA DE LA UNION LTDA | Cooperativa Agricola y Lechera - Casa Matriz,810941006,,Región Metropolitana de Santiago,,,,,1456677,CPF de Santiago Alimentos Febrero 2024,QUESO LAMINADO COLUN GOUDA BOLSA 1 K UNIDAD RM(1456677) QUESO LAMINADO COLUN GOUDA BOLSA 1 K UNIDAD RM,192.0,,CLP,8302.0,,
1411-206-CM24,,2024-01-30T13:21:49Z,,,,,DIRECCION GENERAL DE GENDARMERIA DE CHIL | Región Metropolitana,619338006,,Región Metropolitana de Santiago,,COOP AGRICOLA Y LECHERA DE LA UNION LTDA | Cooperativa Agricola y Lechera - Casa Matriz,810941006,,Región Metropolitana de Santiago,,,,,1455792,CPF de Santiago Alimentos Febrero 2024,LECHE SABORIZADA SEMIDESCREMADA COLUN CHOCOLATE CAJA 200 CC UNIDAD RM(1455792) LECHE SABORIZADA SEMIDESCREMADA COLUN CHOCOLATE CAJA 200 CC UNIDAD RM,1600.0,,CLP,388.0,,
1411-206-CM24,,2024-01-30T13:21:49Z,,,,,DIRECCION GENERAL DE GENDARMERIA DE CHIL | Región Metropolitana,619338006,,Región Metropolitana de Santiago,,COOP AGRICOLA Y LECHERA DE LA UNION LTDA | Cooperativa Agricola y Lechera - Casa Matriz,810941006,,Región Metropolitana de Santiago,,,,,1455807,CPF de Santiago Alimentos Febrero 2024,LECHE SABORIZADA SEMIDESCREMADA COLUN FRUTILLA CAJA 200 CC UNIDAD RM(1455807) LECHE SABORIZADA SEMIDESCREMADA COLUN FRUTILLA CAJA 200 CC UNIDAD RM,1600.0,,CLP,382.0,,
1411-206-CM24,,2024-01-30T13:21:49Z,,,,,DIRECCION GENERAL DE GENDARMERIA DE CHIL | Región Metropolitana,619338006,,Región Metropolitana de Santiago,,COOP AGRICOLA Y LECHERA DE LA UNION LTDA | Cooperativa Agricola y Lechera - Casa Matriz,810941006,,Región Metropolitana de Santiago,,,,,2039564,CPF de Santiago Alimentos Febrero 2024,YOGURT LIGHT COLUN FRAMBUESA POTE 120 GR UNIDAD RM(2039564) YOGURT LIGHT COLUN FRAMBUESA POTE 120 GR UNIDAD RM,600.0,,CLP,219.0,,
1411-211-CM24,,2024-02-14T09:47:47Z,,,,,DIRECCION GENERAL DE GENDARMERIA DE CHIL | Región Metropolitana,619338006,,Región Metropolitana de Santiago,,SERVICIOS INTEGRADOS SIDAPT LIMITADA | SERVICIOS INTEGRADOS SIDAPT LTDA,762993589,,Región Metropolitana de Santiago,,,,,1485507,CDP STGO SUR Alimentos mes de febrero 2024 (entrega según programación),ENDULZANTE LIQUIDO DAILY STEVIA BOTELLA 180 ML UNIDAD RM(1485507) ENDULZANTE LIQUIDO DAILY STEVIA BOTELLA 180 ML UNIDAD RM,10.0,,CLP,2757.0,,
1411-211-CM24,,2024-02-14T09:47:47Z,,,,,DIRECCION GENERAL DE GENDARMERIA DE CHIL | Región Metropolitana,619338006,,Región Metropolitana de Santiago,,SERVICIOS INTEGRADOS SIDAPT LIMITADA | SERVICIOS INTEGRADOS SIDAPT LTDA,762993589,,Región Metropolitana de Santiago,,,,,1431582,CDP STGO SUR Alimentos mes de febrero 2024 (entrega según programación),JUGO DE LIMON HIGUERAS SUCEDANEO BOTELLA 500 ML UNIDAD RM(1431582) JUGO DE LIMON HIGUERAS SUCEDANEO BOTELLA 500 ML UNIDAD RM,84.0,,CLP,860.0,,
1411-211-CM24,,2024-02-14T09:47:47Z,,,,,DIRECCION GENERAL DE GENDARMERIA DE CHIL | Región Metropolitana,619338006,,Región Metropolitana de Santiago,,SERVICIOS INTEGRADOS SIDAPT LIMITADA | SERVICIOS INTEGRADOS SIDAPT LTDA,762993589,,Región Metropolitana de Santiago,,,,,1562494,CDP STGO SUR Alimentos mes de febrero 2024 (entrega según programación),PURE INSTANTANEO HOFFMANN FORMULA COMPLETA BOLSA 1K UNIDAD RM(1562494) PURE INSTANTANEO HOFFMANN FORMULA COMPLETA BOLSA 1K UNIDAD RM,500.0,,CLP,5590.0,,
1411-211-CM24,,2024-02-14T09:47:47Z,,,,,DIRECCION GENERAL DE GENDARMERIA DE CHIL | Región Metropolitana,619338006,,Región Metropolitana de Santiago,,SERVICIOS INTEGRADOS SIDAPT LIMITADA | SERVICIOS INTEGRADOS SIDAPT LTDA,762993589,,Región Metropolitana de Santiago,,,,,1648520,CDP STGO SUR Alimentos mes de febrero 2024 (entrega según programación),POROTO CONGELADO MINUTO VERDE GRANADO BOLSA 1K 15 UNIDADES RM(1648520) POROTO CONGELADO MINUTO VERDE GRANADO BOLSA 1K 15 UNIDADES RM,417.0,,CLP,47990.0,,
1411-211-CM24,,2024-02-14T09:47:47Z,,,,,DIRECCION GENERAL DE GENDARMERIA DE CHIL | Región Metropolitana,619338006,,Región Metropolitana de Santiago,,SERVICIOS INTEGRADOS SIDAPT LIMITADA | SERVICIOS INTEGRADOS SIDAPT LTDA,762993589,,Región Metropolitana de Santiago,,,,,1434702,CDP STGO SUR Alimentos mes de febrero 2024 (entrega según programación),QUESO LAMINADO SOPROLE MANTECOSO QUILQUE DISPLAY 500 G UNIDAD RM(1434702) QUESO LAMINADO SOPROLE MANTECOSO QUILQUE DISPLAY 500 G UNIDAD RM,2000.0,,CLP,5423.0,,
1411-211-CM24,,2024-02-14T09:47:47Z,,,,,DIRECCION GENERAL DE GENDARMERIA DE CHIL | Región Metropolitana,619338006,,Región Metropolitana de Santiago,,SERVICIOS INTEGRADOS SIDAPT LIMITADA | SERVICIOS INTEGRADOS SIDAPT LTDA,762993589,,Región Metropolitana de Santiago,,,,,1475997,CDP STGO SUR Alimentos mes de febrero 2024 (entrega según programación),HABA CONGELADA MINUTO VERDE BOLSA 1K UNIDAD RM(1475997) HABA CONGELADA MINUTO VERDE BOLSA 1K UNIDAD RM,45.0,,CLP,2747.0,,
1411-211-CM24,,2024-02-14T09:47:47Z,,,,,DIRECCION GENERAL DE GENDARMERIA DE CHIL | Región Metropolitana,619338006,,Región Metropolitana de Santiago,,SERVICIOS INTEGRADOS SIDAPT LIMITADA | SERVICIOS INTEGRADOS SIDAPT LTDA,762993589,,Región Metropolitana de Santiago,,,,,1885099,CDP STGO SUR Alimentos mes de febrero 2024 (entrega según programación),MAYONESA CAROZZI 1 KILO RM(1885099) MAYONESA CAROZZI 1 KILO RM,19.0,,CLP,2977.0,,
1411-211-CM24,,2024-02-14T09:47:47Z,,,,,DIRECCION GENERAL DE GENDARMERIA DE CHIL | Región Metropolitana,619338006,,Región Metropolitana de Santiago,,SERVICIOS INTEGRADOS SIDAPT LIMITADA | SERVICIOS INTEGRADOS SIDAPT LTDA,762993589,,Región Metropolitana de Santiago,,,,,1885133,CDP STGO SUR Alimentos mes de febrero 2024 (entrega según programación),MOSTAZA CAROZZI 1 KILO UNIDAD RM(1885133) MOSTAZA CAROZZI 1 KILO UNIDAD RM,24.0,,CLP,2225.0,,
1411-211-CM24,,2024-02-14T09:47:47Z,,,,,DIRECCION GENERAL DE GENDARMERIA DE CHIL | Región Metropolitana,619338006,,Región Metropolitana de Santiago,,SERVICIOS INTEGRADOS SIDAPT LIMITADA | SERVICIOS INTEGRADOS SIDAPT LTDA,762993589,,Región Metropolitana de Santiago,,,,,1451292,CDP STGO SUR Alimentos mes de febrero 2024 (entrega según programación),CEREAL EN BARRA COSTA CEREAL BAR CHOCOLATE MAS LECHE CAJA 8 BARRAS UNIDAD RM(1451292) CEREAL EN BARRA COSTA CEREAL BAR CHOCOLATE MAS LECHE CAJA 8 BARRAS UNIDAD RM,1500.0,,CLP,1699.0,,
1411-211-CM24,,2024-02-14T09:47:47Z,,,,,DIRECCION GENERAL DE GENDARMERIA DE CHIL | Región Metropolitana,619338006,,Región Metropolitana de Santiago,,SERVICIOS INTEGRADOS SIDAPT LIMITADA | SERVICIOS INTEGRADOS SIDAPT LTDA,762993589,,Región Metropolitana de Santiago,,,,,1493727,CDP STGO SUR Alimentos mes de febrero 2024 (entrega según programación),QUEQUE NUTRABIEN BROWNIE CHIP BOLSA 62 G UNIDAD RM(1493727) QUEQUE NUTRABIEN BROWNIE CHIP BOLSA 62 G UNIDAD RM,8000.0,,CLP,620.0,,
1411-252-CM24,,2024-02-14T09:47:47Z,,,,,DIRECCION GENERAL DE GENDARMERIA DE CHIL | Región Metropolitana,619338006,,Región Metropolitana de Santiago,,COMERCIALIZADORA DE CARNES GUTIERREZ Y GUTIERREZ LTDA | Comercializadora de carnes AG,761813706,,Región de Valparaíso ,,,,,1564735,COLINA I COMPRA PARA ENTREGA PARCIALIZADA EN MES DE FBRERO 2024,TRUTRO CORTO PAVO CONGELADO SOPRAVAL DESHUESADO GRANEL CAJA DE 15KGS NACIONAL RM(1564735) TRUTRO CORTO PAVO CONGELADO SOPRAVAL DESHUESADO GRANEL CAJA DE 15KGS NACIONAL RM,76.0,,CLP,65866.0,,
1411-252-CM24,,2024-02-14T09:47:47Z,,,,,DIRECCION GENERAL DE GENDARMERIA DE CHIL | Región Metropolitana,619338006,,Región Metropolitana de Santiago,,COMERCIALIZADORA DE CARNES GUTIERREZ Y GUTIERREZ LTDA | Comercializadora de carnes AG,761813706,,Región de Valparaíso ,,,,,1806308,COLINA I COMPRA PARA ENTREGA PARCIALIZADA EN MES DE FBRERO 2024,SALCHICHA DON CERDO VIENESAS DISPLAY 1K RM(1806308) SALCHICHA DON CERDO VIENESAS DISPLAY 1K RM,800.0,,CLP,4380.0,,
1411-252-CM24,,2024-02-14T09:47:47Z,,,,,DIRECCION GENERAL DE GENDARMERIA DE CHIL | Región Metropolitana,619338006,,Región Metropolitana de Santiago,,COMERCIALIZADORA DE CARNES GUTIERREZ Y GUTIERREZ LTDA | Comercializadora de carnes AG,761813706,,Región de Valparaíso ,,,,,1562575,COLINA I COMPRA PARA ENTREGA PARCIALIZADA EN MES DE FBRERO 2024,PULPA CERDO CONGELADA MONTINA MARINADA CAJA DE 9 KILOS NACIONAL RM(1562575) PULPA CERDO CONGELADA MONTINA MARINADA CAJA DE 9 KILOS NACIONAL RM,131.0,,CLP,36306.0,,
1411-252-CM24,,2024-02-14T09:47:47Z,,,,,DIRECCION GENERAL DE GENDARMERIA DE CHIL | Región Metropolitana,619338006,,Región Metropolitana de Santiago,,COMERCIALIZADORA DE CARNES GUTIERREZ Y GUTIERREZ LTDA | Comercializadora de carnes AG,761813706,,Región de Valparaíso ,,,,,1510332,COLINA I COMPRA PARA ENTREGA PARCIALIZADA EN MES DE FBRERO 2024,"TRUTRO ENTERO POLLO CONGELADO ARIZTIA MARINADO CAJA 11,5K APROX. UNIDAD RM(1510332) TRUTRO ENTERO POLLO CONGELADO ARIZTIA MARINADO CAJA 11,5K APROX. UNIDAD RM",153.0,,CLP,3570.0,,
1411-257-CM24,,2024-01-31T08:54:54Z,,,,,DIRECCION GENERAL DE GENDARMERIA DE CHIL | Región Metropolitana,619338006,,Región Metropolitana de Santiago,,COMERCIALIZACION Y DISTRIBUCION DE ALIMENTOS S & F LIMITADA | Alimentos S y F Ltda,761939726,,Región Metropolitana de Santiago,,,,,1469232,CCP. Colina 2: Compra surt. marisco y merluza. Entrega parcializada,MERLUZA CONGELADA - FILETE CON PIEL BOLSA 1 K UNIDAD RM(1469232) MERLUZA CONGELADA - FILETE CON PIEL BOLSA 1 K UNIDAD RM,500.0,,CLP,4496.0,,
1411-257-CM24,,2024-01-31T08:54:54Z,,,,,DIRECCION GENERAL DE GENDARMERIA DE CHIL | Región Metropolitana,619338006,,Región Metropolitana de Santiago,,COMERCIALIZACION Y DISTRIBUCION DE ALIMENTOS S & F LIMITADA | Alimentos S y F Ltda,761939726,,Región Metropolitana de Santiago,,,,,1473702,CCP. Colina 2: Compra surt. marisco y merluza. Entrega parcializada,SURTIDO MARISCOS CONGELADO - NORMAL BOLSA 1K UNIDAD RM(1473702) SURTIDO MARISCOS CONGELADO - NORMAL BOLSA 1K UNIDAD RM,440.0,,CLP,3359.0,,
1411-260-CM24,,2024-01-31T17:29:52Z,,,,,DIRECCION GENERAL DE GENDARMERIA DE CHIL | Región Metropolitana,619338006,,Región Metropolitana de Santiago,,Cecinas Bavaria La Granja | Cecinas Bavaria La Granja,788878907,,Región Metropolitana de Santiago,,,,,1562697,CCP. Colina 2: Compra jamonada laminada. Entrega parcializada,MORTADELA BERLIN JAMONADA CERDO LAMINADA BOLSA VACIO 1K UNIDAD RM(1562697) MORTADELA BERLIN JAMONADA CERDO LAMINADA BOLSA VACIO 1K UNIDAD RM,192.0,,CLP,7896.0,,
1411-265-CM24,,2024-02-14T09:47:47Z,,,,,DIRECCION GENERAL DE GENDARMERIA DE CHIL | Región Metropolitana,619338006,,Región Metropolitana de Santiago,,SERVICIOS INTEGRADOS SIDAPT LIMITADA | SERVICIOS INTEGRADOS SIDAPT LTDA,762993589,,Región Metropolitana de Santiago,,,,,1434297,CCP. Colina 2: compra postres. Entrega parcializada,POSTRE REFRIGERADO SOPROLE FLAN CARAMELO POTE 120 G UNIDAD RM(1434297) POSTRE REFRIGERADO SOPROLE FLAN CARAMELO POTE 120 G UNIDAD RM,7500.0,,CLP,371.0,,
1411-265-CM24,,2024-02-14T09:47:47Z,,,,,DIRECCION GENERAL DE GENDARMERIA DE CHIL | Región Metropolitana,619338006,,Región Metropolitana de Santiago,,SERVICIOS INTEGRADOS SIDAPT LIMITADA | SERVICIOS INTEGRADOS SIDAPT LTDA,762993589,,Región Metropolitana de Santiago,,,,,1434357,CCP. Colina 2: compra postres. Entrega parcializada,POSTRE REFRIGERADO SOPROLE JALEA GUINDA POTE 110 G UNIDAD RM(1434357) POSTRE REFRIGERADO SOPROLE JALEA GUINDA POTE 110 G UNIDAD RM,10000.0,,CLP,302.0,,
1411-265-CM24,,2024-02-14T09:47:47Z,,,,,DIRECCION GENERAL DE GENDARMERIA DE CHIL | Región Metropolitana,619338006,,Región Metropolitana de Santiago,,SERVICIOS INTEGRADOS SIDAPT LIMITADA | SERVICIOS INTEGRADOS SIDAPT LTDA,762993589,,Región Metropolitana de Santiago,,,,,1433292,CCP. Colina 2: compra postres. Entrega parcializada,AVENA SELECTA INSTANTANEA CAJA 500 G UNIDAD RM(1433292) AVENA SELECTA INSTANTANEA CAJA 500 G UNIDAD RM,400.0,,CLP,1294.0,,
1411-265-CM24,,2024-02-14T09:47:47Z,,,,,DIRECCION GENERAL DE GENDARMERIA DE CHIL | Región Metropolitana,619338006,,Región Metropolitana de Santiago,,SERVICIOS INTEGRADOS SIDAPT LIMITADA | SERVICIOS INTEGRADOS SIDAPT LTDA,762993589,,Región Metropolitana de Santiago,,,,,1434837,CCP. Colina 2: compra postres. Entrega parcializada,YOGURT BATIDO SOPROLE VAINILLA POTE 120 G UNIDAD RM(1434837) YOGURT BATIDO SOPROLE VAINILLA POTE 120 G UNIDAD RM,7500.0,,CLP,232.0,,
1463-3-CM24,,2024-02-23T15:53:49Z,,,,,SERVICIO DE SALUD DEL MAULE HOSPITAL DE LICANTEN | Hospital Licantén,616069055,,Región del Maule ,,COPEC S.A. | COPEC S.A.,995200007,,Región Metropolitana de Santiago,,,,,1944432,PETROLEO VEHICULOS INSTITUCIONALES,ESTACIÓN DE SERVICIO DIESEL REGIÓN MAULE DESCUENTO PESOS POR LITRO(1944432) ESTACIÓN DE SERVICIO DIESEL REGIÓN MAULE DESCUENTO PESOS POR LITRO,1.0,,CLP,2000000.0,,
1514-461-CM24,,2024-02-14T09:47:47Z,,,,,SERVICIO DE SALUD CHILOE | Hospital de Castro,61602275K,,Región de los Lagos ,,AGENCIA DE VIAJES TURAVION SPA | Turavion SpA,809894002,,Región Metropolitana de Santiago,,,,,1849900,Orden de Compra: 1514-461-CM24,TASA DE EMBARQUE(1849900) TASA DE EMBARQUE,1.0,,CLP,14448.0,,
1514-461-CM24,,2024-02-14T09:47:47Z,,,,,SERVICIO DE SALUD CHILOE | Hospital de Castro,61602275K,,Región de los Lagos ,,AGENCIA DE VIAJES TURAVION SPA | Turavion SpA,809894002,,Región Metropolitana de Santiago,,,,,1849200,Orden de Compra: 1514-461-CM24,PASAJE AÉREO(1849200) PASAJE AÉREO,1.0,,CLP,142890.0,,
1514-461-CM24,,2024-02-14T09:47:47Z,,,,,SERVICIO DE SALUD CHILOE | Hospital de Castro,61602275K,,Región de los Lagos ,,AGENCIA DE VIAJES TURAVION SPA | Turavion SpA,809894002,,Región Metropolitana de Santiago,,,,,1849200,Orden de Compra: 1514-461-CM24,PASAJE AÉREO(1849200) PASAJE AÉREO,1.0,,CLP,142890.0,,
1514-523-CM24,,2024-02-14T09:47:47Z,,,,,SERVICIO DE SALUD CHILOE | Hospital de Castro,61602275K,,Región de los Lagos ,,NEMO CHILE S.A. | NEMO CHILE,762152606,,Región Metropolitana de Santiago,,,,,1930463,Orden de Compra: 1514-523-CM24,ALARGADOR NEMO CHILE 25 CM CON LLAVE 3 PASOS 50 UNIDADES SUR(1930463) ALARGADOR NEMO CHILE 25 CM CON LLAVE 3 PASOS 50 UNIDADES SUR,20.0,,CLP,18980.0,,
1514-523-CM24,,2024-02-14T09:47:47Z,,,,,SERVICIO DE SALUD CHILOE | Hospital de Castro,61602275K,,Región de los Lagos ,,NEMO CHILE S.A. | NEMO CHILE,762152606,,Región Metropolitana de Santiago,,,,,1851873,Orden de Compra: 1514-523-CM24,KIT DE CURACIÓN NEMO BANDEJA DESECHABLE CON COPELA Y C/SMS 50 UNIDADES SUR(1851873) KIT DE CURACIÓN NEMO BANDEJA DESECHABLE CON COPELA Y C/SMS 50 UNIDADES SUR,30.0,,CLP,51948.0,,
1523-100-CM24,,2024-02-15T09:12:47Z,,,,,SERVICIO NACIONAL ARAUCANIA SUR HOSPITAL DR ABRAHAM GODOY PENA LAUTARO | Hospital Dr. Abraham Godoy Peña,616022369,,Región de la Araucanía ,,COPEC S.A. | COPEC S.A.,995200007,,Región Metropolitana de Santiago,,,,,1944434,Orden de Compra: 1523-100-CM24,ESTACIÓN DE SERVICIO DIESEL REGIÓN ARAUCANÍA DESCUENTO PESOS POR LITRO(1944434) ESTACIÓN DE SERVICIO DIESEL REGIÓN ARAUCANÍA DESCUENTO PESOS POR LITRO,1.0,,CLP,6000000.0,,
1523-233-CM24,,2024-02-14T09:47:47Z,,,,,SERVICIO NACIONAL ARAUCANIA SUR HOSPITAL DR ABRAHAM GODOY PENA LAUTARO | Hospital Dr. Abraham Godoy Peña,616022369,,Región de la Araucanía ,,ARIZTIA COMERCIAL LIMITADA | ARIZTIA CONVENIO MARCO,836148002,,Región Metropolitana de Santiago,,,,,1463078,Orden de Compra: 1523-233-CM24,CORTE ASIENTO - MARINADO BOLSA 1K UNIDAD NACIONAL IX REGION(1463078) CORTE ASIENTO - MARINADO BOLSA 1K UNIDAD NACIONAL IX REGION,240.0,,CLP,13015.0,,
1523-233-CM24,,2024-02-14T09:47:47Z,,,,,SERVICIO NACIONAL ARAUCANIA SUR HOSPITAL DR ABRAHAM GODOY PENA LAUTARO | Hospital Dr. Abraham Godoy Peña,616022369,,Región de la Araucanía ,,ARIZTIA COMERCIAL LIMITADA | ARIZTIA CONVENIO MARCO,836148002,,Región Metropolitana de Santiago,,,,,1473368,Orden de Compra: 1523-233-CM24,PULPA CERDO CONGELADA - MARINADA BOLSA 1K UNIDAD IMPORTADO IX REGION(1473368) PULPA CERDO CONGELADA - MARINADA BOLSA 1K UNIDAD IMPORTADO IX REGION,120.0,,CLP,4297.0,,
1523-233-CM24,,2024-02-14T09:47:47Z,,,,,SERVICIO NACIONAL ARAUCANIA SUR HOSPITAL DR ABRAHAM GODOY PENA LAUTARO | Hospital Dr. Abraham Godoy Peña,616022369,,Región de la Araucanía ,,ARIZTIA COMERCIAL LIMITADA | ARIZTIA CONVENIO MARCO,836148002,,Región Metropolitana de Santiago,,,,,1510358,Orden de Compra: 1523-233-CM24,PECHUGA DESHUESADA POLLO CONGELADO ARIZTIA MARINADA CAJA 10K UNIDAD IX REGION(1510358) PECHUGA DESHUESADA POLLO CONGELADO ARIZTIA MARINADA CAJA 10K UNIDAD IX REGION,240.0,,CLP,6121.0,,
1523-233-CM24,,2024-02-14T09:47:47Z,,,,,SERVICIO NACIONAL ARAUCANIA SUR HOSPITAL DR ABRAHAM GODOY PENA LAUTARO | Hospital Dr. Abraham Godoy Peña,616022369,,Región de la Araucanía ,,ARIZTIA COMERCIAL LIMITADA | ARIZTIA CONVENIO MARCO,836148002,,Región Metropolitana de Santiago,,,,,1510118,Orden de Compra: 1523-233-CM24,TRUTRO CORTO POLLO ARIZTIA  MARINADO CAJA 22K APROX. UNIDAD IX REGION(1510118) TRUTRO CORTO POLLO ARIZTIA  MARINADO CAJA 22K APROX. UNIDAD IX REGION,210.0,,CLP,4428.0,,
1562-19-CM24,,2024-01-30T16:20:22Z,,,,,SERVICIO NACIONAL DE GEOLOGIA Y MINERIA | Servicio Nacional de Geología y Minería,617020009,,Región Metropolitana de Santiago,,AGENCIA DE VIAJES TURAVION SPA | Turavion SpA,809894002,,Región Metropolitana de Santiago,,,,,1849200,PASAJES AÉREOS,PASAJE AÉREO(1849200) PASAJE AÉREO,1.0,,CLP,155360.0,,
1562-19-CM24,,2024-01-30T16:20:22Z,,,,,SERVICIO NACIONAL DE GEOLOGIA Y MINERIA | Servicio Nacional de Geología y Minería,617020009,,Región Metropolitana de Santiago,,AGENCIA DE VIAJES TURAVION SPA | Turavion SpA,809894002,,Región Metropolitana de Santiago,,,,,1849900,PASAJES AÉREOS,TASA DE EMBARQUE(1849900) TASA DE EMBARQUE,1.0,,CLP,14448.0,,
1590-53-CM24,,2024-01-30T16:06:48Z,,,,,SUBSECRETARIA DEL MINISTERIO DE AGRICULT | Subsecretaría de Agricultura,613010009,,Región Metropolitana de Santiago,,AGENCIA DE VIAJES TURAVION SPA | Turavion SpA,809894002,,Región Metropolitana de Santiago,,,,,1849200,Pasaje Ministro y Fotógrafo / Emergencia Biobío,PASAJE AÉREO(1849200) PASAJE AÉREO,1.0,,CLP,79990.0,,
1590-53-CM24,,2024-01-30T16:06:48Z,,,,,SUBSECRETARIA DEL MINISTERIO DE AGRICULT | Subsecretaría de Agricultura,613010009,,Región Metropolitana de Santiago,,AGENCIA DE VIAJES TURAVION SPA | Turavion SpA,809894002,,Región Metropolitana de Santiago,,,,,1849200,Pasaje Ministro y Fotógrafo / Emergencia Biobío,PASAJE AÉREO(1849200) PASAJE AÉREO,1.0,,CLP,79990.0,,
1590-53-CM24,,2024-01-30T16:06:48Z,,,,,SUBSECRETARIA DEL MINISTERIO DE AGRICULT | Subsecretaría de Agricultura,613010009,,Región Metropolitana de Santiago,,AGENCIA DE VIAJES TURAVION SPA | Turavion SpA,809894002,,Región Metropolitana de Santiago,,,,,1849900,Pasaje Ministro y Fotógrafo / Emergencia Biobío,TASA DE EMBARQUE(1849900) TASA DE EMBARQUE,1.0,,CLP,36552.0,,
1590-55-CM24,,2024-01-30T16:12:29Z,,,,,SUBSECRETARIA DEL MINISTERIO DE AGRICULT | Subsecretaría de Agricultura,613010009,,Región Metropolitana de Santiago,,AGENCIA DE VIAJES TURAVION SPA | Turavion SpA,809894002,,Región Metropolitana de Santiago,,,,,1849200,"Compra pasajes aéreos Mariana Arellano y Lola Hiernaux, Santiago-Temuco-Santiago 25 y 26 de Enero vía Latam",PASAJE AÉREO(1849200) PASAJE AÉREO,1.0,,CLP,311990.0,,
1590-55-CM24,,2024-01-30T16:12:29Z,,,,,SUBSECRETARIA DEL MINISTERIO DE AGRICULT | Subsecretaría de Agricultura,613010009,,Región Metropolitana de Santiago,,AGENCIA DE VIAJES TURAVION SPA | Turavion SpA,809894002,,Región Metropolitana de Santiago,,,,,1849200,"Compra pasajes aéreos Mariana Arellano y Lola Hiernaux, Santiago-Temuco-Santiago 25 y 26 de Enero vía Latam",PASAJE AÉREO(1849200) PASAJE AÉREO,1.0,,CLP,311990.0,,
1590-55-CM24,,2024-01-30T16:12:29Z,,,,,SUBSECRETARIA DEL MINISTERIO DE AGRICULT | Subsecretaría de Agricultura,613010009,,Región Metropolitana de Santiago,,AGENCIA DE VIAJES TURAVION SPA | Turavion SpA,809894002,,Región Metropolitana de Santiago,,,,,1849900,"Compra pasajes aéreos Mariana Arellano y Lola Hiernaux, Santiago-Temuco-Santiago 25 y 26 de Enero vía Latam",TASA DE EMBARQUE(1849900) TASA DE EMBARQUE,1.0,,CLP,73104.0,,
1607-10-CM24,,2024-02-14T09:47:47Z,,,,,SUPERINTENDENCIA DE SEGURIDAD SOCIAL | Superintendencia de Seguridad Social,61509000K,,Región Metropolitana de Santiago,,COMERCIAL AGUSTIN LIMITADA | Comercial Agustin SPA,762878534,,Región Metropolitana de Santiago,,,,,1932841,Orden de Compra: 1607-10-CM24,JABÓN TREMEX AROMATICO LÍQUIDO BIDÓN 5 L UNIDAD REGIÓN RM(1932841) JABÓN TREMEX AROMATICO LÍQUIDO BIDÓN 5 L UNIDAD REGIÓN RM,50.0,,CLP,4914.0,,
1607-10-CM24,,2024-02-14T09:47:47Z,,,,,SUPERINTENDENCIA DE SEGURIDAD SOCIAL | Superintendencia de Seguridad Social,61509000K,,Región Metropolitana de Santiago,,COMERCIAL AGUSTIN LIMITADA | Comercial Agustin SPA,762878534,,Región Metropolitana de Santiago,,,,,1898430,Orden de Compra: 1607-10-CM24,DESINFECTANTE SUPERFICIES EN AEROSOL IGENIX ANTIBACTERIAL 420 ML UNIDAD REGIÓN RM(1898430) DESINFECTANTE SUPERFICIES EN AEROSOL IGENIX ANTIBACTERIAL 420 ML UNIDAD REGIÓN RM,400.0,,CLP,1552.0,,
1607-10-CM24,,2024-02-14T09:47:47Z,,,,,SUPERINTENDENCIA DE SEGURIDAD SOCIAL | Superintendencia de Seguridad Social,61509000K,,Región Metropolitana de Santiago,,COMERCIAL AGUSTIN LIMITADA | Comercial Agustin SPA,762878534,,Región Metropolitana de Santiago,,,,,1931484,Orden de Compra: 1607-10-CM24,GEL SANITIZANTE PARA MANOS RAYTAN 70% BIDÓN 5 L UNIDAD REGIÓN RM(1931484) GEL SANITIZANTE PARA MANOS RAYTAN 70% BIDÓN 5 L UNIDAD REGIÓN RM,30.0,,CLP,10643.0,,
1607-10-CM24,,2024-02-14T09:47:47Z,,,,,SUPERINTENDENCIA DE SEGURIDAD SOCIAL | Superintendencia de Seguridad Social,61509000K,,Región Metropolitana de Santiago,,COMERCIAL AGUSTIN LIMITADA | Comercial Agustin SPA,762878534,,Región Metropolitana de Santiago,,,,,1896951,Orden de Compra: 1607-10-CM24,CLORO GEL TREMEX 5000 ML UNIDAD REGIÓN RM(1896951) CLORO GEL TREMEX 5000 ML UNIDAD REGIÓN RM,100.0,,CLP,4685.0,,
1609-8-CM24,,2024-02-23T16:21:32Z,,,,,GOBIERNO REGIONAL XII REGION MAGALLANES Y ANTARTICA CHILENA | GOBIERNO REGIONAL,722298004,,Región de Magallanes y de la Antártica,,DIMERC S A | DIMERC S.A.,966708409,,Región de Antofagasta ,,,,,1910422,Orden de Compra: 1609-8-CM24,LIMPIADOR DE PISOS IGENIX DESINFECTANTE BOTELLA 900 ML UNIDAD REGIÓN XII(1910422) LIMPIADOR DE PISOS IGENIX DESINFECTANTE BOTELLA 900 ML UNIDAD REGIÓN XII,24.0,,CLP,1034.0,,
1609-8-CM24,,2024-02-23T16:21:32Z,,,,,GOBIERNO REGIONAL XII REGION MAGALLANES Y ANTARTICA CHILENA | GOBIERNO REGIONAL,722298004,,Región de Magallanes y de la Antártica,,DIMERC S A | DIMERC S.A.,966708409,,Región de Antofagasta ,,,,,1946949,Orden de Compra: 1609-8-CM24,PAPEL HIGIENICO  TORK BAJO METRAJE DOBLE HOJA 50 METROS 4 ROLLOS 1 PAQUETE REGIÓN XII(1946949) PAPEL HIGIENICO  TORK BAJO METRAJE DOBLE HOJA 50 METROS 4 ROLLOS 1 PAQUETE REGIÓN XII,12.0,,CLP,3136.0,,
1609-8-CM24,,2024-02-23T16:21:32Z,,,,,GOBIERNO REGIONAL XII REGION MAGALLANES Y ANTARTICA CHILENA | GOBIERNO REGIONAL,722298004,,Región de Magallanes y de la Antártica,,DIMERC S A | DIMERC S.A.,966708409,,Región de Antofagasta ,,,,,1898556,Orden de Compra: 1609-8-CM24,DESODORANTE AMBIENTAL AROM AEROSOL 360 CC VAINILLA UNIDAD REGIÓN XII(1898556) DESODORANTE AMBIENTAL AROM AEROSOL 360 CC VAINILLA UNIDAD REGIÓN XII,48.0,,CLP,1154.0,,
1609-8-CM24,,2024-02-23T16:21:32Z,,,,,GOBIERNO REGIONAL XII REGION MAGALLANES Y ANTARTICA CHILENA | GOBIERNO REGIONAL,722298004,,Región de Magallanes y de la Antártica,,DIMERC S A | DIMERC S.A.,966708409,,Región de Antofagasta ,,,,,1898522,Orden de Compra: 1609-8-CM24,DESODORANTE AMBIENTAL AROM AEROSOL 360 CC LAVANDA UNIDAD REGIÓN XII(1898522) DESODORANTE AMBIENTAL AROM AEROSOL 360 CC LAVANDA UNIDAD REGIÓN XII,48.0,,CLP,1179.0,,
1609-8-CM24,,2024-02-23T16:21:32Z,,,,,GOBIERNO REGIONAL XII REGION MAGALLANES Y ANTARTICA CHILENA | GOBIERNO REGIONAL,722298004,,Región de Magallanes y de la Antártica,,DIMERC S A | DIMERC S.A.,966708409,,Región de Antofagasta ,,,,,1898539,Orden de Compra: 1609-8-CM24,DESODORANTE AMBIENTAL AROM AEROSOL 360 CC MARINO UNIDAD REGIÓN XII(1898539) DESODORANTE AMBIENTAL AROM AEROSOL 360 CC MARINO UNIDAD REGIÓN XII,48.0,,CLP,1156.0,,
1609-8-CM24,,2024-02-23T16:21:32Z,,,,,GOBIERNO REGIONAL XII REGION MAGALLANES Y ANTARTICA CHILENA | GOBIERNO REGIONAL,722298004,,Región de Magallanes y de la Antártica,,DIMERC S A | DIMERC S.A.,966708409,,Región de Antofagasta ,,,,,1931423,Orden de Compra: 1609-8-CM24,DESINFECTANTE SUPERFICIES EN AEROSOL IGENIX ANTIBACTERIAL 360 ML UNIDAD REGIÓN XII(1931423) DESINFECTANTE SUPERFICIES EN AEROSOL IGENIX ANTIBACTERIAL 360 ML UNIDAD REGIÓN XII,100.0,,CLP,1490.0,,
1609-8-CM24,,2024-02-23T16:21:32Z,,,,,GOBIERNO REGIONAL XII REGION MAGALLANES Y ANTARTICA CHILENA | GOBIERNO REGIONAL,722298004,,Región de Magallanes y de la Antártica,,DIMERC S A | DIMERC S.A.,966708409,,Región de Antofagasta ,,,,,1920044,Orden de Compra: 1609-8-CM24,PAPEL HIGIÉNICO ELITE ALTO METRAJE DOBLE HOJA 6 ROLLOS 250 M 1 PAQUETE REGIÓN XII(1920044) PAPEL HIGIÉNICO ELITE ALTO METRAJE DOBLE HOJA 6 ROLLOS 250 M 1 PAQUETE REGIÓN XII,85.0,,CLP,17243.0,,
1609-8-CM24,,2024-02-23T16:21:32Z,,,,,GOBIERNO REGIONAL XII REGION MAGALLANES Y ANTARTICA CHILENA | GOBIERNO REGIONAL,722298004,,Región de Magallanes y de la Antártica,,DIMERC S A | DIMERC S.A.,966708409,,Región de Antofagasta ,,,,,1888985,Orden de Compra: 1609-8-CM24,BOLSA DE BASURA IMPEKE GRANDE 80X110 120 L ROLLO X 10 UNIDADES REGIÓN XII(1888985) BOLSA DE BASURA IMPEKE GRANDE 80X110 120 L ROLLO X 10 UNIDADES REGIÓN XII,5.0,,CLP,769.0,,
1609-8-CM24,,2024-02-23T16:21:32Z,,,,,GOBIERNO REGIONAL XII REGION MAGALLANES Y ANTARTICA CHILENA | GOBIERNO REGIONAL,722298004,,Región de Magallanes y de la Antártica,,DIMERC S A | DIMERC S.A.,966708409,,Región de Antofagasta ,,,,,1906478,Orden de Compra: 1609-8-CM24,GUANTES DE LIMPIEZA IMPEKE MULTIUSO FLOCADO TALLA M PAR REGIÓN XII(1906478) GUANTES DE LIMPIEZA IMPEKE MULTIUSO FLOCADO TALLA M PAR REGIÓN XII,20.0,,CLP,910.0,,
1609-8-CM24,,2024-02-23T16:21:32Z,,,,,GOBIERNO REGIONAL XII REGION MAGALLANES Y ANTARTICA CHILENA | GOBIERNO REGIONAL,722298004,,Región de Magallanes y de la Antártica,,DIMERC S A | DIMERC S.A.,966708409,,Región de Antofagasta ,,,,,1941013,Orden de Compra: 1609-8-CM24,LAVALOZAS CONCENTRADO LAVADO MANUAL VIRUTEX ANTIGRASA CÍTRICO 500 ML UNIDAD REGIÓN XII(1941013) LAVALOZAS CONCENTRADO LAVADO MANUAL VIRUTEX ANTIGRASA CÍTRICO 500 ML UNIDAD REGIÓN XII,24.0,,CLP,1508.0,,
1609-8-CM24,,2024-02-23T16:21:32Z,,,,,GOBIERNO REGIONAL XII REGION MAGALLANES Y ANTARTICA CHILENA | GOBIERNO REGIONAL,722298004,,Región de Magallanes y de la Antártica,,DIMERC S A | DIMERC S.A.,966708409,,Región de Antofagasta ,,,,,1926827,Orden de Compra: 1609-8-CM24,TRAPERO REUTILIZABLE VIRUTEX ALGODÓN SIMPLE 50X70 CM UNIDAD REGIÓN XII(1926827) TRAPERO REUTILIZABLE VIRUTEX ALGODÓN SIMPLE 50X70 CM UNIDAD REGIÓN XII,12.0,,CLP,1010.0,,
1609-8-CM24,,2024-02-23T16:21:32Z,,,,,GOBIERNO REGIONAL XII REGION MAGALLANES Y ANTARTICA CHILENA | GOBIERNO REGIONAL,722298004,,Región de Magallanes y de la Antártica,,DIMERC S A | DIMERC S.A.,966708409,,Región de Antofagasta ,,,,,1946983,Orden de Compra: 1609-8-CM24,TOALLA DE PAPEL  ELITE HOJA SIMPLE ECOLÓGICA 250 METROS 2 ROLLOS 1 PAQUETE REGIÓN XII(1946983) TOALLA DE PAPEL  ELITE HOJA SIMPLE ECOLÓGICA 250 METROS 2 ROLLOS 1 PAQUETE REGIÓN XII,75.0,,CLP,9002.0,,
1609-8-CM24,,2024-02-23T16:21:32Z,,,,,GOBIERNO REGIONAL XII REGION MAGALLANES Y ANTARTICA CHILENA | GOBIERNO REGIONAL,722298004,,Región de Magallanes y de la Antártica,,DIMERC S A | DIMERC S.A.,966708409,,Región de Antofagasta ,,,,,1889019,Orden de Compra: 1609-8-CM24,BOLSA DE BASURA IMPEKE PEQUEÑA 50X70 30 L ROLLO X 10 UNIDADES REGIÓN XII(1889019) BOLSA DE BASURA IMPEKE PEQUEÑA 50X70 30 L ROLLO X 10 UNIDADES REGIÓN XII,12.0,,CLP,302.0,,
1609-8-CM24,,2024-02-23T16:21:32Z,,,,,GOBIERNO REGIONAL XII REGION MAGALLANES Y ANTARTICA CHILENA | GOBIERNO REGIONAL,722298004,,Región de Magallanes y de la Antártica,,DIMERC S A | DIMERC S.A.,966708409,,Región de Antofagasta ,,,,,1945381,Orden de Compra: 1609-8-CM24,DESENGRASANTE COCINA TREMEX MULTIUSO CREMA ANTIGRASA 750 ML UNIDAD REGIÓN XII(1945381) DESENGRASANTE COCINA TREMEX MULTIUSO CREMA ANTIGRASA 750 ML UNIDAD REGIÓN XII,24.0,,CLP,2187.0,,
1609-8-CM24,,2024-02-23T16:21:32Z,,,,,GOBIERNO REGIONAL XII REGION MAGALLANES Y ANTARTICA CHILENA | GOBIERNO REGIONAL,722298004,,Región de Magallanes y de la Antártica,,DIMERC S A | DIMERC S.A.,966708409,,Región de Antofagasta ,,,,,1903792,Orden de Compra: 1609-8-CM24,ESPONJA VIRUTEX LISA C/FIBRA ABRASIVA UNIDAD REGIÓN XII(1903792) ESPONJA VIRUTEX LISA C/FIBRA ABRASIVA UNIDAD REGIÓN XII,80.0,,CLP,152.0,,
1627-50-CM24,,2024-01-29T16:29:09Z,,,,,SERVICIO DE SALUD HOSPITAL DE SAN FERNANDO | Hospital de San Fernando Abastecimiento,616021451,,Región del Libertador General Bernardo O´Higgins,,SURTI VENTAS S.A. | Surti Ventas S.A.,764625005,,Región Metropolitana de Santiago,,,,,2015040,Orden de Compra: 1627-50-CM24,PEGAMENTO BARRA TORRE TRANSPARENTE 36GR NO TOX LAVABLE PAPEL-CARTULINA-TELA UNIDAD REGIÓN VI(2015040) PEGAMENTO BARRA TORRE TRANSPARENTE 36GR NO TOX LAVABLE PAPEL-CARTULINA-TELA UNIDAD REGIÓN VI,120.0,,CLP,552.0,,
1627-50-CM24,,2024-01-29T16:29:09Z,,,,,SERVICIO DE SALUD HOSPITAL DE SAN FERNANDO | Hospital de San Fernando Abastecimiento,616021451,,Región del Libertador General Bernardo O´Higgins,,SURTI VENTAS S.A. | Surti Ventas S.A.,764625005,,Región Metropolitana de Santiago,,,,,1965961,Orden de Compra: 1627-50-CM24,ARCHIVADOR AUCA CARTÓN DURO OFICIO 450 HOJAS LOMO ANCHO UNIDAD REGIÓN VI(1965961) ARCHIVADOR AUCA CARTÓN DURO OFICIO 450 HOJAS LOMO ANCHO UNIDAD REGIÓN VI,432.0,,CLP,1416.0,,
1627-50-CM24,,2024-01-29T16:29:09Z,,,,,SERVICIO DE SALUD HOSPITAL DE SAN FERNANDO | Hospital de San Fernando Abastecimiento,616021451,,Región del Libertador General Bernardo O´Higgins,,SURTI VENTAS S.A. | Surti Ventas S.A.,764625005,,Región Metropolitana de Santiago,,,,,1965621,Orden de Compra: 1627-50-CM24,ARCHIVADOR ARTEL CARTÓN DURO CARTA 450 HOJAS LOMO ANCHO TRADICIONAL UNIDAD REGIÓN VI(1965621) ARCHIVADOR ARTEL CARTÓN DURO CARTA 450 HOJAS LOMO ANCHO TRADICIONAL UNIDAD REGIÓN VI,140.0,,CLP,1448.0,,
1627-50-CM24,,2024-01-29T16:29:09Z,,,,,SERVICIO DE SALUD HOSPITAL DE SAN FERNANDO | Hospital de San Fernando Abastecimiento,616021451,,Región del Libertador General Bernardo O´Higgins,,SURTI VENTAS S.A. | Surti Ventas S.A.,764625005,,Región Metropolitana de Santiago,,,,,1979629,Orden de Compra: 1627-50-CM24,COLA FRIA TORRE ESCOLAR 500 GR UNIDAD REGIÓN VI(1979629) COLA FRIA TORRE ESCOLAR 500 GR UNIDAD REGIÓN VI,16.0,,CLP,1353.0,,
1627-50-CM24,,2024-01-29T16:29:09Z,,,,,SERVICIO DE SALUD HOSPITAL DE SAN FERNANDO | Hospital de San Fernando Abastecimiento,616021451,,Región del Libertador General Bernardo O´Higgins,,SURTI VENTAS S.A. | Surti Ventas S.A.,764625005,,Región Metropolitana de Santiago,,,,,1982077,Orden de Compra: 1627-50-CM24,CORCHETES TORRE METAL CROMADO 26/6MM CAJA 5000 UNIDADES REGIÓN VI(1982077) CORCHETES TORRE METAL CROMADO 26/6MM CAJA 5000 UNIDADES REGIÓN VI,90.0,,CLP,554.0,,
1627-50-CM24,,2024-01-29T16:29:09Z,,,,,SERVICIO DE SALUD HOSPITAL DE SAN FERNANDO | Hospital de San Fernando Abastecimiento,616021451,,Región del Libertador General Bernardo O´Higgins,,SURTI VENTAS S.A. | Surti Ventas S.A.,764625005,,Región Metropolitana de Santiago,,,,,1997564,Orden de Compra: 1627-50-CM24,"LÁPIZ PASTA TORRE PUNTA MEDIA AZUL 1,0MM 50 UNIDADES REGIÓN VI(1997564) LÁPIZ PASTA TORRE PUNTA MEDIA AZUL 1,0MM 50 UNIDADES REGIÓN VI",37.0,,CLP,4751.0,,
1627-50-CM24,,2024-01-29T16:29:09Z,,,,,SERVICIO DE SALUD HOSPITAL DE SAN FERNANDO | Hospital de San Fernando Abastecimiento,616021451,,Región del Libertador General Bernardo O´Higgins,,SURTI VENTAS S.A. | Surti Ventas S.A.,764625005,,Región Metropolitana de Santiago,,,,,1998125,Orden de Compra: 1627-50-CM24,LIBRO REGISTRO DE ASISTENCIA AUCA TRABAJADORES 100 HOJAS LISO SIN DISEÑO UNIDAD REGIÓN VI(1998125) LIBRO REGISTRO DE ASISTENCIA AUCA TRABAJADORES 100 HOJAS LISO SIN DISEÑO UNIDAD REGIÓN VI,3.0,,CLP,2625.0,,
1627-50-CM24,,2024-01-29T16:29:09Z,,,,,SERVICIO DE SALUD HOSPITAL DE SAN FERNANDO | Hospital de San Fernando Abastecimiento,616021451,,Región del Libertador General Bernardo O´Higgins,,SURTI VENTAS S.A. | Surti Ventas S.A.,764625005,,Región Metropolitana de Santiago,,,,,2013493,Orden de Compra: 1627-50-CM24,PAPEL IMPRESIÓN EQUALIT RESMA HOJA TAMAÑO OFICIO COLOR BLANCO 500 HOJAS UNIDAD REGIÓN VI(2013493) PAPEL IMPRESIÓN EQUALIT RESMA HOJA TAMAÑO OFICIO COLOR BLANCO 500 HOJAS UNIDAD REGIÓN VI,215.0,,CLP,3892.0,,
1627-50-CM24,,2024-01-29T16:29:09Z,,,,,SERVICIO DE SALUD HOSPITAL DE SAN FERNANDO | Hospital de San Fernando Abastecimiento,616021451,,Región del Libertador General Bernardo O´Higgins,,SURTI VENTAS S.A. | Surti Ventas S.A.,764625005,,Región Metropolitana de Santiago,,,,,2020225,Orden de Compra: 1627-50-CM24,SACACORCHETE ISOFIT TIPO PALANCA UNIDAD REGIÓN VI(2020225) SACACORCHETE ISOFIT TIPO PALANCA UNIDAD REGIÓN VI,36.0,,CLP,305.0,,
1641-1527-CM24,,2024-02-14T09:47:47Z,,,,,SERVICIO DE SALUD OCCIDENTE HOSPITAL SAN JUAN DE DIOS | SERVICIO DE SALUD OCCIDENTE HOSPITAL SAN JUAN DE D,616082043,,Región Metropolitana de Santiago,,MUNNICH PHARMA MEDICAL SPA | Munnich  Desechables,804474005,,Región Metropolitana de Santiago,,,,,1858632,TDP-CP-022024-JERINGA 3 ML PARA GASES Y ELECTROLITOS,JERINGA BECTON DICKINSON A-LINE 3 ML TOMA DE MUESTRA GASES SANGUINEOS 100 UNIDADES CENTRO(1858632) JERINGA BECTON DICKINSON A-LINE 3 ML TOMA DE MUESTRA GASES SANGUINEOS 100 UNIDADES CENTRO,98.0,,CLP,43795.0,,
1643-195-CM24,,2024-01-30T14:14:09Z,,,,,SERVICIO NACIONAL DE SALUD HOSPITAL DE T | Hospital de Talagante,616021222,,Región Metropolitana de Santiago,,ethos | ETHOS CHILE,785837509,,Región Metropolitana de Santiago,,,,,1915260,Adquisición  Pañal Desechable Adulto Orden de Compra: 1643-195-CM24,PAÑAL DE ADULTO HIGIECLIN TALLA XG PAQUETE DE 8 UNIDADES REGIÓN RM(1915260) PAÑAL DE ADULTO HIGIECLIN TALLA XG PAQUETE DE 8 UNIDADES REGIÓN RM,900.0,,CLP,2983.0,,
1662-128-CM24,,2024-01-29T15:11:19Z,,,,,SERVICIO SALUD DEL RELONCAVI | HOSPITAL CALBUCO,616022733,,Región de los Lagos ,,PROVEEDORES INTEGRALES PRISA S A | PRISA S A. - sucursal,965569405,,Región Metropolitana de Santiago,,,,,1945379,PRODUCTOS DE ASEO ,DESENGRASANTE COCINA TREMEX MULTIUSO CREMA ANTIGRASA 750 ML UNIDAD REGIÓN X(1945379) DESENGRASANTE COCINA TREMEX MULTIUSO CREMA ANTIGRASA 750 ML UNIDAD REGIÓN X,48.0,,CLP,1319.0,,
1662-128-CM24,,2024-01-29T15:11:19Z,,,,,SERVICIO SALUD DEL RELONCAVI | HOSPITAL CALBUCO,616022733,,Región de los Lagos ,,PROVEEDORES INTEGRALES PRISA S A | PRISA S A. - sucursal,965569405,,Región Metropolitana de Santiago,,,,,1913667,PRODUCTOS DE ASEO ,PALA DE ASEO VIRUTEX PRO PLÁSTICA MANGO LARGO 83.5 CM UNIDAD REGIÓN X(1913667) PALA DE ASEO VIRUTEX PRO PLÁSTICA MANGO LARGO 83.5 CM UNIDAD REGIÓN X,12.0,,CLP,2397.0,,
1662-128-CM24,,2024-01-29T15:11:19Z,,,,,SERVICIO SALUD DEL RELONCAVI | HOSPITAL CALBUCO,616022733,,Región de los Lagos ,,PROVEEDORES INTEGRALES PRISA S A | PRISA S A. - sucursal,965569405,,Región Metropolitana de Santiago,,,,,1946913,PRODUCTOS DE ASEO ,TOALLA DE PAPEL ELITE EVOLUTION+ 250 METROS 2 ROLLOS 1 PAQUETE REGIÓN X(1946913) TOALLA DE PAPEL ELITE EVOLUTION+ 250 METROS 2 ROLLOS 1 PAQUETE REGIÓN X,100.0,,CLP,9798.0,,
1662-128-CM24,,2024-01-29T15:11:19Z,,,,,SERVICIO SALUD DEL RELONCAVI | HOSPITAL CALBUCO,616022733,,Región de los Lagos ,,PROVEEDORES INTEGRALES PRISA S A | PRISA S A. - sucursal,965569405,,Región Metropolitana de Santiago,,,,,1926927,PRODUCTOS DE ASEO ,TRAPERO REUTILIZABLE VIRUTEX PRO ALGODÓN SIMPLE C/OJAL 50X50 CM UNIDAD REGIÓN X(1926927) TRAPERO REUTILIZABLE VIRUTEX PRO ALGODÓN SIMPLE C/OJAL 50X50 CM UNIDAD REGIÓN X,100.0,,CLP,887.0,,
1662-128-CM24,,2024-01-29T15:11:19Z,,,,,SERVICIO SALUD DEL RELONCAVI | HOSPITAL CALBUCO,616022733,,Región de los Lagos ,,PROVEEDORES INTEGRALES PRISA S A | PRISA S A. - sucursal,965569405,,Región Metropolitana de Santiago,,,,,1890632,PRODUCTOS DE ASEO ,BOLSA DE BASURA VIRUTEX PRO PEQUEÑA 50X70 30 L PLANA PAQUETE X 10 UNIDADES REGIÓN X(1890632) BOLSA DE BASURA VIRUTEX PRO PEQUEÑA 50X70 30 L PLANA PAQUETE X 10 UNIDADES REGIÓN X,600.0,,CLP,551.0,,
1662-128-CM24,,2024-01-29T15:11:19Z,,,,,SERVICIO SALUD DEL RELONCAVI | HOSPITAL CALBUCO,616022733,,Región de los Lagos ,,PROVEEDORES INTEGRALES PRISA S A | PRISA S A. - sucursal,965569405,,Región Metropolitana de Santiago,,,,,1890394,PRODUCTOS DE ASEO ,BOLSA DE BASURA TREMEX MEDIANA 70X90 70 L ROLLO X 10 UNIDADES REGIÓN X(1890394) BOLSA DE BASURA TREMEX MEDIANA 70X90 70 L ROLLO X 10 UNIDADES REGIÓN X,400.0,,CLP,814.0,,
1662-128-CM24,,2024-01-29T15:11:19Z,,,,,SERVICIO SALUD DEL RELONCAVI | HOSPITAL CALBUCO,616022733,,Región de los Lagos ,,PROVEEDORES INTEGRALES PRISA S A | PRISA S A. - sucursal,965569405,,Región Metropolitana de Santiago,,,,,1945311,PRODUCTOS DE ASEO ,BOLSA DE BASURA TREMEX GRANDE 80X110 CM 120 L ROLLO UNIDAD REGIÓN X(1945311) BOLSA DE BASURA TREMEX GRANDE 80X110 CM 120 L ROLLO UNIDAD REGIÓN X,300.0,,CLP,1319.0,,
1662-128-CM24,,2024-01-29T15:11:19Z,,,,,SERVICIO SALUD DEL RELONCAVI | HOSPITAL CALBUCO,616022733,,Región de los Lagos ,,PROVEEDORES INTEGRALES PRISA S A | PRISA S A. - sucursal,965569405,,Región Metropolitana de Santiago,,,,,1945345,PRODUCTOS DE ASEO ,CLORO GEL  TREMEX SIN AROMA BOTELLA 900 ML UNIDAD REGIÓN X(1945345) CLORO GEL  TREMEX SIN AROMA BOTELLA 900 ML UNIDAD REGIÓN X,100.0,,CLP,1387.0,,
1662-128-CM24,,2024-01-29T15:11:19Z,,,,,SERVICIO SALUD DEL RELONCAVI | HOSPITAL CALBUCO,616022733,,Región de los Lagos ,,PROVEEDORES INTEGRALES PRISA S A | PRISA S A. - sucursal,965569405,,Región Metropolitana de Santiago,,,,,1897160,PRODUCTOS DE ASEO ,"CLORO TRADICIONAL IMPEKE 2,62% 2000 ML UNIDAD REGIÓN X(1897160) CLORO TRADICIONAL IMPEKE 2,62% 2000 ML UNIDAD REGIÓN X",120.0,,CLP,962.0,,
1662-128-CM24,,2024-01-29T15:11:19Z,,,,,SERVICIO SALUD DEL RELONCAVI | HOSPITAL CALBUCO,616022733,,Región de los Lagos ,,PROVEEDORES INTEGRALES PRISA S A | PRISA S A. - sucursal,965569405,,Región Metropolitana de Santiago,,,,,1920059,PRODUCTOS DE ASEO ,PAPEL HIGIÉNICO ELITE ALTO METRAJE HOJA SIMPLE 4 ROLLOS 500 M 1 PAQUETE REGIÓN X(1920059) PAPEL HIGIÉNICO ELITE ALTO METRAJE HOJA SIMPLE 4 ROLLOS 500 M 1 PAQUETE REGIÓN X,25.0,,CLP,7649.0,,
1662-128-CM24,,2024-01-29T15:11:19Z,,,,,SERVICIO SALUD DEL RELONCAVI | HOSPITAL CALBUCO,616022733,,Región de los Lagos ,,PROVEEDORES INTEGRALES PRISA S A | PRISA S A. - sucursal,965569405,,Región Metropolitana de Santiago,,,,,1945811,PRODUCTOS DE ASEO ,PAÑO ABSORBENTE MULTIUSO WYPALL ROLLO 750 HOJAS UNIDAD REGIÓN X(1945811) PAÑO ABSORBENTE MULTIUSO WYPALL ROLLO 750 HOJAS UNIDAD REGIÓN X,24.0,,CLP,43868.0,,
1662-128-CM24,,2024-01-29T15:11:19Z,,,,,SERVICIO SALUD DEL RELONCAVI | HOSPITAL CALBUCO,616022733,,Región de los Lagos ,,PROVEEDORES INTEGRALES PRISA S A | PRISA S A. - sucursal,965569405,,Región Metropolitana de Santiago,,,,,1946896,PRODUCTOS DE ASEO ,TOALLA DE PAPEL ELITE SABANILLA PLUS 48 METROS 2 ROLLOS UNIDAD REGIÓN X(1946896) TOALLA DE PAPEL ELITE SABANILLA PLUS 48 METROS 2 ROLLOS UNIDAD REGIÓN X,25.0,,CLP,4309.0,,
1662-128-CM24,,2024-01-29T15:11:19Z,,,,,SERVICIO SALUD DEL RELONCAVI | HOSPITAL CALBUCO,616022733,,Región de los Lagos ,,PROVEEDORES INTEGRALES PRISA S A | PRISA S A. - sucursal,965569405,,Región Metropolitana de Santiago,,,,,1898435,PRODUCTOS DE ASEO ,DESINFECTANTE SUPERFICIES EN AEROSOL IGENIX ANTIBACTERIAL 420 ML UNIDAD REGIÓN X(1898435) DESINFECTANTE SUPERFICIES EN AEROSOL IGENIX ANTIBACTERIAL 420 ML UNIDAD REGIÓN X,96.0,,CLP,1644.0,,
1662-128-CM24,,2024-01-29T15:11:19Z,,,,,SERVICIO SALUD DEL RELONCAVI | HOSPITAL CALBUCO,616022733,,Región de los Lagos ,,PROVEEDORES INTEGRALES PRISA S A | PRISA S A. - sucursal,965569405,,Región Metropolitana de Santiago,,,,,1898537,PRODUCTOS DE ASEO ,DESODORANTE AMBIENTAL AROM AEROSOL 360 CC MARINO UNIDAD REGIÓN X(1898537) DESODORANTE AMBIENTAL AROM AEROSOL 360 CC MARINO UNIDAD REGIÓN X,96.0,,CLP,1084.0,,
1662-128-CM24,,2024-01-29T15:11:19Z,,,,,SERVICIO SALUD DEL RELONCAVI | HOSPITAL CALBUCO,616022733,,Región de los Lagos ,,PROVEEDORES INTEGRALES PRISA S A | PRISA S A. - sucursal,965569405,,Región Metropolitana de Santiago,,,,,1902039,PRODUCTOS DE ASEO ,ESCOBILLÓN VIRUTEX PRO USO INTERIOR FIBRA MEDIA MANGO METÁLICO 30 CM UNIDAD REGIÓN X(1902039) ESCOBILLÓN VIRUTEX PRO USO INTERIOR FIBRA MEDIA MANGO METÁLICO 30 CM UNIDAD REGIÓN X,18.0,,CLP,1844.0,,
1662-128-CM24,,2024-01-29T15:11:19Z,,,,,SERVICIO SALUD DEL RELONCAVI | HOSPITAL CALBUCO,616022733,,Región de los Lagos ,,PROVEEDORES INTEGRALES PRISA S A | PRISA S A. - sucursal,965569405,,Región Metropolitana de Santiago,,,,,1907207,PRODUCTOS DE ASEO ,INSECTICIDA BAYGON AEROSOL CASA Y JARDÍN 450 CC UNIDAD REGIÓN X(1907207) INSECTICIDA BAYGON AEROSOL CASA Y JARDÍN 450 CC UNIDAD REGIÓN X,48.0,,CLP,2285.0,,
1662-128-CM24,,2024-01-29T15:11:19Z,,,,,SERVICIO SALUD DEL RELONCAVI | HOSPITAL CALBUCO,616022733,,Región de los Lagos ,,PROVEEDORES INTEGRALES PRISA S A | PRISA S A. - sucursal,965569405,,Región Metropolitana de Santiago,,,,,1908635,PRODUCTOS DE ASEO ,LAVALOZAS CONCENTRADO LAVADO MANUAL EXCELL ANTIGRASA CÍTRICO 750 ML UNIDAD REGIÓN X(1908635) LAVALOZAS CONCENTRADO LAVADO MANUAL EXCELL ANTIGRASA CÍTRICO 750 ML UNIDAD REGIÓN X,48.0,,CLP,1072.0,,
1662-128-CM24,,2024-01-29T15:11:19Z,,,,,SERVICIO SALUD DEL RELONCAVI | HOSPITAL CALBUCO,616022733,,Región de los Lagos ,,PROVEEDORES INTEGRALES PRISA S A | PRISA S A. - sucursal,965569405,,Región Metropolitana de Santiago,,,,,1911151,PRODUCTOS DE ASEO ,LIMPIADOR DE PISOS TREMEX CONCENTRADO MULTIUSO BOTELLA 900 ML UNIDAD REGIÓN X(1911151) LIMPIADOR DE PISOS TREMEX CONCENTRADO MULTIUSO BOTELLA 900 ML UNIDAD REGIÓN X,96.0,,CLP,784.0,,
1738-84-CM24,,2024-02-14T09:47:47Z,,,,,I MUNICIPALIDAD DE VILLA ALEGRE | Ilustre Municipalidad de Villa Alegre,691302008,,Región del Maule ,,COPEC S.A. | COPEC S.A.,995200007,,Región Metropolitana de Santiago,,,,,1944416,COMBUSTIBLE VEHICULOS MUNICIPALES Orden de Compra: 1738-84-CM24,ESTACIÓN DE SERVICIO GASOLINA REGIÓN MAULE DESCUENTO PESOS POR LITRO(1944416) ESTACIÓN DE SERVICIO GASOLINA REGIÓN MAULE DESCUENTO PESOS POR LITRO,1.0,,CLP,1000000.0,,
1738-84-CM24,,2024-02-14T09:47:47Z,,,,,I MUNICIPALIDAD DE VILLA ALEGRE | Ilustre Municipalidad de Villa Alegre,691302008,,Región del Maule ,,COPEC S.A. | COPEC S.A.,995200007,,Región Metropolitana de Santiago,,,,,1944432,COMBUSTIBLE VEHICULOS MUNICIPALES Orden de Compra: 1738-84-CM24,ESTACIÓN DE SERVICIO DIESEL REGIÓN MAULE DESCUENTO PESOS POR LITRO(1944432) ESTACIÓN DE SERVICIO DIESEL REGIÓN MAULE DESCUENTO PESOS POR LITRO,1.0,,CLP,5000000.0,,
1829-1-CM24,,2024-01-30T16:47:16Z,,,,,SERVICIO NACIONAL DE MENORES | CIP CRC Puerto Montt,610080006,,Región de los Lagos ,,AGENCIA DE VIAJES TURAVION SPA | Turavion SpA,809894002,,Región Metropolitana de Santiago,,,,,1849200,Orden de Compra: 1829-1-CM24,PASAJE AÉREO(1849200) PASAJE AÉREO,1.0,,CLP,110980.0,,
1829-1-CM24,,2024-01-30T16:47:16Z,,,,,SERVICIO NACIONAL DE MENORES | CIP CRC Puerto Montt,610080006,,Región de los Lagos ,,AGENCIA DE VIAJES TURAVION SPA | Turavion SpA,809894002,,Región Metropolitana de Santiago,,,,,1849900,Orden de Compra: 1829-1-CM24,TASA DE EMBARQUE(1849900) TASA DE EMBARQUE,1.0,,CLP,14362.0,,
1952-191-CM24,,2024-02-14T09:47:47Z,,,,,Hospital Villarrica | Hospital Villarrica,616022482,,Región de la Araucanía ,,SERVICIOS INTEGRADOS SIDAPT LIMITADA | SERVICIOS INTEGRADOS SIDAPT LTDA,762993589,,Región Metropolitana de Santiago,,,,,1475888,Orden de Compra: 1952-191-CM24,CHOCLO CONGELADO MINUTO VERDE BOLSA 1K UNIDAD IX REGION(1475888) CHOCLO CONGELADO MINUTO VERDE BOLSA 1K UNIDAD IX REGION,300.0,,CLP,2952.0,,
1952-191-CM24,,2024-02-14T09:47:47Z,,,,,Hospital Villarrica | Hospital Villarrica,616022482,,Región de la Araucanía ,,SERVICIOS INTEGRADOS SIDAPT LIMITADA | SERVICIOS INTEGRADOS SIDAPT LTDA,762993589,,Región Metropolitana de Santiago,,,,,1562902,Orden de Compra: 1952-191-CM24,ARVEJA CONGELADA MINUTO VERDE BOLSA 1K 8 UNIDADES IX REGION(1562902) ARVEJA CONGELADA MINUTO VERDE BOLSA 1K 8 UNIDADES IX REGION,40.0,,CLP,20445.0,,
1952-191-CM24,,2024-02-14T09:47:47Z,,,,,Hospital Villarrica | Hospital Villarrica,616022482,,Región de la Araucanía ,,SERVICIOS INTEGRADOS SIDAPT LIMITADA | SERVICIOS INTEGRADOS SIDAPT LTDA,762993589,,Región Metropolitana de Santiago,,,,,1476158,Orden de Compra: 1952-191-CM24,POROTO VERDE CONGELADO MINUTO VERDE CORTE FRANCES  BOLSA 1K UNIDAD IX REGION(1476158) POROTO VERDE CONGELADO MINUTO VERDE CORTE FRANCES  BOLSA 1K UNIDAD IX REGION,600.0,,CLP,2609.0,,
1953-121-CM24,,2024-02-16T10:07:14Z,,,,,DIRECCION GENERAL DE GENDARMERIA DE CHIL | Región de Valparaíso,610040241,,Región de Valparaíso ,,ARIZTIA COMERCIAL LIMITADA | ARIZTIA CONVENIO MARCO,836148002,,Región Metropolitana de Santiago,,,,,1465489,506/Compra de alimentos CDP Casablanca,COSTILLAR CERDO CONGELADO - SIN MARINAR BOLSA 1K UNIDAD IMPORTADO V REGION(1465489) COSTILLAR CERDO CONGELADO - SIN MARINAR BOLSA 1K UNIDAD IMPORTADO V REGION,50.0,,CLP,4998.0,,
1953-121-CM24,,2024-02-16T10:07:14Z,,,,,DIRECCION GENERAL DE GENDARMERIA DE CHIL | Región de Valparaíso,610040241,,Región de Valparaíso ,,ARIZTIA COMERCIAL LIMITADA | ARIZTIA CONVENIO MARCO,836148002,,Región Metropolitana de Santiago,,,,,1470694,506/Compra de alimentos CDP Casablanca,"PAPAS PRE-FRITAS - BOLSA 2,5K UNIDAD V REGION(1470694) PAPAS PRE-FRITAS - BOLSA 2,5K UNIDAD V REGION",50.0,,CLP,3570.0,,
1953-121-CM24,,2024-02-16T10:07:14Z,,,,,DIRECCION GENERAL DE GENDARMERIA DE CHIL | Región de Valparaíso,610040241,,Región de Valparaíso ,,ARIZTIA COMERCIAL LIMITADA | ARIZTIA CONVENIO MARCO,836148002,,Región Metropolitana de Santiago,,,,,1462564,506/Compra de alimentos CDP Casablanca,CHULETA CERDO CONGELADA - SIN MARINAR BOLSA 1K UNIDAD NACIONAL V REGION(1462564) CHULETA CERDO CONGELADA - SIN MARINAR BOLSA 1K UNIDAD NACIONAL V REGION,80.0,,CLP,4046.0,,
1953-121-CM24,,2024-02-16T10:07:14Z,,,,,DIRECCION GENERAL DE GENDARMERIA DE CHIL | Región de Valparaíso,610040241,,Región de Valparaíso ,,ARIZTIA COMERCIAL LIMITADA | ARIZTIA CONVENIO MARCO,836148002,,Región Metropolitana de Santiago,,,,,1465069,506/Compra de alimentos CDP Casablanca,CORTE SOBRECOSTILLA - SIN MARINAR BOLSA 1K UNIDAD IMPORTADO V REGION(1465069) CORTE SOBRECOSTILLA - SIN MARINAR BOLSA 1K UNIDAD IMPORTADO V REGION,150.0,,CLP,5712.0,,
1953-148-CM24,,2024-02-16T13:32:40Z,,,,,DIRECCION GENERAL DE GENDARMERIA DE CHIL | Región de Valparaíso,610040241,,Región de Valparaíso ,,COMERCIALIZADORA DE CARNES GUTIERREZ Y GUTIERREZ LTDA | Comercializadora de carnes AG,761813706,,Región de Valparaíso ,,,,,1460134,506/Compra de alimentos CDP Casablanca ,LONGANIZA BAVARIA CERDO TIPO ARTESANAL AL VACIO 1K UNIDAD V REGION(1460134) LONGANIZA BAVARIA CERDO TIPO ARTESANAL AL VACIO 1K UNIDAD V REGION,80.0,,CLP,6159.0,,
1953-148-CM24,,2024-02-16T13:32:40Z,,,,,DIRECCION GENERAL DE GENDARMERIA DE CHIL | Región de Valparaíso,610040241,,Región de Valparaíso ,,COMERCIALIZADORA DE CARNES GUTIERREZ Y GUTIERREZ LTDA | Comercializadora de carnes AG,761813706,,Región de Valparaíso ,,,,,1483534,506/Compra de alimentos CDP Casablanca ,JAMONADA POLLO PF PIEZA 3K UNIDAD V REGION(1483534) JAMONADA POLLO PF PIEZA 3K UNIDAD V REGION,8.0,,CLP,19024.0,,
1953-148-CM24,,2024-02-16T13:32:40Z,,,,,DIRECCION GENERAL DE GENDARMERIA DE CHIL | Región de Valparaíso,610040241,,Región de Valparaíso ,,COMERCIALIZADORA DE CARNES GUTIERREZ Y GUTIERREZ LTDA | Comercializadora de carnes AG,761813706,,Región de Valparaíso ,,,,,1483204,506/Compra de alimentos CDP Casablanca ,JAMON CERDO PF ACARAMELADO PIERNA DISPLAY 250 G UNIDAD V REGION(1483204) JAMON CERDO PF ACARAMELADO PIERNA DISPLAY 250 G UNIDAD V REGION,12.0,,CLP,3111.0,,
1953-181-CM24,,2024-02-14T09:47:47Z,,,,,DIRECCION GENERAL DE GENDARMERIA DE CHIL | Región de Valparaíso,610040241,,Región de Valparaíso ,,RODRIGO FRANCISCO FUENTES ESTAY | RODRIGOFUENTESESTAY,128201882,,Región de Valparaíso ,,,,,1460809,"514, COMPRA FRUTAS Y VERDURAS.",AJO FRESCO - CHINO UNIDAD V REGION(1460809) AJO FRESCO - CHINO UNIDAD V REGION,40.0,,CLP,190.0,,
1953-181-CM24,,2024-02-14T09:47:47Z,,,,,DIRECCION GENERAL DE GENDARMERIA DE CHIL | Región de Valparaíso,610040241,,Región de Valparaíso ,,RODRIGO FRANCISCO FUENTES ESTAY | RODRIGOFUENTESESTAY,128201882,,Región de Valparaíso ,,,,,1471984,"514, COMPRA FRUTAS Y VERDURAS.",PIMENTON FRESCO - VERDE UNIDAD V REGION(1471984) PIMENTON FRESCO - VERDE UNIDAD V REGION,40.0,,CLP,412.0,,
1953-181-CM24,,2024-02-14T09:47:47Z,,,,,DIRECCION GENERAL DE GENDARMERIA DE CHIL | Región de Valparaíso,610040241,,Región de Valparaíso ,,RODRIGO FRANCISCO FUENTES ESTAY | RODRIGOFUENTESESTAY,128201882,,Región de Valparaíso ,,,,,1475464,"514, COMPRA FRUTAS Y VERDURAS.",ZANAHORIA FRESCA - GRANEL KILO APROX. V REGION(1475464) ZANAHORIA FRESCA - GRANEL KILO APROX. V REGION,40.0,,CLP,785.0,,
1953-181-CM24,,2024-02-14T09:47:47Z,,,,,DIRECCION GENERAL DE GENDARMERIA DE CHIL | Región de Valparaíso,610040241,,Región de Valparaíso ,,RODRIGO FRANCISCO FUENTES ESTAY | RODRIGOFUENTESESTAY,128201882,,Región de Valparaíso ,,,,,1461679,"514, COMPRA FRUTAS Y VERDURAS.",CEBOLLA FRESCA - CHALOTA KILO APROX. V REGION(1461679) CEBOLLA FRESCA - CHALOTA KILO APROX. V REGION,60.0,,CLP,1004.0,,
1953-181-CM24,,2024-02-14T09:47:47Z,,,,,DIRECCION GENERAL DE GENDARMERIA DE CHIL | Región de Valparaíso,610040241,,Región de Valparaíso ,,RODRIGO FRANCISCO FUENTES ESTAY | RODRIGOFUENTESESTAY,128201882,,Región de Valparaíso ,,,,,1470589,"514, COMPRA FRUTAS Y VERDURAS.",PAPA FRESCA - KARU PRIMERA KILO APROX. V REGION(1470589) PAPA FRESCA - KARU PRIMERA KILO APROX. V REGION,200.0,,CLP,993.0,,
1953-181-CM24,,2024-02-14T09:47:47Z,,,,,DIRECCION GENERAL DE GENDARMERIA DE CHIL | Región de Valparaíso,610040241,,Región de Valparaíso ,,RODRIGO FRANCISCO FUENTES ESTAY | RODRIGOFUENTESESTAY,128201882,,Región de Valparaíso ,,,,,1475599,"514, COMPRA FRUTAS Y VERDURAS.",ZAPALLO FRESCO - CAMOTE 100 KILO APROX. V REGION(1475599) ZAPALLO FRESCO - CAMOTE 100 KILO APROX. V REGION,100.0,,CLP,965.0,,
1953-181-CM24,,2024-02-14T09:47:47Z,,,,,DIRECCION GENERAL DE GENDARMERIA DE CHIL | Región de Valparaíso,610040241,,Región de Valparaíso ,,RODRIGO FRANCISCO FUENTES ESTAY | RODRIGOFUENTESESTAY,128201882,,Región de Valparaíso ,,,,,1467904,"514, COMPRA FRUTAS Y VERDURAS.",LECHUGA FRESCA - CONCONINA UNIDAD V REGION(1467904) LECHUGA FRESCA - CONCONINA UNIDAD V REGION,50.0,,CLP,845.0,,
1953-181-CM24,,2024-02-14T09:47:47Z,,,,,DIRECCION GENERAL DE GENDARMERIA DE CHIL | Región de Valparaíso,610040241,,Región de Valparaíso ,,RODRIGO FRANCISCO FUENTES ESTAY | RODRIGOFUENTESESTAY,128201882,,Región de Valparaíso ,,,,,1473649,"514, COMPRA FRUTAS Y VERDURAS.",SANDIA - SANDIA PEQUEÑA UNIDAD V REGION(1473649) SANDIA - SANDIA PEQUEÑA UNIDAD V REGION,120.0,,CLP,809.0,,
1953-181-CM24,,2024-02-14T09:47:47Z,,,,,DIRECCION GENERAL DE GENDARMERIA DE CHIL | Región de Valparaíso,610040241,,Región de Valparaíso ,,RODRIGO FRANCISCO FUENTES ESTAY | RODRIGOFUENTESESTAY,128201882,,Región de Valparaíso ,,,,,1475629,"514, COMPRA FRUTAS Y VERDURAS.",ZAPALLO FRESCO - ITALIANO 100 UNIDADES V REGION(1475629) ZAPALLO FRESCO - ITALIANO 100 UNIDADES V REGION,200.0,,CLP,385.0,,
1953-181-CM24,,2024-02-14T09:47:47Z,,,,,DIRECCION GENERAL DE GENDARMERIA DE CHIL | Región de Valparaíso,610040241,,Región de Valparaíso ,,RODRIGO FRANCISCO FUENTES ESTAY | RODRIGOFUENTESESTAY,128201882,,Región de Valparaíso ,,,,,1471624,"514, COMPRA FRUTAS Y VERDURAS.",PEPINO FRESCO - ENSALADA UNIDAD V REGION(1471624) PEPINO FRESCO - ENSALADA UNIDAD V REGION,200.0,,CLP,337.0,,
1965-50-CM24,,2024-02-14T09:47:47Z,,,,,DIRECCION GENERAL DE GENDARMERIA DE CHIL | Región de Magallanes,610040543,,Región de Magallanes y de la Antártica,,SOCIEDAD COMERCIAL MORENO E HIJO LIMITADA | SOCIEDAD COMERCIAL MORENO E HIJO LIMITADA,762855070,,Región de Magallanes y de la Antártica,,,,,1465061,COMPRA DE ALIMENTOS CP. PUQ.,CORTE SOBRECOSTILLA - MARINADO BOLSA 1K UNIDAD IMPORTADO XII REGION(1465061) CORTE SOBRECOSTILLA - MARINADO BOLSA 1K UNIDAD IMPORTADO XII REGION,500.0,,CLP,12382.0,,
1968-129-CM24,,2024-01-29T16:23:03Z,,,,,DIRECCION GENERAL DE GENDARMERIA DE CHIL | Región de La Araucanía,61004087K,,Región de la Araucanía ,,ABASTIBLE S.A. | ABASTIBLE S.A.,918060006,,Región de Atacama ,,,,,1945007,"C.D.P. de Curacautín compras de gas a granel,  para el rancho por administración de éste recinto penitenciario. Gendarmería de Chile-Región de la Araucanía. Enero 2024.",GAS LICUADO GRANEL LITRO IX REGIÓN(1945007) GAS LICUADO GRANEL LITRO IX REGIÓN,700.0,,CLP,316.0,,
1968-153-CM24,,2024-02-14T09:47:47Z,,,,,DIRECCION GENERAL DE GENDARMERIA DE CHIL | Región de La Araucanía,61004087K,,Región de la Araucanía ,,ZABETH DEL CARMEN CERDA ETCHEPARE | Zabeth del Carmen Cerda Etchepare,78011505,,Región de la Araucanía ,,,,,1430528,"Orden de Compra: 1968-153-CM24, compra de abarrotes para el CDP Traiguen",CORBATAS PARMA BOLSA 400 G UNIDAD IX REGION(1430528) CORBATAS PARMA BOLSA 400 G UNIDAD IX REGION,90.0,,CLP,973.0,,
1968-153-CM24,,2024-02-14T09:47:47Z,,,,,DIRECCION GENERAL DE GENDARMERIA DE CHIL | Región de La Araucanía,61004087K,,Región de la Araucanía ,,ZABETH DEL CARMEN CERDA ETCHEPARE | Zabeth del Carmen Cerda Etchepare,78011505,,Región de la Araucanía ,,,,,1430543,"Orden de Compra: 1968-153-CM24, compra de abarrotes para el CDP Traiguen",ESPIRALES PARMA BOLSA 400 G UNIDAD IX REGION(1430543) ESPIRALES PARMA BOLSA 400 G UNIDAD IX REGION,180.0,,CLP,975.0,,
1968-153-CM24,,2024-02-14T09:47:47Z,,,,,DIRECCION GENERAL DE GENDARMERIA DE CHIL | Región de La Araucanía,61004087K,,Región de la Araucanía ,,ZABETH DEL CARMEN CERDA ETCHEPARE | Zabeth del Carmen Cerda Etchepare,78011505,,Región de la Araucanía ,,,,,1430498,"Orden de Compra: 1968-153-CM24, compra de abarrotes para el CDP Traiguen",CABELLO DE ANGEL PARMA CORTO BOLSA 400 G UNIDAD IX REGION(1430498) CABELLO DE ANGEL PARMA CORTO BOLSA 400 G UNIDAD IX REGION,90.0,,CLP,961.0,,
1968-153-CM24,,2024-02-14T09:47:47Z,,,,,DIRECCION GENERAL DE GENDARMERIA DE CHIL | Región de La Araucanía,61004087K,,Región de la Araucanía ,,ZABETH DEL CARMEN CERDA ETCHEPARE | Zabeth del Carmen Cerda Etchepare,78011505,,Región de la Araucanía ,,,,,1496288,"Orden de Compra: 1968-153-CM24, compra de abarrotes para el CDP Traiguen",GARBANZO COLISEO SIN PIEL BOLSA 1K UNIDAD IX REGION(1496288) GARBANZO COLISEO SIN PIEL BOLSA 1K UNIDAD IX REGION,40.0,,CLP,2361.0,,
1968-153-CM24,,2024-02-14T09:47:47Z,,,,,DIRECCION GENERAL DE GENDARMERIA DE CHIL | Región de La Araucanía,61004087K,,Región de la Araucanía ,,ZABETH DEL CARMEN CERDA ETCHEPARE | Zabeth del Carmen Cerda Etchepare,78011505,,Región de la Araucanía ,,,,,1655485,"Orden de Compra: 1968-153-CM24, compra de abarrotes para el CDP Traiguen",LENTEJA DON RAFA 6 MM BOLSA 1K UNIDAD IX REGION(1655485) LENTEJA DON RAFA 6 MM BOLSA 1K UNIDAD IX REGION,30.0,,CLP,2524.0,,
1968-153-CM24,,2024-02-14T09:47:47Z,,,,,DIRECCION GENERAL DE GENDARMERIA DE CHIL | Región de La Araucanía,61004087K,,Región de la Araucanía ,,ZABETH DEL CARMEN CERDA ETCHEPARE | Zabeth del Carmen Cerda Etchepare,78011505,,Región de la Araucanía ,,,,,1430468,"Orden de Compra: 1968-153-CM24, compra de abarrotes para el CDP Traiguen",ARVEJA AGROPRODEX VERDE PARTIDA BOLSA 1K UNIDAD IX REGION(1430468) ARVEJA AGROPRODEX VERDE PARTIDA BOLSA 1K UNIDAD IX REGION,30.0,,CLP,1487.0,,
1968-153-CM24,,2024-02-14T09:47:47Z,,,,,DIRECCION GENERAL DE GENDARMERIA DE CHIL | Región de La Araucanía,61004087K,,Región de la Araucanía ,,ZABETH DEL CARMEN CERDA ETCHEPARE | Zabeth del Carmen Cerda Etchepare,78011505,,Región de la Araucanía ,,,,,1437698,"Orden de Compra: 1968-153-CM24, compra de abarrotes para el CDP Traiguen",JALEA EN POLVO MACRO FOOD 15 ALTO RENDIMIENTO PIÑA BOLSA 1K UNIDAD IX REGION(1437698) JALEA EN POLVO MACRO FOOD 15 ALTO RENDIMIENTO PIÑA BOLSA 1K UNIDAD IX REGION,30.0,,CLP,3962.0,,
1968-153-CM24,,2024-02-14T09:47:47Z,,,,,DIRECCION GENERAL DE GENDARMERIA DE CHIL | Región de La Araucanía,61004087K,,Región de la Araucanía ,,ZABETH DEL CARMEN CERDA ETCHEPARE | Zabeth del Carmen Cerda Etchepare,78011505,,Región de la Araucanía ,,,,,1449833,"Orden de Compra: 1968-153-CM24, compra de abarrotes para el CDP Traiguen",QUIFAROS CAROZZI DOBLE BOLSA 400 G UNIDAD IX REGION(1449833) QUIFAROS CAROZZI DOBLE BOLSA 400 G UNIDAD IX REGION,180.0,,CLP,1226.0,,
1968-153-CM24,,2024-02-14T09:47:47Z,,,,,DIRECCION GENERAL DE GENDARMERIA DE CHIL | Región de La Araucanía,61004087K,,Región de la Araucanía ,,ZABETH DEL CARMEN CERDA ETCHEPARE | Zabeth del Carmen Cerda Etchepare,78011505,,Región de la Araucanía ,,,,,1449743,"Orden de Compra: 1968-153-CM24, compra de abarrotes para el CDP Traiguen",MASCARRONI CAROZZI BOLSA 400 G UNIDAD IX REGION(1449743) MASCARRONI CAROZZI BOLSA 400 G UNIDAD IX REGION,120.0,,CLP,1200.0,,
1968-155-CM24,,2024-02-14T09:47:47Z,,,,,DIRECCION GENERAL DE GENDARMERIA DE CHIL | Región de La Araucanía,61004087K,,Región de la Araucanía ,,CONSORCIO INDUSTRIAL DE ALIMENTOS S.A. | CONSORCIO INDUSTRIAL DE ALIMENTOS S.A.,801863000,,Región Metropolitana de Santiago,,,,,1480163,"C.D.P de Pitrufquén, Adquisición de Fiambres  para el  Centro de Detención Preventiva de Pitrufquén de Gendarmería de Chile-Región  de la Araucanía",PATE SAN JORGE JAMON EMBUTIDO 125 G UNIDAD IX REGION(1480163) PATE SAN JORGE JAMON EMBUTIDO 125 G UNIDAD IX REGION,96.0,,CLP,568.0,,
1968-155-CM24,,2024-02-14T09:47:47Z,,,,,DIRECCION GENERAL DE GENDARMERIA DE CHIL | Región de La Araucanía,61004087K,,Región de la Araucanía ,,CONSORCIO INDUSTRIAL DE ALIMENTOS S.A. | CONSORCIO INDUSTRIAL DE ALIMENTOS S.A.,801863000,,Región Metropolitana de Santiago,,,,,1480373,"C.D.P de Pitrufquén, Adquisición de Fiambres  para el  Centro de Detención Preventiva de Pitrufquén de Gendarmería de Chile-Región  de la Araucanía",SALCHICHA SAN JORGE TRADICIONAL DISPLAY 1K UNIDAD IX REGION(1480373) SALCHICHA SAN JORGE TRADICIONAL DISPLAY 1K UNIDAD IX REGION,40.0,,CLP,3132.0,,
1968-155-CM24,,2024-02-14T09:47:47Z,,,,,DIRECCION GENERAL DE GENDARMERIA DE CHIL | Región de La Araucanía,61004087K,,Región de la Araucanía ,,CONSORCIO INDUSTRIAL DE ALIMENTOS S.A. | CONSORCIO INDUSTRIAL DE ALIMENTOS S.A.,801863000,,Región Metropolitana de Santiago,,,,,1479728,"C.D.P de Pitrufquén, Adquisición de Fiambres  para el  Centro de Detención Preventiva de Pitrufquén de Gendarmería de Chile-Región  de la Araucanía",JAMON CERDO SAN JORGE SANDWICH ARTESANAL LAMINADO DISPLAY 250 G UNIDAD IX REGION(1479728) JAMON CERDO SAN JORGE SANDWICH ARTESANAL LAMINADO DISPLAY 250 G UNIDAD IX REGION,72.0,,CLP,1325.0,,
1968-155-CM24,,2024-02-14T09:47:47Z,,,,,DIRECCION GENERAL DE GENDARMERIA DE CHIL | Región de La Araucanía,61004087K,,Región de la Araucanía ,,CONSORCIO INDUSTRIAL DE ALIMENTOS S.A. | CONSORCIO INDUSTRIAL DE ALIMENTOS S.A.,801863000,,Región Metropolitana de Santiago,,,,,2032349,"C.D.P de Pitrufquén, Adquisición de Fiambres  para el  Centro de Detención Preventiva de Pitrufquén de Gendarmería de Chile-Región  de la Araucanía",PATE LA PREFERIDA TERNERA EMBUTIDO 160 GR UNIDAD IX REGION(2032349) PATE LA PREFERIDA TERNERA EMBUTIDO 160 GR UNIDAD IX REGION,60.0,,CLP,724.0,,
1968-155-CM24,,2024-02-14T09:47:47Z,,,,,DIRECCION GENERAL DE GENDARMERIA DE CHIL | Región de La Araucanía,61004087K,,Región de la Araucanía ,,CONSORCIO INDUSTRIAL DE ALIMENTOS S.A. | CONSORCIO INDUSTRIAL DE ALIMENTOS S.A.,801863000,,Región Metropolitana de Santiago,,,,,1479878,"C.D.P de Pitrufquén, Adquisición de Fiambres  para el  Centro de Detención Preventiva de Pitrufquén de Gendarmería de Chile-Región  de la Araucanía","JAMON CERDO SAN JORGE PRAGA AHUMADO PIEZA 4,6K UNIDAD IX REGION(1479878) JAMON CERDO SAN JORGE PRAGA AHUMADO PIEZA 4,6K UNIDAD IX REGION",12.0,,CLP,28802.0,,
1968-178-CM24,,2024-02-14T09:47:47Z,,,,,DIRECCION GENERAL DE GENDARMERIA DE CHIL | Región de La Araucanía,61004087K,,Región de la Araucanía ,,CONSORCIO INDUSTRIAL DE ALIMENTOS S.A. | CONSORCIO INDUSTRIAL DE ALIMENTOS S.A.,801863000,,Región Metropolitana de Santiago,,,,,1563454,"C.C.P. Nueva Imperial, Adquisición de Longaniza, Vienesas, Hamburguesa, Jamón sándwich, Pate jamón y Pate ternera, para el Área de Alimentación.",LONGANIZA WINTER DISPLAY 1K UNIDAD IX REGION(1563454) LONGANIZA WINTER DISPLAY 1K UNIDAD IX REGION,60.0,,CLP,3893.0,,
1968-178-CM24,,2024-02-14T09:47:47Z,,,,,DIRECCION GENERAL DE GENDARMERIA DE CHIL | Región de La Araucanía,61004087K,,Región de la Araucanía ,,CONSORCIO INDUSTRIAL DE ALIMENTOS S.A. | CONSORCIO INDUSTRIAL DE ALIMENTOS S.A.,801863000,,Región Metropolitana de Santiago,,,,,1480373,"C.C.P. Nueva Imperial, Adquisición de Longaniza, Vienesas, Hamburguesa, Jamón sándwich, Pate jamón y Pate ternera, para el Área de Alimentación.",SALCHICHA SAN JORGE TRADICIONAL DISPLAY 1K UNIDAD IX REGION(1480373) SALCHICHA SAN JORGE TRADICIONAL DISPLAY 1K UNIDAD IX REGION,60.0,,CLP,3132.0,,
1968-178-CM24,,2024-02-14T09:47:47Z,,,,,DIRECCION GENERAL DE GENDARMERIA DE CHIL | Región de La Araucanía,61004087K,,Región de la Araucanía ,,CONSORCIO INDUSTRIAL DE ALIMENTOS S.A. | CONSORCIO INDUSTRIAL DE ALIMENTOS S.A.,801863000,,Región Metropolitana de Santiago,,,,,1694275,"C.C.P. Nueva Imperial, Adquisición de Longaniza, Vienesas, Hamburguesa, Jamón sándwich, Pate jamón y Pate ternera, para el Área de Alimentación.",HAMBURGUESA VACUNO CONGELADA LA PREFERIDA SACHET 100 G UNIDAD IX REGION(1694275) HAMBURGUESA VACUNO CONGELADA LA PREFERIDA SACHET 100 G UNIDAD IX REGION,500.0,,CLP,722.0,,
1968-178-CM24,,2024-02-14T09:47:47Z,,,,,DIRECCION GENERAL DE GENDARMERIA DE CHIL | Región de La Araucanía,61004087K,,Región de la Araucanía ,,CONSORCIO INDUSTRIAL DE ALIMENTOS S.A. | CONSORCIO INDUSTRIAL DE ALIMENTOS S.A.,801863000,,Región Metropolitana de Santiago,,,,,1480163,"C.C.P. Nueva Imperial, Adquisición de Longaniza, Vienesas, Hamburguesa, Jamón sándwich, Pate jamón y Pate ternera, para el Área de Alimentación.",PATE SAN JORGE JAMON EMBUTIDO 125 G UNIDAD IX REGION(1480163) PATE SAN JORGE JAMON EMBUTIDO 125 G UNIDAD IX REGION,180.0,,CLP,568.0,,
1968-178-CM24,,2024-02-14T09:47:47Z,,,,,DIRECCION GENERAL DE GENDARMERIA DE CHIL | Región de La Araucanía,61004087K,,Región de la Araucanía ,,CONSORCIO INDUSTRIAL DE ALIMENTOS S.A. | CONSORCIO INDUSTRIAL DE ALIMENTOS S.A.,801863000,,Región Metropolitana de Santiago,,,,,2032349,"C.C.P. Nueva Imperial, Adquisición de Longaniza, Vienesas, Hamburguesa, Jamón sándwich, Pate jamón y Pate ternera, para el Área de Alimentación.",PATE LA PREFERIDA TERNERA EMBUTIDO 160 GR UNIDAD IX REGION(2032349) PATE LA PREFERIDA TERNERA EMBUTIDO 160 GR UNIDAD IX REGION,180.0,,CLP,724.0,,
1968-178-CM24,,2024-02-14T09:47:47Z,,,,,DIRECCION GENERAL DE GENDARMERIA DE CHIL | Región de La Araucanía,61004087K,,Región de la Araucanía ,,CONSORCIO INDUSTRIAL DE ALIMENTOS S.A. | CONSORCIO INDUSTRIAL DE ALIMENTOS S.A.,801863000,,Región Metropolitana de Santiago,,,,,1479728,"C.C.P. Nueva Imperial, Adquisición de Longaniza, Vienesas, Hamburguesa, Jamón sándwich, Pate jamón y Pate ternera, para el Área de Alimentación.",JAMON CERDO SAN JORGE SANDWICH ARTESANAL LAMINADO DISPLAY 250 G UNIDAD IX REGION(1479728) JAMON CERDO SAN JORGE SANDWICH ARTESANAL LAMINADO DISPLAY 250 G UNIDAD IX REGION,240.0,,CLP,1216.0,,
1968-62-CM24,,2024-02-15T11:30:18Z,,,,,DIRECCION GENERAL DE GENDARMERIA DE CHIL | Región de La Araucanía,61004087K,,Región de la Araucanía ,,COOP AGRICOLA Y LECHERA DE LA UNION LTDA | Cooperativa Agricola y Lechera - Casa Matriz,810941006,,Región Metropolitana de Santiago,,,,,1456268,"C.C.P. Nueva Imperial, Adquisición de Yogurt, Flan, Jalea, Manjar, Queso crema y Queso laminado para el Área de Alimentación.",POSTRE REFRIGERADO COLUN FLAN TRES LECHES POTE 100 G UNIDAD IX REGION(1456268) POSTRE REFRIGERADO COLUN FLAN TRES LECHES POTE 100 G UNIDAD IX REGION,200.0,,CLP,230.0,,
1968-62-CM24,,2024-02-15T11:30:18Z,,,,,DIRECCION GENERAL DE GENDARMERIA DE CHIL | Región de La Araucanía,61004087K,,Región de la Araucanía ,,COOP AGRICOLA Y LECHERA DE LA UNION LTDA | Cooperativa Agricola y Lechera - Casa Matriz,810941006,,Región Metropolitana de Santiago,,,,,1456223,"C.C.P. Nueva Imperial, Adquisición de Yogurt, Flan, Jalea, Manjar, Queso crema y Queso laminado para el Área de Alimentación.",POSTRE REFRIGERADO COLUN JALEA NARANJA POTE 100 G UNIDAD IX REGION(1456223) POSTRE REFRIGERADO COLUN JALEA NARANJA POTE 100 G UNIDAD IX REGION,400.0,,CLP,149.0,,
1968-62-CM24,,2024-02-15T11:30:18Z,,,,,DIRECCION GENERAL DE GENDARMERIA DE CHIL | Región de La Araucanía,61004087K,,Región de la Araucanía ,,COOP AGRICOLA Y LECHERA DE LA UNION LTDA | Cooperativa Agricola y Lechera - Casa Matriz,810941006,,Región Metropolitana de Santiago,,,,,1456238,"C.C.P. Nueva Imperial, Adquisición de Yogurt, Flan, Jalea, Manjar, Queso crema y Queso laminado para el Área de Alimentación.",POSTRE REFRIGERADO COLUN JALEA LIMON POTE 100 G UNIDAD IX REGION(1456238) POSTRE REFRIGERADO COLUN JALEA LIMON POTE 100 G UNIDAD IX REGION,400.0,,CLP,149.0,,
1968-62-CM24,,2024-02-15T11:30:18Z,,,,,DIRECCION GENERAL DE GENDARMERIA DE CHIL | Región de La Araucanía,61004087K,,Región de la Araucanía ,,COOP AGRICOLA Y LECHERA DE LA UNION LTDA | Cooperativa Agricola y Lechera - Casa Matriz,810941006,,Región Metropolitana de Santiago,,,,,1456553,"C.C.P. Nueva Imperial, Adquisición de Yogurt, Flan, Jalea, Manjar, Queso crema y Queso laminado para el Área de Alimentación.",QUESO CREMOSO COLUN UNTABLE NATURAL POTE 100 G UNIDAD IX REGION(1456553) QUESO CREMOSO COLUN UNTABLE NATURAL POTE 100 G UNIDAD IX REGION,300.0,,CLP,1118.0,,
1968-62-CM24,,2024-02-15T11:30:18Z,,,,,DIRECCION GENERAL DE GENDARMERIA DE CHIL | Región de La Araucanía,61004087K,,Región de la Araucanía ,,COOP AGRICOLA Y LECHERA DE LA UNION LTDA | Cooperativa Agricola y Lechera - Casa Matriz,810941006,,Región Metropolitana de Santiago,,,,,1455953,"C.C.P. Nueva Imperial, Adquisición de Yogurt, Flan, Jalea, Manjar, Queso crema y Queso laminado para el Área de Alimentación.",MANJAR COLUN BOLSA 1K UNIDAD IX REGION(1455953) MANJAR COLUN BOLSA 1K UNIDAD IX REGION,80.0,,CLP,3634.0,,
1968-62-CM24,,2024-02-15T11:30:18Z,,,,,DIRECCION GENERAL DE GENDARMERIA DE CHIL | Región de La Araucanía,61004087K,,Región de la Araucanía ,,COOP AGRICOLA Y LECHERA DE LA UNION LTDA | Cooperativa Agricola y Lechera - Casa Matriz,810941006,,Región Metropolitana de Santiago,,,,,1457243,"C.C.P. Nueva Imperial, Adquisición de Yogurt, Flan, Jalea, Manjar, Queso crema y Queso laminado para el Área de Alimentación.",YOGURT BATIDO COLUN CEREZA POTE 125 G UNIDAD IX REGION(1457243) YOGURT BATIDO COLUN CEREZA POTE 125 G UNIDAD IX REGION,400.0,,CLP,198.0,,
1968-62-CM24,,2024-02-15T11:30:18Z,,,,,DIRECCION GENERAL DE GENDARMERIA DE CHIL | Región de La Araucanía,61004087K,,Región de la Araucanía ,,COOP AGRICOLA Y LECHERA DE LA UNION LTDA | Cooperativa Agricola y Lechera - Casa Matriz,810941006,,Región Metropolitana de Santiago,,,,,1457303,"C.C.P. Nueva Imperial, Adquisición de Yogurt, Flan, Jalea, Manjar, Queso crema y Queso laminado para el Área de Alimentación.",YOGURT BATIDO COLUN PLATANO POTE 125 G UNIDAD IX REGION(1457303) YOGURT BATIDO COLUN PLATANO POTE 125 G UNIDAD IX REGION,400.0,,CLP,198.0,,
1968-62-CM24,,2024-02-15T11:30:18Z,,,,,DIRECCION GENERAL DE GENDARMERIA DE CHIL | Región de La Araucanía,61004087K,,Región de la Araucanía ,,COOP AGRICOLA Y LECHERA DE LA UNION LTDA | Cooperativa Agricola y Lechera - Casa Matriz,810941006,,Región Metropolitana de Santiago,,,,,1457063,"C.C.P. Nueva Imperial, Adquisición de Yogurt, Flan, Jalea, Manjar, Queso crema y Queso laminado para el Área de Alimentación.",YOGURT BATIDO COLUN FRUTILLA POTE 125 G UNIDAD IX REGION(1457063) YOGURT BATIDO COLUN FRUTILLA POTE 125 G UNIDAD IX REGION,400.0,,CLP,198.0,,
1968-62-CM24,,2024-02-15T11:30:18Z,,,,,DIRECCION GENERAL DE GENDARMERIA DE CHIL | Región de La Araucanía,61004087K,,Región de la Araucanía ,,COOP AGRICOLA Y LECHERA DE LA UNION LTDA | Cooperativa Agricola y Lechera - Casa Matriz,810941006,,Región Metropolitana de Santiago,,,,,1456283,"C.C.P. Nueva Imperial, Adquisición de Yogurt, Flan, Jalea, Manjar, Queso crema y Queso laminado para el Área de Alimentación.",POSTRE REFRIGERADO COLUN FLAN MANJAR POTE 100 G UNIDAD IX REGION(1456283) POSTRE REFRIGERADO COLUN FLAN MANJAR POTE 100 G UNIDAD IX REGION,200.0,,CLP,230.0,,
1968-62-CM24,,2024-02-15T11:30:18Z,,,,,DIRECCION GENERAL DE GENDARMERIA DE CHIL | Región de La Araucanía,61004087K,,Región de la Araucanía ,,COOP AGRICOLA Y LECHERA DE LA UNION LTDA | Cooperativa Agricola y Lechera - Casa Matriz,810941006,,Región Metropolitana de Santiago,,,,,1456823,"C.C.P. Nueva Imperial, Adquisición de Yogurt, Flan, Jalea, Manjar, Queso crema y Queso laminado para el Área de Alimentación.",QUESO LAMINADO COLUN RANCO DISPLAY 1 K UNIDAD IX REGION(1456823) QUESO LAMINADO COLUN RANCO DISPLAY 1 K UNIDAD IX REGION,120.0,,CLP,8818.0,,
1968-99-CM24,,2024-02-14T09:47:47Z,,,,,DIRECCION GENERAL DE GENDARMERIA DE CHIL | Región de La Araucanía,61004087K,,Región de la Araucanía ,,ZABETH DEL CARMEN CERDA ETCHEPARE | Zabeth del Carmen Cerda Etchepare,78011505,,Región de la Araucanía ,,,,,1800829,"C.D.P de Pitrufquén, Adquisición de Abarrotes  para el  Centro de Detención Preventiva de Pitrufquén de Gendarmería de Chile-Región  de la Araucanía",ARROZ BONANZA GRADO 2/ BOLSA 1 KILO UNIDAD IX REGION(1800829) ARROZ BONANZA GRADO 2/ BOLSA 1 KILO UNIDAD IX REGION,50.0,,CLP,1386.0,,
1968-99-CM24,,2024-02-14T09:47:47Z,,,,,DIRECCION GENERAL DE GENDARMERIA DE CHIL | Región de La Araucanía,61004087K,,Región de la Araucanía ,,ZABETH DEL CARMEN CERDA ETCHEPARE | Zabeth del Carmen Cerda Etchepare,78011505,,Región de la Araucanía ,,,,,1563547,"C.D.P de Pitrufquén, Adquisición de Abarrotes  para el  Centro de Detención Preventiva de Pitrufquén de Gendarmería de Chile-Región  de la Araucanía",ARROZ PRE GRANEADO ARUBA GRADO 1 BOLSA 1K UNIDAD IX REGION(1563547) ARROZ PRE GRANEADO ARUBA GRADO 1 BOLSA 1K UNIDAD IX REGION,50.0,,CLP,1612.0,,
1968-99-CM24,,2024-02-14T09:47:47Z,,,,,DIRECCION GENERAL DE GENDARMERIA DE CHIL | Región de La Araucanía,61004087K,,Región de la Araucanía ,,ZABETH DEL CARMEN CERDA ETCHEPARE | Zabeth del Carmen Cerda Etchepare,78011505,,Región de la Araucanía ,,,,,1430543,"C.D.P de Pitrufquén, Adquisición de Abarrotes  para el  Centro de Detención Preventiva de Pitrufquén de Gendarmería de Chile-Región  de la Araucanía",ESPIRALES PARMA BOLSA 400 G UNIDAD IX REGION(1430543) ESPIRALES PARMA BOLSA 400 G UNIDAD IX REGION,120.0,,CLP,975.0,,
1968-99-CM24,,2024-02-14T09:47:47Z,,,,,DIRECCION GENERAL DE GENDARMERIA DE CHIL | Región de La Araucanía,61004087K,,Región de la Araucanía ,,ZABETH DEL CARMEN CERDA ETCHEPARE | Zabeth del Carmen Cerda Etchepare,78011505,,Región de la Araucanía ,,,,,1430528,"C.D.P de Pitrufquén, Adquisición de Abarrotes  para el  Centro de Detención Preventiva de Pitrufquén de Gendarmería de Chile-Región  de la Araucanía",CORBATAS PARMA BOLSA 400 G UNIDAD IX REGION(1430528) CORBATAS PARMA BOLSA 400 G UNIDAD IX REGION,120.0,,CLP,973.0,,
1968-99-CM24,,2024-02-14T09:47:47Z,,,,,DIRECCION GENERAL DE GENDARMERIA DE CHIL | Región de La Araucanía,61004087K,,Región de la Araucanía ,,ZABETH DEL CARMEN CERDA ETCHEPARE | Zabeth del Carmen Cerda Etchepare,78011505,,Región de la Araucanía ,,,,,1434068,"C.D.P de Pitrufquén, Adquisición de Abarrotes  para el  Centro de Detención Preventiva de Pitrufquén de Gendarmería de Chile-Región  de la Araucanía",MANTEQUILLA SOPROLE CON SAL PAN 250 G UNIDAD IX REGION(1434068) MANTEQUILLA SOPROLE CON SAL PAN 250 G UNIDAD IX REGION,120.0,,CLP,2749.0,,
1968-99-CM24,,2024-02-14T09:47:47Z,,,,,DIRECCION GENERAL DE GENDARMERIA DE CHIL | Región de La Araucanía,61004087K,,Región de la Araucanía ,,ZABETH DEL CARMEN CERDA ETCHEPARE | Zabeth del Carmen Cerda Etchepare,78011505,,Región de la Araucanía ,,,,,1482458,"C.D.P de Pitrufquén, Adquisición de Abarrotes  para el  Centro de Detención Preventiva de Pitrufquén de Gendarmería de Chile-Región  de la Araucanía",MARISCO CONSERVA AL AGUA DEYCO SURTIDO CALDILLO TARRO 425 G UNIDAD IX REGION(1482458) MARISCO CONSERVA AL AGUA DEYCO SURTIDO CALDILLO TARRO 425 G UNIDAD IX REGION,100.0,,CLP,2244.0,,
1968-99-CM24,,2024-02-14T09:47:47Z,,,,,DIRECCION GENERAL DE GENDARMERIA DE CHIL | Región de La Araucanía,61004087K,,Región de la Araucanía ,,ZABETH DEL CARMEN CERDA ETCHEPARE | Zabeth del Carmen Cerda Etchepare,78011505,,Región de la Araucanía ,,,,,1455953,"C.D.P de Pitrufquén, Adquisición de Abarrotes  para el  Centro de Detención Preventiva de Pitrufquén de Gendarmería de Chile-Región  de la Araucanía",MANJAR COLUN BOLSA 1K UNIDAD IX REGION(1455953) MANJAR COLUN BOLSA 1K UNIDAD IX REGION,40.0,,CLP,4267.0,,
1968-99-CM24,,2024-02-14T09:47:47Z,,,,,DIRECCION GENERAL DE GENDARMERIA DE CHIL | Región de La Araucanía,61004087K,,Región de la Araucanía ,,ZABETH DEL CARMEN CERDA ETCHEPARE | Zabeth del Carmen Cerda Etchepare,78011505,,Región de la Araucanía ,,,,,1433483,"C.D.P de Pitrufquén, Adquisición de Abarrotes  para el  Centro de Detención Preventiva de Pitrufquén de Gendarmería de Chile-Región  de la Araucanía",JUGO DE LIMON TRAVERSO SUCEDANEO BOTELLA 1 L UNIDAD IX REGION(1433483) JUGO DE LIMON TRAVERSO SUCEDANEO BOTELLA 1 L UNIDAD IX REGION,60.0,,CLP,2232.0,,
1968-99-CM24,,2024-02-14T09:47:47Z,,,,,DIRECCION GENERAL DE GENDARMERIA DE CHIL | Región de La Araucanía,61004087K,,Región de la Araucanía ,,ZABETH DEL CARMEN CERDA ETCHEPARE | Zabeth del Carmen Cerda Etchepare,78011505,,Región de la Araucanía ,,,,,1477643,"C.D.P de Pitrufquén, Adquisición de Abarrotes  para el  Centro de Detención Preventiva de Pitrufquén de Gendarmería de Chile-Región  de la Araucanía",MIEL CM ABEJA POTE 1K UNIDAD IX REGION(1477643) MIEL CM ABEJA POTE 1K UNIDAD IX REGION,20.0,,CLP,7937.0,,
1968-99-CM24,,2024-02-14T09:47:47Z,,,,,DIRECCION GENERAL DE GENDARMERIA DE CHIL | Región de La Araucanía,61004087K,,Región de la Araucanía ,,ZABETH DEL CARMEN CERDA ETCHEPARE | Zabeth del Carmen Cerda Etchepare,78011505,,Región de la Araucanía ,,,,,1454903,"C.D.P de Pitrufquén, Adquisición de Abarrotes  para el  Centro de Detención Preventiva de Pitrufquén de Gendarmería de Chile-Región  de la Araucanía",ACEITE VEGETAL BONANZA BOTELLA 900 ML UNIDAD IX REGION(1454903) ACEITE VEGETAL BONANZA BOTELLA 900 ML UNIDAD IX REGION,60.0,,CLP,2149.0,,
1968-99-CM24,,2024-02-14T09:47:47Z,,,,,DIRECCION GENERAL DE GENDARMERIA DE CHIL | Región de La Araucanía,61004087K,,Región de la Araucanía ,,ZABETH DEL CARMEN CERDA ETCHEPARE | Zabeth del Carmen Cerda Etchepare,78011505,,Región de la Araucanía ,,,,,1445423,"C.D.P de Pitrufquén, Adquisición de Abarrotes  para el  Centro de Detención Preventiva de Pitrufquén de Gendarmería de Chile-Región  de la Araucanía",FRUTA CONSERVA EL VERGEL DURAZNO TROCITOS TARRO 590 G UNIDAD IX REGION(1445423) FRUTA CONSERVA EL VERGEL DURAZNO TROCITOS TARRO 590 G UNIDAD IX REGION,144.0,,CLP,2053.0,,
1968-99-CM24,,2024-02-14T09:47:47Z,,,,,DIRECCION GENERAL DE GENDARMERIA DE CHIL | Región de La Araucanía,61004087K,,Región de la Araucanía ,,ZABETH DEL CARMEN CERDA ETCHEPARE | Zabeth del Carmen Cerda Etchepare,78011505,,Región de la Araucanía ,,,,,1437008,"C.D.P de Pitrufquén, Adquisición de Abarrotes  para el  Centro de Detención Preventiva de Pitrufquén de Gendarmería de Chile-Región  de la Araucanía",TE SUPREMO CEYLAN PREMIUM CAJA 100 BOLSAS UNIDAD IX REGION(1437008) TE SUPREMO CEYLAN PREMIUM CAJA 100 BOLSAS UNIDAD IX REGION,30.0,,CLP,4350.0,,
1968-99-CM24,,2024-02-14T09:47:47Z,,,,,DIRECCION GENERAL DE GENDARMERIA DE CHIL | Región de La Araucanía,61004087K,,Región de la Araucanía ,,ZABETH DEL CARMEN CERDA ETCHEPARE | Zabeth del Carmen Cerda Etchepare,78011505,,Región de la Araucanía ,,,,,1486718,"C.D.P de Pitrufquén, Adquisición de Abarrotes  para el  Centro de Detención Preventiva de Pitrufquén de Gendarmería de Chile-Región  de la Araucanía",MAYONESA HELLMANN´S DOYPACK 670 G UNIDAD IX REGION(1486718) MAYONESA HELLMANN´S DOYPACK 670 G UNIDAD IX REGION,24.0,,CLP,2757.0,,
1968-99-CM24,,2024-02-14T09:47:47Z,,,,,DIRECCION GENERAL DE GENDARMERIA DE CHIL | Región de La Araucanía,61004087K,,Región de la Araucanía ,,ZABETH DEL CARMEN CERDA ETCHEPARE | Zabeth del Carmen Cerda Etchepare,78011505,,Región de la Araucanía ,,,,,1490078,"C.D.P de Pitrufquén, Adquisición de Abarrotes  para el  Centro de Detención Preventiva de Pitrufquén de Gendarmería de Chile-Región  de la Araucanía",JUGO EN POLVO SPRIM FRAMBUESA SOBRE 35 G UNIDAD IX REGION(1490078) JUGO EN POLVO SPRIM FRAMBUESA SOBRE 35 G UNIDAD IX REGION,200.0,,CLP,254.0,,
1969-100-CM24,,2024-02-14T09:47:47Z,,,,,DIRECCION GENERAL DE GENDARMERIA DE CHIL | Región del Bio Bío,610040683,,Región del Biobío ,,PROVEEDORES INTEGRALES DEL SUR S.A. | PRISUR,760415790,,Región de la Araucanía ,,,,,2013852,CP BIO BIO ADQ DE RESMAS ,PAPEL IMPRESIÓN PRISA RESMA HOJA TAMAÑO CARTA COLOR BLANCO 500 HOJAS UNIDAD REGIÓN VIII(2013852) PAPEL IMPRESIÓN PRISA RESMA HOJA TAMAÑO CARTA COLOR BLANCO 500 HOJAS UNIDAD REGIÓN VIII,100.0,,CLP,2732.0,,
1969-100-CM24,,2024-02-14T09:47:47Z,,,,,DIRECCION GENERAL DE GENDARMERIA DE CHIL | Región del Bio Bío,610040683,,Región del Biobío ,,PROVEEDORES INTEGRALES DEL SUR S.A. | PRISUR,760415790,,Región de la Araucanía ,,,,,2013869,CP BIO BIO ADQ DE RESMAS ,PAPEL IMPRESIÓN PRISA RESMA HOJA TAMAÑO OFICIO COLOR BLANCO 500 HOJAS UNIDAD REGIÓN VIII(2013869) PAPEL IMPRESIÓN PRISA RESMA HOJA TAMAÑO OFICIO COLOR BLANCO 500 HOJAS UNIDAD REGIÓN VIII,600.0,,CLP,3210.0,,
1969-105-CM24,,2024-01-30T14:01:09Z,,,,,DIRECCION GENERAL DE GENDARMERIA DE CHIL | Región del Bio Bío,610040683,,Región del Biobío ,,Victor Rosales Comercializadora E.I.R.L | VICTOR ROSALES COMERCIALIZADORA EIRL,761009338,,Región del Biobío ,,,,,1451857,ABARROTES PARA EL CDP MULCHEN Orden de Compra: 1969-105-CM24,ARROZ MIRAFLORES GRADO 2 BOLSA 1K UNIDAD VIII REGION(1451857) ARROZ MIRAFLORES GRADO 2 BOLSA 1K UNIDAD VIII REGION,200.0,,CLP,1961.0,,
1969-105-CM24,,2024-01-30T14:01:09Z,,,,,DIRECCION GENERAL DE GENDARMERIA DE CHIL | Región del Bio Bío,610040683,,Región del Biobío ,,Victor Rosales Comercializadora E.I.R.L | VICTOR ROSALES COMERCIALIZADORA EIRL,761009338,,Región del Biobío ,,,,,1444642,ABARROTES PARA EL CDP MULCHEN Orden de Compra: 1969-105-CM24,ARVEJA BANQUETE VERDE PARTIDA BOLSA 1K UNIDAD VIII REGION(1444642) ARVEJA BANQUETE VERDE PARTIDA BOLSA 1K UNIDAD VIII REGION,50.0,,CLP,2456.0,,
1969-105-CM24,,2024-01-30T14:01:09Z,,,,,DIRECCION GENERAL DE GENDARMERIA DE CHIL | Región del Bio Bío,610040683,,Región del Biobío ,,Victor Rosales Comercializadora E.I.R.L | VICTOR ROSALES COMERCIALIZADORA EIRL,761009338,,Región del Biobío ,,,,,1590432,ABARROTES PARA EL CDP MULCHEN Orden de Compra: 1969-105-CM24,CREMA DE LECHE COLUN PARA BATIR LIGHT CAJA 200 ML UNIDAD  VIII REGION(1590432) CREMA DE LECHE COLUN PARA BATIR LIGHT CAJA 200 ML UNIDAD  VIII REGION,96.0,,CLP,1397.0,,
1969-105-CM24,,2024-01-30T14:01:09Z,,,,,DIRECCION GENERAL DE GENDARMERIA DE CHIL | Región del Bio Bío,610040683,,Región del Biobío ,,Victor Rosales Comercializadora E.I.R.L | VICTOR ROSALES COMERCIALIZADORA EIRL,761009338,,Región del Biobío ,,,,,1442587,ABARROTES PARA EL CDP MULCHEN Orden de Compra: 1969-105-CM24,DULCE DE MEMBRILLO WATT´S PAQUETE 1 K UNIDAD VIII REGION(1442587) DULCE DE MEMBRILLO WATT´S PAQUETE 1 K UNIDAD VIII REGION,12.0,,CLP,3698.0,,
1969-105-CM24,,2024-01-30T14:01:09Z,,,,,DIRECCION GENERAL DE GENDARMERIA DE CHIL | Región del Bio Bío,610040683,,Región del Biobío ,,Victor Rosales Comercializadora E.I.R.L | VICTOR ROSALES COMERCIALIZADORA EIRL,761009338,,Región del Biobío ,,,,,1437802,ABARROTES PARA EL CDP MULCHEN Orden de Compra: 1969-105-CM24,JALEA EN POLVO MACRO FOOD 5 (100% AZUCAR) NARANJA BOLSA 1K UNIDAD VIII REGION(1437802) JALEA EN POLVO MACRO FOOD 5 (100% AZUCAR) NARANJA BOLSA 1K UNIDAD VIII REGION,12.0,,CLP,3243.0,,
1969-105-CM24,,2024-01-30T14:01:09Z,,,,,DIRECCION GENERAL DE GENDARMERIA DE CHIL | Región del Bio Bío,610040683,,Región del Biobío ,,Victor Rosales Comercializadora E.I.R.L | VICTOR ROSALES COMERCIALIZADORA EIRL,761009338,,Región del Biobío ,,,,,1490632,ABARROTES PARA EL CDP MULCHEN Orden de Compra: 1969-105-CM24,FLAN EN POLVO VIVO TRES LECHES CAJA 80 G UNIDAD VIII REGION(1490632) FLAN EN POLVO VIVO TRES LECHES CAJA 80 G UNIDAD VIII REGION,240.0,,CLP,840.0,,
1969-105-CM24,,2024-01-30T14:01:09Z,,,,,DIRECCION GENERAL DE GENDARMERIA DE CHIL | Región del Bio Bío,610040683,,Región del Biobío ,,Victor Rosales Comercializadora E.I.R.L | VICTOR ROSALES COMERCIALIZADORA EIRL,761009338,,Región del Biobío ,,,,,1444687,ABARROTES PARA EL CDP MULCHEN Orden de Compra: 1969-105-CM24,POROTO BANQUETE TORTOLA BOLSA 1K UNIDAD VIII REGION(1444687) POROTO BANQUETE TORTOLA BOLSA 1K UNIDAD VIII REGION,50.0,,CLP,3786.0,,
1969-105-CM24,,2024-01-30T14:01:09Z,,,,,DIRECCION GENERAL DE GENDARMERIA DE CHIL | Región del Bio Bío,610040683,,Región del Biobío ,,Victor Rosales Comercializadora E.I.R.L | VICTOR ROSALES COMERCIALIZADORA EIRL,761009338,,Región del Biobío ,,,,,1483837,ABARROTES PARA EL CDP MULCHEN Orden de Compra: 1969-105-CM24,SALCHICHA PF SUREÑAS DISPLAY 1K UNIDAD VIII REGION(1483837) SALCHICHA PF SUREÑAS DISPLAY 1K UNIDAD VIII REGION,40.0,,CLP,3623.0,,
1969-105-CM24,,2024-01-30T14:01:09Z,,,,,DIRECCION GENERAL DE GENDARMERIA DE CHIL | Región del Bio Bío,610040683,,Región del Biobío ,,Victor Rosales Comercializadora E.I.R.L | VICTOR ROSALES COMERCIALIZADORA EIRL,761009338,,Región del Biobío ,,,,,1443922,ABARROTES PARA EL CDP MULCHEN Orden de Compra: 1969-105-CM24,MERMELADA WATT´S MORA BOLSA 250 G UNIDAD VIII REGION(1443922) MERMELADA WATT´S MORA BOLSA 250 G UNIDAD VIII REGION,72.0,,CLP,1377.0,,
1969-105-CM24,,2024-01-30T14:01:09Z,,,,,DIRECCION GENERAL DE GENDARMERIA DE CHIL | Región del Bio Bío,610040683,,Región del Biobío ,,Victor Rosales Comercializadora E.I.R.L | VICTOR ROSALES COMERCIALIZADORA EIRL,761009338,,Región del Biobío ,,,,,1505872,ABARROTES PARA EL CDP MULCHEN Orden de Compra: 1969-105-CM24,PATE RECETA DEL ABUELO CAMPO PREMIUM EMBUTIDO 125 G UNIDAD VIII REGION(1505872) PATE RECETA DEL ABUELO CAMPO PREMIUM EMBUTIDO 125 G UNIDAD VIII REGION,72.0,,CLP,845.0,,
1969-105-CM24,,2024-01-30T14:01:09Z,,,,,DIRECCION GENERAL DE GENDARMERIA DE CHIL | Región del Bio Bío,610040683,,Región del Biobío ,,Victor Rosales Comercializadora E.I.R.L | VICTOR ROSALES COMERCIALIZADORA EIRL,761009338,,Región del Biobío ,,,,,1437007,ABARROTES PARA EL CDP MULCHEN Orden de Compra: 1969-105-CM24,TE SUPREMO CEYLAN PREMIUM CAJA 100 BOLSAS UNIDAD VIII REGION(1437007) TE SUPREMO CEYLAN PREMIUM CAJA 100 BOLSAS UNIDAD VIII REGION,24.0,,CLP,3993.0,,
1969-105-CM24,,2024-01-30T14:01:09Z,,,,,DIRECCION GENERAL DE GENDARMERIA DE CHIL | Región del Bio Bío,610040683,,Región del Biobío ,,Victor Rosales Comercializadora E.I.R.L | VICTOR ROSALES COMERCIALIZADORA EIRL,761009338,,Región del Biobío ,,,,,1450282,ABARROTES PARA EL CDP MULCHEN Orden de Compra: 1969-105-CM24,CAFE INSTANTANEO NESCAFE TRADICION TARRO 400 G UNIDAD VIII REGION(1450282) CAFE INSTANTANEO NESCAFE TRADICION TARRO 400 G UNIDAD VIII REGION,24.0,,CLP,12622.0,,
1969-105-CM24,,2024-01-30T14:01:09Z,,,,,DIRECCION GENERAL DE GENDARMERIA DE CHIL | Región del Bio Bío,610040683,,Región del Biobío ,,Victor Rosales Comercializadora E.I.R.L | VICTOR ROSALES COMERCIALIZADORA EIRL,761009338,,Región del Biobío ,,,,,1460047,ABARROTES PARA EL CDP MULCHEN Orden de Compra: 1969-105-CM24,PRIMAVERA VERDURAS FRUTOS DEL MAIPO BOLSA 2K UNIDAD VIII REGION(1460047) PRIMAVERA VERDURAS FRUTOS DEL MAIPO BOLSA 2K UNIDAD VIII REGION,5.0,,CLP,6145.0,,
1969-105-CM24,,2024-01-30T14:01:09Z,,,,,DIRECCION GENERAL DE GENDARMERIA DE CHIL | Región del Bio Bío,610040683,,Región del Biobío ,,Victor Rosales Comercializadora E.I.R.L | VICTOR ROSALES COMERCIALIZADORA EIRL,761009338,,Región del Biobío ,,,,,1459807,ABARROTES PARA EL CDP MULCHEN Orden de Compra: 1969-105-CM24,ARVEJA CONGELADA FRUTOS DEL MAIPO BOLSA 500 G UNIDAD VIII REGION(1459807) ARVEJA CONGELADA FRUTOS DEL MAIPO BOLSA 500 G UNIDAD VIII REGION,20.0,,CLP,1406.0,,
2013-113-CM24,,2024-01-31T09:28:22Z,,,,,UNIVERSIDAD ARTURO PRAT | UNIVERSIDAD ARTURO PRAT SEDE IQUIQUE,707775009,,Región de Tarapacá  ,,COMERCIAL RED OFFICE LIMITADA | Redoffice Region Metropolitana,770128706,,Región Metropolitana de Santiago,,,,,2016036,Orden de Compra: 2013-113-CM24,PERFORADORA HAND PLASTICA NEGRA 30 HOJAS UNIDAD REGIÓN I(2016036) PERFORADORA HAND PLASTICA NEGRA 30 HOJAS UNIDAD REGIÓN I,50.0,,CLP,3554.0,,
2013-113-CM24,,2024-01-31T09:28:22Z,,,,,UNIVERSIDAD ARTURO PRAT | UNIVERSIDAD ARTURO PRAT SEDE IQUIQUE,707775009,,Región de Tarapacá  ,,COMERCIAL RED OFFICE LIMITADA | Redoffice Region Metropolitana,770128706,,Región Metropolitana de Santiago,,,,,2005955,Orden de Compra: 2013-113-CM24,MARCADOR PIZARRA ISOFIT DESECHABLE AZUL PUNTA REDONDA 2 MM UNIDAD REGIÓN I(2005955) MARCADOR PIZARRA ISOFIT DESECHABLE AZUL PUNTA REDONDA 2 MM UNIDAD REGIÓN I,1500.0,,CLP,288.0,,
2013-113-CM24,,2024-01-31T09:28:22Z,,,,,UNIVERSIDAD ARTURO PRAT | UNIVERSIDAD ARTURO PRAT SEDE IQUIQUE,707775009,,Región de Tarapacá  ,,COMERCIAL RED OFFICE LIMITADA | Redoffice Region Metropolitana,770128706,,Región Metropolitana de Santiago,,,,,2006074,Orden de Compra: 2013-113-CM24,MARCADOR PIZARRA ISOFIT DESECHABLE NEGRO PUNTA REDONDA 2 MM UNIDAD REGIÓN I(2006074) MARCADOR PIZARRA ISOFIT DESECHABLE NEGRO PUNTA REDONDA 2 MM UNIDAD REGIÓN I,1500.0,,CLP,288.0,,
2013-113-CM24,,2024-01-31T09:28:22Z,,,,,UNIVERSIDAD ARTURO PRAT | UNIVERSIDAD ARTURO PRAT SEDE IQUIQUE,707775009,,Región de Tarapacá  ,,COMERCIAL RED OFFICE LIMITADA | Redoffice Region Metropolitana,770128706,,Región Metropolitana de Santiago,,,,,2006176,Orden de Compra: 2013-113-CM24,MARCADOR PIZARRA ISOFIT DESECHABLE ROJO PUNTA REDONDA 2 MM UNIDAD REGIÓN I(2006176) MARCADOR PIZARRA ISOFIT DESECHABLE ROJO PUNTA REDONDA 2 MM UNIDAD REGIÓN I,500.0,,CLP,288.0,,
2013-113-CM24,,2024-01-31T09:28:22Z,,,,,UNIVERSIDAD ARTURO PRAT | UNIVERSIDAD ARTURO PRAT SEDE IQUIQUE,707775009,,Región de Tarapacá  ,,COMERCIAL RED OFFICE LIMITADA | Redoffice Region Metropolitana,770128706,,Región Metropolitana de Santiago,,,,,1975967,Orden de Compra: 2013-113-CM24,CARPETA HAND OFICIO CARTULINA ELÁSTICO LISO S/DISEÑO UNIDAD REGIÓN I(1975967) CARPETA HAND OFICIO CARTULINA ELÁSTICO LISO S/DISEÑO UNIDAD REGIÓN I,200.0,,CLP,760.0,,
2013-113-CM24,,2024-01-31T09:28:22Z,,,,,UNIVERSIDAD ARTURO PRAT | UNIVERSIDAD ARTURO PRAT SEDE IQUIQUE,707775009,,Región de Tarapacá  ,,COMERCIAL RED OFFICE LIMITADA | Redoffice Region Metropolitana,770128706,,Región Metropolitana de Santiago,,,,,1982529,Orden de Compra: 2013-113-CM24,CUADERNO COLON UNIVERSITARIO ESPIRAL T/DURA S/DISEÑO 7MM CUADRICULADA 100 HJS UD REGIÓN I(1982529) CUADERNO COLON UNIVERSITARIO ESPIRAL T/DURA S/DISEÑO 7MM CUADRICULADA 100 HJS UD REGIÓN I,350.0,,CLP,1117.0,,
2013-113-CM24,,2024-01-31T09:28:22Z,,,,,UNIVERSIDAD ARTURO PRAT | UNIVERSIDAD ARTURO PRAT SEDE IQUIQUE,707775009,,Región de Tarapacá  ,,COMERCIAL RED OFFICE LIMITADA | Redoffice Region Metropolitana,770128706,,Región Metropolitana de Santiago,,,,,2015033,Orden de Compra: 2013-113-CM24,PEGAMENTO BARRA TORRE TRANSPARENTE 36GR NO TOX LAVABLE PAPEL-CARTULINA-TELA UNIDAD REGIÓN I(2015033) PEGAMENTO BARRA TORRE TRANSPARENTE 36GR NO TOX LAVABLE PAPEL-CARTULINA-TELA UNIDAD REGIÓN I,100.0,,CLP,647.0,,
2013-113-CM24,,2024-01-31T09:28:22Z,,,,,UNIVERSIDAD ARTURO PRAT | UNIVERSIDAD ARTURO PRAT SEDE IQUIQUE,707775009,,Región de Tarapacá  ,,COMERCIAL RED OFFICE LIMITADA | Redoffice Region Metropolitana,770128706,,Región Metropolitana de Santiago,,,,,1972856,Orden de Compra: 2013-113-CM24,BORRADOR PIZARRA TORRE ACRÍLICA UNIDAD REGIÓN I(1972856) BORRADOR PIZARRA TORRE ACRÍLICA UNIDAD REGIÓN I,350.0,,CLP,864.0,,
2013-113-CM24,,2024-01-31T09:28:22Z,,,,,UNIVERSIDAD ARTURO PRAT | UNIVERSIDAD ARTURO PRAT SEDE IQUIQUE,707775009,,Región de Tarapacá  ,,COMERCIAL RED OFFICE LIMITADA | Redoffice Region Metropolitana,770128706,,Región Metropolitana de Santiago,,,,,2021493,Orden de Compra: 2013-113-CM24,"SEPARADOR BANGRAFICA OFICIO MULTICOLOR 6 POSICIONES DE 2, 3 Y 4 ANILLOS UD REGIÓN I(2021493) SEPARADOR BANGRAFICA OFICIO MULTICOLOR 6 POSICIONES DE 2, 3 Y 4 ANILLOS UD REGIÓN I",100.0,,CLP,340.0,,
2013-113-CM24,,2024-01-31T09:28:22Z,,,,,UNIVERSIDAD ARTURO PRAT | UNIVERSIDAD ARTURO PRAT SEDE IQUIQUE,707775009,,Región de Tarapacá  ,,COMERCIAL RED OFFICE LIMITADA | Redoffice Region Metropolitana,770128706,,Región Metropolitana de Santiago,,,,,2029398,Orden de Compra: 2013-113-CM24,"LÁPIZ GEL TORRE PUNTA MEDIA AZUL 0,7MM UNIDAD REGIÓN I(2029398) LÁPIZ GEL TORRE PUNTA MEDIA AZUL 0,7MM UNIDAD REGIÓN I",150.0,,CLP,541.0,,
2059-31-CM24,,2024-02-14T09:47:47Z,,,,,SERVICIO NACIONAL DE SALUD HOSPITAL DE PUERTO OCTAY | HOSPITAL DE PUERTO OCTAY,61602261K,,Región de los Lagos ,,Distribuidora Surmontt | DISTRIBUIDORA SURMONTT LTDA.,762874776,,Región de los Lagos ,,,,,1454889,R 24 Abarrotes feb-marz,ALMIDON DE MAIZ MAIZENA BOLSA 500 G UNIDAD X REGION(1454889) ALMIDON DE MAIZ MAIZENA BOLSA 500 G UNIDAD X REGION,24.0,,CLP,3625.0,,
2059-31-CM24,,2024-02-14T09:47:47Z,,,,,SERVICIO NACIONAL DE SALUD HOSPITAL DE PUERTO OCTAY | HOSPITAL DE PUERTO OCTAY,61602261K,,Región de los Lagos ,,Distribuidora Surmontt | DISTRIBUIDORA SURMONTT LTDA.,762874776,,Región de los Lagos ,,,,,1449939,R 24 Abarrotes feb-marz,SEMOLA CAROZZI BOLSA 500 G UNIDAD X REGION(1449939) SEMOLA CAROZZI BOLSA 500 G UNIDAD X REGION,12.0,,CLP,2138.0,,
2059-31-CM24,,2024-02-14T09:47:47Z,,,,,SERVICIO NACIONAL DE SALUD HOSPITAL DE PUERTO OCTAY | HOSPITAL DE PUERTO OCTAY,61602261K,,Región de los Lagos ,,Distribuidora Surmontt | DISTRIBUIDORA SURMONTT LTDA.,762874776,,Región de los Lagos ,,,,,1431579,R 24 Abarrotes feb-marz,JUGO DE LIMON HIGUERAS SUCEDANEO BOTELLA 500 ML UNIDAD X REGION(1431579) JUGO DE LIMON HIGUERAS SUCEDANEO BOTELLA 500 ML UNIDAD X REGION,72.0,,CLP,942.0,,
2059-31-CM24,,2024-02-14T09:47:47Z,,,,,SERVICIO NACIONAL DE SALUD HOSPITAL DE PUERTO OCTAY | HOSPITAL DE PUERTO OCTAY,61602261K,,Región de los Lagos ,,Distribuidora Surmontt | DISTRIBUIDORA SURMONTT LTDA.,762874776,,Región de los Lagos ,,,,,1649828,R 24 Abarrotes feb-marz,ACEITE VEGETAL COLISEO BOTELLA 900 CC UNIDAD X REGION(1649828) ACEITE VEGETAL COLISEO BOTELLA 900 CC UNIDAD X REGION,100.0,,CLP,2990.0,,
2059-31-CM24,,2024-02-14T09:47:47Z,,,,,SERVICIO NACIONAL DE SALUD HOSPITAL DE PUERTO OCTAY | HOSPITAL DE PUERTO OCTAY,61602261K,,Región de los Lagos ,,Distribuidora Surmontt | DISTRIBUIDORA SURMONTT LTDA.,762874776,,Región de los Lagos ,,,,,1429479,R 24 Abarrotes feb-marz,FRUTA CONSERVA WASIL COCKTAIL DE FRUTAS TARRO 560 G UNIDAD X REGION(1429479) FRUTA CONSERVA WASIL COCKTAIL DE FRUTAS TARRO 560 G UNIDAD X REGION,61.0,,CLP,3605.0,,
2059-31-CM24,,2024-02-14T09:47:47Z,,,,,SERVICIO NACIONAL DE SALUD HOSPITAL DE PUERTO OCTAY | HOSPITAL DE PUERTO OCTAY,61602261K,,Región de los Lagos ,,Distribuidora Surmontt | DISTRIBUIDORA SURMONTT LTDA.,762874776,,Región de los Lagos ,,,,,1443939,R 24 Abarrotes feb-marz,MERMELADA SIN AZUCAR WATT´S FRAMBUESA BOLSA 200 G  UNIDAD X REGION(1443939) MERMELADA SIN AZUCAR WATT´S FRAMBUESA BOLSA 200 G  UNIDAD X REGION,72.0,,CLP,2033.0,,
2059-31-CM24,,2024-02-14T09:47:47Z,,,,,SERVICIO NACIONAL DE SALUD HOSPITAL DE PUERTO OCTAY | HOSPITAL DE PUERTO OCTAY,61602261K,,Región de los Lagos ,,Distribuidora Surmontt | DISTRIBUIDORA SURMONTT LTDA.,762874776,,Región de los Lagos ,,,,,1454349,R 24 Abarrotes feb-marz,VINAGRE DON JUAN VINO BLANCO BOTELLA 500 ML UNIDAD X REGION(1454349) VINAGRE DON JUAN VINO BLANCO BOTELLA 500 ML UNIDAD X REGION,84.0,,CLP,793.0,,
2059-31-CM24,,2024-02-14T09:47:47Z,,,,,SERVICIO NACIONAL DE SALUD HOSPITAL DE PUERTO OCTAY | HOSPITAL DE PUERTO OCTAY,61602261K,,Región de los Lagos ,,Distribuidora Surmontt | DISTRIBUIDORA SURMONTT LTDA.,762874776,,Región de los Lagos ,,,,,1432404,R 24 Abarrotes feb-marz,AJI EN CREMA JB CHILENO BOLSA 1K UNIDAD X REGION(1432404) AJI EN CREMA JB CHILENO BOLSA 1K UNIDAD X REGION,6.0,,CLP,3163.0,,
2059-31-CM24,,2024-02-14T09:47:47Z,,,,,SERVICIO NACIONAL DE SALUD HOSPITAL DE PUERTO OCTAY | HOSPITAL DE PUERTO OCTAY,61602261K,,Región de los Lagos ,,Distribuidora Surmontt | DISTRIBUIDORA SURMONTT LTDA.,762874776,,Región de los Lagos ,,,,,1454289,R 24 Abarrotes feb-marz,MOSTAZA DON JUAN BOLSA 1K UNIDAD X REGION(1454289) MOSTAZA DON JUAN BOLSA 1K UNIDAD X REGION,10.0,,CLP,1873.0,,
2059-31-CM24,,2024-02-14T09:47:47Z,,,,,SERVICIO NACIONAL DE SALUD HOSPITAL DE PUERTO OCTAY | HOSPITAL DE PUERTO OCTAY,61602261K,,Región de los Lagos ,,Distribuidora Surmontt | DISTRIBUIDORA SURMONTT LTDA.,762874776,,Región de los Lagos ,,,,,1441179,R 24 Abarrotes feb-marz,CANELA MARCO POLO ENTERA SOBRE 15 G UNIDAD X REGION(1441179) CANELA MARCO POLO ENTERA SOBRE 15 G UNIDAD X REGION,60.0,,CLP,644.0,,
2059-31-CM24,,2024-02-14T09:47:47Z,,,,,SERVICIO NACIONAL DE SALUD HOSPITAL DE PUERTO OCTAY | HOSPITAL DE PUERTO OCTAY,61602261K,,Región de los Lagos ,,Distribuidora Surmontt | DISTRIBUIDORA SURMONTT LTDA.,762874776,,Región de los Lagos ,,,,,1449099,R 24 Abarrotes feb-marz,LECHE EN POLVO DESCREMADA SVELTY INSTANTANEA BOLSA 800 G UNIDAD X REGION(1449099) LECHE EN POLVO DESCREMADA SVELTY INSTANTANEA BOLSA 800 G UNIDAD X REGION,40.0,,CLP,10435.0,,
2059-31-CM24,,2024-02-14T09:47:47Z,,,,,SERVICIO NACIONAL DE SALUD HOSPITAL DE PUERTO OCTAY | HOSPITAL DE PUERTO OCTAY,61602261K,,Región de los Lagos ,,Distribuidora Surmontt | DISTRIBUIDORA SURMONTT LTDA.,762874776,,Región de los Lagos ,,,,,1476699,R 24 Abarrotes feb-marz,LECHE EN POLVO ENTERA CALO PURITA FORTIFICADA BOLSA 800 G UNIDAD X REGION(1476699) LECHE EN POLVO ENTERA CALO PURITA FORTIFICADA BOLSA 800 G UNIDAD X REGION,48.0,,CLP,9893.0,,
2067-50-CM24,,2024-02-27T08:16:23Z,,,,,SERVICIO SALUD ARAUCANIA SUR HOSPIT DR EDUARDO GONZALEZ GALENO CUNCO | Hospital de Cunco,61602244K,,Región de la Araucanía ,,PROVEEDORES INTEGRALES DEL SUR S.A. | PRISUR,760415790,,Región de la Araucanía ,,,,,1982142,MATERIALES DE ESCRITORIO,CORRECTOR ARTEL LAPIZ LÍQUIDO BLANCO 7 ML UNIDAD REGIÓN IX(1982142) CORRECTOR ARTEL LAPIZ LÍQUIDO BLANCO 7 ML UNIDAD REGIÓN IX,60.0,,CLP,452.0,,
2067-50-CM24,,2024-02-27T08:16:23Z,,,,,SERVICIO SALUD ARAUCANIA SUR HOSPIT DR EDUARDO GONZALEZ GALENO CUNCO | Hospital de Cunco,61602244K,,Región de la Araucanía ,,PROVEEDORES INTEGRALES DEL SUR S.A. | PRISUR,760415790,,Región de la Araucanía ,,,,,2009172,MATERIALES DE ESCRITORIO,CINTA MASKING TAPE USATAPE ENMASCARAR 24X40 MT UNIDAD REGIÓN IX(2009172) CINTA MASKING TAPE USATAPE ENMASCARAR 24X40 MT UNIDAD REGIÓN IX,30.0,,CLP,628.0,,
2067-50-CM24,,2024-02-27T08:16:23Z,,,,,SERVICIO SALUD ARAUCANIA SUR HOSPIT DR EDUARDO GONZALEZ GALENO CUNCO | Hospital de Cunco,61602244K,,Región de la Araucanía ,,PROVEEDORES INTEGRALES DEL SUR S.A. | PRISUR,760415790,,Región de la Araucanía ,,,,,1994518,MATERIALES DE ESCRITORIO,LÁPIZ GRAFITO PROARTE HB N° 2 HEXAGONAL SIN GOMA CAJA 12 UNIDADES REGIÓN IX(1994518) LÁPIZ GRAFITO PROARTE HB N° 2 HEXAGONAL SIN GOMA CAJA 12 UNIDADES REGIÓN IX,4.0,,CLP,712.0,,
2067-50-CM24,,2024-02-27T08:16:23Z,,,,,SERVICIO SALUD ARAUCANIA SUR HOSPIT DR EDUARDO GONZALEZ GALENO CUNCO | Hospital de Cunco,61602244K,,Región de la Araucanía ,,PROVEEDORES INTEGRALES DEL SUR S.A. | PRISUR,760415790,,Región de la Araucanía ,,,,,1986103,MATERIALES DE ESCRITORIO,DESTACADOR ISOFIT BOLSILLO DELGADO AMARILLO FLÚOR P/BISELADA 3MM UNIDAD REGIÓN IX(1986103) DESTACADOR ISOFIT BOLSILLO DELGADO AMARILLO FLÚOR P/BISELADA 3MM UNIDAD REGIÓN IX,50.0,,CLP,188.0,,
2067-50-CM24,,2024-02-27T08:16:23Z,,,,,SERVICIO SALUD ARAUCANIA SUR HOSPIT DR EDUARDO GONZALEZ GALENO CUNCO | Hospital de Cunco,61602244K,,Región de la Araucanía ,,PROVEEDORES INTEGRALES DEL SUR S.A. | PRISUR,760415790,,Región de la Araucanía ,,,,,1994195,MATERIALES DE ESCRITORIO,LÁPIZ GRAFITO COLON HB N° 2 HEXAGONAL SIN GOMA CAJA 12 UNIDADES REGIÓN IX(1994195) LÁPIZ GRAFITO COLON HB N° 2 HEXAGONAL SIN GOMA CAJA 12 UNIDADES REGIÓN IX,2.0,,CLP,645.0,,
2067-50-CM24,,2024-02-27T08:16:23Z,,,,,SERVICIO SALUD ARAUCANIA SUR HOSPIT DR EDUARDO GONZALEZ GALENO CUNCO | Hospital de Cunco,61602244K,,Región de la Araucanía ,,PROVEEDORES INTEGRALES DEL SUR S.A. | PRISUR,760415790,,Región de la Araucanía ,,,,,1996439,MATERIALES DE ESCRITORIO,"LÁPIZ PASTA ISOFIT PUNTA MEDIA NEGRO 1,0MM 50 UNIDADES REGIÓN IX(1996439) LÁPIZ PASTA ISOFIT PUNTA MEDIA NEGRO 1,0MM 50 UNIDADES REGIÓN IX",2.0,,CLP,4311.0,,
2067-50-CM24,,2024-02-27T08:16:23Z,,,,,SERVICIO SALUD ARAUCANIA SUR HOSPIT DR EDUARDO GONZALEZ GALENO CUNCO | Hospital de Cunco,61602244K,,Región de la Araucanía ,,PROVEEDORES INTEGRALES DEL SUR S.A. | PRISUR,760415790,,Región de la Araucanía ,,,,,1996422,MATERIALES DE ESCRITORIO,"LÁPIZ PASTA ISOFIT PUNTA MEDIA AZUL 1,0MM 50 UNIDADES REGIÓN IX(1996422) LÁPIZ PASTA ISOFIT PUNTA MEDIA AZUL 1,0MM 50 UNIDADES REGIÓN IX",4.0,,CLP,4311.0,,
2067-50-CM24,,2024-02-27T08:16:23Z,,,,,SERVICIO SALUD ARAUCANIA SUR HOSPIT DR EDUARDO GONZALEZ GALENO CUNCO | Hospital de Cunco,61602244K,,Región de la Araucanía ,,PROVEEDORES INTEGRALES DEL SUR S.A. | PRISUR,760415790,,Región de la Araucanía ,,,,,1996456,MATERIALES DE ESCRITORIO,"LÁPIZ PASTA ISOFIT PUNTA MEDIA ROJO 1,0MM 50 UNIDADES REGIÓN IX(1996456) LÁPIZ PASTA ISOFIT PUNTA MEDIA ROJO 1,0MM 50 UNIDADES REGIÓN IX",1.0,,CLP,4311.0,,
2067-50-CM24,,2024-02-27T08:16:23Z,,,,,SERVICIO SALUD ARAUCANIA SUR HOSPIT DR EDUARDO GONZALEZ GALENO CUNCO | Hospital de Cunco,61602244K,,Región de la Araucanía ,,PROVEEDORES INTEGRALES DEL SUR S.A. | PRISUR,760415790,,Región de la Araucanía ,,,,,2013116,MATERIALES DE ESCRITORIO,NOTA ADHESIVA TORRE PAPEL MULTICOLOR 4 COLORES NEÓN 37 MM X50MM 100 HOJAS UNIDAD REGIÓN IX(2013116) NOTA ADHESIVA TORRE PAPEL MULTICOLOR 4 COLORES NEÓN 37 MM X50MM 100 HOJAS UNIDAD REGIÓN IX,30.0,,CLP,1116.0,,
2067-50-CM24,,2024-02-27T08:16:23Z,,,,,SERVICIO SALUD ARAUCANIA SUR HOSPIT DR EDUARDO GONZALEZ GALENO CUNCO | Hospital de Cunco,61602244K,,Región de la Araucanía ,,PROVEEDORES INTEGRALES DEL SUR S.A. | PRISUR,760415790,,Región de la Araucanía ,,,,,2013065,MATERIALES DE ESCRITORIO,NOTA ADHESIVA TESA PAPEL AMARILLO 75X75 MM 100 HOJAS UNIDAD REGIÓN IX(2013065) NOTA ADHESIVA TESA PAPEL AMARILLO 75X75 MM 100 HOJAS UNIDAD REGIÓN IX,50.0,,CLP,391.0,,
2067-50-CM24,,2024-02-27T08:16:23Z,,,,,SERVICIO SALUD ARAUCANIA SUR HOSPIT DR EDUARDO GONZALEZ GALENO CUNCO | Hospital de Cunco,61602244K,,Región de la Araucanía ,,PROVEEDORES INTEGRALES DEL SUR S.A. | PRISUR,760415790,,Región de la Araucanía ,,,,,2013473,MATERIALES DE ESCRITORIO,PAPEL IMPRESIÓN EQUALIT RESMA HOJA TAMAÑO CARTA COLOR BLANCO 500 HOJAS UNIDAD REGIÓN IX(2013473) PAPEL IMPRESIÓN EQUALIT RESMA HOJA TAMAÑO CARTA COLOR BLANCO 500 HOJAS UNIDAD REGIÓN IX,180.0,,CLP,2868.0,,
2067-50-CM24,,2024-02-27T08:16:23Z,,,,,SERVICIO SALUD ARAUCANIA SUR HOSPIT DR EDUARDO GONZALEZ GALENO CUNCO | Hospital de Cunco,61602244K,,Región de la Araucanía ,,PROVEEDORES INTEGRALES DEL SUR S.A. | PRISUR,760415790,,Región de la Araucanía ,,,,,1971075,MATERIALES DE ESCRITORIO,BANDERITA AUTOADHESIVA PROARTE PAPEL RECTANGULAR 12X43X45MM MULTICOLOR 100 HOJAS REGIÓN IX(1971075) BANDERITA AUTOADHESIVA PROARTE PAPEL RECTANGULAR 12X43X45MM MULTICOLOR 100 HOJAS REGIÓN IX,40.0,,CLP,291.0,,
2067-50-CM24,,2024-02-27T08:16:23Z,,,,,SERVICIO SALUD ARAUCANIA SUR HOSPIT DR EDUARDO GONZALEZ GALENO CUNCO | Hospital de Cunco,61602244K,,Región de la Araucanía ,,PROVEEDORES INTEGRALES DEL SUR S.A. | PRISUR,760415790,,Región de la Araucanía ,,,,,2016822,MATERIALES DE ESCRITORIO,"PILA DURACELL ALCALINA AAA 1,5 V 12 UNIDADES REGIÓN IX(2016822) PILA DURACELL ALCALINA AAA 1,5 V 12 UNIDADES REGIÓN IX",13.0,,CLP,6096.0,,
2067-50-CM24,,2024-02-27T08:16:23Z,,,,,SERVICIO SALUD ARAUCANIA SUR HOSPIT DR EDUARDO GONZALEZ GALENO CUNCO | Hospital de Cunco,61602244K,,Región de la Araucanía ,,PROVEEDORES INTEGRALES DEL SUR S.A. | PRISUR,760415790,,Región de la Araucanía ,,,,,2003783,MATERIALES DE ESCRITORIO,MARCADOR PERMANENTE SELLOFFICE CUERPO GRUESO PUNTA FINA REDONDA AZUL 1MM UNIDAD REGIÓN IX(2003783) MARCADOR PERMANENTE SELLOFFICE CUERPO GRUESO PUNTA FINA REDONDA AZUL 1MM UNIDAD REGIÓN IX,20.0,,CLP,240.0,,
2067-50-CM24,,2024-02-27T08:16:23Z,,,,,SERVICIO SALUD ARAUCANIA SUR HOSPIT DR EDUARDO GONZALEZ GALENO CUNCO | Hospital de Cunco,61602244K,,Región de la Araucanía ,,PROVEEDORES INTEGRALES DEL SUR S.A. | PRISUR,760415790,,Región de la Araucanía ,,,,,2004633,MATERIALES DE ESCRITORIO,MARCADOR PERMANENTE TORRE CUERPO GRUESO PUNTA FINA REDONDA NEGRO 3MM UNIDAD REGIÓN IX(2004633) MARCADOR PERMANENTE TORRE CUERPO GRUESO PUNTA FINA REDONDA NEGRO 3MM UNIDAD REGIÓN IX,20.0,,CLP,340.0,,
2067-50-CM24,,2024-02-27T08:16:23Z,,,,,SERVICIO SALUD ARAUCANIA SUR HOSPIT DR EDUARDO GONZALEZ GALENO CUNCO | Hospital de Cunco,61602244K,,Región de la Araucanía ,,PROVEEDORES INTEGRALES DEL SUR S.A. | PRISUR,760415790,,Región de la Araucanía ,,,,,2001454,MATERIALES DE ESCRITORIO,MARCADOR PERMANENTE ISOFIT DE BOLSILLO PUNTA FINA REDONDA ROJO 4MM UNIDAD REGIÓN IX(2001454) MARCADOR PERMANENTE ISOFIT DE BOLSILLO PUNTA FINA REDONDA ROJO 4MM UNIDAD REGIÓN IX,20.0,,CLP,284.0,,
2067-50-CM24,,2024-02-27T08:16:23Z,,,,,SERVICIO SALUD ARAUCANIA SUR HOSPIT DR EDUARDO GONZALEZ GALENO CUNCO | Hospital de Cunco,61602244K,,Región de la Araucanía ,,PROVEEDORES INTEGRALES DEL SUR S.A. | PRISUR,760415790,,Región de la Araucanía ,,,,,2005143,MATERIALES DE ESCRITORIO,"MARCADOR PIZARRA ARTEL DESECHABLE AZUL PUNTA REDONDA 3,5 MM UNIDAD REGIÓN IX(2005143) MARCADOR PIZARRA ARTEL DESECHABLE AZUL PUNTA REDONDA 3,5 MM UNIDAD REGIÓN IX",30.0,,CLP,456.0,,
2067-50-CM24,,2024-02-27T08:16:23Z,,,,,SERVICIO SALUD ARAUCANIA SUR HOSPIT DR EDUARDO GONZALEZ GALENO CUNCO | Hospital de Cunco,61602244K,,Región de la Araucanía ,,PROVEEDORES INTEGRALES DEL SUR S.A. | PRISUR,760415790,,Región de la Araucanía ,,,,,2006078,MATERIALES DE ESCRITORIO,MARCADOR PIZARRA ISOFIT DESECHABLE NEGRO PUNTA REDONDA 2 MM UNIDAD REGIÓN IX(2006078) MARCADOR PIZARRA ISOFIT DESECHABLE NEGRO PUNTA REDONDA 2 MM UNIDAD REGIÓN IX,20.0,,CLP,274.0,,
2067-50-CM24,,2024-02-27T08:16:23Z,,,,,SERVICIO SALUD ARAUCANIA SUR HOSPIT DR EDUARDO GONZALEZ GALENO CUNCO | Hospital de Cunco,61602244K,,Región de la Araucanía ,,PROVEEDORES INTEGRALES DEL SUR S.A. | PRISUR,760415790,,Región de la Araucanía ,,,,,2006180,MATERIALES DE ESCRITORIO,MARCADOR PIZARRA ISOFIT DESECHABLE ROJO PUNTA REDONDA 2 MM UNIDAD REGIÓN IX(2006180) MARCADOR PIZARRA ISOFIT DESECHABLE ROJO PUNTA REDONDA 2 MM UNIDAD REGIÓN IX,20.0,,CLP,288.0,,
2067-50-CM24,,2024-02-27T08:16:23Z,,,,,SERVICIO SALUD ARAUCANIA SUR HOSPIT DR EDUARDO GONZALEZ GALENO CUNCO | Hospital de Cunco,61602244K,,Región de la Araucanía ,,PROVEEDORES INTEGRALES DEL SUR S.A. | PRISUR,760415790,,Región de la Araucanía ,,,,,2019185,MATERIALES DE ESCRITORIO,REGLA HAND PLÁSTICA ROTULADA 30 CM TRANSPARENTE UNIDAD REGIÓN IX(2019185) REGLA HAND PLÁSTICA ROTULADA 30 CM TRANSPARENTE UNIDAD REGIÓN IX,10.0,,CLP,178.0,,
2067-50-CM24,,2024-02-27T08:16:23Z,,,,,SERVICIO SALUD ARAUCANIA SUR HOSPIT DR EDUARDO GONZALEZ GALENO CUNCO | Hospital de Cunco,61602244K,,Región de la Araucanía ,,PROVEEDORES INTEGRALES DEL SUR S.A. | PRISUR,760415790,,Región de la Araucanía ,,,,,1977416,MATERIALES DE ESCRITORIO,CINTA ADHESIVA TESA TRANSPARENTE 20 M CRISTAL ANCHO 18 MM UNIDAD REGIÓN IX(1977416) CINTA ADHESIVA TESA TRANSPARENTE 20 M CRISTAL ANCHO 18 MM UNIDAD REGIÓN IX,10.0,,CLP,253.0,,
2067-50-CM24,,2024-02-27T08:16:23Z,,,,,SERVICIO SALUD ARAUCANIA SUR HOSPIT DR EDUARDO GONZALEZ GALENO CUNCO | Hospital de Cunco,61602244K,,Región de la Araucanía ,,PROVEEDORES INTEGRALES DEL SUR S.A. | PRISUR,760415790,,Región de la Araucanía ,,,,,2022755,MATERIALES DE ESCRITORIO,"SEPARADOR TORRE CARTA MULTICOLOR 6 POSICIONES DE 2, 3 Y 4 ANILLOS UD REGIÓN IX(2022755) SEPARADOR TORRE CARTA MULTICOLOR 6 POSICIONES DE 2, 3 Y 4 ANILLOS UD REGIÓN IX",40.0,,CLP,476.0,,
2067-50-CM24,,2024-02-27T08:16:23Z,,,,,SERVICIO SALUD ARAUCANIA SUR HOSPIT DR EDUARDO GONZALEZ GALENO CUNCO | Hospital de Cunco,61602244K,,Región de la Araucanía ,,PROVEEDORES INTEGRALES DEL SUR S.A. | PRISUR,760415790,,Región de la Araucanía ,,,,,2022840,MATERIALES DE ESCRITORIO,SEPARADOR TORRE OFICIO MULTICOLOR 6 POSICIONES DE 2 Y 3 ANILLOS UD REGIÓN IX(2022840) SEPARADOR TORRE OFICIO MULTICOLOR 6 POSICIONES DE 2 Y 3 ANILLOS UD REGIÓN IX,10.0,,CLP,693.0,,
2067-50-CM24,,2024-02-27T08:16:23Z,,,,,SERVICIO SALUD ARAUCANIA SUR HOSPIT DR EDUARDO GONZALEZ GALENO CUNCO | Hospital de Cunco,61602244K,,Región de la Araucanía ,,PROVEEDORES INTEGRALES DEL SUR S.A. | PRISUR,760415790,,Región de la Araucanía ,,,,,2024132,MATERIALES DE ESCRITORIO,"SOBRE TEKNOFAS AMERICANO BLANCO 22,8 X 10,6 CM2 80 GR UNIDAD REGIÓN IX(2024132) SOBRE TEKNOFAS AMERICANO BLANCO 22,8 X 10,6 CM2 80 GR UNIDAD REGIÓN IX",30.0,,CLP,34.0,,
2067-50-CM24,,2024-02-27T08:16:23Z,,,,,SERVICIO SALUD ARAUCANIA SUR HOSPIT DR EDUARDO GONZALEZ GALENO CUNCO | Hospital de Cunco,61602244K,,Región de la Araucanía ,,PROVEEDORES INTEGRALES DEL SUR S.A. | PRISUR,760415790,,Región de la Araucanía ,,,,,2024200,MATERIALES DE ESCRITORIO,SOBRE TEKNOFAS SACO BLANCO OFICIO 23 X 30 CM2 UNIDAD REGIÓN IX(2024200) SOBRE TEKNOFAS SACO BLANCO OFICIO 23 X 30 CM2 UNIDAD REGIÓN IX,30.0,,CLP,124.0,,
2067-50-CM24,,2024-02-27T08:16:23Z,,,,,SERVICIO SALUD ARAUCANIA SUR HOSPIT DR EDUARDO GONZALEZ GALENO CUNCO | Hospital de Cunco,61602244K,,Región de la Araucanía ,,PROVEEDORES INTEGRALES DEL SUR S.A. | PRISUR,760415790,,Región de la Araucanía ,,,,,2028960,MATERIALES DE ESCRITORIO,"LÁPIZ GEL PILOT PUNTA MEDIA AZUL 0,7MM UNIDAD REGIÓN IX(2028960) LÁPIZ GEL PILOT PUNTA MEDIA AZUL 0,7MM UNIDAD REGIÓN IX",150.0,,CLP,911.0,,
2067-50-CM24,,2024-02-27T08:16:23Z,,,,,SERVICIO SALUD ARAUCANIA SUR HOSPIT DR EDUARDO GONZALEZ GALENO CUNCO | Hospital de Cunco,61602244K,,Región de la Araucanía ,,PROVEEDORES INTEGRALES DEL SUR S.A. | PRISUR,760415790,,Región de la Araucanía ,,,,,2014187,MATERIALES DE ESCRITORIO,PEGAMENTO BARRA ARTEL TRANSPARENTE 36GR NO TOX LAVABLE PAPEL-CARTULINA-TELA UNIDAD REGIÓN IX(2014187) PEGAMENTO BARRA ARTEL TRANSPARENTE 36GR NO TOX LAVABLE PAPEL-CARTULINA-TELA UNIDAD REGIÓN IX,13.0,,CLP,585.0,,
2067-50-CM24,,2024-02-27T08:16:23Z,,,,,SERVICIO SALUD ARAUCANIA SUR HOSPIT DR EDUARDO GONZALEZ GALENO CUNCO | Hospital de Cunco,61602244K,,Región de la Araucanía ,,PROVEEDORES INTEGRALES DEL SUR S.A. | PRISUR,760415790,,Región de la Araucanía ,,,,,1965958,MATERIALES DE ESCRITORIO,ARCHIVADOR AUCA CARTÓN DURO OFICIO 450 HOJAS LOMO ANCHO UNIDAD REGIÓN IX(1965958) ARCHIVADOR AUCA CARTÓN DURO OFICIO 450 HOJAS LOMO ANCHO UNIDAD REGIÓN IX,40.0,,CLP,1493.0,,
2067-50-CM24,,2024-02-27T08:16:23Z,,,,,SERVICIO SALUD ARAUCANIA SUR HOSPIT DR EDUARDO GONZALEZ GALENO CUNCO | Hospital de Cunco,61602244K,,Región de la Araucanía ,,PROVEEDORES INTEGRALES DEL SUR S.A. | PRISUR,760415790,,Región de la Araucanía ,,,,,1966655,MATERIALES DE ESCRITORIO,ARCHIVADOR COLON CAJA ESTANDAR UNIDAD REGIÓN IX(1966655) ARCHIVADOR COLON CAJA ESTANDAR UNIDAD REGIÓN IX,10.0,,CLP,1113.0,,
2067-50-CM24,,2024-02-27T08:16:23Z,,,,,SERVICIO SALUD ARAUCANIA SUR HOSPIT DR EDUARDO GONZALEZ GALENO CUNCO | Hospital de Cunco,61602244K,,Región de la Araucanía ,,PROVEEDORES INTEGRALES DEL SUR S.A. | PRISUR,760415790,,Región de la Araucanía ,,,,,2008934,MATERIALES DE ESCRITORIO,CINTA MASKING TAPE SELLOCINTA ENMASCARAR 24X40 MT UNIDAD REGIÓN IX(2008934) CINTA MASKING TAPE SELLOCINTA ENMASCARAR 24X40 MT UNIDAD REGIÓN IX,30.0,,CLP,1082.0,,
2067-50-CM24,,2024-02-27T08:16:23Z,,,,,SERVICIO SALUD ARAUCANIA SUR HOSPIT DR EDUARDO GONZALEZ GALENO CUNCO | Hospital de Cunco,61602244K,,Región de la Araucanía ,,PROVEEDORES INTEGRALES DEL SUR S.A. | PRISUR,760415790,,Región de la Araucanía ,,,,,1984148,MATERIALES DE ESCRITORIO,CUCHILLO CARTONERO SELLOFFICE HOJA 18MM ANTIDESLIZANTE RETRÁCTIL C/SEGURO UD REGIÓN IX(1984148) CUCHILLO CARTONERO SELLOFFICE HOJA 18MM ANTIDESLIZANTE RETRÁCTIL C/SEGURO UD REGIÓN IX,10.0,,CLP,299.0,,
2067-50-CM24,,2024-02-27T08:16:23Z,,,,,SERVICIO SALUD ARAUCANIA SUR HOSPIT DR EDUARDO GONZALEZ GALENO CUNCO | Hospital de Cunco,61602244K,,Región de la Araucanía ,,PROVEEDORES INTEGRALES DEL SUR S.A. | PRISUR,760415790,,Región de la Araucanía ,,,,,1983026,MATERIALES DE ESCRITORIO,CUADERNO TORRE UNIVERSITARIO ESPIRAL T/DURA S/DISEÑO 7MM CUADRICULADA 100 HJS UD REGIÓN IX(1983026) CUADERNO TORRE UNIVERSITARIO ESPIRAL T/DURA S/DISEÑO 7MM CUADRICULADA 100 HJS UD REGIÓN IX,2.0,,CLP,1127.0,,
2080-543-CM24,,2024-01-29T16:23:58Z,,,,,SERVICIO DE SALUD DEL LIBERTADOR B O'HIGGINS HOSPITAL REG RANCAGUA | Hospital Regional Rancagua - HRR,616021389,,Región del Libertador General Bernardo O´Higgins,,AGROSUPER COMERCIALIZADORA DE ALIMENTOS LTDA | Agrosuper Comercializadora de Alimentos Limitada,799842408,,Región Metropolitana de Santiago,,,,,1466180,CARNE BLANCA FEBRERO,FILETE DE POLLO CONGELADO - MARINADO BOLSA 1K UNIDAD NACIONAL VI REGION(1466180) FILETE DE POLLO CONGELADO - MARINADO BOLSA 1K UNIDAD NACIONAL VI REGION,500.0,,CLP,4106.0,,
2080-543-CM24,,2024-01-29T16:23:58Z,,,,,SERVICIO DE SALUD DEL LIBERTADOR B O'HIGGINS HOSPITAL REG RANCAGUA | Hospital Regional Rancagua - HRR,616021389,,Región del Libertador General Bernardo O´Higgins,,AGROSUPER COMERCIALIZADORA DE ALIMENTOS LTDA | Agrosuper Comercializadora de Alimentos Limitada,799842408,,Región Metropolitana de Santiago,,,,,1458395,CARNE BLANCA FEBRERO,TRUTRO CORTO POLLO SUPER POLLO MARINADO CAJA 150K UNIDAD VI REGION(1458395) TRUTRO CORTO POLLO SUPER POLLO MARINADO CAJA 150K UNIDAD VI REGION,300.0,,CLP,3262.0,,
2080-543-CM24,,2024-01-29T16:23:58Z,,,,,SERVICIO DE SALUD DEL LIBERTADOR B O'HIGGINS HOSPITAL REG RANCAGUA | Hospital Regional Rancagua - HRR,616021389,,Región del Libertador General Bernardo O´Higgins,,AGROSUPER COMERCIALIZADORA DE ALIMENTOS LTDA | Agrosuper Comercializadora de Alimentos Limitada,799842408,,Región Metropolitana de Santiago,,,,,1471160,CARNE BLANCA FEBRERO,PAVO MOLIDO CONGELADO - SIN MARINAR MG 6% BOLSA 1K UNIDAD NACIONAL VI REGION(1471160) PAVO MOLIDO CONGELADO - SIN MARINAR MG 6% BOLSA 1K UNIDAD NACIONAL VI REGION,792.0,,CLP,7077.0,,
2080-771-CM24,,2024-03-20T10:17:41Z,,,,,SERVICIO DE SALUD DEL LIBERTADOR B O'HIGGINS HOSPITAL REG RANCAGUA | Hospital Regional Rancagua - HRR,616021389,,Región del Libertador General Bernardo O´Higgins,,HOSPITALIA PRODUCTOS MEDICOS LTDA | HOSPITALIA Productos Médicos Spa,782334204,,Región Metropolitana de Santiago,,,,,1856619,GASA NO GAUZE 10X10 Y TORULA ALGODON,ALGODÓN DISPOMEDICA TÓRULA 3.5 GR BOLSA 100 UNIDADES CENTRO(1856619) ALGODÓN DISPOMEDICA TÓRULA 3.5 GR BOLSA 100 UNIDADES CENTRO,730.0,,CLP,2440.0,,
2080-771-CM24,,2024-03-20T10:17:41Z,,,,,SERVICIO DE SALUD DEL LIBERTADOR B O'HIGGINS HOSPITAL REG RANCAGUA | Hospital Regional Rancagua - HRR,616021389,,Región del Libertador General Bernardo O´Higgins,,HOSPITALIA PRODUCTOS MEDICOS LTDA | HOSPITALIA Productos Médicos Spa,782334204,,Región Metropolitana de Santiago,,,,,1856103,GASA NO GAUZE 10X10 Y TORULA ALGODON,GASA CARDINAL HEALTH NO TEJIDA ESTÉRIL 10X10 CM 1 SOBRE CON 2 UNIDADES CENTRO(1856103) GASA CARDINAL HEALTH NO TEJIDA ESTÉRIL 10X10 CM 1 SOBRE CON 2 UNIDADES CENTRO,60000.0,,CLP,81.0,,
2102-83-CM24,,2024-02-14T09:47:47Z,,,,,SERVICIO NACIONAL DE SALUD HOSPITAL DE LEBU | Hospital Lebu,616022121,,Región del Biobío ,,SERVICIOS INTEGRADOS SIDAPT LIMITADA | SERVICIOS INTEGRADOS SIDAPT LTDA,762993589,,Región Metropolitana de Santiago,,,,,1454857,Orden de Compra: 2102-83-CM24,ALMIDON DE MAIZ MAIZENA BOLSA 1K UNIDAD VIII REGION(1454857) ALMIDON DE MAIZ MAIZENA BOLSA 1K UNIDAD VIII REGION,90.0,,CLP,7155.0,,
2102-83-CM24,,2024-02-14T09:47:47Z,,,,,SERVICIO NACIONAL DE SALUD HOSPITAL DE LEBU | Hospital Lebu,616022121,,Región del Biobío ,,SERVICIOS INTEGRADOS SIDAPT LIMITADA | SERVICIOS INTEGRADOS SIDAPT LTDA,762993589,,Región Metropolitana de Santiago,,,,,1436212,Orden de Compra: 2102-83-CM24,"STEVIA SACHET IANSA CERO K 0,5 G CAJA 100 UNIDADES VIII REGION(1436212) STEVIA SACHET IANSA CERO K 0,5 G CAJA 100 UNIDADES VIII REGION",600.0,,CLP,3879.0,,
2102-83-CM24,,2024-02-14T09:47:47Z,,,,,SERVICIO NACIONAL DE SALUD HOSPITAL DE LEBU | Hospital Lebu,616022121,,Región del Biobío ,,SERVICIOS INTEGRADOS SIDAPT LIMITADA | SERVICIOS INTEGRADOS SIDAPT LTDA,762993589,,Región Metropolitana de Santiago,,,,,1485607,Orden de Compra: 2102-83-CM24,FLAN EN POLVO DAILY VAINILLA CON STEVIA CAJA 20 G UNIDAD VIII REGION(1485607) FLAN EN POLVO DAILY VAINILLA CON STEVIA CAJA 20 G UNIDAD VIII REGION,70.0,,CLP,594.0,,
2102-83-CM24,,2024-02-14T09:47:47Z,,,,,SERVICIO NACIONAL DE SALUD HOSPITAL DE LEBU | Hospital Lebu,616022121,,Región del Biobío ,,SERVICIOS INTEGRADOS SIDAPT LIMITADA | SERVICIOS INTEGRADOS SIDAPT LTDA,762993589,,Región Metropolitana de Santiago,,,,,1436977,Orden de Compra: 2102-83-CM24,HIERBA SUPREMO SURTIDA CAJA 50 BOLSAS UNIDAD VIII REGION(1436977) HIERBA SUPREMO SURTIDA CAJA 50 BOLSAS UNIDAD VIII REGION,120.0,,CLP,3312.0,,
2102-83-CM24,,2024-02-14T09:47:47Z,,,,,SERVICIO NACIONAL DE SALUD HOSPITAL DE LEBU | Hospital Lebu,616022121,,Región del Biobío ,,SERVICIOS INTEGRADOS SIDAPT LIMITADA | SERVICIOS INTEGRADOS SIDAPT LTDA,762993589,,Región Metropolitana de Santiago,,,,,1449997,Orden de Compra: 2102-83-CM24,SPAGHETTI CAROZZI N ° 5 VITAMINIZADA BOLSA 400 G UNIDAD VIII REGION(1449997) SPAGHETTI CAROZZI N ° 5 VITAMINIZADA BOLSA 400 G UNIDAD VIII REGION,120.0,,CLP,1115.0,,
2102-83-CM24,,2024-02-14T09:47:47Z,,,,,SERVICIO NACIONAL DE SALUD HOSPITAL DE LEBU | Hospital Lebu,616022121,,Región del Biobío ,,SERVICIOS INTEGRADOS SIDAPT LIMITADA | SERVICIOS INTEGRADOS SIDAPT LTDA,762993589,,Región Metropolitana de Santiago,,,,,1590528,Orden de Compra: 2102-83-CM24,SAL OSKU SACHET 1 G VIII REGION(1590528) SAL OSKU SACHET 1 G VIII REGION,24000.0,,CLP,5.0,,
2102-83-CM24,,2024-02-14T09:47:47Z,,,,,SERVICIO NACIONAL DE SALUD HOSPITAL DE LEBU | Hospital Lebu,616022121,,Región del Biobío ,,SERVICIOS INTEGRADOS SIDAPT LIMITADA | SERVICIOS INTEGRADOS SIDAPT LTDA,762993589,,Región Metropolitana de Santiago,,,,,1440952,Orden de Compra: 2102-83-CM24,SAL LOBOS FINA BOLSA 1K UNIDAD VIII REGION(1440952) SAL LOBOS FINA BOLSA 1K UNIDAD VIII REGION,50.0,,CLP,544.0,,
2102-83-CM24,,2024-02-14T09:47:47Z,,,,,SERVICIO NACIONAL DE SALUD HOSPITAL DE LEBU | Hospital Lebu,616022121,,Región del Biobío ,,SERVICIOS INTEGRADOS SIDAPT LIMITADA | SERVICIOS INTEGRADOS SIDAPT LTDA,762993589,,Región Metropolitana de Santiago,,,,,1449817,Orden de Compra: 2102-83-CM24,QUIFAROS CAROZZI BOLSA 400 G UNIDAD VIII REGION(1449817) QUIFAROS CAROZZI BOLSA 400 G UNIDAD VIII REGION,120.0,,CLP,1362.0,,
2102-83-CM24,,2024-02-14T09:47:47Z,,,,,SERVICIO NACIONAL DE SALUD HOSPITAL DE LEBU | Hospital Lebu,616022121,,Región del Biobío ,,SERVICIOS INTEGRADOS SIDAPT LIMITADA | SERVICIOS INTEGRADOS SIDAPT LTDA,762993589,,Región Metropolitana de Santiago,,,,,1449562,Orden de Compra: 2102-83-CM24,ESPIRALES CAROZZI BOLSA 400 G UNIDAD VIII REGION(1449562) ESPIRALES CAROZZI BOLSA 400 G UNIDAD VIII REGION,180.0,,CLP,1228.0,,
2102-83-CM24,,2024-02-14T09:47:47Z,,,,,SERVICIO NACIONAL DE SALUD HOSPITAL DE LEBU | Hospital Lebu,616022121,,Región del Biobío ,,SERVICIOS INTEGRADOS SIDAPT LIMITADA | SERVICIOS INTEGRADOS SIDAPT LTDA,762993589,,Región Metropolitana de Santiago,,,,,1440712,Orden de Compra: 2102-83-CM24,MERMELADA SIN AZUCAR REGIMEL MORA BOLSA 200 G UNIDAD VIII REGION(1440712) MERMELADA SIN AZUCAR REGIMEL MORA BOLSA 200 G UNIDAD VIII REGION,180.0,,CLP,1649.0,,
2102-83-CM24,,2024-02-14T09:47:47Z,,,,,SERVICIO NACIONAL DE SALUD HOSPITAL DE LEBU | Hospital Lebu,616022121,,Región del Biobío ,,SERVICIOS INTEGRADOS SIDAPT LIMITADA | SERVICIOS INTEGRADOS SIDAPT LTDA,762993589,,Región Metropolitana de Santiago,,,,,1449502,Orden de Compra: 2102-83-CM24,CORBATAS CAROZZI BOLSA 400 G UNIDAD VIII REGION(1449502) CORBATAS CAROZZI BOLSA 400 G UNIDAD VIII REGION,90.0,,CLP,1091.0,,
2102-83-CM24,,2024-02-14T09:47:47Z,,,,,SERVICIO NACIONAL DE SALUD HOSPITAL DE LEBU | Hospital Lebu,616022121,,Región del Biobío ,,SERVICIOS INTEGRADOS SIDAPT LIMITADA | SERVICIOS INTEGRADOS SIDAPT LTDA,762993589,,Región Metropolitana de Santiago,,,,,1429612,Orden de Compra: 2102-83-CM24,VERDURA CONSERVA WASIL CHAMPIÑONES LAMINADOS TARRO 400 G UNIDAD VIII REGION(1429612) VERDURA CONSERVA WASIL CHAMPIÑONES LAMINADOS TARRO 400 G UNIDAD VIII REGION,90.0,,CLP,1957.0,,
2102-83-CM24,,2024-02-14T09:47:47Z,,,,,SERVICIO NACIONAL DE SALUD HOSPITAL DE LEBU | Hospital Lebu,616022121,,Región del Biobío ,,SERVICIOS INTEGRADOS SIDAPT LIMITADA | SERVICIOS INTEGRADOS SIDAPT LTDA,762993589,,Región Metropolitana de Santiago,,,,,1444597,Orden de Compra: 2102-83-CM24,ARROZ BANQUETE GRADO 1 BOLSA 1K UNIDAD VIII REGION(1444597) ARROZ BANQUETE GRADO 1 BOLSA 1K UNIDAD VIII REGION,180.0,,CLP,1477.0,,
2102-83-CM24,,2024-02-14T09:47:47Z,,,,,SERVICIO NACIONAL DE SALUD HOSPITAL DE LEBU | Hospital Lebu,616022121,,Región del Biobío ,,SERVICIOS INTEGRADOS SIDAPT LIMITADA | SERVICIOS INTEGRADOS SIDAPT LTDA,762993589,,Región Metropolitana de Santiago,,,,,2032776,Orden de Compra: 2102-83-CM24,AVENA QUAKER TRADICIONAL CAJA 400 G UNIDAD VIII REGION(2032776) AVENA QUAKER TRADICIONAL CAJA 400 G UNIDAD VIII REGION,60.0,,CLP,1990.0,,
2102-83-CM24,,2024-02-14T09:47:47Z,,,,,SERVICIO NACIONAL DE SALUD HOSPITAL DE LEBU | Hospital Lebu,616022121,,Región del Biobío ,,SERVICIOS INTEGRADOS SIDAPT LIMITADA | SERVICIOS INTEGRADOS SIDAPT LTDA,762993589,,Región Metropolitana de Santiago,,,,,1490647,Orden de Compra: 2102-83-CM24,GALLETA DE AGUA VIVO BOLSA 140 G UNIDAD VIII REGION(1490647) GALLETA DE AGUA VIVO BOLSA 140 G UNIDAD VIII REGION,120.0,,CLP,961.0,,
2102-83-CM24,,2024-02-14T09:47:47Z,,,,,SERVICIO NACIONAL DE SALUD HOSPITAL DE LEBU | Hospital Lebu,616022121,,Región del Biobío ,,SERVICIOS INTEGRADOS SIDAPT LIMITADA | SERVICIOS INTEGRADOS SIDAPT LTDA,762993589,,Región Metropolitana de Santiago,,,,,1442587,Orden de Compra: 2102-83-CM24,DULCE DE MEMBRILLO WATT´S PAQUETE 1 K UNIDAD VIII REGION(1442587) DULCE DE MEMBRILLO WATT´S PAQUETE 1 K UNIDAD VIII REGION,60.0,,CLP,3488.0,,
2102-83-CM24,,2024-02-14T09:47:47Z,,,,,SERVICIO NACIONAL DE SALUD HOSPITAL DE LEBU | Hospital Lebu,616022121,,Región del Biobío ,,SERVICIOS INTEGRADOS SIDAPT LIMITADA | SERVICIOS INTEGRADOS SIDAPT LTDA,762993589,,Región Metropolitana de Santiago,,,,,1485487,Orden de Compra: 2102-83-CM24,ENDULZANTE LIQUIDO DAILY STEVIA BOTELLA 270 ML UNIDAD VIII REGION(1485487) ENDULZANTE LIQUIDO DAILY STEVIA BOTELLA 270 ML UNIDAD VIII REGION,18.0,,CLP,3493.0,,
2102-83-CM24,,2024-02-14T09:47:47Z,,,,,SERVICIO NACIONAL DE SALUD HOSPITAL DE LEBU | Hospital Lebu,616022121,,Región del Biobío ,,SERVICIOS INTEGRADOS SIDAPT LIMITADA | SERVICIOS INTEGRADOS SIDAPT LTDA,762993589,,Región Metropolitana de Santiago,,,,,1801710,Orden de Compra: 2102-83-CM24,CEREAL BEBE NESTUM 5 CEREALES CAJA DE 250 G UNIDAD VIII REGION(1801710) CEREAL BEBE NESTUM 5 CEREALES CAJA DE 250 G UNIDAD VIII REGION,60.0,,CLP,2430.0,,
2102-83-CM24,,2024-02-14T09:47:47Z,,,,,SERVICIO NACIONAL DE SALUD HOSPITAL DE LEBU | Hospital Lebu,616022121,,Región del Biobío ,,SERVICIOS INTEGRADOS SIDAPT LIMITADA | SERVICIOS INTEGRADOS SIDAPT LTDA,762993589,,Región Metropolitana de Santiago,,,,,1885247,Orden de Compra: 2102-83-CM24,COMPOTA PARA BEBE VIVO MIFRUT DURAZNO 90 G UNIDAD VIII REGION(1885247) COMPOTA PARA BEBE VIVO MIFRUT DURAZNO 90 G UNIDAD VIII REGION,300.0,,CLP,619.0,,
2115-89-CM24,,2024-02-14T09:47:47Z,,,,,CENTRO DE REFERENCIA DE SALUD DE MAIPU | Departamento de Abastecimiento,65061030K,,Región Metropolitana de Santiago,,PROVEEDORES INTEGRALES PRISA S A | PRISA S A. - sucursal,965569405,,Región Metropolitana de Santiago,,,,,1945806,PAC Aseo - Paño Wypall,PAÑO ABSORBENTE MULTIUSO WYPALL ROLLO 750 HOJAS UNIDAD REGIÓN RM(1945806) PAÑO ABSORBENTE MULTIUSO WYPALL ROLLO 750 HOJAS UNIDAD REGIÓN RM,25.0,,CLP,67467.0,,
2123-17-CM24,,2024-02-19T15:42:40Z,,,,,SUBSECRETARIA DE SALUD PUBLICA | Seremi de Salud V Región,61601000K,,Región de Valparaíso ,,COMERCIALIZADORA TD TODO EXPRESS LIMITADA | COMERCIALIZADORA TD TODO EXPRESS LIMITADA,769675566,,Región Metropolitana de Santiago,,,,,1635537,HYS cso CALZADOS DE SEGURIDAD HOMBRE Y CASCOS DE SEGURIDAD - SAR 94,ZAPATO DE SEGURIDAD NORSEG NEW VANCOUVER UNIDAD(1635537) ZAPATO DE SEGURIDAD NORSEG NEW VANCOUVER UNIDAD,32.0,,CLP,50340.0,,
2123-17-CM24,,2024-02-19T15:42:40Z,,,,,SUBSECRETARIA DE SALUD PUBLICA | Seremi de Salud V Región,61601000K,,Región de Valparaíso ,,COMERCIALIZADORA TD TODO EXPRESS LIMITADA | COMERCIALIZADORA TD TODO EXPRESS LIMITADA,769675566,,Región Metropolitana de Santiago,,,,,1634867,HYS cso CALZADOS DE SEGURIDAD HOMBRE Y CASCOS DE SEGURIDAD - SAR 94,CASCO DE SEGURIDAD MSA V-GARD UNIDAD(1634867) CASCO DE SEGURIDAD MSA V-GARD UNIDAD,30.0,,CLP,4980.0,,
2216-86-CM24,,2024-01-30T15:27:52Z,,,,,MOP Dirección General de Concesiones | MOP Dirección General de Concesiones,612020000,,Región Metropolitana de Santiago,,AGENCIA DE VIAJES TURAVION SPA | Turavion SpA,809894002,,Región Metropolitana de Santiago,,,,,1849200,Orden de Compra: 2216-86-CM24,PASAJE AÉREO(1849200) PASAJE AÉREO,1.0,,CLP,219480.0,,
2216-86-CM24,,2024-01-30T15:27:52Z,,,,,MOP Dirección General de Concesiones | MOP Dirección General de Concesiones,612020000,,Región Metropolitana de Santiago,,AGENCIA DE VIAJES TURAVION SPA | Turavion SpA,809894002,,Región Metropolitana de Santiago,,,,,1849900,Orden de Compra: 2216-86-CM24,TASA DE EMBARQUE(1849900) TASA DE EMBARQUE,1.0,,CLP,34883.0,,
2229-10-CM24,,2024-01-31T17:53:24Z,,,,,DEFENSORIA PENAL PUBLICA | Defensoría Regional V Región,619419006,,Región de Valparaíso ,,AGENCIA DE VIAJES TURAVION SPA | Turavion SpA,809894002,,Región Metropolitana de Santiago,,,,,1849200,Compra Pasajes Aéreos Isla de Pascua marzo 2024 ISW,PASAJE AÉREO(1849200) PASAJE AÉREO,1.0,,CLP,305937.0,,
2229-10-CM24,,2024-01-31T17:53:24Z,,,,,DEFENSORIA PENAL PUBLICA | Defensoría Regional V Región,619419006,,Región de Valparaíso ,,AGENCIA DE VIAJES TURAVION SPA | Turavion SpA,809894002,,Región Metropolitana de Santiago,,,,,1849900,Compra Pasajes Aéreos Isla de Pascua marzo 2024 ISW,TASA DE EMBARQUE(1849900) TASA DE EMBARQUE,1.0,,CLP,36696.0,,
2229-9-CM24,,2024-01-31T17:53:49Z,,,,,DEFENSORIA PENAL PUBLICA | Defensoría Regional V Región,619419006,,Región de Valparaíso ,,AGENCIA DE VIAJES TURAVION SPA | Turavion SpA,809894002,,Región Metropolitana de Santiago,,,,,1849200,Compra Pasajes Aéreos Isla de Pascua marzo 2024 DPP,PASAJE AÉREO(1849200) PASAJE AÉREO,1.0,,CLP,305937.0,,
2229-9-CM24,,2024-01-31T17:53:49Z,,,,,DEFENSORIA PENAL PUBLICA | Defensoría Regional V Región,619419006,,Región de Valparaíso ,,AGENCIA DE VIAJES TURAVION SPA | Turavion SpA,809894002,,Región Metropolitana de Santiago,,,,,1849900,Compra Pasajes Aéreos Isla de Pascua marzo 2024 DPP,TASA DE EMBARQUE(1849900) TASA DE EMBARQUE,1.0,,CLP,36696.0,,
2258-796-CM24,,2024-01-29T16:44:32Z,,,,,SERVICIO DE SALUD ANTOFAGASTA HOSPITAL L | Abastecimiento Principal,616062018,,Región de Antofagasta ,,AGENCIA DE VIAJES TURAVION SPA | Turavion SpA,809894002,,Región Metropolitana de Santiago,,,,,1849200,Pasajes aereos: 2258-796-CM24,PASAJE AÉREO(1849200) PASAJE AÉREO,1.0,,CLP,57960.0,,
2258-796-CM24,,2024-01-29T16:44:32Z,,,,,SERVICIO DE SALUD ANTOFAGASTA HOSPITAL L | Abastecimiento Principal,616062018,,Región de Antofagasta ,,AGENCIA DE VIAJES TURAVION SPA | Turavion SpA,809894002,,Región Metropolitana de Santiago,,,,,1849200,Pasajes aereos: 2258-796-CM24,PASAJE AÉREO(1849200) PASAJE AÉREO,1.0,,CLP,1.0,,
2258-796-CM24,,2024-01-29T16:44:32Z,,,,,SERVICIO DE SALUD ANTOFAGASTA HOSPITAL L | Abastecimiento Principal,616062018,,Región de Antofagasta ,,AGENCIA DE VIAJES TURAVION SPA | Turavion SpA,809894002,,Región Metropolitana de Santiago,,,,,1849900,Pasajes aereos: 2258-796-CM24,TASA DE EMBARQUE(1849900) TASA DE EMBARQUE,1.0,,CLP,14448.0,,
2258-799-CM24,,2024-01-29T16:57:44Z,,,,,SERVICIO DE SALUD ANTOFAGASTA HOSPITAL L | Abastecimiento Principal,616062018,,Región de Antofagasta ,,AGENCIA DE VIAJES TURAVION SPA | Turavion SpA,809894002,,Región Metropolitana de Santiago,,,,,1849200,Pasajes aereos: 2258-799-CM24,PASAJE AÉREO(1849200) PASAJE AÉREO,1.0,,CLP,75980.0,,
2258-799-CM24,,2024-01-29T16:57:44Z,,,,,SERVICIO DE SALUD ANTOFAGASTA HOSPITAL L | Abastecimiento Principal,616062018,,Región de Antofagasta ,,AGENCIA DE VIAJES TURAVION SPA | Turavion SpA,809894002,,Región Metropolitana de Santiago,,,,,1849200,Pasajes aereos: 2258-799-CM24,PASAJE AÉREO(1849200) PASAJE AÉREO,1.0,,CLP,75980.0,,
2258-799-CM24,,2024-01-29T16:57:44Z,,,,,SERVICIO DE SALUD ANTOFAGASTA HOSPITAL L | Abastecimiento Principal,616062018,,Región de Antofagasta ,,AGENCIA DE VIAJES TURAVION SPA | Turavion SpA,809894002,,Región Metropolitana de Santiago,,,,,1849900,Pasajes aereos: 2258-799-CM24,TASA DE EMBARQUE(1849900) TASA DE EMBARQUE,1.0,,CLP,72624.0,,
2279-49-CM24,,2024-01-30T16:33:32Z,,,,,MUNICIPALIDAD DE PUDAHUEL | IMUNI_PUDAHUEL ADQUISICIONES,690711001,,Región Metropolitana de Santiago,,MAR DEL SUR SPA | COMERCIAL IMPORTADORA Y EXPORTADORA MAR DEL SUR SP,836108000,,Región Metropolitana de Santiago,,,,,1850172,Orden de Compra: 2279-49-CM24,AIRE ACONDICIONADO KENDAL PORTÁTIL ECO III 9.000 BTU UNIDAD(1850172) AIRE ACONDICIONADO KENDAL PORTÁTIL ECO III 9.000 BTU UNIDAD,12.0,,CLP,222190.0,,
2328-14-CM24,,2024-03-27T08:58:25Z,,,,,I MUNICIPALIDAD DE PUERTO MONTT | Unidad de Adquisiciones Dirección de Educación,692201000,,Región de los Lagos ,,COMERCIAL COMPARO LIMITADA | COMERCIAL COMPARO SPA,76290943K,,Región Metropolitana de Santiago,,,,,1910505,CP215-22-04-007/SP01-01-001 Unidad de Adquisiciones DAEM Ficha 18194 – Material de Aseo para establecimientos DAEM de Puerto Montt,LIMPIADOR DE PISOS IMPEKE DESINFECTANTE BOTELLA 900 ML UNIDAD REGIÓN X(1910505) LIMPIADOR DE PISOS IMPEKE DESINFECTANTE BOTELLA 900 ML UNIDAD REGIÓN X,2240.0,,CLP,631.0,,
2328-14-CM24,,2024-03-27T08:58:25Z,,,,,I MUNICIPALIDAD DE PUERTO MONTT | Unidad de Adquisiciones Dirección de Educación,692201000,,Región de los Lagos ,,COMERCIAL COMPARO LIMITADA | COMERCIAL COMPARO SPA,76290943K,,Región Metropolitana de Santiago,,,,,1897126,CP215-22-04-007/SP01-01-001 Unidad de Adquisiciones DAEM Ficha 18194 – Material de Aseo para establecimientos DAEM de Puerto Montt,"CLORO TRADICIONAL IMPEKE 2,62% 1000 ML UNIDAD REGIÓN X(1897126) CLORO TRADICIONAL IMPEKE 2,62% 1000 ML UNIDAD REGIÓN X",1715.0,,CLP,553.0,,
2328-14-CM24,,2024-03-27T08:58:25Z,,,,,I MUNICIPALIDAD DE PUERTO MONTT | Unidad de Adquisiciones Dirección de Educación,692201000,,Región de los Lagos ,,COMERCIAL COMPARO LIMITADA | COMERCIAL COMPARO SPA,76290943K,,Región Metropolitana de Santiago,,,,,1896905,CP215-22-04-007/SP01-01-001 Unidad de Adquisiciones DAEM Ficha 18194 – Material de Aseo para establecimientos DAEM de Puerto Montt,CLORO GEL EXCELL 5000 ML UNIDAD REGIÓN X(1896905) CLORO GEL EXCELL 5000 ML UNIDAD REGIÓN X,475.0,,CLP,4290.0,,
2328-14-CM24,,2024-03-27T08:58:25Z,,,,,I MUNICIPALIDAD DE PUERTO MONTT | Unidad de Adquisiciones Dirección de Educación,692201000,,Región de los Lagos ,,COMERCIAL COMPARO LIMITADA | COMERCIAL COMPARO SPA,76290943K,,Región Metropolitana de Santiago,,,,,1902039,CP215-22-04-007/SP01-01-001 Unidad de Adquisiciones DAEM Ficha 18194 – Material de Aseo para establecimientos DAEM de Puerto Montt,ESCOBILLÓN VIRUTEX PRO USO INTERIOR FIBRA MEDIA MANGO METÁLICO 30 CM UNIDAD REGIÓN X(1902039) ESCOBILLÓN VIRUTEX PRO USO INTERIOR FIBRA MEDIA MANGO METÁLICO 30 CM UNIDAD REGIÓN X,1360.0,,CLP,1331.0,,
2328-14-CM24,,2024-03-27T08:58:25Z,,,,,I MUNICIPALIDAD DE PUERTO MONTT | Unidad de Adquisiciones Dirección de Educación,692201000,,Región de los Lagos ,,COMERCIAL COMPARO LIMITADA | COMERCIAL COMPARO SPA,76290943K,,Región Metropolitana de Santiago,,,,,1912766,CP215-22-04-007/SP01-01-001 Unidad de Adquisiciones DAEM Ficha 18194 – Material de Aseo para establecimientos DAEM de Puerto Montt,PALA DE ASEO ECOSAFE PLÁSTICA MANGO LARGO 90 CM UNIDAD REGIÓN X(1912766) PALA DE ASEO ECOSAFE PLÁSTICA MANGO LARGO 90 CM UNIDAD REGIÓN X,1075.0,,CLP,1137.0,,
2328-14-CM24,,2024-03-27T08:58:25Z,,,,,I MUNICIPALIDAD DE PUERTO MONTT | Unidad de Adquisiciones Dirección de Educación,692201000,,Región de los Lagos ,,COMERCIAL COMPARO LIMITADA | COMERCIAL COMPARO SPA,76290943K,,Región Metropolitana de Santiago,,,,,1895613,CP215-22-04-007/SP01-01-001 Unidad de Adquisiciones DAEM Ficha 18194 – Material de Aseo para establecimientos DAEM de Puerto Montt,CERA PARA PISOS TREMEX LÍQUIDA BIDÓN 5 L AUTO BRILLO INCOLORA UNIDAD REGIÓN X(1895613) CERA PARA PISOS TREMEX LÍQUIDA BIDÓN 5 L AUTO BRILLO INCOLORA UNIDAD REGIÓN X,950.0,,CLP,6765.0,,
2328-14-CM24,,2024-03-27T08:58:25Z,,,,,I MUNICIPALIDAD DE PUERTO MONTT | Unidad de Adquisiciones Dirección de Educación,692201000,,Región de los Lagos ,,COMERCIAL COMPARO LIMITADA | COMERCIAL COMPARO SPA,76290943K,,Región Metropolitana de Santiago,,,,,1895630,CP215-22-04-007/SP01-01-001 Unidad de Adquisiciones DAEM Ficha 18194 – Material de Aseo para establecimientos DAEM de Puerto Montt,CERA PARA PISOS TREMEX LÍQUIDA BIDÓN 5 L AUTO BRILLO ROJA UNIDAD REGIÓN X(1895630) CERA PARA PISOS TREMEX LÍQUIDA BIDÓN 5 L AUTO BRILLO ROJA UNIDAD REGIÓN X,25.0,,CLP,6985.0,,
2328-14-CM24,,2024-03-27T08:58:25Z,,,,,I MUNICIPALIDAD DE PUERTO MONTT | Unidad de Adquisiciones Dirección de Educación,692201000,,Región de los Lagos ,,COMERCIAL COMPARO LIMITADA | COMERCIAL COMPARO SPA,76290943K,,Región Metropolitana de Santiago,,,,,1912443,CP215-22-04-007/SP01-01-001 Unidad de Adquisiciones DAEM Ficha 18194 – Material de Aseo para establecimientos DAEM de Puerto Montt,LÍQUIDO LIMPIAVIDRIOS TREMEX BOTELLA C/PULVERIZADOR 500 CC UNIDAD REGIÓN X(1912443) LÍQUIDO LIMPIAVIDRIOS TREMEX BOTELLA C/PULVERIZADOR 500 CC UNIDAD REGIÓN X,55.0,,CLP,1318.0,,
2328-14-CM24,,2024-03-27T08:58:25Z,,,,,I MUNICIPALIDAD DE PUERTO MONTT | Unidad de Adquisiciones Dirección de Educación,692201000,,Región de los Lagos ,,COMERCIAL COMPARO LIMITADA | COMERCIAL COMPARO SPA,76290943K,,Región Metropolitana de Santiago,,,,,1926927,CP215-22-04-007/SP01-01-001 Unidad de Adquisiciones DAEM Ficha 18194 – Material de Aseo para establecimientos DAEM de Puerto Montt,TRAPERO REUTILIZABLE VIRUTEX PRO ALGODÓN SIMPLE C/OJAL 50X50 CM UNIDAD REGIÓN X(1926927) TRAPERO REUTILIZABLE VIRUTEX PRO ALGODÓN SIMPLE C/OJAL 50X50 CM UNIDAD REGIÓN X,2930.0,,CLP,753.0,,
2328-14-CM24,,2024-03-27T08:58:25Z,,,,,I MUNICIPALIDAD DE PUERTO MONTT | Unidad de Adquisiciones Dirección de Educación,692201000,,Región de los Lagos ,,COMERCIAL COMPARO LIMITADA | COMERCIAL COMPARO SPA,76290943K,,Región Metropolitana de Santiago,,,,,1918325,CP215-22-04-007/SP01-01-001 Unidad de Adquisiciones DAEM Ficha 18194 – Material de Aseo para establecimientos DAEM de Puerto Montt,PAÑO ABSORBENTE MULTIUSO VIRUTEX DESINFECTANTE PAQUETE DE 35 UNIDADES REGIÓN X(1918325) PAÑO ABSORBENTE MULTIUSO VIRUTEX DESINFECTANTE PAQUETE DE 35 UNIDADES REGIÓN X,80.0,,CLP,1493.0,,
2328-14-CM24,,2024-03-27T08:58:25Z,,,,,I MUNICIPALIDAD DE PUERTO MONTT | Unidad de Adquisiciones Dirección de Educación,692201000,,Región de los Lagos ,,COMERCIAL COMPARO LIMITADA | COMERCIAL COMPARO SPA,76290943K,,Región Metropolitana de Santiago,,,,,1931421,CP215-22-04-007/SP01-01-001 Unidad de Adquisiciones DAEM Ficha 18194 – Material de Aseo para establecimientos DAEM de Puerto Montt,DESINFECTANTE SUPERFICIES EN AEROSOL IGENIX ANTIBACTERIAL 360 ML UNIDAD REGIÓN X(1931421) DESINFECTANTE SUPERFICIES EN AEROSOL IGENIX ANTIBACTERIAL 360 ML UNIDAD REGIÓN X,1180.0,,CLP,1466.0,,
2328-14-CM24,,2024-03-27T08:58:25Z,,,,,I MUNICIPALIDAD DE PUERTO MONTT | Unidad de Adquisiciones Dirección de Educación,692201000,,Región de los Lagos ,,COMERCIAL COMPARO LIMITADA | COMERCIAL COMPARO SPA,76290943K,,Región Metropolitana de Santiago,,,,,1891635,CP215-22-04-007/SP01-01-001 Unidad de Adquisiciones DAEM Ficha 18194 – Material de Aseo para establecimientos DAEM de Puerto Montt,CERA PARA PISOS BRILLINA CREMA DOYPACK 360 CC ROJA UNIDAD REGIÓN X(1891635) CERA PARA PISOS BRILLINA CREMA DOYPACK 360 CC ROJA UNIDAD REGIÓN X,50.0,,CLP,1155.0,,
2328-14-CM24,,2024-03-27T08:58:25Z,,,,,I MUNICIPALIDAD DE PUERTO MONTT | Unidad de Adquisiciones Dirección de Educación,692201000,,Región de los Lagos ,,COMERCIAL COMPARO LIMITADA | COMERCIAL COMPARO SPA,76290943K,,Región Metropolitana de Santiago,,,,,1909315,CP215-22-04-007/SP01-01-001 Unidad de Adquisiciones DAEM Ficha 18194 – Material de Aseo para establecimientos DAEM de Puerto Montt,LAVALOZAS CONCENTRADO LAVADO MANUAL VIRGINIA ANTIGRASA CÍTRICO 5000 ML UNIDAD REGIÓN X(1909315) LAVALOZAS CONCENTRADO LAVADO MANUAL VIRGINIA ANTIGRASA CÍTRICO 5000 ML UNIDAD REGIÓN X,5.0,,CLP,6415.0,,
2328-14-CM24,,2024-03-27T08:58:25Z,,,,,I MUNICIPALIDAD DE PUERTO MONTT | Unidad de Adquisiciones Dirección de Educación,692201000,,Región de los Lagos ,,COMERCIAL COMPARO LIMITADA | COMERCIAL COMPARO SPA,76290943K,,Región Metropolitana de Santiago,,,,,1898520,CP215-22-04-007/SP01-01-001 Unidad de Adquisiciones DAEM Ficha 18194 – Material de Aseo para establecimientos DAEM de Puerto Montt,DESODORANTE AMBIENTAL AROM AEROSOL 360 CC LAVANDA UNIDAD REGIÓN X(1898520) DESODORANTE AMBIENTAL AROM AEROSOL 360 CC LAVANDA UNIDAD REGIÓN X,1145.0,,CLP,1055.0,,
2328-14-CM24,,2024-03-27T08:58:25Z,,,,,I MUNICIPALIDAD DE PUERTO MONTT | Unidad de Adquisiciones Dirección de Educación,692201000,,Región de los Lagos ,,COMERCIAL COMPARO LIMITADA | COMERCIAL COMPARO SPA,76290943K,,Región Metropolitana de Santiago,,,,,1906527,CP215-22-04-007/SP01-01-001 Unidad de Adquisiciones DAEM Ficha 18194 – Material de Aseo para establecimientos DAEM de Puerto Montt,GUANTES DE LIMPIEZA IMPEKE MULTIUSO GAMUZADO TALLA M PAR REGIÓN X(1906527) GUANTES DE LIMPIEZA IMPEKE MULTIUSO GAMUZADO TALLA M PAR REGIÓN X,645.0,,CLP,625.0,,
2328-14-CM24,,2024-03-27T08:58:25Z,,,,,I MUNICIPALIDAD DE PUERTO MONTT | Unidad de Adquisiciones Dirección de Educación,692201000,,Región de los Lagos ,,COMERCIAL COMPARO LIMITADA | COMERCIAL COMPARO SPA,76290943K,,Región Metropolitana de Santiago,,,,,1890530,CP215-22-04-007/SP01-01-001 Unidad de Adquisiciones DAEM Ficha 18194 – Material de Aseo para establecimientos DAEM de Puerto Montt,BOLSA DE BASURA VIRUTEX PRO CARGA PESADA 120X130 280 L ROLLO X 5 UNIDADES REGIÓN X(1890530) BOLSA DE BASURA VIRUTEX PRO CARGA PESADA 120X130 280 L ROLLO X 5 UNIDADES REGIÓN X,80.0,,CLP,2254.0,,
2328-14-CM24,,2024-03-27T08:58:25Z,,,,,I MUNICIPALIDAD DE PUERTO MONTT | Unidad de Adquisiciones Dirección de Educación,692201000,,Región de los Lagos ,,COMERCIAL COMPARO LIMITADA | COMERCIAL COMPARO SPA,76290943K,,Región Metropolitana de Santiago,,,,,1887980,CP215-22-04-007/SP01-01-001 Unidad de Adquisiciones DAEM Ficha 18194 – Material de Aseo para establecimientos DAEM de Puerto Montt,BOLSA DE BASURA CLEAN PEQUEÑA 50X70 30 L ROLLO X 10 UNIDADES REGIÓN X(1887980) BOLSA DE BASURA CLEAN PEQUEÑA 50X70 30 L ROLLO X 10 UNIDADES REGIÓN X,70.0,,CLP,320.0,,
2328-14-CM24,,2024-03-27T08:58:25Z,,,,,I MUNICIPALIDAD DE PUERTO MONTT | Unidad de Adquisiciones Dirección de Educación,692201000,,Región de los Lagos ,,COMERCIAL COMPARO LIMITADA | COMERCIAL COMPARO SPA,76290943K,,Región Metropolitana de Santiago,,,,,1888983,CP215-22-04-007/SP01-01-001 Unidad de Adquisiciones DAEM Ficha 18194 – Material de Aseo para establecimientos DAEM de Puerto Montt,BOLSA DE BASURA IMPEKE GRANDE 80X110 120 L ROLLO X 10 UNIDADES REGIÓN X(1888983) BOLSA DE BASURA IMPEKE GRANDE 80X110 120 L ROLLO X 10 UNIDADES REGIÓN X,1715.0,,CLP,709.0,,
2328-14-CM24,,2024-03-27T08:58:25Z,,,,,I MUNICIPALIDAD DE PUERTO MONTT | Unidad de Adquisiciones Dirección de Educación,692201000,,Región de los Lagos ,,COMERCIAL COMPARO LIMITADA | COMERCIAL COMPARO SPA,76290943K,,Región Metropolitana de Santiago,,,,,1906510,CP215-22-04-007/SP01-01-001 Unidad de Adquisiciones DAEM Ficha 18194 – Material de Aseo para establecimientos DAEM de Puerto Montt,GUANTES DE LIMPIEZA IMPEKE MULTIUSO GAMUZADO TALLA L PAR REGIÓN X(1906510) GUANTES DE LIMPIEZA IMPEKE MULTIUSO GAMUZADO TALLA L PAR REGIÓN X,625.0,,CLP,629.0,,
2381-106-CM24,,2024-02-16T09:41:10Z,,,,,I MUNICIPALIDAD DE COPIAPO | DEPARTAMENTO DE ADQUISICIONES DASM,690302004,,Región de Atacama ,,COMERCIALIZADORA TD TODO EXPRESS LIMITADA | COMERCIALIZADORA TD TODO EXPRESS LIMITADA,769675566,,Región Metropolitana de Santiago,,,,,1586495,ADQUISICION CALZADO DE SEGURIDAD PARA FUNCIONARIOS DE LA UAPP Y AUXILIARES DE SERVICIO DE LOS CESFAM Y UNIDADES,ZAPATO DE SEGURIDAD EDELBROCK ED-106 UNIDAD(1586495) ZAPATO DE SEGURIDAD EDELBROCK ED-106 UNIDAD,39.0,,CLP,33290.0,,
2385-64-CM24,,2024-02-14T09:47:47Z,,,,,I MUNICIPALIDAD DE CALAMA | ADQUISICIONES,69020200K,,Región de Antofagasta ,,SHERWIN WILLIAMS CHILE S A | Sherwin Williams Chile,96803460K,,Región Metropolitana de Santiago,,,,,1663630,PINTURA ALTO TRAFICO: 2385-64-CM24,PINTURA DE ALTO TRAFICO SHERWIN WILLIAMS ACRILICA CONTRASTANTE AMARILLO TINETA 4 GALON  UNIDAD(1663630) PINTURA DE ALTO TRAFICO SHERWIN WILLIAMS ACRILICA CONTRASTANTE AMARILLO TINETA 4 GALON  UNIDAD,70.0,,CLP,86615.0,,
2385-64-CM24,,2024-02-14T09:47:47Z,,,,,I MUNICIPALIDAD DE CALAMA | ADQUISICIONES,69020200K,,Región de Antofagasta ,,SHERWIN WILLIAMS CHILE S A | Sherwin Williams Chile,96803460K,,Región Metropolitana de Santiago,,,,,1663631,PINTURA ALTO TRAFICO: 2385-64-CM24,PINTURA DE ALTO TRAFICO SHERWIN WILLIAMS ACRILICA CONTRASTANTE  BLANCO TINETA 4 GALON UNIDAD(1663631) PINTURA DE ALTO TRAFICO SHERWIN WILLIAMS ACRILICA CONTRASTANTE  BLANCO TINETA 4 GALON UNIDAD,100.0,,CLP,86303.0,,
2427-116-CM24,,2024-02-14T09:47:47Z,,,,,I MUNICIPALIDAD DE VALPARAISO | ABASTECIMIENTO,690609002,,Región de Valparaíso ,,GASCO GLP S A | GASCO GLP - DIVISION SUR,965687408,,Región Metropolitana de Santiago,,,,,1944969,"VALES DE GAS DE 15 KG, DIDECO.",GAS LICUADO CILINDRO MEDIANTE VALE DE RECARGA 15 KG V REGIÓN(1944969) GAS LICUADO CILINDRO MEDIANTE VALE DE RECARGA 15 KG V REGIÓN,2000.0,,CLP,9569.0,,
2485-24-CM24,,2024-01-30T17:14:03Z,,,,,I MUNICIPALIDAD DE QUILICURA | Adquisiciones DEM,690713020,,Región Metropolitana de Santiago,,CASTILLA Y ARAGON SPA | CASTILLA Y ARAGON,969895307,,Región Metropolitana de Santiago,,,,,2014868,Adquisición  materiales de oficina para Programa Revinculación FAEP2023,PEGAMENTO BARRA PROARTE TRANSPARENTE 36GR NO TOX LAVABLE PAPEL-CARTULINA-TELA UNIDAD REGIÓN RM(2014868) PEGAMENTO BARRA PROARTE TRANSPARENTE 36GR NO TOX LAVABLE PAPEL-CARTULINA-TELA UNIDAD REGIÓN RM,200.0,,CLP,560.0,,
2485-24-CM24,,2024-01-30T17:14:03Z,,,,,I MUNICIPALIDAD DE QUILICURA | Adquisiciones DEM,690713020,,Región Metropolitana de Santiago,,CASTILLA Y ARAGON SPA | CASTILLA Y ARAGON,969895307,,Región Metropolitana de Santiago,,,,,1997528,Adquisición  materiales de oficina para Programa Revinculación FAEP2023,"LÁPIZ PASTA TORRE PUNTA MEDIA AZUL 1,0MM 10 UNIDADES REGIÓN RM(1997528) LÁPIZ PASTA TORRE PUNTA MEDIA AZUL 1,0MM 10 UNIDADES REGIÓN RM",30.0,,CLP,924.0,,
2485-24-CM24,,2024-01-30T17:14:03Z,,,,,I MUNICIPALIDAD DE QUILICURA | Adquisiciones DEM,690713020,,Región Metropolitana de Santiago,,CASTILLA Y ARAGON SPA | CASTILLA Y ARAGON,969895307,,Región Metropolitana de Santiago,,,,,1997596,Adquisición  materiales de oficina para Programa Revinculación FAEP2023,"LÁPIZ PASTA TORRE PUNTA MEDIA ROJO 1,0MM 50 UNIDADES REGIÓN RM(1997596) LÁPIZ PASTA TORRE PUNTA MEDIA ROJO 1,0MM 50 UNIDADES REGIÓN RM",4.0,,CLP,4606.0,,
2485-24-CM24,,2024-01-30T17:14:03Z,,,,,I MUNICIPALIDAD DE QUILICURA | Adquisiciones DEM,690713020,,Región Metropolitana de Santiago,,CASTILLA Y ARAGON SPA | CASTILLA Y ARAGON,969895307,,Región Metropolitana de Santiago,,,,,1982313,Adquisición  materiales de oficina para Programa Revinculación FAEP2023,CORRECTOR TORRE LAPIZ LÍQUIDO BLANCO 7 ML UNIDAD REGIÓN RM(1982313) CORRECTOR TORRE LAPIZ LÍQUIDO BLANCO 7 ML UNIDAD REGIÓN RM,36.0,,CLP,384.0,,
2485-24-CM24,,2024-01-30T17:14:03Z,,,,,I MUNICIPALIDAD DE QUILICURA | Adquisiciones DEM,690713020,,Región Metropolitana de Santiago,,CASTILLA Y ARAGON SPA | CASTILLA Y ARAGON,969895307,,Región Metropolitana de Santiago,,,,,1986461,Adquisición  materiales de oficina para Programa Revinculación FAEP2023,DESTACADOR ISOFIT ESCRITORIO NARANJA FLÚOR RECTANGULAR P/BISELADA UNIDAD REGIÓN RM(1986461) DESTACADOR ISOFIT ESCRITORIO NARANJA FLÚOR RECTANGULAR P/BISELADA UNIDAD REGIÓN RM,24.0,,CLP,288.0,,
2485-24-CM24,,2024-01-30T17:14:03Z,,,,,I MUNICIPALIDAD DE QUILICURA | Adquisiciones DEM,690713020,,Región Metropolitana de Santiago,,CASTILLA Y ARAGON SPA | CASTILLA Y ARAGON,969895307,,Región Metropolitana de Santiago,,,,,1986495,Adquisición  materiales de oficina para Programa Revinculación FAEP2023,DESTACADOR ISOFIT ESCRITORIO ROSA FLLUOR RECTANGULAR P/BISELADA UNIDAD REGIÓN RM(1986495) DESTACADOR ISOFIT ESCRITORIO ROSA FLLUOR RECTANGULAR P/BISELADA UNIDAD REGIÓN RM,24.0,,CLP,288.0,,
2485-24-CM24,,2024-01-30T17:14:03Z,,,,,I MUNICIPALIDAD DE QUILICURA | Adquisiciones DEM,690713020,,Región Metropolitana de Santiago,,CASTILLA Y ARAGON SPA | CASTILLA Y ARAGON,969895307,,Región Metropolitana de Santiago,,,,,1986376,Adquisición  materiales de oficina para Programa Revinculación FAEP2023,DESTACADOR ISOFIT BOLSILLO DELGADO VERDE FLÚOR P/BISELADA 3MM UNIDAD REGIÓN RM(1986376) DESTACADOR ISOFIT BOLSILLO DELGADO VERDE FLÚOR P/BISELADA 3MM UNIDAD REGIÓN RM,24.0,,CLP,171.0,,
2485-24-CM24,,2024-01-30T17:14:03Z,,,,,I MUNICIPALIDAD DE QUILICURA | Adquisiciones DEM,690713020,,Región Metropolitana de Santiago,,CASTILLA Y ARAGON SPA | CASTILLA Y ARAGON,969895307,,Región Metropolitana de Santiago,,,,,1986444,Adquisición  materiales de oficina para Programa Revinculación FAEP2023,DESTACADOR ISOFIT ESCRITORIO AMARILLO FLÚOR RECTANGULAR P/BISELADA UNIDAD REGIÓN RM(1986444) DESTACADOR ISOFIT ESCRITORIO AMARILLO FLÚOR RECTANGULAR P/BISELADA UNIDAD REGIÓN RM,24.0,,CLP,288.0,,
2485-24-CM24,,2024-01-30T17:14:03Z,,,,,I MUNICIPALIDAD DE QUILICURA | Adquisiciones DEM,690713020,,Región Metropolitana de Santiago,,CASTILLA Y ARAGON SPA | CASTILLA Y ARAGON,969895307,,Región Metropolitana de Santiago,,,,,2001642,Adquisición  materiales de oficina para Programa Revinculación FAEP2023,"MARCADOR PERMANENTE ISOFIT PUNTA GRUESA BISELADA ROJO 4,6MM UNIDAD REGIÓN RM(2001642) MARCADOR PERMANENTE ISOFIT PUNTA GRUESA BISELADA ROJO 4,6MM UNIDAD REGIÓN RM",24.0,,CLP,234.0,,
2485-24-CM24,,2024-01-30T17:14:03Z,,,,,I MUNICIPALIDAD DE QUILICURA | Adquisiciones DEM,690713020,,Región Metropolitana de Santiago,,CASTILLA Y ARAGON SPA | CASTILLA Y ARAGON,969895307,,Región Metropolitana de Santiago,,,,,2001608,Adquisición  materiales de oficina para Programa Revinculación FAEP2023,MARCADOR PERMANENTE ISOFIT PUNTA GRUESA BISELADA NEGRO 6MM UNIDAD REGIÓN RM(2001608) MARCADOR PERMANENTE ISOFIT PUNTA GRUESA BISELADA NEGRO 6MM UNIDAD REGIÓN RM,24.0,,CLP,234.0,,
2485-24-CM24,,2024-01-30T17:14:03Z,,,,,I MUNICIPALIDAD DE QUILICURA | Adquisiciones DEM,690713020,,Región Metropolitana de Santiago,,CASTILLA Y ARAGON SPA | CASTILLA Y ARAGON,969895307,,Región Metropolitana de Santiago,,,,,2001472,Adquisición  materiales de oficina para Programa Revinculación FAEP2023,"MARCADOR PERMANENTE ISOFIT PUNTA GRUESA BISELADA AZUL 4,6MM UNIDAD REGIÓN RM(2001472) MARCADOR PERMANENTE ISOFIT PUNTA GRUESA BISELADA AZUL 4,6MM UNIDAD REGIÓN RM",24.0,,CLP,235.0,,
2485-24-CM24,,2024-01-30T17:14:03Z,,,,,I MUNICIPALIDAD DE QUILICURA | Adquisiciones DEM,690713020,,Región Metropolitana de Santiago,,CASTILLA Y ARAGON SPA | CASTILLA Y ARAGON,969895307,,Región Metropolitana de Santiago,,,,,2006249,Adquisición  materiales de oficina para Programa Revinculación FAEP2023,MARCADOR PIZARRA ISOFIT DESECHABLE ROJO PUNTA REDONDA 5 MM UNIDAD REGIÓN RM(2006249) MARCADOR PIZARRA ISOFIT DESECHABLE ROJO PUNTA REDONDA 5 MM UNIDAD REGIÓN RM,24.0,,CLP,253.0,,
2485-24-CM24,,2024-01-30T17:14:03Z,,,,,I MUNICIPALIDAD DE QUILICURA | Adquisiciones DEM,690713020,,Región Metropolitana de Santiago,,CASTILLA Y ARAGON SPA | CASTILLA Y ARAGON,969895307,,Región Metropolitana de Santiago,,,,,2006028,Adquisición  materiales de oficina para Programa Revinculación FAEP2023,MARCADOR PIZARRA ISOFIT DESECHABLE AZUL PUNTA REDONDA 5 MM UNIDAD REGIÓN RM(2006028) MARCADOR PIZARRA ISOFIT DESECHABLE AZUL PUNTA REDONDA 5 MM UNIDAD REGIÓN RM,24.0,,CLP,253.0,,
2485-24-CM24,,2024-01-30T17:14:03Z,,,,,I MUNICIPALIDAD DE QUILICURA | Adquisiciones DEM,690713020,,Región Metropolitana de Santiago,,CASTILLA Y ARAGON SPA | CASTILLA Y ARAGON,969895307,,Región Metropolitana de Santiago,,,,,2006096,Adquisición  materiales de oficina para Programa Revinculación FAEP2023,"MARCADOR PIZARRA ISOFIT DESECHABLE NEGRO PUNTA REDONDA 2,5 MM UNIDAD REGIÓN RM(2006096) MARCADOR PIZARRA ISOFIT DESECHABLE NEGRO PUNTA REDONDA 2,5 MM UNIDAD REGIÓN RM",24.0,,CLP,265.0,,
2485-24-CM24,,2024-01-30T17:14:03Z,,,,,I MUNICIPALIDAD DE QUILICURA | Adquisiciones DEM,690713020,,Región Metropolitana de Santiago,,CASTILLA Y ARAGON SPA | CASTILLA Y ARAGON,969895307,,Región Metropolitana de Santiago,,,,,2013542,Adquisición  materiales de oficina para Programa Revinculación FAEP2023,PAPEL IMPRESIÓN EXCELLENT RESMA HOJA TAMAÑO OFICIO COLOR BLANCO 500 HOJAS UNIDAD REGIÓN RM(2013542) PAPEL IMPRESIÓN EXCELLENT RESMA HOJA TAMAÑO OFICIO COLOR BLANCO 500 HOJAS UNIDAD REGIÓN RM,50.0,,CLP,3989.0,,
2485-24-CM24,,2024-01-30T17:14:03Z,,,,,I MUNICIPALIDAD DE QUILICURA | Adquisiciones DEM,690713020,,Región Metropolitana de Santiago,,CASTILLA Y ARAGON SPA | CASTILLA Y ARAGON,969895307,,Región Metropolitana de Santiago,,,,,2013525,Adquisición  materiales de oficina para Programa Revinculación FAEP2023,PAPEL IMPRESIÓN EXCELLENT RESMA HOJA TAMAÑO CARTA COLOR BLANCO 500 HOJAS UNIDAD REGIÓN RM(2013525) PAPEL IMPRESIÓN EXCELLENT RESMA HOJA TAMAÑO CARTA COLOR BLANCO 500 HOJAS UNIDAD REGIÓN RM,30.0,,CLP,2818.0,,
2485-24-CM24,,2024-01-30T17:14:03Z,,,,,I MUNICIPALIDAD DE QUILICURA | Adquisiciones DEM,690713020,,Región Metropolitana de Santiago,,CASTILLA Y ARAGON SPA | CASTILLA Y ARAGON,969895307,,Región Metropolitana de Santiago,,,,,2021073,Adquisición  materiales de oficina para Programa Revinculación FAEP2023,SACAPUNTAS PROARTE METAL CROMADO SIN DEPOSITO DOBLE UNIDAD REGIÓN RM(2021073) SACAPUNTAS PROARTE METAL CROMADO SIN DEPOSITO DOBLE UNIDAD REGIÓN RM,40.0,,CLP,172.0,,
2485-24-CM24,,2024-01-30T17:14:03Z,,,,,I MUNICIPALIDAD DE QUILICURA | Adquisiciones DEM,690713020,,Región Metropolitana de Santiago,,CASTILLA Y ARAGON SPA | CASTILLA Y ARAGON,969895307,,Región Metropolitana de Santiago,,,,,2016109,Adquisición  materiales de oficina para Programa Revinculación FAEP2023,PERFORADORA ISOFIT CAPACIDAD 45 HOJAS UNIDAD REGIÓN RM(2016109) PERFORADORA ISOFIT CAPACIDAD 45 HOJAS UNIDAD REGIÓN RM,6.0,,CLP,7081.0,,
2485-24-CM24,,2024-01-30T17:14:03Z,,,,,I MUNICIPALIDAD DE QUILICURA | Adquisiciones DEM,690713020,,Región Metropolitana de Santiago,,CASTILLA Y ARAGON SPA | CASTILLA Y ARAGON,969895307,,Región Metropolitana de Santiago,,,,,1980324,Adquisición  materiales de oficina para Programa Revinculación FAEP2023,CORCHETERA ISOFIT OFICINA 20 HOJAS METAL/PLÁSTICO 26/6MM UNIDAD REGIÓN RM(1980324) CORCHETERA ISOFIT OFICINA 20 HOJAS METAL/PLÁSTICO 26/6MM UNIDAD REGIÓN RM,6.0,,CLP,2139.0,,
2485-24-CM24,,2024-01-30T17:14:03Z,,,,,I MUNICIPALIDAD DE QUILICURA | Adquisiciones DEM,690713020,,Región Metropolitana de Santiago,,CASTILLA Y ARAGON SPA | CASTILLA Y ARAGON,969895307,,Región Metropolitana de Santiago,,,,,1981667,Adquisición  materiales de oficina para Programa Revinculación FAEP2023,CORCHETES ISOFIT METAL CROMADO 26/6MM CAJA 5000 UNIDADES REGIÓN RM(1981667) CORCHETES ISOFIT METAL CROMADO 26/6MM CAJA 5000 UNIDADES REGIÓN RM,10.0,,CLP,525.0,,
2485-24-CM24,,2024-01-30T17:14:03Z,,,,,I MUNICIPALIDAD DE QUILICURA | Adquisiciones DEM,690713020,,Región Metropolitana de Santiago,,CASTILLA Y ARAGON SPA | CASTILLA Y ARAGON,969895307,,Región Metropolitana de Santiago,,,,,2011961,Adquisición  materiales de oficina para Programa Revinculación FAEP2023,NOTA ADHESIVA FULTONS PAPEL AMARILLO 75X75 MM 100 HOJAS UNIDAD REGIÓN RM(2011961) NOTA ADHESIVA FULTONS PAPEL AMARILLO 75X75 MM 100 HOJAS UNIDAD REGIÓN RM,20.0,,CLP,295.0,,
2485-24-CM24,,2024-01-30T17:14:03Z,,,,,I MUNICIPALIDAD DE QUILICURA | Adquisiciones DEM,690713020,,Región Metropolitana de Santiago,,CASTILLA Y ARAGON SPA | CASTILLA Y ARAGON,969895307,,Región Metropolitana de Santiago,,,,,2008391,Adquisición  materiales de oficina para Programa Revinculación FAEP2023,CINTA MASKING TAPE HAND ENMASCARAR 12X40 MT UNIDAD REGIÓN RM(2008391) CINTA MASKING TAPE HAND ENMASCARAR 12X40 MT UNIDAD REGIÓN RM,10.0,,CLP,370.0,,
2485-24-CM24,,2024-01-30T17:14:03Z,,,,,I MUNICIPALIDAD DE QUILICURA | Adquisiciones DEM,690713020,,Región Metropolitana de Santiago,,CASTILLA Y ARAGON SPA | CASTILLA Y ARAGON,969895307,,Región Metropolitana de Santiago,,,,,1977247,Adquisición  materiales de oficina para Programa Revinculación FAEP2023,CINTA ADHESIVA ISOFIT TRANSPARENTE 30 M OPACA ANCHO 18 MM UNIDAD REGIÓN RM(1977247) CINTA ADHESIVA ISOFIT TRANSPARENTE 30 M OPACA ANCHO 18 MM UNIDAD REGIÓN RM,30.0,,CLP,384.0,,
2485-24-CM24,,2024-01-30T17:14:03Z,,,,,I MUNICIPALIDAD DE QUILICURA | Adquisiciones DEM,690713020,,Región Metropolitana de Santiago,,CASTILLA Y ARAGON SPA | CASTILLA Y ARAGON,969895307,,Región Metropolitana de Santiago,,,,,2026513,Adquisición  materiales de oficina para Programa Revinculación FAEP2023,TIJERA ISOFIT OFICINA 21 CM MANGO PLÁSTICO UNIDAD REGIÓN RM(2026513) TIJERA ISOFIT OFICINA 21 CM MANGO PLÁSTICO UNIDAD REGIÓN RM,10.0,,CLP,1349.0,,
2485-24-CM24,,2024-01-30T17:14:03Z,,,,,I MUNICIPALIDAD DE QUILICURA | Adquisiciones DEM,690713020,,Región Metropolitana de Santiago,,CASTILLA Y ARAGON SPA | CASTILLA Y ARAGON,969895307,,Región Metropolitana de Santiago,,,,,1994128,Adquisición  materiales de oficina para Programa Revinculación FAEP2023,LÁPIZ GRAFITO ARTEL N° 2 HEXAGONAL CON GOMA CAJA 12 UNIDADES REGIÓN RM(1994128) LÁPIZ GRAFITO ARTEL N° 2 HEXAGONAL CON GOMA CAJA 12 UNIDADES REGIÓN RM,20.0,,CLP,1362.0,,
2485-24-CM24,,2024-01-30T17:14:03Z,,,,,I MUNICIPALIDAD DE QUILICURA | Adquisiciones DEM,690713020,,Región Metropolitana de Santiago,,CASTILLA Y ARAGON SPA | CASTILLA Y ARAGON,969895307,,Región Metropolitana de Santiago,,,,,1992581,Adquisición  materiales de oficina para Programa Revinculación FAEP2023,GOMA DE BORRAR FULTONS MIGA BLANCO 63MM X 11MM X 23MM UNIDAD REGIÓN RM(1992581) GOMA DE BORRAR FULTONS MIGA BLANCO 63MM X 11MM X 23MM UNIDAD REGIÓN RM,50.0,,CLP,174.0,,
2485-24-CM24,,2024-01-30T17:14:03Z,,,,,I MUNICIPALIDAD DE QUILICURA | Adquisiciones DEM,690713020,,Región Metropolitana de Santiago,,CASTILLA Y ARAGON SPA | CASTILLA Y ARAGON,969895307,,Región Metropolitana de Santiago,,,,,2019237,Adquisición  materiales de oficina para Programa Revinculación FAEP2023,REGLA ISOFIT PLÁSTICA ROTULADA 30 CM TRANSPARENTE UNIDAD REGIÓN RM(2019237) REGLA ISOFIT PLÁSTICA ROTULADA 30 CM TRANSPARENTE UNIDAD REGIÓN RM,30.0,,CLP,186.0,,
2485-24-CM24,,2024-01-30T17:14:03Z,,,,,I MUNICIPALIDAD DE QUILICURA | Adquisiciones DEM,690713020,,Región Metropolitana de Santiago,,CASTILLA Y ARAGON SPA | CASTILLA Y ARAGON,969895307,,Región Metropolitana de Santiago,,,,,1978454,Adquisición  materiales de oficina para Programa Revinculación FAEP2023,CLIP ISOFIT METÁLICO PUNTA REDONDA 78 MM ACERO CROMADO 50 UNIDADES REGIÓN RM(1978454) CLIP ISOFIT METÁLICO PUNTA REDONDA 78 MM ACERO CROMADO 50 UNIDADES REGIÓN RM,20.0,,CLP,1074.0,,
2485-24-CM24,,2024-01-30T17:14:03Z,,,,,I MUNICIPALIDAD DE QUILICURA | Adquisiciones DEM,690713020,,Región Metropolitana de Santiago,,CASTILLA Y ARAGON SPA | CASTILLA Y ARAGON,969895307,,Región Metropolitana de Santiago,,,,,1975309,Adquisición  materiales de oficina para Programa Revinculación FAEP2023,CARPETA BUHO COLGANTE OFICIO SLIDE CARTÓN METAL COLOR CRAFT UNIDAD REGIÓN RM(1975309) CARPETA BUHO COLGANTE OFICIO SLIDE CARTÓN METAL COLOR CRAFT UNIDAD REGIÓN RM,200.0,,CLP,371.0,,
2485-24-CM24,,2024-01-30T17:14:03Z,,,,,I MUNICIPALIDAD DE QUILICURA | Adquisiciones DEM,690713020,,Región Metropolitana de Santiago,,CASTILLA Y ARAGON SPA | CASTILLA Y ARAGON,969895307,,Región Metropolitana de Santiago,,,,,1978420,Adquisición  materiales de oficina para Programa Revinculación FAEP2023,CLIP ISOFIT METÁLICO PUNTA REDONDA 33 MM ACERO CROMADO 100 UNIDADES REGIÓN RM(1978420) CLIP ISOFIT METÁLICO PUNTA REDONDA 33 MM ACERO CROMADO 100 UNIDADES REGIÓN RM,20.0,,CLP,220.0,,
2485-24-CM24,,2024-01-30T17:14:03Z,,,,,I MUNICIPALIDAD DE QUILICURA | Adquisiciones DEM,690713020,,Región Metropolitana de Santiago,,CASTILLA Y ARAGON SPA | CASTILLA Y ARAGON,969895307,,Región Metropolitana de Santiago,,,,,1979576,Adquisición  materiales de oficina para Programa Revinculación FAEP2023,COLA FRIA PROARTE ESCOLAR 500 GR UNIDAD REGIÓN RM(1979576) COLA FRIA PROARTE ESCOLAR 500 GR UNIDAD REGIÓN RM,30.0,,CLP,1346.0,,
2485-24-CM24,,2024-01-30T17:14:03Z,,,,,I MUNICIPALIDAD DE QUILICURA | Adquisiciones DEM,690713020,,Región Metropolitana de Santiago,,CASTILLA Y ARAGON SPA | CASTILLA Y ARAGON,969895307,,Región Metropolitana de Santiago,,,,,2008459,Adquisición  materiales de oficina para Programa Revinculación FAEP2023,CINTA MASKING TAPE ISOFIT ENMASCARAR 48X40 MT UNIDAD REGIÓN RM(2008459) CINTA MASKING TAPE ISOFIT ENMASCARAR 48X40 MT UNIDAD REGIÓN RM,50.0,,CLP,1264.0,,
2485-24-CM24,,2024-01-30T17:14:03Z,,,,,I MUNICIPALIDAD DE QUILICURA | Adquisiciones DEM,690713020,,Región Metropolitana de Santiago,,CASTILLA Y ARAGON SPA | CASTILLA Y ARAGON,969895307,,Región Metropolitana de Santiago,,,,,2009105,Adquisición  materiales de oficina para Programa Revinculación FAEP2023,CINTA MASKING TAPE TESA ENMASCARAR 24X40 MT UNIDAD REGIÓN RM(2009105) CINTA MASKING TAPE TESA ENMASCARAR 24X40 MT UNIDAD REGIÓN RM,20.0,,CLP,877.0,,
2585-121-CM24,,2024-03-20T10:43:35Z,,,,,I MUNICIPALIDAD DE ARICA | FINANZAS IMA,690101009,,Región de Arica y Parinacota,,AGENCIA DE VIAJES TURAVION SPA | Turavion SpA,809894002,,Región Metropolitana de Santiago,,,,,1849200,Orden de Compra: 2585-121-CM24,PASAJE AÉREO(1849200) PASAJE AÉREO,1.0,,CLP,622508.0,,
2585-121-CM24,,2024-03-20T10:43:35Z,,,,,I MUNICIPALIDAD DE ARICA | FINANZAS IMA,690101009,,Región de Arica y Parinacota,,AGENCIA DE VIAJES TURAVION SPA | Turavion SpA,809894002,,Región Metropolitana de Santiago,,,,,1849200,Orden de Compra: 2585-121-CM24,PASAJE AÉREO(1849200) PASAJE AÉREO,1.0,,CLP,622508.0,,
2585-121-CM24,,2024-03-20T10:43:35Z,,,,,I MUNICIPALIDAD DE ARICA | FINANZAS IMA,690101009,,Región de Arica y Parinacota,,AGENCIA DE VIAJES TURAVION SPA | Turavion SpA,809894002,,Región Metropolitana de Santiago,,,,,1849900,Orden de Compra: 2585-121-CM24,TASA DE EMBARQUE(1849900) TASA DE EMBARQUE,1.0,,CLP,444992.0,,
2674-65-CM24,,2024-02-19T13:04:25Z,,,,,ILUSTRE MUNICIPALIDAD DE MELIPILLA | ILUSTRE MUNICIPALIDAD DE MELIPILLA,690729008,,Región Metropolitana de Santiago,,AGENCIA DE VIAJES TURAVION SPA | Turavion SpA,809894002,,Región Metropolitana de Santiago,,,,,1849200,Pasajes Aéreos Concejal Claudio Martinez - Escuela de Verano ACHM,PASAJE AÉREO(1849200) PASAJE AÉREO,1.0,,CLP,384980.0,,
2674-65-CM24,,2024-02-19T13:04:25Z,,,,,ILUSTRE MUNICIPALIDAD DE MELIPILLA | ILUSTRE MUNICIPALIDAD DE MELIPILLA,690729008,,Región Metropolitana de Santiago,,AGENCIA DE VIAJES TURAVION SPA | Turavion SpA,809894002,,Región Metropolitana de Santiago,,,,,1849900,Pasajes Aéreos Concejal Claudio Martinez - Escuela de Verano ACHM,TASA DE EMBARQUE(1849900) TASA DE EMBARQUE,1.0,,CLP,36312.0,,
2674-66-CM24,,2024-02-19T12:50:40Z,,,,,ILUSTRE MUNICIPALIDAD DE MELIPILLA | ILUSTRE MUNICIPALIDAD DE MELIPILLA,690729008,,Región Metropolitana de Santiago,,AGENCIA DE VIAJES TURAVION SPA | Turavion SpA,809894002,,Región Metropolitana de Santiago,,,,,1849200,Pasajes Aéreos Concejal Bastian Alarcón - Escuela de Verano ACHM,PASAJE AÉREO(1849200) PASAJE AÉREO,1.0,,CLP,368480.0,,
2674-66-CM24,,2024-02-19T12:50:40Z,,,,,ILUSTRE MUNICIPALIDAD DE MELIPILLA | ILUSTRE MUNICIPALIDAD DE MELIPILLA,690729008,,Región Metropolitana de Santiago,,AGENCIA DE VIAJES TURAVION SPA | Turavion SpA,809894002,,Región Metropolitana de Santiago,,,,,1849900,Pasajes Aéreos Concejal Bastian Alarcón - Escuela de Verano ACHM,TASA DE EMBARQUE(1849900) TASA DE EMBARQUE,1.0,,CLP,34595.0,,
2688-22-CM24,,2024-01-31T12:38:10Z,,,,,I MUNICIPALIDAD DE ALGARROBO | MUNICIPALIDAD DE ALGARROBO-SALUD,690616009,,Región de Valparaíso ,,REUTTER S A | REUTTER CM,812104004,,Región Metropolitana de Santiago,,,,,1852097,Orden de Compra: 2688-22-CM24. ADQUISICION GASA PARA CESFAM,"GASA CRANBERRY ROLLO 24 X 20 DE 36"" X 100 YARDAS UNIDAD CENTRO(1852097) GASA CRANBERRY ROLLO 24 X 20 DE 36"" X 100 YARDAS UNIDAD CENTRO",160.0,,CLP,14140.0,,
2766-109-CM24,,2024-01-30T13:59:07Z,,,,,I MUNICIPALIDAD DE LA CISTERNA | SALUD,690720000,,Región Metropolitana de Santiago,,MAR DEL SUR SPA | COMERCIAL IMPORTADORA Y EXPORTADORA MAR DEL SUR SP,836108000,,Región Metropolitana de Santiago,,,,,1848444,Orden de Compra: 2766-109-CM24,AIRE ACONDICIONADO KENDAL 12.000 BTU SPLIT MURO WIFI UNIDAD(1848444) AIRE ACONDICIONADO KENDAL 12.000 BTU SPLIT MURO WIFI UNIDAD,1.0,,CLP,333345.0,,
2766-109-CM24,,2024-01-30T13:59:07Z,,,,,I MUNICIPALIDAD DE LA CISTERNA | SALUD,690720000,,Región Metropolitana de Santiago,,MAR DEL SUR SPA | COMERCIAL IMPORTADORA Y EXPORTADORA MAR DEL SUR SP,836108000,,Región Metropolitana de Santiago,,,,,1858170,Orden de Compra: 2766-109-CM24,AIRE ACONDICIONADO KENDAL SPLIT MURO INVERTER WIFI 24.000 BTU UNIDAD(1858170) AIRE ACONDICIONADO KENDAL SPLIT MURO INVERTER WIFI 24.000 BTU UNIDAD,5.0,,CLP,589665.0,,
2783-102-CM24,,2024-02-14T09:47:47Z,,,,,I MUNICIPALIDAD DE LA LIGUA | Direccion de Administracion y Finanzas,690501007,,Región de Valparaíso ,,PROVEEDORES INTEGRALES PRISA S A | PRISA S A. - sucursal,965569405,,Región Metropolitana de Santiago,,,,,1907917,Orden de Compra: 2783-102-CM24,INSECTICIDA SAPOLIO AEROSOL CASA Y JARDÍN 360 CC UNIDAD REGIÓN V(1907917) INSECTICIDA SAPOLIO AEROSOL CASA Y JARDÍN 360 CC UNIDAD REGIÓN V,300.0,,CLP,1934.0,,
2783-102-CM24,,2024-02-14T09:47:47Z,,,,,I MUNICIPALIDAD DE LA LIGUA | Direccion de Administracion y Finanzas,690501007,,Región de Valparaíso ,,PROVEEDORES INTEGRALES PRISA S A | PRISA S A. - sucursal,965569405,,Región Metropolitana de Santiago,,,,,1911895,Orden de Compra: 2783-102-CM24,LÍQUIDO LIMPIAVIDRIOS FIBRO CHILE BOTELLA C/PULVERIZADOR 500 CC UNIDAD REGIÓN V(1911895) LÍQUIDO LIMPIAVIDRIOS FIBRO CHILE BOTELLA C/PULVERIZADOR 500 CC UNIDAD REGIÓN V,100.0,,CLP,1248.0,,
2783-102-CM24,,2024-02-14T09:47:47Z,,,,,I MUNICIPALIDAD DE LA LIGUA | Direccion de Administracion y Finanzas,690501007,,Región de Valparaíso ,,PROVEEDORES INTEGRALES PRISA S A | PRISA S A. - sucursal,965569405,,Región Metropolitana de Santiago,,,,,1913646,Orden de Compra: 2783-102-CM24,PALA DE ASEO VIRUTEX PRO PLÁSTICA MANGO LARGO 80 CM UNIDAD REGIÓN V(1913646) PALA DE ASEO VIRUTEX PRO PLÁSTICA MANGO LARGO 80 CM UNIDAD REGIÓN V,30.0,,CLP,1721.0,,
2783-102-CM24,,2024-02-14T09:47:47Z,,,,,I MUNICIPALIDAD DE LA LIGUA | Direccion de Administracion y Finanzas,690501007,,Región de Valparaíso ,,PROVEEDORES INTEGRALES PRISA S A | PRISA S A. - sucursal,965569405,,Región Metropolitana de Santiago,,,,,1890322,Orden de Compra: 2783-102-CM24,BOLSA DE BASURA SUPERIOR GRANDE 80X110 120 L ROLLO X 10 UNIDADES REGIÓN V(1890322) BOLSA DE BASURA SUPERIOR GRANDE 80X110 120 L ROLLO X 10 UNIDADES REGIÓN V,300.0,,CLP,1616.0,,
2783-102-CM24,,2024-02-14T09:47:47Z,,,,,I MUNICIPALIDAD DE LA LIGUA | Direccion de Administracion y Finanzas,690501007,,Región de Valparaíso ,,PROVEEDORES INTEGRALES PRISA S A | PRISA S A. - sucursal,965569405,,Región Metropolitana de Santiago,,,,,1890458,Orden de Compra: 2783-102-CM24,BOLSA DE BASURA VIRUTEX MEDIANA 70X90 70 L ROLLO X 10 UNIDADES REGIÓN V(1890458) BOLSA DE BASURA VIRUTEX MEDIANA 70X90 70 L ROLLO X 10 UNIDADES REGIÓN V,300.0,,CLP,923.0,,
2783-102-CM24,,2024-02-14T09:47:47Z,,,,,I MUNICIPALIDAD DE LA LIGUA | Direccion de Administracion y Finanzas,690501007,,Región de Valparaíso ,,PROVEEDORES INTEGRALES PRISA S A | PRISA S A. - sucursal,965569405,,Región Metropolitana de Santiago,,,,,1890628,Orden de Compra: 2783-102-CM24,BOLSA DE BASURA VIRUTEX PRO PEQUEÑA 50X70 30 L PLANA PAQUETE X 10 UNIDADES REGIÓN V(1890628) BOLSA DE BASURA VIRUTEX PRO PEQUEÑA 50X70 30 L PLANA PAQUETE X 10 UNIDADES REGIÓN V,200.0,,CLP,686.0,,
2783-102-CM24,,2024-02-14T09:47:47Z,,,,,I MUNICIPALIDAD DE LA LIGUA | Direccion de Administracion y Finanzas,690501007,,Región de Valparaíso ,,PROVEEDORES INTEGRALES PRISA S A | PRISA S A. - sucursal,965569405,,Región Metropolitana de Santiago,,,,,1898261,Orden de Compra: 2783-102-CM24,DESENGRASANTE COCINA TREMEX ANTIGRASA C/PULVERIZADOR 500 ML UNIDAD REGIÓN V(1898261) DESENGRASANTE COCINA TREMEX ANTIGRASA C/PULVERIZADOR 500 ML UNIDAD REGIÓN V,150.0,,CLP,1900.0,,
2783-102-CM24,,2024-02-14T09:47:47Z,,,,,I MUNICIPALIDAD DE LA LIGUA | Direccion de Administracion y Finanzas,690501007,,Región de Valparaíso ,,PROVEEDORES INTEGRALES PRISA S A | PRISA S A. - sucursal,965569405,,Región Metropolitana de Santiago,,,,,1931417,Orden de Compra: 2783-102-CM24,DESINFECTANTE SUPERFICIES EN AEROSOL IGENIX ANTIBACTERIAL 360 ML UNIDAD REGIÓN V(1931417) DESINFECTANTE SUPERFICIES EN AEROSOL IGENIX ANTIBACTERIAL 360 ML UNIDAD REGIÓN V,150.0,,CLP,1530.0,,
2783-102-CM24,,2024-02-14T09:47:47Z,,,,,I MUNICIPALIDAD DE LA LIGUA | Direccion de Administracion y Finanzas,690501007,,Región de Valparaíso ,,PROVEEDORES INTEGRALES PRISA S A | PRISA S A. - sucursal,965569405,,Región Metropolitana de Santiago,,,,,1902086,Orden de Compra: 2783-102-CM24,ESCOBILLÓN VIRUTEX PRO USO INTERIOR FIBRA SUAVE MANGO METÁLICO 31 CM UNIDAD REGIÓN V(1902086) ESCOBILLÓN VIRUTEX PRO USO INTERIOR FIBRA SUAVE MANGO METÁLICO 31 CM UNIDAD REGIÓN V,50.0,,CLP,1884.0,,
2783-102-CM24,,2024-02-14T09:47:47Z,,,,,I MUNICIPALIDAD DE LA LIGUA | Direccion de Administracion y Finanzas,690501007,,Región de Valparaíso ,,PROVEEDORES INTEGRALES PRISA S A | PRISA S A. - sucursal,965569405,,Región Metropolitana de Santiago,,,,,1906540,Orden de Compra: 2783-102-CM24,GUANTES DE LIMPIEZA IMPEKE MULTIUSO GAMUZADO TALLA S PAR REGIÓN V(1906540) GUANTES DE LIMPIEZA IMPEKE MULTIUSO GAMUZADO TALLA S PAR REGIÓN V,100.0,,CLP,664.0,,
2788-194-CM24,,2024-02-14T09:47:47Z,,,,,I MUNICIPALIDAD DE PAINE | DEPARTAMENTO DE ADQUISICIONES,690726009,,Región Metropolitana de Santiago,,SOCIEDAD COMERCIAL SERI SPA | Sociedad Comercial Seri SpA,761486284,,Región Metropolitana de Santiago,,,,,1825492,CAJAS DE ALIMENTO - PROG. DE APOYO Y ORIENTACION SOCIAL,KIT DE ALIMENTACIÓN - 4 PERSONAS 7 DÍAS SIN POUCH PREVENCIÓN REGIÓN RM(1825492) KIT DE ALIMENTACIÓN - 4 PERSONAS 7 DÍAS SIN POUCH PREVENCIÓN REGIÓN RM,600.0,,CLP,35432.0,,
2789-13-CM24,,2024-01-30T16:54:32Z,,,,,I MUNICIPALIDAD DE PAINE | DEPARTAMENTO DE EDUCACION MUNICIPAL,690726009,,Región Metropolitana de Santiago,,SODIMAC S.A. | SODIMAC S.A. - CONVENIOS MARCO,96792430K,,Región Metropolitana de Santiago,,,,,1652308,Orden de Compra: 2789-13-CM24,ESMALTE AL AGUA SIPA SEMIBRILLO BLANCO TINETA 4 GL UNIDAD(1652308) ESMALTE AL AGUA SIPA SEMIBRILLO BLANCO TINETA 4 GL UNIDAD,10.0,,CLP,73745.0,,
2789-13-CM24,,2024-01-30T16:54:32Z,,,,,I MUNICIPALIDAD DE PAINE | DEPARTAMENTO DE EDUCACION MUNICIPAL,690726009,,Región Metropolitana de Santiago,,SODIMAC S.A. | SODIMAC S.A. - CONVENIOS MARCO,96792430K,,Región Metropolitana de Santiago,,,,,1587170,Orden de Compra: 2789-13-CM24,RODILLO ATLAS CHIPORRO NATURAL ECOLOGICO 18 CM UNIDAD(1587170) RODILLO ATLAS CHIPORRO NATURAL ECOLOGICO 18 CM UNIDAD,7.0,,CLP,4252.0,,
2789-13-CM24,,2024-01-30T16:54:32Z,,,,,I MUNICIPALIDAD DE PAINE | DEPARTAMENTO DE EDUCACION MUNICIPAL,690726009,,Región Metropolitana de Santiago,,SODIMAC S.A. | SODIMAC S.A. - CONVENIOS MARCO,96792430K,,Región Metropolitana de Santiago,,,,,1586821,Orden de Compra: 2789-13-CM24,"BROCHA EXCELSIOR PROFESIONAL 3"" 66 MM UNIDAD(1586821) BROCHA EXCELSIOR PROFESIONAL 3"" 66 MM UNIDAD",6.0,,CLP,2284.0,,
2833-101-CM24,,2024-01-31T12:54:48Z,,,,,I MUNICIPALIDAD DE QUILLOTA | DEPARTAMENTO DE EDUCACION MUNICIPAL,619306007,,Región de Valparaíso ,,PROVEEDORES INTEGRALES PRISA S A | PRISA S A. - sucursal,965569405,,Región Metropolitana de Santiago,,,,,1965654,"MATERIAL DE ESCRITORIO, ESCUELA LA PALMA, Orden de Compra: 2833-101-CM24",ARCHIVADOR ARTEL CARTÓN DURO OFICIO 450 HOJAS LOMO ANCHO UNIDAD REGIÓN V(1965654) ARCHIVADOR ARTEL CARTÓN DURO OFICIO 450 HOJAS LOMO ANCHO UNIDAD REGIÓN V,20.0,,CLP,1437.0,,
2833-101-CM24,,2024-01-31T12:54:48Z,,,,,I MUNICIPALIDAD DE QUILLOTA | DEPARTAMENTO DE EDUCACION MUNICIPAL,619306007,,Región de Valparaíso ,,PROVEEDORES INTEGRALES PRISA S A | PRISA S A. - sucursal,965569405,,Región Metropolitana de Santiago,,,,,1997563,"MATERIAL DE ESCRITORIO, ESCUELA LA PALMA, Orden de Compra: 2833-101-CM24","LÁPIZ PASTA TORRE PUNTA MEDIA AZUL 1,0MM 50 UNIDADES REGIÓN V(1997563) LÁPIZ PASTA TORRE PUNTA MEDIA AZUL 1,0MM 50 UNIDADES REGIÓN V",5.0,,CLP,4752.0,,
2833-101-CM24,,2024-01-31T12:54:48Z,,,,,I MUNICIPALIDAD DE QUILLOTA | DEPARTAMENTO DE EDUCACION MUNICIPAL,619306007,,Región de Valparaíso ,,PROVEEDORES INTEGRALES PRISA S A | PRISA S A. - sucursal,965569405,,Región Metropolitana de Santiago,,,,,1997580,"MATERIAL DE ESCRITORIO, ESCUELA LA PALMA, Orden de Compra: 2833-101-CM24","LÁPIZ PASTA TORRE PUNTA MEDIA NEGRO 1,0MM 50 UNIDADES REGIÓN V(1997580) LÁPIZ PASTA TORRE PUNTA MEDIA NEGRO 1,0MM 50 UNIDADES REGIÓN V",2.0,,CLP,4686.0,,
2833-101-CM24,,2024-01-31T12:54:48Z,,,,,I MUNICIPALIDAD DE QUILLOTA | DEPARTAMENTO DE EDUCACION MUNICIPAL,619306007,,Región de Valparaíso ,,PROVEEDORES INTEGRALES PRISA S A | PRISA S A. - sucursal,965569405,,Región Metropolitana de Santiago,,,,,1980189,"MATERIAL DE ESCRITORIO, ESCUELA LA PALMA, Orden de Compra: 2833-101-CM24",CORCHETERA HAND OFICINA 20 HOJAS METAL/PLÁSTICO 26/6MM UNIDAD REGIÓN V(1980189) CORCHETERA HAND OFICINA 20 HOJAS METAL/PLÁSTICO 26/6MM UNIDAD REGIÓN V,20.0,,CLP,1615.0,,
2833-101-CM24,,2024-01-31T12:54:48Z,,,,,I MUNICIPALIDAD DE QUILLOTA | DEPARTAMENTO DE EDUCACION MUNICIPAL,619306007,,Región de Valparaíso ,,PROVEEDORES INTEGRALES PRISA S A | PRISA S A. - sucursal,965569405,,Región Metropolitana de Santiago,,,,,1982059,"MATERIAL DE ESCRITORIO, ESCUELA LA PALMA, Orden de Compra: 2833-101-CM24",CORCHETES TORRE METAL CROMADO 26/6MM CAJA 1000 UNIDADES REGIÓN V(1982059) CORCHETES TORRE METAL CROMADO 26/6MM CAJA 1000 UNIDADES REGIÓN V,5.0,,CLP,198.0,,
2833-101-CM24,,2024-01-31T12:54:48Z,,,,,I MUNICIPALIDAD DE QUILLOTA | DEPARTAMENTO DE EDUCACION MUNICIPAL,619306007,,Región de Valparaíso ,,PROVEEDORES INTEGRALES PRISA S A | PRISA S A. - sucursal,965569405,,Región Metropolitana de Santiago,,,,,1992259,"MATERIAL DE ESCRITORIO, ESCUELA LA PALMA, Orden de Compra: 2833-101-CM24",GOMA DE BORRAR ADIX PLÁSTICO BLANCO 62MM X 11MM X 22MM UNIDAD REGIÓN V(1992259) GOMA DE BORRAR ADIX PLÁSTICO BLANCO 62MM X 11MM X 22MM UNIDAD REGIÓN V,1000.0,,CLP,167.0,,
2833-101-CM24,,2024-01-31T12:54:48Z,,,,,I MUNICIPALIDAD DE QUILLOTA | DEPARTAMENTO DE EDUCACION MUNICIPAL,619306007,,Región de Valparaíso ,,PROVEEDORES INTEGRALES PRISA S A | PRISA S A. - sucursal,965569405,,Región Metropolitana de Santiago,,,,,2014869,"MATERIAL DE ESCRITORIO, ESCUELA LA PALMA, Orden de Compra: 2833-101-CM24",PEGAMENTO BARRA PROARTE TRANSPARENTE 36GR NO TOX LAVABLE PAPEL-CARTULINA-TELA UNIDAD REGIÓN V(2014869) PEGAMENTO BARRA PROARTE TRANSPARENTE 36GR NO TOX LAVABLE PAPEL-CARTULINA-TELA UNIDAD REGIÓN V,200.0,,CLP,595.0,,
2833-101-CM24,,2024-01-31T12:54:48Z,,,,,I MUNICIPALIDAD DE QUILLOTA | DEPARTAMENTO DE EDUCACION MUNICIPAL,619306007,,Región de Valparaíso ,,PROVEEDORES INTEGRALES PRISA S A | PRISA S A. - sucursal,965569405,,Región Metropolitana de Santiago,,,,,2026480,"MATERIAL DE ESCRITORIO, ESCUELA LA PALMA, Orden de Compra: 2833-101-CM24",TIJERA ISOFIT OFICINA 16 CM MANGO PLÁSTICO UNIDAD REGIÓN V(2026480) TIJERA ISOFIT OFICINA 16 CM MANGO PLÁSTICO UNIDAD REGIÓN V,5.0,,CLP,592.0,,
2833-101-CM24,,2024-01-31T12:54:48Z,,,,,I MUNICIPALIDAD DE QUILLOTA | DEPARTAMENTO DE EDUCACION MUNICIPAL,619306007,,Región de Valparaíso ,,PROVEEDORES INTEGRALES PRISA S A | PRISA S A. - sucursal,965569405,,Región Metropolitana de Santiago,,,,,2027466,"MATERIAL DE ESCRITORIO, ESCUELA LA PALMA, Orden de Compra: 2833-101-CM24",TIJERA TORRE PEQUEÑA TIPO ESCOLAR PUNTA REDONDA UNIDAD REGIÓN V(2027466) TIJERA TORRE PEQUEÑA TIPO ESCOLAR PUNTA REDONDA UNIDAD REGIÓN V,200.0,,CLP,284.0,,
2833-101-CM24,,2024-01-31T12:54:48Z,,,,,I MUNICIPALIDAD DE QUILLOTA | DEPARTAMENTO DE EDUCACION MUNICIPAL,619306007,,Región de Valparaíso ,,PROVEEDORES INTEGRALES PRISA S A | PRISA S A. - sucursal,965569405,,Región Metropolitana de Santiago,,,,,1983028,"MATERIAL DE ESCRITORIO, ESCUELA LA PALMA, Orden de Compra: 2833-101-CM24",CUADERNO TORRE UNIVERSITARIO ESPIRAL T/DURA S/DISEÑO 7MM CUADRICULADA 100 HJS UD REGIÓN V(1983028) CUADERNO TORRE UNIVERSITARIO ESPIRAL T/DURA S/DISEÑO 7MM CUADRICULADA 100 HJS UD REGIÓN V,30.0,,CLP,1112.0,,
2833-101-CM24,,2024-01-31T12:54:48Z,,,,,I MUNICIPALIDAD DE QUILLOTA | DEPARTAMENTO DE EDUCACION MUNICIPAL,619306007,,Región de Valparaíso ,,PROVEEDORES INTEGRALES PRISA S A | PRISA S A. - sucursal,965569405,,Región Metropolitana de Santiago,,,,,2013866,"MATERIAL DE ESCRITORIO, ESCUELA LA PALMA, Orden de Compra: 2833-101-CM24",PAPEL IMPRESIÓN PRISA RESMA HOJA TAMAÑO OFICIO COLOR BLANCO 500 HOJAS UNIDAD REGIÓN V(2013866) PAPEL IMPRESIÓN PRISA RESMA HOJA TAMAÑO OFICIO COLOR BLANCO 500 HOJAS UNIDAD REGIÓN V,60.0,,CLP,2950.0,,
2833-101-CM24,,2024-01-31T12:54:48Z,,,,,I MUNICIPALIDAD DE QUILLOTA | DEPARTAMENTO DE EDUCACION MUNICIPAL,619306007,,Región de Valparaíso ,,PROVEEDORES INTEGRALES PRISA S A | PRISA S A. - sucursal,965569405,,Región Metropolitana de Santiago,,,,,2013849,"MATERIAL DE ESCRITORIO, ESCUELA LA PALMA, Orden de Compra: 2833-101-CM24",PAPEL IMPRESIÓN PRISA RESMA HOJA TAMAÑO CARTA COLOR BLANCO 500 HOJAS UNIDAD REGIÓN V(2013849) PAPEL IMPRESIÓN PRISA RESMA HOJA TAMAÑO CARTA COLOR BLANCO 500 HOJAS UNIDAD REGIÓN V,40.0,,CLP,2678.0,,
2833-101-CM24,,2024-01-31T12:54:48Z,,,,,I MUNICIPALIDAD DE QUILLOTA | DEPARTAMENTO DE EDUCACION MUNICIPAL,619306007,,Región de Valparaíso ,,PROVEEDORES INTEGRALES PRISA S A | PRISA S A. - sucursal,965569405,,Región Metropolitana de Santiago,,,,,1982518,"MATERIAL DE ESCRITORIO, ESCUELA LA PALMA, Orden de Compra: 2833-101-CM24",CUADERNO COLON COLLEGE CUADRICULADO 7MM 100 HJS UD REGIÓN V(1982518) CUADERNO COLON COLLEGE CUADRICULADO 7MM 100 HJS UD REGIÓN V,60.0,,CLP,835.0,,
2833-120-CM24,,2024-01-31T12:55:01Z,,,,,I MUNICIPALIDAD DE QUILLOTA | DEPARTAMENTO DE EDUCACION MUNICIPAL,619306007,,Región de Valparaíso ,,PROVEEDORES INTEGRALES PRISA S A | PRISA S A. - sucursal,965569405,,Región Metropolitana de Santiago,,,,,1898431,"ARTICULOS DE ASEO E HIGIENE, COLEGIO ROBERTO MATTA, Orden de Compra: 2833-120-CM24",DESINFECTANTE SUPERFICIES EN AEROSOL IGENIX ANTIBACTERIAL 420 ML UNIDAD REGIÓN V(1898431) DESINFECTANTE SUPERFICIES EN AEROSOL IGENIX ANTIBACTERIAL 420 ML UNIDAD REGIÓN V,50.0,,CLP,1865.0,,
2833-120-CM24,,2024-01-31T12:55:01Z,,,,,I MUNICIPALIDAD DE QUILLOTA | DEPARTAMENTO DE EDUCACION MUNICIPAL,619306007,,Región de Valparaíso ,,PROVEEDORES INTEGRALES PRISA S A | PRISA S A. - sucursal,965569405,,Región Metropolitana de Santiago,,,,,1945341,"ARTICULOS DE ASEO E HIGIENE, COLEGIO ROBERTO MATTA, Orden de Compra: 2833-120-CM24",CLORO GEL  TREMEX SIN AROMA BOTELLA 900 ML UNIDAD REGIÓN V(1945341) CLORO GEL  TREMEX SIN AROMA BOTELLA 900 ML UNIDAD REGIÓN V,50.0,,CLP,1724.0,,
2833-120-CM24,,2024-01-31T12:55:01Z,,,,,I MUNICIPALIDAD DE QUILLOTA | DEPARTAMENTO DE EDUCACION MUNICIPAL,619306007,,Región de Valparaíso ,,PROVEEDORES INTEGRALES PRISA S A | PRISA S A. - sucursal,965569405,,Región Metropolitana de Santiago,,,,,1926821,"ARTICULOS DE ASEO E HIGIENE, COLEGIO ROBERTO MATTA, Orden de Compra: 2833-120-CM24",TRAPERO REUTILIZABLE VIRUTEX ALGODÓN SIMPLE 50X70 CM UNIDAD REGIÓN V(1926821) TRAPERO REUTILIZABLE VIRUTEX ALGODÓN SIMPLE 50X70 CM UNIDAD REGIÓN V,50.0,,CLP,988.0,,
2833-120-CM24,,2024-01-31T12:55:01Z,,,,,I MUNICIPALIDAD DE QUILLOTA | DEPARTAMENTO DE EDUCACION MUNICIPAL,619306007,,Región de Valparaíso ,,PROVEEDORES INTEGRALES PRISA S A | PRISA S A. - sucursal,965569405,,Región Metropolitana de Santiago,,,,,1912422,"ARTICULOS DE ASEO E HIGIENE, COLEGIO ROBERTO MATTA, Orden de Compra: 2833-120-CM24",LÍQUIDO LIMPIAVIDRIOS TREMEX BIDÓN 5000 CC UNIDAD REGIÓN V(1912422) LÍQUIDO LIMPIAVIDRIOS TREMEX BIDÓN 5000 CC UNIDAD REGIÓN V,20.0,,CLP,4566.0,,
2833-120-CM24,,2024-01-31T12:55:01Z,,,,,I MUNICIPALIDAD DE QUILLOTA | DEPARTAMENTO DE EDUCACION MUNICIPAL,619306007,,Región de Valparaíso ,,PROVEEDORES INTEGRALES PRISA S A | PRISA S A. - sucursal,965569405,,Región Metropolitana de Santiago,,,,,1911300,"ARTICULOS DE ASEO E HIGIENE, COLEGIO ROBERTO MATTA, Orden de Compra: 2833-120-CM24",LIMPIADOR DE PISOS VIRUTEX PRO CONCENTRADO MULTIUSO BIDÓN 5000 ML UNIDAD REGIÓN V(1911300) LIMPIADOR DE PISOS VIRUTEX PRO CONCENTRADO MULTIUSO BIDÓN 5000 ML UNIDAD REGIÓN V,50.0,,CLP,5432.0,,
2833-120-CM24,,2024-01-31T12:55:01Z,,,,,I MUNICIPALIDAD DE QUILLOTA | DEPARTAMENTO DE EDUCACION MUNICIPAL,619306007,,Región de Valparaíso ,,PROVEEDORES INTEGRALES PRISA S A | PRISA S A. - sucursal,965569405,,Región Metropolitana de Santiago,,,,,1890407,"ARTICULOS DE ASEO E HIGIENE, COLEGIO ROBERTO MATTA, Orden de Compra: 2833-120-CM24",BOLSA DE BASURA TREMEX PEQUEÑA 50X70 30 L ROLLO X 10 UNIDADES REGIÓN V(1890407) BOLSA DE BASURA TREMEX PEQUEÑA 50X70 30 L ROLLO X 10 UNIDADES REGIÓN V,15.0,,CLP,419.0,,
2833-120-CM24,,2024-01-31T12:55:01Z,,,,,I MUNICIPALIDAD DE QUILLOTA | DEPARTAMENTO DE EDUCACION MUNICIPAL,619306007,,Región de Valparaíso ,,PROVEEDORES INTEGRALES PRISA S A | PRISA S A. - sucursal,965569405,,Región Metropolitana de Santiago,,,,,1945307,"ARTICULOS DE ASEO E HIGIENE, COLEGIO ROBERTO MATTA, Orden de Compra: 2833-120-CM24",BOLSA DE BASURA TREMEX GRANDE 80X110 CM 120 L ROLLO UNIDAD REGIÓN V(1945307) BOLSA DE BASURA TREMEX GRANDE 80X110 CM 120 L ROLLO UNIDAD REGIÓN V,15.0,,CLP,1757.0,,
2833-120-CM24,,2024-01-31T12:55:01Z,,,,,I MUNICIPALIDAD DE QUILLOTA | DEPARTAMENTO DE EDUCACION MUNICIPAL,619306007,,Región de Valparaíso ,,PROVEEDORES INTEGRALES PRISA S A | PRISA S A. - sucursal,965569405,,Región Metropolitana de Santiago,,,,,1923999,"ARTICULOS DE ASEO E HIGIENE, COLEGIO ROBERTO MATTA, Orden de Compra: 2833-120-CM24",TOALLA DE PAPEL ELITE PROFESSIONAL HOJA SIMPLE 250 M 2 ROLLOS REGIÓN V(1923999) TOALLA DE PAPEL ELITE PROFESSIONAL HOJA SIMPLE 250 M 2 ROLLOS REGIÓN V,80.0,,CLP,8494.0,,
2833-120-CM24,,2024-01-31T12:55:01Z,,,,,I MUNICIPALIDAD DE QUILLOTA | DEPARTAMENTO DE EDUCACION MUNICIPAL,619306007,,Región de Valparaíso ,,PROVEEDORES INTEGRALES PRISA S A | PRISA S A. - sucursal,965569405,,Región Metropolitana de Santiago,,,,,1920038,"ARTICULOS DE ASEO E HIGIENE, COLEGIO ROBERTO MATTA, Orden de Compra: 2833-120-CM24",PAPEL HIGIÉNICO ELITE ALTO METRAJE DOBLE HOJA 6 ROLLOS 250 M 1 PAQUETE REGIÓN V(1920038) PAPEL HIGIÉNICO ELITE ALTO METRAJE DOBLE HOJA 6 ROLLOS 250 M 1 PAQUETE REGIÓN V,15.0,,CLP,13898.0,,
2833-120-CM24,,2024-01-31T12:55:01Z,,,,,I MUNICIPALIDAD DE QUILLOTA | DEPARTAMENTO DE EDUCACION MUNICIPAL,619306007,,Región de Valparaíso ,,PROVEEDORES INTEGRALES PRISA S A | PRISA S A. - sucursal,965569405,,Región Metropolitana de Santiago,,,,,1913663,"ARTICULOS DE ASEO E HIGIENE, COLEGIO ROBERTO MATTA, Orden de Compra: 2833-120-CM24",PALA DE ASEO VIRUTEX PRO PLÁSTICA MANGO LARGO 83.5 CM UNIDAD REGIÓN V(1913663) PALA DE ASEO VIRUTEX PRO PLÁSTICA MANGO LARGO 83.5 CM UNIDAD REGIÓN V,30.0,,CLP,2397.0,,
2833-120-CM24,,2024-01-31T12:55:01Z,,,,,I MUNICIPALIDAD DE QUILLOTA | DEPARTAMENTO DE EDUCACION MUNICIPAL,619306007,,Región de Valparaíso ,,PROVEEDORES INTEGRALES PRISA S A | PRISA S A. - sucursal,965569405,,Región Metropolitana de Santiago,,,,,1910450,"ARTICULOS DE ASEO E HIGIENE, COLEGIO ROBERTO MATTA, Orden de Compra: 2833-120-CM24",LIMPIADOR DE PISOS IMPEKE DESINFECTANTE BIDÓN 4000 ML UNIDAD REGIÓN V(1910450) LIMPIADOR DE PISOS IMPEKE DESINFECTANTE BIDÓN 4000 ML UNIDAD REGIÓN V,15.0,,CLP,2976.0,,
2833-120-CM24,,2024-01-31T12:55:01Z,,,,,I MUNICIPALIDAD DE QUILLOTA | DEPARTAMENTO DE EDUCACION MUNICIPAL,619306007,,Región de Valparaíso ,,PROVEEDORES INTEGRALES PRISA S A | PRISA S A. - sucursal,965569405,,Región Metropolitana de Santiago,,,,,1896697,"ARTICULOS DE ASEO E HIGIENE, COLEGIO ROBERTO MATTA, Orden de Compra: 2833-120-CM24",CLORO CONCENTRADO TREMEX 5% 5000 ML UNIDAD REGIÓN V(1896697) CLORO CONCENTRADO TREMEX 5% 5000 ML UNIDAD REGIÓN V,10.0,,CLP,3953.0,,
2833-120-CM24,,2024-01-31T12:55:01Z,,,,,I MUNICIPALIDAD DE QUILLOTA | DEPARTAMENTO DE EDUCACION MUNICIPAL,619306007,,Región de Valparaíso ,,PROVEEDORES INTEGRALES PRISA S A | PRISA S A. - sucursal,965569405,,Región Metropolitana de Santiago,,,,,1895677,"ARTICULOS DE ASEO E HIGIENE, COLEGIO ROBERTO MATTA, Orden de Compra: 2833-120-CM24",CERA PARA PISOS TREMEX LÍQUIDA BIDÓN 5 L EMULSIÓN ACRÍLICA ROJA UNIDAD REGIÓN V(1895677) CERA PARA PISOS TREMEX LÍQUIDA BIDÓN 5 L EMULSIÓN ACRÍLICA ROJA UNIDAD REGIÓN V,20.0,,CLP,7717.0,,
2833-120-CM24,,2024-01-31T12:55:01Z,,,,,I MUNICIPALIDAD DE QUILLOTA | DEPARTAMENTO DE EDUCACION MUNICIPAL,619306007,,Región de Valparaíso ,,PROVEEDORES INTEGRALES PRISA S A | PRISA S A. - sucursal,965569405,,Región Metropolitana de Santiago,,,,,1902086,"ARTICULOS DE ASEO E HIGIENE, COLEGIO ROBERTO MATTA, Orden de Compra: 2833-120-CM24",ESCOBILLÓN VIRUTEX PRO USO INTERIOR FIBRA SUAVE MANGO METÁLICO 31 CM UNIDAD REGIÓN V(1902086) ESCOBILLÓN VIRUTEX PRO USO INTERIOR FIBRA SUAVE MANGO METÁLICO 31 CM UNIDAD REGIÓN V,50.0,,CLP,1884.0,,
2833-120-CM24,,2024-01-31T12:55:01Z,,,,,I MUNICIPALIDAD DE QUILLOTA | DEPARTAMENTO DE EDUCACION MUNICIPAL,619306007,,Región de Valparaíso ,,PROVEEDORES INTEGRALES PRISA S A | PRISA S A. - sucursal,965569405,,Región Metropolitana de Santiago,,,,,1932655,"ARTICULOS DE ASEO E HIGIENE, COLEGIO ROBERTO MATTA, Orden de Compra: 2833-120-CM24",JABÓN TREMEX NEUTRO-GLICERINA LÍQUIDO BIDÓN 5 L UNIDAD REGIÓN V(1932655) JABÓN TREMEX NEUTRO-GLICERINA LÍQUIDO BIDÓN 5 L UNIDAD REGIÓN V,30.0,,CLP,5661.0,,
2833-120-CM24,,2024-01-31T12:55:01Z,,,,,I MUNICIPALIDAD DE QUILLOTA | DEPARTAMENTO DE EDUCACION MUNICIPAL,619306007,,Región de Valparaíso ,,PROVEEDORES INTEGRALES PRISA S A | PRISA S A. - sucursal,965569405,,Región Metropolitana de Santiago,,,,,1918508,"ARTICULOS DE ASEO E HIGIENE, COLEGIO ROBERTO MATTA, Orden de Compra: 2833-120-CM24",PAÑO ABSORBENTE MULTIUSO VIRUTEX RESISTENTE AL CLORO PAQUETE DE UNIDAD REGIÓN V(1918508) PAÑO ABSORBENTE MULTIUSO VIRUTEX RESISTENTE AL CLORO PAQUETE DE UNIDAD REGIÓN V,50.0,,CLP,214.0,,
2833-120-CM24,,2024-01-31T12:55:01Z,,,,,I MUNICIPALIDAD DE QUILLOTA | DEPARTAMENTO DE EDUCACION MUNICIPAL,619306007,,Región de Valparaíso ,,PROVEEDORES INTEGRALES PRISA S A | PRISA S A. - sucursal,965569405,,Región Metropolitana de Santiago,,,,,1909277,"ARTICULOS DE ASEO E HIGIENE, COLEGIO ROBERTO MATTA, Orden de Compra: 2833-120-CM24",LAVALOZAS CONCENTRADO LAVADO MANUAL TREMEX ANTIGRASA CÍTRICO 5000 ML UNIDAD REGIÓN V(1909277) LAVALOZAS CONCENTRADO LAVADO MANUAL TREMEX ANTIGRASA CÍTRICO 5000 ML UNIDAD REGIÓN V,5.0,,CLP,6129.0,,
2833-99-CM24,,2024-01-31T12:54:48Z,,,,,I MUNICIPALIDAD DE QUILLOTA | DEPARTAMENTO DE EDUCACION MUNICIPAL,619306007,,Región de Valparaíso ,,PROVEEDORES INTEGRALES PRISA S A | PRISA S A. - sucursal,965569405,,Región Metropolitana de Santiago,,,,,1983028,"ARTICULOS DE ESCRITORIO, COLEGIO MANUEL GUERRERO, Orden de Compra: 2833-99-CM24",CUADERNO TORRE UNIVERSITARIO ESPIRAL T/DURA S/DISEÑO 7MM CUADRICULADA 100 HJS UD REGIÓN V(1983028) CUADERNO TORRE UNIVERSITARIO ESPIRAL T/DURA S/DISEÑO 7MM CUADRICULADA 100 HJS UD REGIÓN V,300.0,,CLP,1112.0,,
2833-99-CM24,,2024-01-31T12:54:48Z,,,,,I MUNICIPALIDAD DE QUILLOTA | DEPARTAMENTO DE EDUCACION MUNICIPAL,619306007,,Región de Valparaíso ,,PROVEEDORES INTEGRALES PRISA S A | PRISA S A. - sucursal,965569405,,Región Metropolitana de Santiago,,,,,2015022,"ARTICULOS DE ESCRITORIO, COLEGIO MANUEL GUERRERO, Orden de Compra: 2833-99-CM24",PEGAMENTO BARRA TORRE TRANSPARENTE 21GR NO TOX LAVABLE PAPEL-CARTULINA-TELA UNIDAD REGIÓN V(2015022) PEGAMENTO BARRA TORRE TRANSPARENTE 21GR NO TOX LAVABLE PAPEL-CARTULINA-TELA UNIDAD REGIÓN V,100.0,,CLP,330.0,,
2833-99-CM24,,2024-01-31T12:54:48Z,,,,,I MUNICIPALIDAD DE QUILLOTA | DEPARTAMENTO DE EDUCACION MUNICIPAL,619306007,,Región de Valparaíso ,,PROVEEDORES INTEGRALES PRISA S A | PRISA S A. - sucursal,965569405,,Región Metropolitana de Santiago,,,,,1994078,"ARTICULOS DE ESCRITORIO, COLEGIO MANUEL GUERRERO, Orden de Compra: 2833-99-CM24",LÁPIZ GRAFITO ADIX N° 2 HEXAGONAL CON GOMA CAJA 12 UNIDADES REGIÓN V(1994078) LÁPIZ GRAFITO ADIX N° 2 HEXAGONAL CON GOMA CAJA 12 UNIDADES REGIÓN V,83.0,,CLP,1653.0,,
2833-99-CM24,,2024-01-31T12:54:48Z,,,,,I MUNICIPALIDAD DE QUILLOTA | DEPARTAMENTO DE EDUCACION MUNICIPAL,619306007,,Región de Valparaíso ,,PROVEEDORES INTEGRALES PRISA S A | PRISA S A. - sucursal,965569405,,Región Metropolitana de Santiago,,,,,1992259,"ARTICULOS DE ESCRITORIO, COLEGIO MANUEL GUERRERO, Orden de Compra: 2833-99-CM24",GOMA DE BORRAR ADIX PLÁSTICO BLANCO 62MM X 11MM X 22MM UNIDAD REGIÓN V(1992259) GOMA DE BORRAR ADIX PLÁSTICO BLANCO 62MM X 11MM X 22MM UNIDAD REGIÓN V,200.0,,CLP,167.0,,
2833-99-CM24,,2024-01-31T12:54:48Z,,,,,I MUNICIPALIDAD DE QUILLOTA | DEPARTAMENTO DE EDUCACION MUNICIPAL,619306007,,Región de Valparaíso ,,PROVEEDORES INTEGRALES PRISA S A | PRISA S A. - sucursal,965569405,,Región Metropolitana de Santiago,,,,,1982076,"ARTICULOS DE ESCRITORIO, COLEGIO MANUEL GUERRERO, Orden de Compra: 2833-99-CM24",CORCHETES TORRE METAL CROMADO 26/6MM CAJA 5000 UNIDADES REGIÓN V(1982076) CORCHETES TORRE METAL CROMADO 26/6MM CAJA 5000 UNIDADES REGIÓN V,25.0,,CLP,568.0,,
2833-99-CM24,,2024-01-31T12:54:48Z,,,,,I MUNICIPALIDAD DE QUILLOTA | DEPARTAMENTO DE EDUCACION MUNICIPAL,619306007,,Región de Valparaíso ,,PROVEEDORES INTEGRALES PRISA S A | PRISA S A. - sucursal,965569405,,Región Metropolitana de Santiago,,,,,2009191,"ARTICULOS DE ESCRITORIO, COLEGIO MANUEL GUERRERO, Orden de Compra: 2833-99-CM24",CINTA MASKING TAPE USATAPE ENMASCARAR 48X40 MT UNIDAD REGIÓN V(2009191) CINTA MASKING TAPE USATAPE ENMASCARAR 48X40 MT UNIDAD REGIÓN V,20.0,,CLP,1264.0,,
2833-99-CM24,,2024-01-31T12:54:48Z,,,,,I MUNICIPALIDAD DE QUILLOTA | DEPARTAMENTO DE EDUCACION MUNICIPAL,619306007,,Región de Valparaíso ,,PROVEEDORES INTEGRALES PRISA S A | PRISA S A. - sucursal,965569405,,Región Metropolitana de Santiago,,,,,2027466,"ARTICULOS DE ESCRITORIO, COLEGIO MANUEL GUERRERO, Orden de Compra: 2833-99-CM24",TIJERA TORRE PEQUEÑA TIPO ESCOLAR PUNTA REDONDA UNIDAD REGIÓN V(2027466) TIJERA TORRE PEQUEÑA TIPO ESCOLAR PUNTA REDONDA UNIDAD REGIÓN V,100.0,,CLP,284.0,,
2833-99-CM24,,2024-01-31T12:54:48Z,,,,,I MUNICIPALIDAD DE QUILLOTA | DEPARTAMENTO DE EDUCACION MUNICIPAL,619306007,,Región de Valparaíso ,,PROVEEDORES INTEGRALES PRISA S A | PRISA S A. - sucursal,965569405,,Región Metropolitana de Santiago,,,,,2027347,"ARTICULOS DE ESCRITORIO, COLEGIO MANUEL GUERRERO, Orden de Compra: 2833-99-CM24",TIJERA TORINI OFICINA 14 CM MANGO PLÁSTICO UNIDAD REGIÓN V(2027347) TIJERA TORINI OFICINA 14 CM MANGO PLÁSTICO UNIDAD REGIÓN V,10.0,,CLP,704.0,,
2833-99-CM24,,2024-01-31T12:54:48Z,,,,,I MUNICIPALIDAD DE QUILLOTA | DEPARTAMENTO DE EDUCACION MUNICIPAL,619306007,,Región de Valparaíso ,,PROVEEDORES INTEGRALES PRISA S A | PRISA S A. - sucursal,965569405,,Región Metropolitana de Santiago,,,,,1972352,"ARTICULOS DE ESCRITORIO, COLEGIO MANUEL GUERRERO, Orden de Compra: 2833-99-CM24",BARRA DE SILICONA PROARTE TRANSPARENTE GROSOR 7MM LARGO 20 CM 10 UNIDADES REGIÓN V(1972352) BARRA DE SILICONA PROARTE TRANSPARENTE GROSOR 7MM LARGO 20 CM 10 UNIDADES REGIÓN V,100.0,,CLP,895.0,,
2833-99-CM24,,2024-01-31T12:54:48Z,,,,,I MUNICIPALIDAD DE QUILLOTA | DEPARTAMENTO DE EDUCACION MUNICIPAL,619306007,,Región de Valparaíso ,,PROVEEDORES INTEGRALES PRISA S A | PRISA S A. - sucursal,965569405,,Región Metropolitana de Santiago,,,,,2013866,"ARTICULOS DE ESCRITORIO, COLEGIO MANUEL GUERRERO, Orden de Compra: 2833-99-CM24",PAPEL IMPRESIÓN PRISA RESMA HOJA TAMAÑO OFICIO COLOR BLANCO 500 HOJAS UNIDAD REGIÓN V(2013866) PAPEL IMPRESIÓN PRISA RESMA HOJA TAMAÑO OFICIO COLOR BLANCO 500 HOJAS UNIDAD REGIÓN V,50.0,,CLP,2950.0,,
2833-99-CM24,,2024-01-31T12:54:48Z,,,,,I MUNICIPALIDAD DE QUILLOTA | DEPARTAMENTO DE EDUCACION MUNICIPAL,619306007,,Región de Valparaíso ,,PROVEEDORES INTEGRALES PRISA S A | PRISA S A. - sucursal,965569405,,Región Metropolitana de Santiago,,,,,1977469,"ARTICULOS DE ESCRITORIO, COLEGIO MANUEL GUERRERO, Orden de Compra: 2833-99-CM24",CLIP ACCO METÁLICO PUNTA REDONDA 33 MM ACERO CROMADO 100 UNIDADES REGIÓN V(1977469) CLIP ACCO METÁLICO PUNTA REDONDA 33 MM ACERO CROMADO 100 UNIDADES REGIÓN V,25.0,,CLP,175.0,,
2833-99-CM24,,2024-01-31T12:54:48Z,,,,,I MUNICIPALIDAD DE QUILLOTA | DEPARTAMENTO DE EDUCACION MUNICIPAL,619306007,,Región de Valparaíso ,,PROVEEDORES INTEGRALES PRISA S A | PRISA S A. - sucursal,965569405,,Región Metropolitana de Santiago,,,,,2004754,"ARTICULOS DE ESCRITORIO, COLEGIO MANUEL GUERRERO, Orden de Compra: 2833-99-CM24",MARCADOR PERMANENTE TORRE DE BOLSILLO PUNTA FINA REDONDA AZUL 3MM UNIDAD REGIÓN V(2004754) MARCADOR PERMANENTE TORRE DE BOLSILLO PUNTA FINA REDONDA AZUL 3MM UNIDAD REGIÓN V,50.0,,CLP,404.0,,
2833-99-CM24,,2024-01-31T12:54:48Z,,,,,I MUNICIPALIDAD DE QUILLOTA | DEPARTAMENTO DE EDUCACION MUNICIPAL,619306007,,Región de Valparaíso ,,PROVEEDORES INTEGRALES PRISA S A | PRISA S A. - sucursal,965569405,,Región Metropolitana de Santiago,,,,,1997563,"ARTICULOS DE ESCRITORIO, COLEGIO MANUEL GUERRERO, Orden de Compra: 2833-99-CM24","LÁPIZ PASTA TORRE PUNTA MEDIA AZUL 1,0MM 50 UNIDADES REGIÓN V(1997563) LÁPIZ PASTA TORRE PUNTA MEDIA AZUL 1,0MM 50 UNIDADES REGIÓN V",6.0,,CLP,4752.0,,
2833-99-CM24,,2024-01-31T12:54:48Z,,,,,I MUNICIPALIDAD DE QUILLOTA | DEPARTAMENTO DE EDUCACION MUNICIPAL,619306007,,Región de Valparaíso ,,PROVEEDORES INTEGRALES PRISA S A | PRISA S A. - sucursal,965569405,,Región Metropolitana de Santiago,,,,,1997580,"ARTICULOS DE ESCRITORIO, COLEGIO MANUEL GUERRERO, Orden de Compra: 2833-99-CM24","LÁPIZ PASTA TORRE PUNTA MEDIA NEGRO 1,0MM 50 UNIDADES REGIÓN V(1997580) LÁPIZ PASTA TORRE PUNTA MEDIA NEGRO 1,0MM 50 UNIDADES REGIÓN V",6.0,,CLP,4686.0,,
2833-99-CM24,,2024-01-31T12:54:48Z,,,,,I MUNICIPALIDAD DE QUILLOTA | DEPARTAMENTO DE EDUCACION MUNICIPAL,619306007,,Región de Valparaíso ,,PROVEEDORES INTEGRALES PRISA S A | PRISA S A. - sucursal,965569405,,Región Metropolitana de Santiago,,,,,1997597,"ARTICULOS DE ESCRITORIO, COLEGIO MANUEL GUERRERO, Orden de Compra: 2833-99-CM24","LÁPIZ PASTA TORRE PUNTA MEDIA ROJO 1,0MM 50 UNIDADES REGIÓN V(1997597) LÁPIZ PASTA TORRE PUNTA MEDIA ROJO 1,0MM 50 UNIDADES REGIÓN V",4.0,,CLP,4615.0,,
2908-76-CM24,,2024-02-14T09:47:47Z,,,,,I MUNICIPALIDAD DE LANCO | Departamento de Salud,692003004,,Región de Los Ríos,,GASCO GLP S A | GASCO GLP - DIVISION SUR,965687408,,Región Metropolitana de Santiago,,,,,1944944,Adquisición de recargas de gas para comité de bienestar de Cesfam Malalhue,GAS LICUADO CILINDRO MEDIANTE VALE DE RECARGA 5 KG XIV REGIÓN(1944944) GAS LICUADO CILINDRO MEDIANTE VALE DE RECARGA 5 KG XIV REGIÓN,7.0,,CLP,5005.0,,
2908-76-CM24,,2024-02-14T09:47:47Z,,,,,I MUNICIPALIDAD DE LANCO | Departamento de Salud,692003004,,Región de Los Ríos,,GASCO GLP S A | GASCO GLP - DIVISION SUR,965687408,,Región Metropolitana de Santiago,,,,,1944961,Adquisición de recargas de gas para comité de bienestar de Cesfam Malalhue,GAS LICUADO CILINDRO MEDIANTE VALE DE RECARGA 11 KG XIV REGIÓN(1944961) GAS LICUADO CILINDRO MEDIANTE VALE DE RECARGA 11 KG XIV REGIÓN,5.0,,CLP,9309.0,,
2908-76-CM24,,2024-02-14T09:47:47Z,,,,,I MUNICIPALIDAD DE LANCO | Departamento de Salud,692003004,,Región de Los Ríos,,GASCO GLP S A | GASCO GLP - DIVISION SUR,965687408,,Región Metropolitana de Santiago,,,,,1944978,Adquisición de recargas de gas para comité de bienestar de Cesfam Malalhue,GAS LICUADO CILINDRO MEDIANTE VALE DE RECARGA 15 KG XIV REGIÓN(1944978) GAS LICUADO CILINDRO MEDIANTE VALE DE RECARGA 15 KG XIV REGIÓN,58.0,,CLP,10913.0,,
2908-76-CM24,,2024-02-14T09:47:47Z,,,,,I MUNICIPALIDAD DE LANCO | Departamento de Salud,692003004,,Región de Los Ríos,,GASCO GLP S A | GASCO GLP - DIVISION SUR,965687408,,Región Metropolitana de Santiago,,,,,1944995,Adquisición de recargas de gas para comité de bienestar de Cesfam Malalhue,GAS LICUADO CILINDRO MEDIANTE VALE DE RECARGA 45 KG XIV REGIÓN(1944995) GAS LICUADO CILINDRO MEDIANTE VALE DE RECARGA 45 KG XIV REGIÓN,2.0,,CLP,37355.0,,
2923-102-CM24,,2024-01-31T12:52:54Z,,,,,I MUNICIPALIDAD DE CHANARAL | I MUNICIPALIDAD DE CHANARAL,690301008,,Región de Atacama ,,COPEC S.A. | COPEC S.A.,995200007,,Región Metropolitana de Santiago,,,,,1944428,Orden de Compra: 2923-102-CM24,ESTACIÓN DE SERVICIO DIESEL REGIÓN ATACAMA DESCUENTO PESOS POR LITRO(1944428) ESTACIÓN DE SERVICIO DIESEL REGIÓN ATACAMA DESCUENTO PESOS POR LITRO,1.0,,CLP,2000000.0,,
2950-85-CM24,,2024-01-29T16:55:26Z,,,,,"DIRECCION DE ABASTECIMIENTO DE LA ARMADA | ESCUELA NAVAL ""ARTURO PRAT""",611020104,,Región de Valparaíso ,,COMERCIAL SOLO FRESCO SA | SOLO FRESCO SA,761023470,,Región Metropolitana de Santiago,,,,,1453804,ADQUISICIÓN DE VÍVERES,CHOCOLATE AMBROSOLI GOLAZO BOLSA 270 G UNIDAD V REGION(1453804) CHOCOLATE AMBROSOLI GOLAZO BOLSA 270 G UNIDAD V REGION,480.0,,CLP,1587.0,,
2950-85-CM24,,2024-01-29T16:55:26Z,,,,,"DIRECCION DE ABASTECIMIENTO DE LA ARMADA | ESCUELA NAVAL ""ARTURO PRAT""",611020104,,Región de Valparaíso ,,COMERCIAL SOLO FRESCO SA | SOLO FRESCO SA,761023470,,Región Metropolitana de Santiago,,,,,1447699,ADQUISICIÓN DE VÍVERES,CHOCOLATE NESTLE PRESTIGIO BARRA 35 G UNIDAD V REGION(1447699) CHOCOLATE NESTLE PRESTIGIO BARRA 35 G UNIDAD V REGION,4800.0,,CLP,336.0,,
2950-85-CM24,,2024-01-29T16:55:26Z,,,,,"DIRECCION DE ABASTECIMIENTO DE LA ARMADA | ESCUELA NAVAL ""ARTURO PRAT""",611020104,,Región de Valparaíso ,,COMERCIAL SOLO FRESCO SA | SOLO FRESCO SA,761023470,,Región Metropolitana de Santiago,,,,,1449934,ADQUISICIÓN DE VÍVERES,SEMOLA CAROZZI BOLSA 500 G UNIDAD V REGION(1449934) SEMOLA CAROZZI BOLSA 500 G UNIDAD V REGION,240.0,,CLP,1831.0,,
2950-85-CM24,,2024-01-29T16:55:26Z,,,,,"DIRECCION DE ABASTECIMIENTO DE LA ARMADA | ESCUELA NAVAL ""ARTURO PRAT""",611020104,,Región de Valparaíso ,,COMERCIAL SOLO FRESCO SA | SOLO FRESCO SA,761023470,,Región Metropolitana de Santiago,,,,,1448089,ADQUISICIÓN DE VÍVERES,GALLETA DULCE NESTLE SUPER 8 BOLSA 29 G UNIDAD V REGION(1448089) GALLETA DULCE NESTLE SUPER 8 BOLSA 29 G UNIDAD V REGION,4800.0,,CLP,210.0,,
3082-73-CM24,,2024-02-14T09:47:47Z,,,,,I MUNICIPALIDAD DE PANQUEHUE | Dpto. Administraciòn y Finanzas,690508001,,Región de Valparaíso ,,COPEC S.A. | COPEC S.A.,995200007,,Región Metropolitana de Santiago,,,,,1944430,Combustible para vehículos municipales,ESTACIÓN DE SERVICIO DIESEL REGIÓN VALPARAÍSO DESCUENTO PESOS POR LITRO(1944430) ESTACIÓN DE SERVICIO DIESEL REGIÓN VALPARAÍSO DESCUENTO PESOS POR LITRO,1.0,,CLP,2000000.0,,
3086-35-CM24,,2024-01-30T14:41:07Z,,,,,DIRECCION DE ABASTECIMIENTO DE LA ARMADA | CENTRO DE ABASTECIMIENTO (V) (ADQ),611020058,,Región de Valparaíso ,,Guillermo Patricio | Guillermo Bustamante Mega21,763387771,,Región de Valparaíso ,,,,,2011299,ADQUISICIÓN DE MATERIALES SERVMAD ,MOUSE PAD TECMASTER CON GEL APOYA MUÑECA 240X280 MM UNIDAD REGIÓN V(2011299) MOUSE PAD TECMASTER CON GEL APOYA MUÑECA 240X280 MM UNIDAD REGIÓN V,225.0,,CLP,2613.0,,
3086-35-CM24,,2024-01-30T14:41:07Z,,,,,DIRECCION DE ABASTECIMIENTO DE LA ARMADA | CENTRO DE ABASTECIMIENTO (V) (ADQ),611020058,,Región de Valparaíso ,,Guillermo Patricio | Guillermo Bustamante Mega21,763387771,,Región de Valparaíso ,,,,,2016501,ADQUISICIÓN DE MATERIALES SERVMAD ,PERFORADORA TORRE PLASTICA NEGRA 30 HOJAS UNIDAD REGIÓN V(2016501) PERFORADORA TORRE PLASTICA NEGRA 30 HOJAS UNIDAD REGIÓN V,311.0,,CLP,4853.0,,
3086-35-CM24,,2024-01-30T14:41:07Z,,,,,DIRECCION DE ABASTECIMIENTO DE LA ARMADA | CENTRO DE ABASTECIMIENTO (V) (ADQ),611020058,,Región de Valparaíso ,,Guillermo Patricio | Guillermo Bustamante Mega21,763387771,,Región de Valparaíso ,,,,,1984150,ADQUISICIÓN DE MATERIALES SERVMAD ,CUCHILLO CARTONERO SELLOFFICE HOJA 18MM ANTIDESLIZANTE RETRÁCTIL C/SEGURO UD REGIÓN V(1984150) CUCHILLO CARTONERO SELLOFFICE HOJA 18MM ANTIDESLIZANTE RETRÁCTIL C/SEGURO UD REGIÓN V,1892.0,,CLP,268.0,,
3086-45-CM24,,2024-01-30T14:40:45Z,,,,,DIRECCION DE ABASTECIMIENTO DE LA ARMADA | CENTRO DE ABASTECIMIENTO (V) (ADQ),611020058,,Región de Valparaíso ,,Guillermo Patricio | Guillermo Bustamante Mega21,763387771,,Región de Valparaíso ,,,,,2009276,ADQUISICIÓN DE MICAS SERVMAD,MICA DIAZOL FANTASIA OFICIO CELESTE 125 UNIDADES REGIÓN V(2009276) MICA DIAZOL FANTASIA OFICIO CELESTE 125 UNIDADES REGIÓN V,279.0,,CLP,11122.0,,
3109-143-CM24,,2024-02-22T16:17:12Z,,,,,DIRECCION DE ABASTECIMIENTO DE LA ARMADA | DIRECCION GENERAL DEL PERSONAL DE LA ARMADA,611020139,,Región de Valparaíso ,,AGENCIA DE VIAJES TURAVION SPA | Turavion SpA,809894002,,Región Metropolitana de Santiago,,,,,1849200,ADQUISICIÓN DE PASAJES AÉREOS OT.,PASAJE AÉREO(1849200) PASAJE AÉREO,1.0,,CLP,115980.0,,
3109-143-CM24,,2024-02-22T16:17:12Z,,,,,DIRECCION DE ABASTECIMIENTO DE LA ARMADA | DIRECCION GENERAL DEL PERSONAL DE LA ARMADA,611020139,,Región de Valparaíso ,,AGENCIA DE VIAJES TURAVION SPA | Turavion SpA,809894002,,Región Metropolitana de Santiago,,,,,1849900,ADQUISICIÓN DE PASAJES AÉREOS OT.,TASA DE EMBARQUE(1849900) TASA DE EMBARQUE,1.0,,CLP,36312.0,,
3109-301-CM24,,2024-02-16T09:41:10Z,,,,,DIRECCION DE ABASTECIMIENTO DE LA ARMADA | DIRECCION GENERAL DEL PERSONAL DE LA ARMADA,611020139,,Región de Valparaíso ,,AGENCIA DE VIAJES TURAVION SPA | Turavion SpA,809894002,,Región Metropolitana de Santiago,,,,,1849200,Adquisición de pasajes aéreos Ot.,PASAJE AÉREO(1849200) PASAJE AÉREO,1.0,,CLP,139270.0,,
3109-301-CM24,,2024-02-16T09:41:10Z,,,,,DIRECCION DE ABASTECIMIENTO DE LA ARMADA | DIRECCION GENERAL DEL PERSONAL DE LA ARMADA,611020139,,Región de Valparaíso ,,AGENCIA DE VIAJES TURAVION SPA | Turavion SpA,809894002,,Región Metropolitana de Santiago,,,,,1849200,Adquisición de pasajes aéreos Ot.,PASAJE AÉREO(1849200) PASAJE AÉREO,1.0,,CLP,139270.0,,
3109-301-CM24,,2024-02-16T09:41:10Z,,,,,DIRECCION DE ABASTECIMIENTO DE LA ARMADA | DIRECCION GENERAL DEL PERSONAL DE LA ARMADA,611020139,,Región de Valparaíso ,,AGENCIA DE VIAJES TURAVION SPA | Turavion SpA,809894002,,Región Metropolitana de Santiago,,,,,1849200,Adquisición de pasajes aéreos Ot.,PASAJE AÉREO(1849200) PASAJE AÉREO,1.0,,CLP,139270.0,,
3109-301-CM24,,2024-02-16T09:41:10Z,,,,,DIRECCION DE ABASTECIMIENTO DE LA ARMADA | DIRECCION GENERAL DEL PERSONAL DE LA ARMADA,611020139,,Región de Valparaíso ,,AGENCIA DE VIAJES TURAVION SPA | Turavion SpA,809894002,,Región Metropolitana de Santiago,,,,,1849900,Adquisición de pasajes aéreos Ot.,TASA DE EMBARQUE(1849900) TASA DE EMBARQUE,1.0,,CLP,21672.0,,
3109-303-CM24,,2024-02-16T09:41:10Z,,,,,DIRECCION DE ABASTECIMIENTO DE LA ARMADA | DIRECCION GENERAL DEL PERSONAL DE LA ARMADA,611020139,,Región de Valparaíso ,,AGENCIA DE VIAJES TURAVION SPA | Turavion SpA,809894002,,Región Metropolitana de Santiago,,,,,1849200,Adquisición de pasajes aéreos Ot.,PASAJE AÉREO(1849200) PASAJE AÉREO,1.0,,CLP,81130.0,,
3109-303-CM24,,2024-02-16T09:41:10Z,,,,,DIRECCION DE ABASTECIMIENTO DE LA ARMADA | DIRECCION GENERAL DEL PERSONAL DE LA ARMADA,611020139,,Región de Valparaíso ,,AGENCIA DE VIAJES TURAVION SPA | Turavion SpA,809894002,,Región Metropolitana de Santiago,,,,,1849200,Adquisición de pasajes aéreos Ot.,PASAJE AÉREO(1849200) PASAJE AÉREO,1.0,,CLP,81130.0,,
3109-303-CM24,,2024-02-16T09:41:10Z,,,,,DIRECCION DE ABASTECIMIENTO DE LA ARMADA | DIRECCION GENERAL DEL PERSONAL DE LA ARMADA,611020139,,Región de Valparaíso ,,AGENCIA DE VIAJES TURAVION SPA | Turavion SpA,809894002,,Región Metropolitana de Santiago,,,,,1849200,Adquisición de pasajes aéreos Ot.,PASAJE AÉREO(1849200) PASAJE AÉREO,1.0,,CLP,81130.0,,
3109-303-CM24,,2024-02-16T09:41:10Z,,,,,DIRECCION DE ABASTECIMIENTO DE LA ARMADA | DIRECCION GENERAL DEL PERSONAL DE LA ARMADA,611020139,,Región de Valparaíso ,,AGENCIA DE VIAJES TURAVION SPA | Turavion SpA,809894002,,Región Metropolitana de Santiago,,,,,1849900,Adquisición de pasajes aéreos Ot.,TASA DE EMBARQUE(1849900) TASA DE EMBARQUE,1.0,,CLP,21672.0,,
3109-312-CM24,,2024-02-16T09:41:10Z,,,,,DIRECCION DE ABASTECIMIENTO DE LA ARMADA | DIRECCION GENERAL DEL PERSONAL DE LA ARMADA,611020139,,Región de Valparaíso ,,AGENCIA DE VIAJES TURAVION SPA | Turavion SpA,809894002,,Región Metropolitana de Santiago,,,,,1849200,Adquisición de pasajes aéreos Ot.,PASAJE AÉREO(1849200) PASAJE AÉREO,1.0,,CLP,90400.0,,
3109-312-CM24,,2024-02-16T09:41:10Z,,,,,DIRECCION DE ABASTECIMIENTO DE LA ARMADA | DIRECCION GENERAL DEL PERSONAL DE LA ARMADA,611020139,,Región de Valparaíso ,,AGENCIA DE VIAJES TURAVION SPA | Turavion SpA,809894002,,Región Metropolitana de Santiago,,,,,1849200,Adquisición de pasajes aéreos Ot.,PASAJE AÉREO(1849200) PASAJE AÉREO,1.0,,CLP,90400.0,,
3109-312-CM24,,2024-02-16T09:41:10Z,,,,,DIRECCION DE ABASTECIMIENTO DE LA ARMADA | DIRECCION GENERAL DEL PERSONAL DE LA ARMADA,611020139,,Región de Valparaíso ,,AGENCIA DE VIAJES TURAVION SPA | Turavion SpA,809894002,,Región Metropolitana de Santiago,,,,,1849900,Adquisición de pasajes aéreos Ot.,TASA DE EMBARQUE(1849900) TASA DE EMBARQUE,1.0,,CLP,14448.0,,
3109-317-CM24,,2024-02-16T09:41:10Z,,,,,DIRECCION DE ABASTECIMIENTO DE LA ARMADA | DIRECCION GENERAL DEL PERSONAL DE LA ARMADA,611020139,,Región de Valparaíso ,,AGENCIA DE VIAJES TURAVION SPA | Turavion SpA,809894002,,Región Metropolitana de Santiago,,,,,1849200,Adquisición de pasajes aéreos Ot.,PASAJE AÉREO(1849200) PASAJE AÉREO,1.0,,CLP,135990.0,,
3109-317-CM24,,2024-02-16T09:41:10Z,,,,,DIRECCION DE ABASTECIMIENTO DE LA ARMADA | DIRECCION GENERAL DEL PERSONAL DE LA ARMADA,611020139,,Región de Valparaíso ,,AGENCIA DE VIAJES TURAVION SPA | Turavion SpA,809894002,,Región Metropolitana de Santiago,,,,,1849200,Adquisición de pasajes aéreos Ot.,PASAJE AÉREO(1849200) PASAJE AÉREO,1.0,,CLP,135990.0,,
3109-317-CM24,,2024-02-16T09:41:10Z,,,,,DIRECCION DE ABASTECIMIENTO DE LA ARMADA | DIRECCION GENERAL DEL PERSONAL DE LA ARMADA,611020139,,Región de Valparaíso ,,AGENCIA DE VIAJES TURAVION SPA | Turavion SpA,809894002,,Región Metropolitana de Santiago,,,,,1849200,Adquisición de pasajes aéreos Ot.,PASAJE AÉREO(1849200) PASAJE AÉREO,1.0,,CLP,135990.0,,
3109-317-CM24,,2024-02-16T09:41:10Z,,,,,DIRECCION DE ABASTECIMIENTO DE LA ARMADA | DIRECCION GENERAL DEL PERSONAL DE LA ARMADA,611020139,,Región de Valparaíso ,,AGENCIA DE VIAJES TURAVION SPA | Turavion SpA,809894002,,Región Metropolitana de Santiago,,,,,1849900,Adquisición de pasajes aéreos Ot.,TASA DE EMBARQUE(1849900) TASA DE EMBARQUE,1.0,,CLP,54504.0,,
3109-35-CM24,,2024-01-29T15:24:32Z,,,,,DIRECCION DE ABASTECIMIENTO DE LA ARMADA | DIRECCION GENERAL DEL PERSONAL DE LA ARMADA,611020139,,Región de Valparaíso ,,AGENCIA DE VIAJES TURAVION SPA | Turavion SpA,809894002,,Región Metropolitana de Santiago,,,,,1849200,Orden de Compra: 3109-35-CM24 ADQUISICIÓN DE PASAJES AEREOS OT,PASAJE AÉREO(1849200) PASAJE AÉREO,1.0,,CLP,215980.0,,
3109-35-CM24,,2024-01-29T15:24:32Z,,,,,DIRECCION DE ABASTECIMIENTO DE LA ARMADA | DIRECCION GENERAL DEL PERSONAL DE LA ARMADA,611020139,,Región de Valparaíso ,,AGENCIA DE VIAJES TURAVION SPA | Turavion SpA,809894002,,Región Metropolitana de Santiago,,,,,1849900,Orden de Compra: 3109-35-CM24 ADQUISICIÓN DE PASAJES AEREOS OT,TASA DE EMBARQUE(1849900) TASA DE EMBARQUE,1.0,,CLP,35722.0,,
3113-8-CM24,,2024-02-14T09:47:47Z,,,,,DIRECCION DE ABASTECIMIENTO DE LA ARMADA | DIRECCION DE RECUPERACION DE UNIDADES DE LA ARMADA,619465008,,Región del Biobío ,,PROVEEDORES INTEGRALES DEL SUR S.A. | PRISUR,760415790,,Región de la Araucanía ,,,,,1931420,ADQUISICIÓN DE ARTÍCULOS DE ASEO PARA LA DIRECCIÓN DE RECUPERACIÓN DE UNIDADES DE LA ARMADA,DESINFECTANTE SUPERFICIES EN AEROSOL IGENIX ANTIBACTERIAL 360 ML UNIDAD REGIÓN VIII(1931420) DESINFECTANTE SUPERFICIES EN AEROSOL IGENIX ANTIBACTERIAL 360 ML UNIDAD REGIÓN VIII,24.0,,CLP,1594.0,,
3113-8-CM24,,2024-02-14T09:47:47Z,,,,,DIRECCION DE ABASTECIMIENTO DE LA ARMADA | DIRECCION DE RECUPERACION DE UNIDADES DE LA ARMADA,619465008,,Región del Biobío ,,PROVEEDORES INTEGRALES DEL SUR S.A. | PRISUR,760415790,,Región de la Araucanía ,,,,,1898536,ADQUISICIÓN DE ARTÍCULOS DE ASEO PARA LA DIRECCIÓN DE RECUPERACIÓN DE UNIDADES DE LA ARMADA,DESODORANTE AMBIENTAL AROM AEROSOL 360 CC MARINO UNIDAD REGIÓN VIII(1898536) DESODORANTE AMBIENTAL AROM AEROSOL 360 CC MARINO UNIDAD REGIÓN VIII,24.0,,CLP,1278.0,,
3113-8-CM24,,2024-02-14T09:47:47Z,,,,,DIRECCION DE ABASTECIMIENTO DE LA ARMADA | DIRECCION DE RECUPERACION DE UNIDADES DE LA ARMADA,619465008,,Región del Biobío ,,PROVEEDORES INTEGRALES DEL SUR S.A. | PRISUR,760415790,,Región de la Araucanía ,,,,,1932964,ADQUISICIÓN DE ARTÍCULOS DE ASEO PARA LA DIRECCIÓN DE RECUPERACIÓN DE UNIDADES DE LA ARMADA,JABÓN ELITE PROFESSIONAL NEUTRO-GLICERINA LÍQUIDO BIDÓN 5 L UNIDAD REGIÓN VIII(1932964) JABÓN ELITE PROFESSIONAL NEUTRO-GLICERINA LÍQUIDO BIDÓN 5 L UNIDAD REGIÓN VIII,10.0,,CLP,6733.0,,
3113-8-CM24,,2024-02-14T09:47:47Z,,,,,DIRECCION DE ABASTECIMIENTO DE LA ARMADA | DIRECCION DE RECUPERACION DE UNIDADES DE LA ARMADA,619465008,,Región del Biobío ,,PROVEEDORES INTEGRALES DEL SUR S.A. | PRISUR,760415790,,Región de la Araucanía ,,,,,1926773,ADQUISICIÓN DE ARTÍCULOS DE ASEO PARA LA DIRECCIÓN DE RECUPERACIÓN DE UNIDADES DE LA ARMADA,TRAPERO REUTILIZABLE VIRUTEX ABSORVENTE DOBLE C/OJAL 50X50 CM UNIDAD REGIÓN VIII(1926773) TRAPERO REUTILIZABLE VIRUTEX ABSORVENTE DOBLE C/OJAL 50X50 CM UNIDAD REGIÓN VIII,20.0,,CLP,1113.0,,
3113-8-CM24,,2024-02-14T09:47:47Z,,,,,DIRECCION DE ABASTECIMIENTO DE LA ARMADA | DIRECCION DE RECUPERACION DE UNIDADES DE LA ARMADA,619465008,,Región del Biobío ,,PROVEEDORES INTEGRALES DEL SUR S.A. | PRISUR,760415790,,Región de la Araucanía ,,,,,1896547,ADQUISICIÓN DE ARTÍCULOS DE ASEO PARA LA DIRECCIÓN DE RECUPERACIÓN DE UNIDADES DE LA ARMADA,CLORO CONCENTRADO IMPEKE 5% 1000 ML UNIDAD REGIÓN VIII(1896547) CLORO CONCENTRADO IMPEKE 5% 1000 ML UNIDAD REGIÓN VIII,24.0,,CLP,693.0,,
3113-8-CM24,,2024-02-14T09:47:47Z,,,,,DIRECCION DE ABASTECIMIENTO DE LA ARMADA | DIRECCION DE RECUPERACION DE UNIDADES DE LA ARMADA,619465008,,Región del Biobío ,,PROVEEDORES INTEGRALES DEL SUR S.A. | PRISUR,760415790,,Región de la Araucanía ,,,,,1912442,ADQUISICIÓN DE ARTÍCULOS DE ASEO PARA LA DIRECCIÓN DE RECUPERACIÓN DE UNIDADES DE LA ARMADA,LÍQUIDO LIMPIAVIDRIOS TREMEX BOTELLA C/PULVERIZADOR 500 CC UNIDAD REGIÓN VIII(1912442) LÍQUIDO LIMPIAVIDRIOS TREMEX BOTELLA C/PULVERIZADOR 500 CC UNIDAD REGIÓN VIII,15.0,,CLP,1994.0,,
3113-8-CM24,,2024-02-14T09:47:47Z,,,,,DIRECCION DE ABASTECIMIENTO DE LA ARMADA | DIRECCION DE RECUPERACION DE UNIDADES DE LA ARMADA,619465008,,Región del Biobío ,,PROVEEDORES INTEGRALES DEL SUR S.A. | PRISUR,760415790,,Región de la Araucanía ,,,,,1923917,ADQUISICIÓN DE ARTÍCULOS DE ASEO PARA LA DIRECCIÓN DE RECUPERACIÓN DE UNIDADES DE LA ARMADA,TOALLA DE PAPEL ELITE HOJA SIMPLE 250 M 2 ROLLOS REGIÓN VIII(1923917) TOALLA DE PAPEL ELITE HOJA SIMPLE 250 M 2 ROLLOS REGIÓN VIII,120.0,,CLP,8160.0,,
3113-8-CM24,,2024-02-14T09:47:47Z,,,,,DIRECCION DE ABASTECIMIENTO DE LA ARMADA | DIRECCION DE RECUPERACION DE UNIDADES DE LA ARMADA,619465008,,Región del Biobío ,,PROVEEDORES INTEGRALES DEL SUR S.A. | PRISUR,760415790,,Región de la Araucanía ,,,,,1920058,ADQUISICIÓN DE ARTÍCULOS DE ASEO PARA LA DIRECCIÓN DE RECUPERACIÓN DE UNIDADES DE LA ARMADA,PAPEL HIGIÉNICO ELITE ALTO METRAJE HOJA SIMPLE 4 ROLLOS 500 M 1 PAQUETE REGIÓN VIII(1920058) PAPEL HIGIÉNICO ELITE ALTO METRAJE HOJA SIMPLE 4 ROLLOS 500 M 1 PAQUETE REGIÓN VIII,70.0,,CLP,8144.0,,
3113-8-CM24,,2024-02-14T09:47:47Z,,,,,DIRECCION DE ABASTECIMIENTO DE LA ARMADA | DIRECCION DE RECUPERACION DE UNIDADES DE LA ARMADA,619465008,,Región del Biobío ,,PROVEEDORES INTEGRALES DEL SUR S.A. | PRISUR,760415790,,Región de la Araucanía ,,,,,1942010,ADQUISICIÓN DE ARTÍCULOS DE ASEO PARA LA DIRECCIÓN DE RECUPERACIÓN DE UNIDADES DE LA ARMADA,BOLSA DE BASURA VIRUTEX PRO CARGA PESADA 120X130 CM 280 L ROLLO X 5 UNIDADES REGIÓN VIII(1942010) BOLSA DE BASURA VIRUTEX PRO CARGA PESADA 120X130 CM 280 L ROLLO X 5 UNIDADES REGIÓN VIII,100.0,,CLP,2699.0,,
3113-8-CM24,,2024-02-14T09:47:47Z,,,,,DIRECCION DE ABASTECIMIENTO DE LA ARMADA | DIRECCION DE RECUPERACION DE UNIDADES DE LA ARMADA,619465008,,Región del Biobío ,,PROVEEDORES INTEGRALES DEL SUR S.A. | PRISUR,760415790,,Región de la Araucanía ,,,,,1889016,ADQUISICIÓN DE ARTÍCULOS DE ASEO PARA LA DIRECCIÓN DE RECUPERACIÓN DE UNIDADES DE LA ARMADA,BOLSA DE BASURA IMPEKE PEQUEÑA 50X70 30 L ROLLO X 10 UNIDADES REGIÓN VIII(1889016) BOLSA DE BASURA IMPEKE PEQUEÑA 50X70 30 L ROLLO X 10 UNIDADES REGIÓN VIII,115.0,,CLP,313.0,,
3113-8-CM24,,2024-02-14T09:47:47Z,,,,,DIRECCION DE ABASTECIMIENTO DE LA ARMADA | DIRECCION DE RECUPERACION DE UNIDADES DE LA ARMADA,619465008,,Región del Biobío ,,PROVEEDORES INTEGRALES DEL SUR S.A. | PRISUR,760415790,,Región de la Araucanía ,,,,,1913649,ADQUISICIÓN DE ARTÍCULOS DE ASEO PARA LA DIRECCIÓN DE RECUPERACIÓN DE UNIDADES DE LA ARMADA,PALA DE ASEO VIRUTEX PRO PLÁSTICA MANGO LARGO 80 CM UNIDAD REGIÓN VIII(1913649) PALA DE ASEO VIRUTEX PRO PLÁSTICA MANGO LARGO 80 CM UNIDAD REGIÓN VIII,12.0,,CLP,1703.0,,
3113-8-CM24,,2024-02-14T09:47:47Z,,,,,DIRECCION DE ABASTECIMIENTO DE LA ARMADA | DIRECCION DE RECUPERACION DE UNIDADES DE LA ARMADA,619465008,,Región del Biobío ,,PROVEEDORES INTEGRALES DEL SUR S.A. | PRISUR,760415790,,Región de la Araucanía ,,,,,1902038,ADQUISICIÓN DE ARTÍCULOS DE ASEO PARA LA DIRECCIÓN DE RECUPERACIÓN DE UNIDADES DE LA ARMADA,ESCOBILLÓN VIRUTEX PRO USO INTERIOR FIBRA MEDIA MANGO METÁLICO 30 CM UNIDAD REGIÓN VIII(1902038) ESCOBILLÓN VIRUTEX PRO USO INTERIOR FIBRA MEDIA MANGO METÁLICO 30 CM UNIDAD REGIÓN VIII,12.0,,CLP,1670.0,,
3152-55-CM24,,2024-01-30T17:35:26Z,,,,,ILUSTRE MUNICIPALIDAD DE MACHALI | Dirección de Salud,690802007,,Región del Libertador General Bernardo O´Higgins,,DIMERC S A | DIMERC S.A.,966708409,,Región de Antofagasta ,,,,,1890340,INSUMOS DE HIGIENE Y ASEO PARA SALUD MACHALI ,BOLSA DE BASURA SUPERIOR MEDIANA 70X90 70 L ROLLO X 10 UNIDADES REGIÓN VI(1890340) BOLSA DE BASURA SUPERIOR MEDIANA 70X90 70 L ROLLO X 10 UNIDADES REGIÓN VI,1200.0,,CLP,774.0,,
3152-55-CM24,,2024-01-30T17:35:26Z,,,,,ILUSTRE MUNICIPALIDAD DE MACHALI | Dirección de Salud,690802007,,Región del Libertador General Bernardo O´Higgins,,DIMERC S A | DIMERC S.A.,966708409,,Región de Antofagasta ,,,,,1890578,INSUMOS DE HIGIENE Y ASEO PARA SALUD MACHALI ,BOLSA DE BASURA VIRUTEX PRO GRANDE 80X110 120 L ROLLO X 10 UNIDADES REGIÓN VI(1890578) BOLSA DE BASURA VIRUTEX PRO GRANDE 80X110 120 L ROLLO X 10 UNIDADES REGIÓN VI,100.0,,CLP,929.0,,
3152-55-CM24,,2024-01-30T17:35:26Z,,,,,ILUSTRE MUNICIPALIDAD DE MACHALI | Dirección de Salud,690802007,,Región del Libertador General Bernardo O´Higgins,,DIMERC S A | DIMERC S.A.,966708409,,Región de Antofagasta ,,,,,1902121,INSUMOS DE HIGIENE Y ASEO PARA SALUD MACHALI ,ESCOBILLÓN VIRUTEX PRO USO INTERIOR FIBRA SUAVE MANGO METÁLICO 33 CM UNIDAD REGIÓN VI(1902121) ESCOBILLÓN VIRUTEX PRO USO INTERIOR FIBRA SUAVE MANGO METÁLICO 33 CM UNIDAD REGIÓN VI,30.0,,CLP,1800.0,,
3152-55-CM24,,2024-01-30T17:35:26Z,,,,,ILUSTRE MUNICIPALIDAD DE MACHALI | Dirección de Salud,690802007,,Región del Libertador General Bernardo O´Higgins,,DIMERC S A | DIMERC S.A.,966708409,,Región de Antofagasta ,,,,,1913681,INSUMOS DE HIGIENE Y ASEO PARA SALUD MACHALI ,PALA DE ASEO VIRUTEX PRO PLÁSTICA MANGO LARGO 90 CM UNIDAD REGIÓN VI(1913681) PALA DE ASEO VIRUTEX PRO PLÁSTICA MANGO LARGO 90 CM UNIDAD REGIÓN VI,15.0,,CLP,1605.0,,
3152-55-CM24,,2024-01-30T17:35:26Z,,,,,ILUSTRE MUNICIPALIDAD DE MACHALI | Dirección de Salud,690802007,,Región del Libertador General Bernardo O´Higgins,,DIMERC S A | DIMERC S.A.,966708409,,Región de Antofagasta ,,,,,1918339,INSUMOS DE HIGIENE Y ASEO PARA SALUD MACHALI ,PAÑO ABSORBENTE MULTIUSO VIRUTEX DESINFECTANTE PAQUETE DE 50 UNIDADES REGIÓN VI(1918339) PAÑO ABSORBENTE MULTIUSO VIRUTEX DESINFECTANTE PAQUETE DE 50 UNIDADES REGIÓN VI,200.0,,CLP,1571.0,,
3152-55-CM24,,2024-01-30T17:35:26Z,,,,,ILUSTRE MUNICIPALIDAD DE MACHALI | Dirección de Salud,690802007,,Región del Libertador General Bernardo O´Higgins,,DIMERC S A | DIMERC S.A.,966708409,,Región de Antofagasta ,,,,,1911233,INSUMOS DE HIGIENE Y ASEO PARA SALUD MACHALI ,LIMPIADOR DE PISOS VIRUTEX CONCENTRADO MULTIUSO BOTELLA 900 ML UNIDAD REGIÓN VI(1911233) LIMPIADOR DE PISOS VIRUTEX CONCENTRADO MULTIUSO BOTELLA 900 ML UNIDAD REGIÓN VI,120.0,,CLP,902.0,,
3152-55-CM24,,2024-01-30T17:35:26Z,,,,,ILUSTRE MUNICIPALIDAD DE MACHALI | Dirección de Salud,690802007,,Región del Libertador General Bernardo O´Higgins,,DIMERC S A | DIMERC S.A.,966708409,,Región de Antofagasta ,,,,,1922402,INSUMOS DE HIGIENE Y ASEO PARA SALUD MACHALI ,PROTECTOR SOLAR WORKTEEN FACTOR 50 200 ML UNIDAD REGIÓN VI(1922402) PROTECTOR SOLAR WORKTEEN FACTOR 50 200 ML UNIDAD REGIÓN VI,100.0,,CLP,2453.0,,
3156-42-CM24,,2024-01-29T16:21:18Z,,,,,DIRECCION DE ABASTECIMIENTO DE LA ARMADA | ESCUELA DE GRUMETES,611020244,,Región del Biobío ,,SOCIEDAD COMERCIAL OCTAVA LIMITADA | COMERCIAL OCTAVA LTDA,760467162,,Región del Biobío ,,,,,2013818,PAPEL FOTOCOPIA IMPRENTA 3156-42-CM24,PAPEL IMPRESIÓN PREMIER RESMA HOJA TAMAÑO CARTA COLOR BLANCO 500 HOJAS UNIDAD REGIÓN VIII(2013818) PAPEL IMPRESIÓN PREMIER RESMA HOJA TAMAÑO CARTA COLOR BLANCO 500 HOJAS UNIDAD REGIÓN VIII,250.0,,CLP,3375.0,,
3156-42-CM24,,2024-01-29T16:21:18Z,,,,,DIRECCION DE ABASTECIMIENTO DE LA ARMADA | ESCUELA DE GRUMETES,611020244,,Región del Biobío ,,SOCIEDAD COMERCIAL OCTAVA LIMITADA | COMERCIAL OCTAVA LTDA,760467162,,Región del Biobío ,,,,,2013835,PAPEL FOTOCOPIA IMPRENTA 3156-42-CM24,PAPEL IMPRESIÓN PREMIER RESMA HOJA TAMAÑO OFICIO COLOR BLANCO 500 HOJAS UNIDAD REGIÓN VIII(2013835) PAPEL IMPRESIÓN PREMIER RESMA HOJA TAMAÑO OFICIO COLOR BLANCO 500 HOJAS UNIDAD REGIÓN VIII,850.0,,CLP,3988.0,,
3156-61-CM24,,2024-01-30T17:59:38Z,,,,,DIRECCION DE ABASTECIMIENTO DE LA ARMADA | ESCUELA DE GRUMETES,611020244,,Región del Biobío ,,RICARDO LIZANDRO FIERRO AYALA | RICARDO FIERRO AYALA,56146946,,Región del Biobío ,,,,,1444147,"ADQ. DE DURAZNO CONSERVA GALONES 3KG, VIVERES ESGRUM 2024.-",FRUTA CONSERVA DOS CABALLOS DURAZNOS EN TROCITOS TARRO 3000 G UNIDAD VIII REGION(1444147) FRUTA CONSERVA DOS CABALLOS DURAZNOS EN TROCITOS TARRO 3000 G UNIDAD VIII REGION,600.0,,CLP,7729.0,,
3156-65-CM24,,2024-01-31T18:57:07Z,,,,,DIRECCION DE ABASTECIMIENTO DE LA ARMADA | ESCUELA DE GRUMETES,611020244,,Región del Biobío ,,RICARDO LIZANDRO FIERRO AYALA | RICARDO FIERRO AYALA,56146946,,Región del Biobío ,,,,,1432417,"ADQ. DE KETCHUP, VIVERES ESGRUM 2024.-",KETCHUP  JB DOYPACK 1K UNIDAD VIII REGION(1432417) KETCHUP  JB DOYPACK 1K UNIDAD VIII REGION,250.0,,CLP,2826.0,,
316-61-CM24,,2024-01-31T13:11:10Z,,,,,I MUNICIPALIDAD DE VILLA ALEMANA | ADQUISICIONES,690615002,,Región de Valparaíso ,,SERVICIOS INTEGRADOS SIDAPT LIMITADA | SERVICIOS INTEGRADOS SIDAPT LTDA,762993589,,Región Metropolitana de Santiago,,,,,1476634,Orden de Compra: 316-61-CM24,LECHE EN POLVO DESCREMADA CALO INSTANTANEA BOLSA 800 G UNIDAD V REGION(1476634) LECHE EN POLVO DESCREMADA CALO INSTANTANEA BOLSA 800 G UNIDAD V REGION,400.0,,CLP,6080.0,,
316-61-CM24,,2024-01-31T13:11:10Z,,,,,I MUNICIPALIDAD DE VILLA ALEMANA | ADQUISICIONES,690615002,,Región de Valparaíso ,,SERVICIOS INTEGRADOS SIDAPT LIMITADA | SERVICIOS INTEGRADOS SIDAPT LTDA,762993589,,Región Metropolitana de Santiago,,,,,1444669,Orden de Compra: 316-61-CM24,LENTEJA BANQUETE 6 MM BOLSA 1K UNIDAD V REGION(1444669) LENTEJA BANQUETE 6 MM BOLSA 1K UNIDAD V REGION,400.0,,CLP,2451.0,,
316-61-CM24,,2024-01-31T13:11:10Z,,,,,I MUNICIPALIDAD DE VILLA ALEMANA | ADQUISICIONES,690615002,,Región de Valparaíso ,,SERVICIOS INTEGRADOS SIDAPT LIMITADA | SERVICIOS INTEGRADOS SIDAPT LTDA,762993589,,Región Metropolitana de Santiago,,,,,1433179,Orden de Compra: 316-61-CM24,ACEITE VEGETAL BELMONT BOTELLA 1 L UNIDAD V REGION(1433179) ACEITE VEGETAL BELMONT BOTELLA 1 L UNIDAD V REGION,400.0,,CLP,3314.0,,
316-61-CM24,,2024-01-31T13:11:10Z,,,,,I MUNICIPALIDAD DE VILLA ALEMANA | ADQUISICIONES,690615002,,Región de Valparaíso ,,SERVICIOS INTEGRADOS SIDAPT LIMITADA | SERVICIOS INTEGRADOS SIDAPT LTDA,762993589,,Región Metropolitana de Santiago,,,,,1437004,Orden de Compra: 316-61-CM24,TE SUPREMO CEYLAN PREMIUM CAJA 100 BOLSAS UNIDAD V REGION(1437004) TE SUPREMO CEYLAN PREMIUM CAJA 100 BOLSAS UNIDAD V REGION,400.0,,CLP,4701.0,,
316-61-CM24,,2024-01-31T13:11:10Z,,,,,I MUNICIPALIDAD DE VILLA ALEMANA | ADQUISICIONES,690615002,,Región de Valparaíso ,,SERVICIOS INTEGRADOS SIDAPT LIMITADA | SERVICIOS INTEGRADOS SIDAPT LTDA,762993589,,Región Metropolitana de Santiago,,,,,1488349,Orden de Compra: 316-61-CM24,HARINA SIN POLVOS MONT BLANC BOLSA 1K UNIDAD V REGION(1488349) HARINA SIN POLVOS MONT BLANC BOLSA 1K UNIDAD V REGION,400.0,,CLP,1351.0,,
316-61-CM24,,2024-01-31T13:11:10Z,,,,,I MUNICIPALIDAD DE VILLA ALEMANA | ADQUISICIONES,690615002,,Región de Valparaíso ,,SERVICIOS INTEGRADOS SIDAPT LIMITADA | SERVICIOS INTEGRADOS SIDAPT LTDA,762993589,,Región Metropolitana de Santiago,,,,,1450729,Orden de Compra: 316-61-CM24,ARROZ TUCAPEL GRADO 1 BOLSA 1K UNIDAD V REGION(1450729) ARROZ TUCAPEL GRADO 1 BOLSA 1K UNIDAD V REGION,400.0,,CLP,1213.0,,
316-61-CM24,,2024-01-31T13:11:10Z,,,,,I MUNICIPALIDAD DE VILLA ALEMANA | ADQUISICIONES,690615002,,Región de Valparaíso ,,SERVICIOS INTEGRADOS SIDAPT LIMITADA | SERVICIOS INTEGRADOS SIDAPT LTDA,762993589,,Región Metropolitana de Santiago,,,,,1439434,Orden de Compra: 316-61-CM24,ESPIRALES LUCCHETTI BOLSA 400 G UNIDAD V REGION(1439434) ESPIRALES LUCCHETTI BOLSA 400 G UNIDAD V REGION,800.0,,CLP,1029.0,,
316-61-CM24,,2024-01-31T13:11:10Z,,,,,I MUNICIPALIDAD DE VILLA ALEMANA | ADQUISICIONES,690615002,,Región de Valparaíso ,,SERVICIOS INTEGRADOS SIDAPT LIMITADA | SERVICIOS INTEGRADOS SIDAPT LTDA,762993589,,Región Metropolitana de Santiago,,,,,1446889,Orden de Compra: 316-61-CM24,AZUCAR DAMA BLANCA BLANCA GRANULADA BOLSA 1K UNIDAD V REGION(1446889) AZUCAR DAMA BLANCA BLANCA GRANULADA BOLSA 1K UNIDAD V REGION,400.0,,CLP,1416.0,,
316-61-CM24,,2024-01-31T13:11:10Z,,,,,I MUNICIPALIDAD DE VILLA ALEMANA | ADQUISICIONES,690615002,,Región de Valparaíso ,,SERVICIOS INTEGRADOS SIDAPT LIMITADA | SERVICIOS INTEGRADOS SIDAPT LTDA,762993589,,Región Metropolitana de Santiago,,,,,1439614,Orden de Compra: 316-61-CM24,SALSA DE TOMATE LUCCHETTI ITALIANA DOYPACK 200 G UNIDAD V REGION(1439614) SALSA DE TOMATE LUCCHETTI ITALIANA DOYPACK 200 G UNIDAD V REGION,1200.0,,CLP,446.0,,
316-61-CM24,,2024-01-31T13:11:10Z,,,,,I MUNICIPALIDAD DE VILLA ALEMANA | ADQUISICIONES,690615002,,Región de Valparaíso ,,SERVICIOS INTEGRADOS SIDAPT LIMITADA | SERVICIOS INTEGRADOS SIDAPT LTDA,762993589,,Región Metropolitana de Santiago,,,,,1454449,Orden de Compra: 316-61-CM24,JUREL CONSERVA AL NATURAL SAN JOSE MEDALLON TARRO 425 G UNIDAD V REGION(1454449) JUREL CONSERVA AL NATURAL SAN JOSE MEDALLON TARRO 425 G UNIDAD V REGION,400.0,,CLP,1536.0,,
316-61-CM24,,2024-01-31T13:11:10Z,,,,,I MUNICIPALIDAD DE VILLA ALEMANA | ADQUISICIONES,690615002,,Región de Valparaíso ,,SERVICIOS INTEGRADOS SIDAPT LIMITADA | SERVICIOS INTEGRADOS SIDAPT LTDA,762993589,,Región Metropolitana de Santiago,,,,,1485724,Orden de Compra: 316-61-CM24,JALEA EN POLVO SIN AZUCAR DAILY FRUTILLA CAJA 22 G UNIDAD V REGION(1485724) JALEA EN POLVO SIN AZUCAR DAILY FRUTILLA CAJA 22 G UNIDAD V REGION,800.0,,CLP,616.0,,
316-61-CM24,,2024-01-31T13:11:10Z,,,,,I MUNICIPALIDAD DE VILLA ALEMANA | ADQUISICIONES,690615002,,Región de Valparaíso ,,SERVICIOS INTEGRADOS SIDAPT LIMITADA | SERVICIOS INTEGRADOS SIDAPT LTDA,762993589,,Región Metropolitana de Santiago,,,,,1439659,Orden de Compra: 316-61-CM24,SPAGHETTI LUCCHETTI N ° 5 BOLSA 400 G UNIDAD V REGION(1439659) SPAGHETTI LUCCHETTI N ° 5 BOLSA 400 G UNIDAD V REGION,800.0,,CLP,1045.0,,
316-61-CM24,,2024-01-31T13:11:10Z,,,,,I MUNICIPALIDAD DE VILLA ALEMANA | ADQUISICIONES,690615002,,Región de Valparaíso ,,SERVICIOS INTEGRADOS SIDAPT LIMITADA | SERVICIOS INTEGRADOS SIDAPT LTDA,762993589,,Región Metropolitana de Santiago,,,,,1444699,Orden de Compra: 316-61-CM24,POROTO BANQUETE BLANCO BOLSA 1K UNIDAD V REGION(1444699) POROTO BANQUETE BLANCO BOLSA 1K UNIDAD V REGION,400.0,,CLP,2374.0,,
3190-11-CM24,,2024-02-14T09:47:47Z,,,,,DIRECCION DE ABASTECIMIENTO DE LA ARMADA | GOBERNACION MARITIMA DE SAN ANTONIO,611021062,,Región de Valparaíso ,,PAOLA PILAR | SABORES DEL ALMA ,762915650,,,,,,,1430884,ADQUISICIÓN DE COLACIONES POR PERÍODO ESTIVAL PARA LA JURISDICCIÓN DE LA GOBERNACIÓN MARÍTIMA DE SAN ANTONIO,CEREAL EN BARRA QUAKER CHOCOLATE CAJA 6 BARRAS  UNIDAD V REGION(1430884) CEREAL EN BARRA QUAKER CHOCOLATE CAJA 6 BARRAS  UNIDAD V REGION,150.0,,CLP,1114.0,,
3190-11-CM24,,2024-02-14T09:47:47Z,,,,,DIRECCION DE ABASTECIMIENTO DE LA ARMADA | GOBERNACION MARITIMA DE SAN ANTONIO,611021062,,Región de Valparaíso ,,PAOLA PILAR | SABORES DEL ALMA ,762915650,,,,,,,2032124,ADQUISICIÓN DE COLACIONES POR PERÍODO ESTIVAL PARA LA JURISDICCIÓN DE LA GOBERNACIÓN MARÍTIMA DE SAN ANTONIO,AGUA MINERAL SIN GAS CACHANTUN BOTELLA 600 CC UNIDAD V REGION(2032124) AGUA MINERAL SIN GAS CACHANTUN BOTELLA 600 CC UNIDAD V REGION,950.0,,CLP,522.0,,
3191-506-CM24,,2024-01-31T16:49:52Z,,,,,DIRECCION DE ABASTECIMIENTO DE LA ARMADA | HOSPITAL NAVAL ALMIRANTE NEF,611020171,,Región de Valparaíso ,,HOSPITALIA PRODUCTOS MEDICOS LTDA | HOSPITALIA Productos Médicos Spa,782334204,,Región Metropolitana de Santiago,,,,,1856122,CM (INS)Orden de Compra: 3191-506-CM24,GUANTE 4G HOSPITALIA EXAMINACIÓN-PROCEDIMIENTO NITRILO C/POLVO TALLA S 100 UNIDADES CENTRO(1856122) GUANTE 4G HOSPITALIA EXAMINACIÓN-PROCEDIMIENTO NITRILO C/POLVO TALLA S 100 UNIDADES CENTRO,1220.0,,CLP,3778.0,,
3226-1-CM24,,2024-03-18T09:34:49Z,,,,,DIRECCION DE ABASTECIMIENTO DE LA ARMADA | SECRETARIA GENERAL DE LA ARMADA,611021410,,Región Metropolitana de Santiago,,AGENCIA DE VIAJES TURAVION SPA | Turavion SpA,809894002,,Región Metropolitana de Santiago,,,,,1849200,Orden de Compra: 3226-1-CM24,PASAJE AÉREO(1849200) PASAJE AÉREO,1.0,,CLP,93980.0,,
3226-1-CM24,,2024-03-18T09:34:49Z,,,,,DIRECCION DE ABASTECIMIENTO DE LA ARMADA | SECRETARIA GENERAL DE LA ARMADA,611021410,,Región Metropolitana de Santiago,,AGENCIA DE VIAJES TURAVION SPA | Turavion SpA,809894002,,Región Metropolitana de Santiago,,,,,1849900,Orden de Compra: 3226-1-CM24,TASA DE EMBARQUE(1849900) TASA DE EMBARQUE,1.0,,CLP,34015.0,,
3229-51-CM24,,2024-03-17T00:04:49Z,,,,,DIRECCION DE ABASTECIMIENTO DE LA ARMADA | COMANDANCIA EN JEFE DE LA IIIa ZONA NAVAL,611020260,,Región de Magallanes y de la Antártica,,AGENCIA DE VIAJES TURAVION SPA | Turavion SpA,809894002,,Región Metropolitana de Santiago,,,,,1849200,ADQUISICIÓN PASAJE A COSAN,PASAJE AÉREO(1849200) PASAJE AÉREO,1.0,,CLP,122990.0,,
3229-51-CM24,,2024-03-17T00:04:49Z,,,,,DIRECCION DE ABASTECIMIENTO DE LA ARMADA | COMANDANCIA EN JEFE DE LA IIIa ZONA NAVAL,611020260,,Región de Magallanes y de la Antártica,,AGENCIA DE VIAJES TURAVION SPA | Turavion SpA,809894002,,Región Metropolitana de Santiago,,,,,1849900,ADQUISICIÓN PASAJE A COSAN,TASA DE EMBARQUE(1849900) TASA DE EMBARQUE,1.0,,CLP,18240.0,,
3236-3-CM24,,2024-02-23T11:51:17Z,,,,,DIRECCION DE ABASTECIMIENTO DE LA ARMADA | FF ALMIRANTE WILLIAMS,619723007,,Región de Valparaíso ,,GRAMAC SPA | GRAMAC,762062860,,Región de Valparaíso ,,,,,1460539,Orden de Compra: 3236-3-CM24,ACEITUNA - AZAPA BOLSA 500 G UNIDAD V REGION(1460539) ACEITUNA - AZAPA BOLSA 500 G UNIDAD V REGION,30.0,,CLP,2897.0,,
3236-3-CM24,,2024-02-23T11:51:17Z,,,,,DIRECCION DE ABASTECIMIENTO DE LA ARMADA | FF ALMIRANTE WILLIAMS,619723007,,Región de Valparaíso ,,GRAMAC SPA | GRAMAC,762062860,,Región de Valparaíso ,,,,,1461529,Orden de Compra: 3236-3-CM24,BROCOLI FRESCO PROCESADO - FLORETEADO BOLSA 1 K UNIDAD V REGION(1461529) BROCOLI FRESCO PROCESADO - FLORETEADO BOLSA 1 K UNIDAD V REGION,30.0,,CLP,1881.0,,
3236-3-CM24,,2024-02-23T11:51:17Z,,,,,DIRECCION DE ABASTECIMIENTO DE LA ARMADA | FF ALMIRANTE WILLIAMS,619723007,,Región de Valparaíso ,,GRAMAC SPA | GRAMAC,762062860,,Región de Valparaíso ,,,,,1462699,Orden de Compra: 3236-3-CM24,CILANTRO FRESCO PROCESADO - ENTERO BOLSA 1 K UNIDAD V REGION(1462699) CILANTRO FRESCO PROCESADO - ENTERO BOLSA 1 K UNIDAD V REGION,40.0,,CLP,1131.0,,
3236-3-CM24,,2024-02-23T11:51:17Z,,,,,DIRECCION DE ABASTECIMIENTO DE LA ARMADA | FF ALMIRANTE WILLIAMS,619723007,,Región de Valparaíso ,,GRAMAC SPA | GRAMAC,762062860,,Región de Valparaíso ,,,,,1465609,Orden de Compra: 3236-3-CM24,DURAZNO - PELADO GRANDE KILO APROX. V REGION(1465609) DURAZNO - PELADO GRANDE KILO APROX. V REGION,100.0,,CLP,1606.0,,
3236-3-CM24,,2024-02-23T11:51:17Z,,,,,DIRECCION DE ABASTECIMIENTO DE LA ARMADA | FF ALMIRANTE WILLIAMS,619723007,,Región de Valparaíso ,,GRAMAC SPA | GRAMAC,762062860,,Región de Valparaíso ,,,,,1468159,Orden de Compra: 3236-3-CM24,LIMON FRESCO - AMARILLO KILO APROX. V REGION(1468159) LIMON FRESCO - AMARILLO KILO APROX. V REGION,40.0,,CLP,690.0,,
3236-3-CM24,,2024-02-23T11:51:17Z,,,,,DIRECCION DE ABASTECIMIENTO DE LA ARMADA | FF ALMIRANTE WILLIAMS,619723007,,Región de Valparaíso ,,GRAMAC SPA | GRAMAC,762062860,,Región de Valparaíso ,,,,,1471744,Orden de Compra: 3236-3-CM24,PERA  - PAKAM PEQUEÑA KILO APROX. V REGION(1471744) PERA  - PAKAM PEQUEÑA KILO APROX. V REGION,80.0,,CLP,1548.0,,
3236-3-CM24,,2024-02-23T11:51:17Z,,,,,DIRECCION DE ABASTECIMIENTO DE LA ARMADA | FF ALMIRANTE WILLIAMS,619723007,,Región de Valparaíso ,,GRAMAC SPA | GRAMAC,762062860,,Región de Valparaíso ,,,,,1588402,Orden de Compra: 3236-3-CM24,ZAPALLO FRESCO - APROX. 1 K UNIDAD V REGION(1588402) ZAPALLO FRESCO - APROX. 1 K UNIDAD V REGION,100.0,,CLP,609.0,,
3236-3-CM24,,2024-02-23T11:51:17Z,,,,,DIRECCION DE ABASTECIMIENTO DE LA ARMADA | FF ALMIRANTE WILLIAMS,619723007,,Región de Valparaíso ,,GRAMAC SPA | GRAMAC,762062860,,Región de Valparaíso ,,,,,1460839,Orden de Compra: 3236-3-CM24,AJO FRESCO PROCESADO - BLANCO PELADO BOLSA 1 K UNIDAD V REGION(1460839) AJO FRESCO PROCESADO - BLANCO PELADO BOLSA 1 K UNIDAD V REGION,15.0,,CLP,2197.0,,
3236-3-CM24,,2024-02-23T11:51:17Z,,,,,DIRECCION DE ABASTECIMIENTO DE LA ARMADA | FF ALMIRANTE WILLIAMS,619723007,,Región de Valparaíso ,,GRAMAC SPA | GRAMAC,762062860,,Región de Valparaíso ,,,,,1475524,Orden de Compra: 3236-3-CM24,ZANAHORIA FRESCA PROCESADA - ENTERA PELADA BOLSA 1 K UNIDAD V REGION(1475524) ZANAHORIA FRESCA PROCESADA - ENTERA PELADA BOLSA 1 K UNIDAD V REGION,60.0,,CLP,1320.0,,
3236-3-CM24,,2024-02-23T11:51:17Z,,,,,DIRECCION DE ABASTECIMIENTO DE LA ARMADA | FF ALMIRANTE WILLIAMS,619723007,,Región de Valparaíso ,,GRAMAC SPA | GRAMAC,762062860,,Región de Valparaíso ,,,,,1468024,Orden de Compra: 3236-3-CM24,LECHUGA FRESCA PROCESADA - COSTINA HOJAS BOLSA 1 K UNIDAD V REGION(1468024) LECHUGA FRESCA PROCESADA - COSTINA HOJAS BOLSA 1 K UNIDAD V REGION,60.0,,CLP,1225.0,,
3236-3-CM24,,2024-02-23T11:51:17Z,,,,,DIRECCION DE ABASTECIMIENTO DE LA ARMADA | FF ALMIRANTE WILLIAMS,619723007,,Región de Valparaíso ,,GRAMAC SPA | GRAMAC,762062860,,Región de Valparaíso ,,,,,1472179,Orden de Compra: 3236-3-CM24,PLATANO - PERUANO (VERDE) KILO APROX. V REGION(1472179) PLATANO - PERUANO (VERDE) KILO APROX. V REGION,80.0,,CLP,1609.0,,
3236-3-CM24,,2024-02-23T11:51:17Z,,,,,DIRECCION DE ABASTECIMIENTO DE LA ARMADA | FF ALMIRANTE WILLIAMS,619723007,,Región de Valparaíso ,,GRAMAC SPA | GRAMAC,762062860,,Región de Valparaíso ,,,,,1473799,Orden de Compra: 3236-3-CM24,TOMATE FRESCO - POMAROLA GRANDE KILO APROX. V REGION(1473799) TOMATE FRESCO - POMAROLA GRANDE KILO APROX. V REGION,100.0,,CLP,1737.0,,
3236-3-CM24,,2024-02-23T11:51:17Z,,,,,DIRECCION DE ABASTECIMIENTO DE LA ARMADA | FF ALMIRANTE WILLIAMS,619723007,,Región de Valparaíso ,,GRAMAC SPA | GRAMAC,762062860,,Región de Valparaíso ,,,,,1461844,Orden de Compra: 3236-3-CM24,CEBOLLIN PROCESADO - ENTERO BOLSA 1 K UNIDAD V REGION(1461844) CEBOLLIN PROCESADO - ENTERO BOLSA 1 K UNIDAD V REGION,30.0,,CLP,1450.0,,
3236-3-CM24,,2024-02-23T11:51:17Z,,,,,DIRECCION DE ABASTECIMIENTO DE LA ARMADA | FF ALMIRANTE WILLIAMS,619723007,,Región de Valparaíso ,,GRAMAC SPA | GRAMAC,762062860,,Región de Valparaíso ,,,,,1475674,Orden de Compra: 3236-3-CM24,ZAPALLO FRESCO PROCESADO - CAMOTE TROZO CASCARA BOLSA 1 K UNIDAD V REGION(1475674) ZAPALLO FRESCO PROCESADO - CAMOTE TROZO CASCARA BOLSA 1 K UNIDAD V REGION,80.0,,CLP,1242.0,,
3236-3-CM24,,2024-02-23T11:51:17Z,,,,,DIRECCION DE ABASTECIMIENTO DE LA ARMADA | FF ALMIRANTE WILLIAMS,619723007,,Región de Valparaíso ,,GRAMAC SPA | GRAMAC,762062860,,Región de Valparaíso ,,,,,1460629,Orden de Compra: 3236-3-CM24,ACELGA FRESCA PROCESADA - HOJA CON TALLO BOLSA 1 K UNIDAD V REGION(1460629) ACELGA FRESCA PROCESADA - HOJA CON TALLO BOLSA 1 K UNIDAD V REGION,30.0,,CLP,1329.0,,
3328-103-CM24,,2024-04-01T11:29:16Z,,,,,"FUERZA AEREA DE CHILE COMANDO LOGISTICO | Hospital Clinico "" General Dr. Raúl Yazigi J.""",61103007K,,Región Metropolitana de Santiago,,COMERCIAL HUERTOS DEL SUR LIMITADA | HUERTOS DEL  SUR,763591042,,Región Metropolitana de Santiago,,,,,1434807,ASB/SOLICITUD DE ADQUISICIÓN N°1 PROGRAMA DE ALIMENTACIÓN ENERO-FEBRERO,YOGURT BATIDO SOPROLE PLATANO POTE 120 G UNIDAD RM(1434807) YOGURT BATIDO SOPROLE PLATANO POTE 120 G UNIDAD RM,1500.0,,CLP,235.0,,
3328-103-CM24,,2024-04-01T11:29:16Z,,,,,"FUERZA AEREA DE CHILE COMANDO LOGISTICO | Hospital Clinico "" General Dr. Raúl Yazigi J.""",61103007K,,Región Metropolitana de Santiago,,COMERCIAL HUERTOS DEL SUR LIMITADA | HUERTOS DEL  SUR,763591042,,Región Metropolitana de Santiago,,,,,1434822,ASB/SOLICITUD DE ADQUISICIÓN N°1 PROGRAMA DE ALIMENTACIÓN ENERO-FEBRERO,YOGURT BATIDO SOPROLE FRUTILLA POTE 120 G UNIDAD RM(1434822) YOGURT BATIDO SOPROLE FRUTILLA POTE 120 G UNIDAD RM,1500.0,,CLP,235.0,,
3328-103-CM24,,2024-04-01T11:29:16Z,,,,,"FUERZA AEREA DE CHILE COMANDO LOGISTICO | Hospital Clinico "" General Dr. Raúl Yazigi J.""",61103007K,,Región Metropolitana de Santiago,,COMERCIAL HUERTOS DEL SUR LIMITADA | HUERTOS DEL  SUR,763591042,,Región Metropolitana de Santiago,,,,,1435047,ASB/SOLICITUD DE ADQUISICIÓN N°1 PROGRAMA DE ALIMENTACIÓN ENERO-FEBRERO,YOGURT BATIDO SOPROLE DAMASCO POTE 120 G UNIDAD RM(1435047) YOGURT BATIDO SOPROLE DAMASCO POTE 120 G UNIDAD RM,1000.0,,CLP,227.0,,
3328-103-CM24,,2024-04-01T11:29:16Z,,,,,"FUERZA AEREA DE CHILE COMANDO LOGISTICO | Hospital Clinico "" General Dr. Raúl Yazigi J.""",61103007K,,Región Metropolitana de Santiago,,COMERCIAL HUERTOS DEL SUR LIMITADA | HUERTOS DEL  SUR,763591042,,Región Metropolitana de Santiago,,,,,1435467,ASB/SOLICITUD DE ADQUISICIÓN N°1 PROGRAMA DE ALIMENTACIÓN ENERO-FEBRERO,YOGURT LIGHT SOPROLE FRUTILLA POTE 165 G UNIDAD RM(1435467) YOGURT LIGHT SOPROLE FRUTILLA POTE 165 G UNIDAD RM,100.0,,CLP,362.0,,
3328-103-CM24,,2024-04-01T11:29:16Z,,,,,"FUERZA AEREA DE CHILE COMANDO LOGISTICO | Hospital Clinico "" General Dr. Raúl Yazigi J.""",61103007K,,Región Metropolitana de Santiago,,COMERCIAL HUERTOS DEL SUR LIMITADA | HUERTOS DEL  SUR,763591042,,Región Metropolitana de Santiago,,,,,1435497,ASB/SOLICITUD DE ADQUISICIÓN N°1 PROGRAMA DE ALIMENTACIÓN ENERO-FEBRERO,YOGURT LIGHT SOPROLE VAINILLA POTE 165 G UNIDAD RM(1435497) YOGURT LIGHT SOPROLE VAINILLA POTE 165 G UNIDAD RM,100.0,,CLP,362.0,,
3328-103-CM24,,2024-04-01T11:29:16Z,,,,,"FUERZA AEREA DE CHILE COMANDO LOGISTICO | Hospital Clinico "" General Dr. Raúl Yazigi J.""",61103007K,,Región Metropolitana de Santiago,,COMERCIAL HUERTOS DEL SUR LIMITADA | HUERTOS DEL  SUR,763591042,,Región Metropolitana de Santiago,,,,,1434507,ASB/SOLICITUD DE ADQUISICIÓN N°1 PROGRAMA DE ALIMENTACIÓN ENERO-FEBRERO,QUESILLO SOPROLE POTE 300 G UNIDAD RM(1434507) QUESILLO SOPROLE POTE 300 G UNIDAD RM,600.0,,CLP,2133.0,,
3328-103-CM24,,2024-04-01T11:29:16Z,,,,,"FUERZA AEREA DE CHILE COMANDO LOGISTICO | Hospital Clinico "" General Dr. Raúl Yazigi J.""",61103007K,,Región Metropolitana de Santiago,,COMERCIAL HUERTOS DEL SUR LIMITADA | HUERTOS DEL  SUR,763591042,,Región Metropolitana de Santiago,,,,,1433997,ASB/SOLICITUD DE ADQUISICIÓN N°1 PROGRAMA DE ALIMENTACIÓN ENERO-FEBRERO,MANJAR SOPROLE BOLSA 1K UNIDAD RM(1433997) MANJAR SOPROLE BOLSA 1K UNIDAD RM,20.0,,CLP,3427.0,,
3328-103-CM24,,2024-04-01T11:29:16Z,,,,,"FUERZA AEREA DE CHILE COMANDO LOGISTICO | Hospital Clinico "" General Dr. Raúl Yazigi J.""",61103007K,,Región Metropolitana de Santiago,,COMERCIAL HUERTOS DEL SUR LIMITADA | HUERTOS DEL  SUR,763591042,,Región Metropolitana de Santiago,,,,,1448607,ASB/SOLICITUD DE ADQUISICIÓN N°1 PROGRAMA DE ALIMENTACIÓN ENERO-FEBRERO,POSTRE REFRIGERADO NESTLE FLAN VAINILLA POTE 110 G UNIDAD RM(1448607) POSTRE REFRIGERADO NESTLE FLAN VAINILLA POTE 110 G UNIDAD RM,1000.0,,CLP,313.0,,
3328-103-CM24,,2024-04-01T11:29:16Z,,,,,"FUERZA AEREA DE CHILE COMANDO LOGISTICO | Hospital Clinico "" General Dr. Raúl Yazigi J.""",61103007K,,Región Metropolitana de Santiago,,COMERCIAL HUERTOS DEL SUR LIMITADA | HUERTOS DEL  SUR,763591042,,Región Metropolitana de Santiago,,,,,1449552,ASB/SOLICITUD DE ADQUISICIÓN N°1 PROGRAMA DE ALIMENTACIÓN ENERO-FEBRERO,COUS COUS CAROZZI BOLSA 250 G UNIDAD RM(1449552) COUS COUS CAROZZI BOLSA 250 G UNIDAD RM,70.0,,CLP,1729.0,,
3328-103-CM24,,2024-04-01T11:29:16Z,,,,,"FUERZA AEREA DE CHILE COMANDO LOGISTICO | Hospital Clinico "" General Dr. Raúl Yazigi J.""",61103007K,,Región Metropolitana de Santiago,,COMERCIAL HUERTOS DEL SUR LIMITADA | HUERTOS DEL  SUR,763591042,,Región Metropolitana de Santiago,,,,,1884623,ASB/SOLICITUD DE ADQUISICIÓN N°1 PROGRAMA DE ALIMENTACIÓN ENERO-FEBRERO,GALLETA DULCE COSTA MINI LIMÓN 35 G UNIDAD RM(1884623) GALLETA DULCE COSTA MINI LIMÓN 35 G UNIDAD RM,360.0,,CLP,194.0,,
3328-103-CM24,,2024-04-01T11:29:16Z,,,,,"FUERZA AEREA DE CHILE COMANDO LOGISTICO | Hospital Clinico "" General Dr. Raúl Yazigi J.""",61103007K,,Región Metropolitana de Santiago,,COMERCIAL HUERTOS DEL SUR LIMITADA | HUERTOS DEL  SUR,763591042,,Región Metropolitana de Santiago,,,,,1452432,ASB/SOLICITUD DE ADQUISICIÓN N°1 PROGRAMA DE ALIMENTACIÓN ENERO-FEBRERO,GALLETA DULCE MCKAY MARAVILLA  PAQUETE 147 G UNIDAD RM(1452432) GALLETA DULCE MCKAY MARAVILLA  PAQUETE 147 G UNIDAD RM,72.0,,CLP,793.0,,
3328-103-CM24,,2024-04-01T11:29:16Z,,,,,"FUERZA AEREA DE CHILE COMANDO LOGISTICO | Hospital Clinico "" General Dr. Raúl Yazigi J.""",61103007K,,Región Metropolitana de Santiago,,COMERCIAL HUERTOS DEL SUR LIMITADA | HUERTOS DEL  SUR,763591042,,Región Metropolitana de Santiago,,,,,1500072,ASB/SOLICITUD DE ADQUISICIÓN N°1 PROGRAMA DE ALIMENTACIÓN ENERO-FEBRERO,ACEITE VEGETAL SACHET RELKON MARAVILLA 8 CC CAJA 300 UNIDADES RM(1500072) ACEITE VEGETAL SACHET RELKON MARAVILLA 8 CC CAJA 300 UNIDADES RM,8.0,,CLP,12849.0,,
3328-103-CM24,,2024-04-01T11:29:16Z,,,,,"FUERZA AEREA DE CHILE COMANDO LOGISTICO | Hospital Clinico "" General Dr. Raúl Yazigi J.""",61103007K,,Región Metropolitana de Santiago,,COMERCIAL HUERTOS DEL SUR LIMITADA | HUERTOS DEL  SUR,763591042,,Región Metropolitana de Santiago,,,,,1429467,ASB/SOLICITUD DE ADQUISICIÓN N°1 PROGRAMA DE ALIMENTACIÓN ENERO-FEBRERO,FRUTA CONSERVA WASIL DURAZNOS EN MITADES TARRO 3000 G UNIDAD RM(1429467) FRUTA CONSERVA WASIL DURAZNOS EN MITADES TARRO 3000 G UNIDAD RM,42.0,,CLP,8760.0,,
3328-103-CM24,,2024-04-01T11:29:16Z,,,,,"FUERZA AEREA DE CHILE COMANDO LOGISTICO | Hospital Clinico "" General Dr. Raúl Yazigi J.""",61103007K,,Región Metropolitana de Santiago,,COMERCIAL HUERTOS DEL SUR LIMITADA | HUERTOS DEL  SUR,763591042,,Región Metropolitana de Santiago,,,,,1440747,ASB/SOLICITUD DE ADQUISICIÓN N°1 PROGRAMA DE ALIMENTACIÓN ENERO-FEBRERO,MERMELADA SIN AZUCAR REGIMEL MANGO BOLSA 200 G UNIDAD RM(1440747) MERMELADA SIN AZUCAR REGIMEL MANGO BOLSA 200 G UNIDAD RM,72.0,,CLP,1282.0,,
3328-103-CM24,,2024-04-01T11:29:16Z,,,,,"FUERZA AEREA DE CHILE COMANDO LOGISTICO | Hospital Clinico "" General Dr. Raúl Yazigi J.""",61103007K,,Región Metropolitana de Santiago,,COMERCIAL HUERTOS DEL SUR LIMITADA | HUERTOS DEL  SUR,763591042,,Región Metropolitana de Santiago,,,,,1440702,ASB/SOLICITUD DE ADQUISICIÓN N°1 PROGRAMA DE ALIMENTACIÓN ENERO-FEBRERO,MERMELADA SIN AZUCAR REGIMEL FRUTILLA BOLSA 200 G UNIDAD RM(1440702) MERMELADA SIN AZUCAR REGIMEL FRUTILLA BOLSA 200 G UNIDAD RM,72.0,,CLP,1282.0,,
3328-103-CM24,,2024-04-01T11:29:16Z,,,,,"FUERZA AEREA DE CHILE COMANDO LOGISTICO | Hospital Clinico "" General Dr. Raúl Yazigi J.""",61103007K,,Región Metropolitana de Santiago,,COMERCIAL HUERTOS DEL SUR LIMITADA | HUERTOS DEL  SUR,763591042,,Región Metropolitana de Santiago,,,,,1448637,ASB/SOLICITUD DE ADQUISICIÓN N°1 PROGRAMA DE ALIMENTACIÓN ENERO-FEBRERO,POSTRE REFRIGERADO NESTLE FLAN CARAMELO POTE 120 G UNIDAD RM(1448637) POSTRE REFRIGERADO NESTLE FLAN CARAMELO POTE 120 G UNIDAD RM,500.0,,CLP,313.0,,
3328-103-CM24,,2024-04-01T11:29:16Z,,,,,"FUERZA AEREA DE CHILE COMANDO LOGISTICO | Hospital Clinico "" General Dr. Raúl Yazigi J.""",61103007K,,Región Metropolitana de Santiago,,COMERCIAL HUERTOS DEL SUR LIMITADA | HUERTOS DEL  SUR,763591042,,Región Metropolitana de Santiago,,,,,1448622,ASB/SOLICITUD DE ADQUISICIÓN N°1 PROGRAMA DE ALIMENTACIÓN ENERO-FEBRERO,POSTRE REFRIGERADO NESTLE FLAN CHOCOLATE POTE 110 G UNIDAD RM(1448622) POSTRE REFRIGERADO NESTLE FLAN CHOCOLATE POTE 110 G UNIDAD RM,1000.0,,CLP,313.0,,
3328-103-CM24,,2024-04-01T11:29:16Z,,,,,"FUERZA AEREA DE CHILE COMANDO LOGISTICO | Hospital Clinico "" General Dr. Raúl Yazigi J.""",61103007K,,Región Metropolitana de Santiago,,COMERCIAL HUERTOS DEL SUR LIMITADA | HUERTOS DEL  SUR,763591042,,Región Metropolitana de Santiago,,,,,1440672,ASB/SOLICITUD DE ADQUISICIÓN N°1 PROGRAMA DE ALIMENTACIÓN ENERO-FEBRERO,MERMELADA SIN AZUCAR REGIMEL DURAZNO BOLSA 200 G UNIDAD RM(1440672) MERMELADA SIN AZUCAR REGIMEL DURAZNO BOLSA 200 G UNIDAD RM,72.0,,CLP,1184.0,,
3328-103-CM24,,2024-04-01T11:29:16Z,,,,,"FUERZA AEREA DE CHILE COMANDO LOGISTICO | Hospital Clinico "" General Dr. Raúl Yazigi J.""",61103007K,,Región Metropolitana de Santiago,,COMERCIAL HUERTOS DEL SUR LIMITADA | HUERTOS DEL  SUR,763591042,,Región Metropolitana de Santiago,,,,,1440717,ASB/SOLICITUD DE ADQUISICIÓN N°1 PROGRAMA DE ALIMENTACIÓN ENERO-FEBRERO,MERMELADA SIN AZUCAR REGIMEL MORA BOLSA 200 G UNIDAD RM(1440717) MERMELADA SIN AZUCAR REGIMEL MORA BOLSA 200 G UNIDAD RM,72.0,,CLP,1282.0,,
3328-207-CM24,,2024-03-15T10:52:19Z,,,,,"FUERZA AEREA DE CHILE COMANDO LOGISTICO | Hospital Clinico "" General Dr. Raúl Yazigi J.""",61103007K,,Región Metropolitana de Santiago,,ROLAND VORWERK Y COMPANIA LIMITADA | Office Pro,78178530K,,Región Metropolitana de Santiago,,,,,1922893,ARV/ SOL.003-A/ SDAO/ SERVILLETAS COCKTAIL,SERVILLETAS DESECHABLES ELITE CÓCTEL HOJA SIMPLE 50 UNIDADES 1 PAQUETE REGIÓN RM(1922893) SERVILLETAS DESECHABLES ELITE CÓCTEL HOJA SIMPLE 50 UNIDADES 1 PAQUETE REGIÓN RM,5600.0,,CLP,295.0,,
3328-67-CM24,,2024-03-25T14:44:11Z,,,,,"FUERZA AEREA DE CHILE COMANDO LOGISTICO | Hospital Clinico "" General Dr. Raúl Yazigi J.""",61103007K,,Región Metropolitana de Santiago,,COMERCIAL SOLO FRESCO SA | SOLO FRESCO SA,761023470,,Región Metropolitana de Santiago,,,,,1441872,ASB/SOLICITUD DE ADQUISICIÓN N°1 PROGRAMA DE ALIMENTACIÓN ENERO-FEBRERO,LECHE LIQUIDA DESCREMADA LONCO LECHE NATURAL CAJA 1 L UNIDAD RM(1441872) LECHE LIQUIDA DESCREMADA LONCO LECHE NATURAL CAJA 1 L UNIDAD RM,264.0,,CLP,1235.0,,
3328-67-CM24,,2024-03-25T14:44:11Z,,,,,"FUERZA AEREA DE CHILE COMANDO LOGISTICO | Hospital Clinico "" General Dr. Raúl Yazigi J.""",61103007K,,Región Metropolitana de Santiago,,COMERCIAL SOLO FRESCO SA | SOLO FRESCO SA,761023470,,Región Metropolitana de Santiago,,,,,1435707,ASB/SOLICITUD DE ADQUISICIÓN N°1 PROGRAMA DE ALIMENTACIÓN ENERO-FEBRERO,LECHE LIQUIDA DESCREMADA SIN LACTOSA SURLAT NATURAL CAJA 1 L UNIDAD RM(1435707) LECHE LIQUIDA DESCREMADA SIN LACTOSA SURLAT NATURAL CAJA 1 L UNIDAD RM,84.0,,CLP,1256.0,,
3328-67-CM24,,2024-03-25T14:44:11Z,,,,,"FUERZA AEREA DE CHILE COMANDO LOGISTICO | Hospital Clinico "" General Dr. Raúl Yazigi J.""",61103007K,,Región Metropolitana de Santiago,,COMERCIAL SOLO FRESCO SA | SOLO FRESCO SA,761023470,,Región Metropolitana de Santiago,,,,,1489902,ASB/SOLICITUD DE ADQUISICIÓN N°1 PROGRAMA DE ALIMENTACIÓN ENERO-FEBRERO,HELADO SAVORY CASSATA PIÑA POTE 1 L UNIDAD RM(1489902) HELADO SAVORY CASSATA PIÑA POTE 1 L UNIDAD RM,15.0,,CLP,3159.0,,
3328-67-CM24,,2024-03-25T14:44:11Z,,,,,"FUERZA AEREA DE CHILE COMANDO LOGISTICO | Hospital Clinico "" General Dr. Raúl Yazigi J.""",61103007K,,Región Metropolitana de Santiago,,COMERCIAL SOLO FRESCO SA | SOLO FRESCO SA,761023470,,Región Metropolitana de Santiago,,,,,1489932,ASB/SOLICITUD DE ADQUISICIÓN N°1 PROGRAMA DE ALIMENTACIÓN ENERO-FEBRERO,HELADO SAVORY CASSATA VAINILLA POTE 1 L UNIDAD RM(1489932) HELADO SAVORY CASSATA VAINILLA POTE 1 L UNIDAD RM,20.0,,CLP,3159.0,,
3328-67-CM24,,2024-03-25T14:44:11Z,,,,,"FUERZA AEREA DE CHILE COMANDO LOGISTICO | Hospital Clinico "" General Dr. Raúl Yazigi J.""",61103007K,,Región Metropolitana de Santiago,,COMERCIAL SOLO FRESCO SA | SOLO FRESCO SA,761023470,,Región Metropolitana de Santiago,,,,,1489917,ASB/SOLICITUD DE ADQUISICIÓN N°1 PROGRAMA DE ALIMENTACIÓN ENERO-FEBRERO,HELADO SAVORY CASSATA LUCUMA POTE 1 L UNIDAD RM(1489917) HELADO SAVORY CASSATA LUCUMA POTE 1 L UNIDAD RM,20.0,,CLP,3159.0,,
3328-67-CM24,,2024-03-25T14:44:11Z,,,,,"FUERZA AEREA DE CHILE COMANDO LOGISTICO | Hospital Clinico "" General Dr. Raúl Yazigi J.""",61103007K,,Región Metropolitana de Santiago,,COMERCIAL SOLO FRESCO SA | SOLO FRESCO SA,761023470,,Región Metropolitana de Santiago,,,,,1456167,ASB/SOLICITUD DE ADQUISICIÓN N°1 PROGRAMA DE ALIMENTACIÓN ENERO-FEBRERO,MANTEQUILLA PORTION PACK COLUN 10 G CAJA 200 UNIDADES RM(1456167) MANTEQUILLA PORTION PACK COLUN 10 G CAJA 200 UNIDADES RM,3.0,,CLP,26481.0,,
3328-67-CM24,,2024-03-25T14:44:11Z,,,,,"FUERZA AEREA DE CHILE COMANDO LOGISTICO | Hospital Clinico "" General Dr. Raúl Yazigi J.""",61103007K,,Región Metropolitana de Santiago,,COMERCIAL SOLO FRESCO SA | SOLO FRESCO SA,761023470,,Región Metropolitana de Santiago,,,,,1488822,ASB/SOLICITUD DE ADQUISICIÓN N°1 PROGRAMA DE ALIMENTACIÓN ENERO-FEBRERO,MANTEQUILLA QUILLAYES DE CAMPO CON SAL PAN 125 G UNIDAD RM(1488822) MANTEQUILLA QUILLAYES DE CAMPO CON SAL PAN 125 G UNIDAD RM,300.0,,CLP,1176.0,,
3328-67-CM24,,2024-03-25T14:44:11Z,,,,,"FUERZA AEREA DE CHILE COMANDO LOGISTICO | Hospital Clinico "" General Dr. Raúl Yazigi J.""",61103007K,,Región Metropolitana de Santiago,,COMERCIAL SOLO FRESCO SA | SOLO FRESCO SA,761023470,,Región Metropolitana de Santiago,,,,,1448562,ASB/SOLICITUD DE ADQUISICIÓN N°1 PROGRAMA DE ALIMENTACIÓN ENERO-FEBRERO,POSTRE REFRIGERADO NESTLE JALEA NARANJA POTE  110 G UNIDAD RM(1448562) POSTRE REFRIGERADO NESTLE JALEA NARANJA POTE  110 G UNIDAD RM,1000.0,,CLP,333.0,,
3328-67-CM24,,2024-03-25T14:44:11Z,,,,,"FUERZA AEREA DE CHILE COMANDO LOGISTICO | Hospital Clinico "" General Dr. Raúl Yazigi J.""",61103007K,,Región Metropolitana de Santiago,,COMERCIAL SOLO FRESCO SA | SOLO FRESCO SA,761023470,,Región Metropolitana de Santiago,,,,,1502412,ASB/SOLICITUD DE ADQUISICIÓN N°1 PROGRAMA DE ALIMENTACIÓN ENERO-FEBRERO,FORMULA INFANTIL SIMILAC 2 TARRO 900 G UNIDAD RM(1502412) FORMULA INFANTIL SIMILAC 2 TARRO 900 G UNIDAD RM,4.0,,CLP,17599.0,,
3328-67-CM24,,2024-03-25T14:44:11Z,,,,,"FUERZA AEREA DE CHILE COMANDO LOGISTICO | Hospital Clinico "" General Dr. Raúl Yazigi J.""",61103007K,,Región Metropolitana de Santiago,,COMERCIAL SOLO FRESCO SA | SOLO FRESCO SA,761023470,,Región Metropolitana de Santiago,,,,,1453017,ASB/SOLICITUD DE ADQUISICIÓN N°1 PROGRAMA DE ALIMENTACIÓN ENERO-FEBRERO,LECHE CONDENSADA LECHE SUR AZUCARADA LATA 397 G UNIDAD RM(1453017) LECHE CONDENSADA LECHE SUR AZUCARADA LATA 397 G UNIDAD RM,20.0,,CLP,1673.0,,
3328-67-CM24,,2024-03-25T14:44:11Z,,,,,"FUERZA AEREA DE CHILE COMANDO LOGISTICO | Hospital Clinico "" General Dr. Raúl Yazigi J.""",61103007K,,Región Metropolitana de Santiago,,COMERCIAL SOLO FRESCO SA | SOLO FRESCO SA,761023470,,Región Metropolitana de Santiago,,,,,1590453,ASB/SOLICITUD DE ADQUISICIÓN N°1 PROGRAMA DE ALIMENTACIÓN ENERO-FEBRERO,CREMA DE LECHE COLUN PARA BATIR CAJA 1 L UNIDAD RM(1590453) CREMA DE LECHE COLUN PARA BATIR CAJA 1 L UNIDAD RM,60.0,,CLP,4033.0,,
3328-67-CM24,,2024-03-25T14:44:11Z,,,,,"FUERZA AEREA DE CHILE COMANDO LOGISTICO | Hospital Clinico "" General Dr. Raúl Yazigi J.""",61103007K,,Región Metropolitana de Santiago,,COMERCIAL SOLO FRESCO SA | SOLO FRESCO SA,761023470,,Región Metropolitana de Santiago,,,,,1430877,ASB/SOLICITUD DE ADQUISICIÓN N°1 PROGRAMA DE ALIMENTACIÓN ENERO-FEBRERO,CEREAL EN BARRA QUAKER MOUSE DE CHOCOLATE CAJA 6 BARRAS UNIDAD RM(1430877) CEREAL EN BARRA QUAKER MOUSE DE CHOCOLATE CAJA 6 BARRAS UNIDAD RM,50.0,,CLP,1285.0,,
3328-67-CM24,,2024-03-25T14:44:11Z,,,,,"FUERZA AEREA DE CHILE COMANDO LOGISTICO | Hospital Clinico "" General Dr. Raúl Yazigi J.""",61103007K,,Región Metropolitana de Santiago,,COMERCIAL SOLO FRESCO SA | SOLO FRESCO SA,761023470,,Región Metropolitana de Santiago,,,,,1430502,ASB/SOLICITUD DE ADQUISICIÓN N°1 PROGRAMA DE ALIMENTACIÓN ENERO-FEBRERO,CABELLO DE ANGEL PARMA CORTO BOLSA 400 G UNIDAD RM(1430502) CABELLO DE ANGEL PARMA CORTO BOLSA 400 G UNIDAD RM,60.0,,CLP,770.0,,
3328-67-CM24,,2024-03-25T14:44:11Z,,,,,"FUERZA AEREA DE CHILE COMANDO LOGISTICO | Hospital Clinico "" General Dr. Raúl Yazigi J.""",61103007K,,Región Metropolitana de Santiago,,COMERCIAL SOLO FRESCO SA | SOLO FRESCO SA,761023470,,Región Metropolitana de Santiago,,,,,1482777,ASB/SOLICITUD DE ADQUISICIÓN N°1 PROGRAMA DE ALIMENTACIÓN ENERO-FEBRERO,GARBANZO CAMPO LINDO SIN PIEL BOLSA 1K UNIDAD RM(1482777) GARBANZO CAMPO LINDO SIN PIEL BOLSA 1K UNIDAD RM,40.0,,CLP,2401.0,,
3328-67-CM24,,2024-03-25T14:44:11Z,,,,,"FUERZA AEREA DE CHILE COMANDO LOGISTICO | Hospital Clinico "" General Dr. Raúl Yazigi J.""",61103007K,,Región Metropolitana de Santiago,,COMERCIAL SOLO FRESCO SA | SOLO FRESCO SA,761023470,,Región Metropolitana de Santiago,,,,,1430142,ASB/SOLICITUD DE ADQUISICIÓN N°1 PROGRAMA DE ALIMENTACIÓN ENERO-FEBRERO,PURE INSTANTANEO MAGGI BOLSA 1K UNIDAD RM(1430142) PURE INSTANTANEO MAGGI BOLSA 1K UNIDAD RM,36.0,,CLP,6971.0,,
3328-67-CM24,,2024-03-25T14:44:11Z,,,,,"FUERZA AEREA DE CHILE COMANDO LOGISTICO | Hospital Clinico "" General Dr. Raúl Yazigi J.""",61103007K,,Región Metropolitana de Santiago,,COMERCIAL SOLO FRESCO SA | SOLO FRESCO SA,761023470,,Región Metropolitana de Santiago,,,,,1454907,ASB/SOLICITUD DE ADQUISICIÓN N°1 PROGRAMA DE ALIMENTACIÓN ENERO-FEBRERO,ACEITE VEGETAL BONANZA BOTELLA 900 ML UNIDAD RM(1454907) ACEITE VEGETAL BONANZA BOTELLA 900 ML UNIDAD RM,480.0,,CLP,2834.0,,
3328-67-CM24,,2024-03-25T14:44:11Z,,,,,"FUERZA AEREA DE CHILE COMANDO LOGISTICO | Hospital Clinico "" General Dr. Raúl Yazigi J.""",61103007K,,Región Metropolitana de Santiago,,COMERCIAL SOLO FRESCO SA | SOLO FRESCO SA,761023470,,Región Metropolitana de Santiago,,,,,1450197,ASB/SOLICITUD DE ADQUISICIÓN N°1 PROGRAMA DE ALIMENTACIÓN ENERO-FEBRERO,CAFE INSTANTANEO NESCAFE TRADICION TARRO 170 G UNIDAD RM(1450197) CAFE INSTANTANEO NESCAFE TRADICION TARRO 170 G UNIDAD RM,12.0,,CLP,5865.0,,
3328-67-CM24,,2024-03-25T14:44:11Z,,,,,"FUERZA AEREA DE CHILE COMANDO LOGISTICO | Hospital Clinico "" General Dr. Raúl Yazigi J.""",61103007K,,Región Metropolitana de Santiago,,COMERCIAL SOLO FRESCO SA | SOLO FRESCO SA,761023470,,Región Metropolitana de Santiago,,,,,1442652,ASB/SOLICITUD DE ADQUISICIÓN N°1 PROGRAMA DE ALIMENTACIÓN ENERO-FEBRERO,JUGO LIQUIDO  WATT´S NECTAR MANZANA CAJA 200 CC UNIDAD RM(1442652) JUGO LIQUIDO  WATT´S NECTAR MANZANA CAJA 200 CC UNIDAD RM,800.0,,CLP,236.0,,
3328-67-CM24,,2024-03-25T14:44:11Z,,,,,"FUERZA AEREA DE CHILE COMANDO LOGISTICO | Hospital Clinico "" General Dr. Raúl Yazigi J.""",61103007K,,Región Metropolitana de Santiago,,COMERCIAL SOLO FRESCO SA | SOLO FRESCO SA,761023470,,Región Metropolitana de Santiago,,,,,1487787,ASB/SOLICITUD DE ADQUISICIÓN N°1 PROGRAMA DE ALIMENTACIÓN ENERO-FEBRERO,JUGO LIQUIDO  LIVEAN NECTAR 0% AZUCAR FRUTIFRUTILLA CAJA 200 CC UNIDAD RM(1487787) JUGO LIQUIDO  LIVEAN NECTAR 0% AZUCAR FRUTIFRUTILLA CAJA 200 CC UNIDAD RM,800.0,,CLP,230.0,,
3328-67-CM24,,2024-03-25T14:44:11Z,,,,,"FUERZA AEREA DE CHILE COMANDO LOGISTICO | Hospital Clinico "" General Dr. Raúl Yazigi J.""",61103007K,,Región Metropolitana de Santiago,,COMERCIAL SOLO FRESCO SA | SOLO FRESCO SA,761023470,,Región Metropolitana de Santiago,,,,,1490817,ASB/SOLICITUD DE ADQUISICIÓN N°1 PROGRAMA DE ALIMENTACIÓN ENERO-FEBRERO,JUGO EN POLVO LIGHT VIVO DURAZNO SOBRE 7 G UNIDAD RM(1490817) JUGO EN POLVO LIGHT VIVO DURAZNO SOBRE 7 G UNIDAD RM,80.0,,CLP,176.0,,
3328-67-CM24,,2024-03-25T14:44:11Z,,,,,"FUERZA AEREA DE CHILE COMANDO LOGISTICO | Hospital Clinico "" General Dr. Raúl Yazigi J.""",61103007K,,Región Metropolitana de Santiago,,COMERCIAL SOLO FRESCO SA | SOLO FRESCO SA,761023470,,Región Metropolitana de Santiago,,,,,1803629,ASB/SOLICITUD DE ADQUISICIÓN N°1 PROGRAMA DE ALIMENTACIÓN ENERO-FEBRERO,JUGO EN POLVO SPRIM UVA ROSADA SOBRE 35 G UNIDAD RM(1803629) JUGO EN POLVO SPRIM UVA ROSADA SOBRE 35 G UNIDAD RM,100.0,,CLP,276.0,,
3328-67-CM24,,2024-03-25T14:44:11Z,,,,,"FUERZA AEREA DE CHILE COMANDO LOGISTICO | Hospital Clinico "" General Dr. Raúl Yazigi J.""",61103007K,,Región Metropolitana de Santiago,,COMERCIAL SOLO FRESCO SA | SOLO FRESCO SA,761023470,,Región Metropolitana de Santiago,,,,,1590533,ASB/SOLICITUD DE ADQUISICIÓN N°1 PROGRAMA DE ALIMENTACIÓN ENERO-FEBRERO,SAL OSKU SACHET 1 G RM(1590533) SAL OSKU SACHET 1 G RM,8000.0,,CLP,3.0,,
3328-67-CM24,,2024-03-25T14:44:11Z,,,,,"FUERZA AEREA DE CHILE COMANDO LOGISTICO | Hospital Clinico "" General Dr. Raúl Yazigi J.""",61103007K,,Región Metropolitana de Santiago,,COMERCIAL SOLO FRESCO SA | SOLO FRESCO SA,761023470,,Región Metropolitana de Santiago,,,,,1431582,ASB/SOLICITUD DE ADQUISICIÓN N°1 PROGRAMA DE ALIMENTACIÓN ENERO-FEBRERO,JUGO DE LIMON HIGUERAS SUCEDANEO BOTELLA 500 ML UNIDAD RM(1431582) JUGO DE LIMON HIGUERAS SUCEDANEO BOTELLA 500 ML UNIDAD RM,24.0,,CLP,722.0,,
3328-67-CM24,,2024-03-25T14:44:11Z,,,,,"FUERZA AEREA DE CHILE COMANDO LOGISTICO | Hospital Clinico "" General Dr. Raúl Yazigi J.""",61103007K,,Región Metropolitana de Santiago,,COMERCIAL SOLO FRESCO SA | SOLO FRESCO SA,761023470,,Región Metropolitana de Santiago,,,,,1447347,ASB/SOLICITUD DE ADQUISICIÓN N°1 PROGRAMA DE ALIMENTACIÓN ENERO-FEBRERO,"AGUA MINERAL SIN GAS NESTLE PURE LIFE BOTELLA 1,5 L UNIDAD RM(1447347) AGUA MINERAL SIN GAS NESTLE PURE LIFE BOTELLA 1,5 L UNIDAD RM",160.0,,CLP,914.0,,
3328-67-CM24,,2024-03-25T14:44:11Z,,,,,"FUERZA AEREA DE CHILE COMANDO LOGISTICO | Hospital Clinico "" General Dr. Raúl Yazigi J.""",61103007K,,Región Metropolitana de Santiago,,COMERCIAL SOLO FRESCO SA | SOLO FRESCO SA,761023470,,Región Metropolitana de Santiago,,,,,1485657,ASB/SOLICITUD DE ADQUISICIÓN N°1 PROGRAMA DE ALIMENTACIÓN ENERO-FEBRERO,JALEA EN POLVO SIN AZUCAR DAILY NARANJA CAJA 22 G UNIDAD RM(1485657) JALEA EN POLVO SIN AZUCAR DAILY NARANJA CAJA 22 G UNIDAD RM,60.0,,CLP,550.0,,
3328-83-CM24,,2024-03-25T14:44:36Z,,,,,"FUERZA AEREA DE CHILE COMANDO LOGISTICO | Hospital Clinico "" General Dr. Raúl Yazigi J.""",61103007K,,Región Metropolitana de Santiago,,COMERCIALIZADORA DE CARNES GUTIERREZ Y GUTIERREZ LTDA | Comercializadora de carnes AG,761813706,,Región de Valparaíso ,,,,,1470822,ASB/SOLICITUD DE ADQUISICIÓN N°1 PROGRAMA DE ALIMENTACIÓN ENERO-FEBRERO,PAVO EN CUBOS - BOLSA 1K UNIDAD IMPORTADO RM(1470822) PAVO EN CUBOS - BOLSA 1K UNIDAD IMPORTADO RM,180.0,,CLP,4990.0,,
3328-92-CM24,,2024-03-27T08:58:24Z,,,,,"FUERZA AEREA DE CHILE COMANDO LOGISTICO | Hospital Clinico "" General Dr. Raúl Yazigi J.""",61103007K,,Región Metropolitana de Santiago,,alimentos y frutos | ALIMENTOS Y FRUTOS S.A.,965579109,,Región Metropolitana de Santiago,,,,,1562539,ASB/SOLICITUD DE ADQUISICIÓN N°1 PROGRAMA DE ALIMENTACIÓN ENERO-FEBRERO,ARVEJA CONGELADA MINUTO VERDE BOLSA 1 KILO RM(1562539) ARVEJA CONGELADA MINUTO VERDE BOLSA 1 KILO RM,75.0,,CLP,1688.0,,
3328-92-CM24,,2024-03-27T08:58:24Z,,,,,"FUERZA AEREA DE CHILE COMANDO LOGISTICO | Hospital Clinico "" General Dr. Raúl Yazigi J.""",61103007K,,Región Metropolitana de Santiago,,alimentos y frutos | ALIMENTOS Y FRUTOS S.A.,965579109,,Región Metropolitana de Santiago,,,,,1475892,ASB/SOLICITUD DE ADQUISICIÓN N°1 PROGRAMA DE ALIMENTACIÓN ENERO-FEBRERO,CHOCLO CONGELADO MINUTO VERDE BOLSA 1K UNIDAD RM(1475892) CHOCLO CONGELADO MINUTO VERDE BOLSA 1K UNIDAD RM,576.0,,CLP,2233.0,,
3328-92-CM24,,2024-03-27T08:58:24Z,,,,,"FUERZA AEREA DE CHILE COMANDO LOGISTICO | Hospital Clinico "" General Dr. Raúl Yazigi J.""",61103007K,,Región Metropolitana de Santiago,,alimentos y frutos | ALIMENTOS Y FRUTOS S.A.,965579109,,Región Metropolitana de Santiago,,,,,1476207,ASB/SOLICITUD DE ADQUISICIÓN N°1 PROGRAMA DE ALIMENTACIÓN ENERO-FEBRERO,POROTO VERDE CONGELADO MINUTO VERDE CORTE AMERICANO BOLSA 1K UNIDAD RM(1476207) POROTO VERDE CONGELADO MINUTO VERDE CORTE AMERICANO BOLSA 1K UNIDAD RM,156.0,,CLP,2706.0,,
3328-92-CM24,,2024-03-27T08:58:24Z,,,,,"FUERZA AEREA DE CHILE COMANDO LOGISTICO | Hospital Clinico "" General Dr. Raúl Yazigi J.""",61103007K,,Región Metropolitana de Santiago,,alimentos y frutos | ALIMENTOS Y FRUTOS S.A.,965579109,,Región Metropolitana de Santiago,,,,,1475952,ASB/SOLICITUD DE ADQUISICIÓN N°1 PROGRAMA DE ALIMENTACIÓN ENERO-FEBRERO,FRUTILLA CONGELADA MINUTO VERDE BOLSA 1K UNIDAD RM(1475952) FRUTILLA CONGELADA MINUTO VERDE BOLSA 1K UNIDAD RM,90.0,,CLP,3599.0,,
3328-93-CM24,,2024-03-28T13:51:39Z,,,,,"FUERZA AEREA DE CHILE COMANDO LOGISTICO | Hospital Clinico "" General Dr. Raúl Yazigi J.""",61103007K,,Región Metropolitana de Santiago,,JAIME ALFONSO GONZÁLEZ PAREDES | apolo 8,80931573,,Región Metropolitana de Santiago,,,,,1467177,ASB/SOLICITUD DE ADQUISICIÓN N°1 PROGRAMA DE ALIMENTACIÓN ENERO-FEBRERO,HUEVO PRIMERA 54-61 GR  - BLANCO 20 UNIDADES RM(1467177) HUEVO PRIMERA 54-61 GR  - BLANCO 20 UNIDADES RM,90.0,,CLP,5600.0,,
3328-93-CM24,,2024-03-28T13:51:39Z,,,,,"FUERZA AEREA DE CHILE COMANDO LOGISTICO | Hospital Clinico "" General Dr. Raúl Yazigi J.""",61103007K,,Región Metropolitana de Santiago,,JAIME ALFONSO GONZÁLEZ PAREDES | apolo 8,80931573,,Región Metropolitana de Santiago,,,,,1460547,ASB/SOLICITUD DE ADQUISICIÓN N°1 PROGRAMA DE ALIMENTACIÓN ENERO-FEBRERO,ACEITUNA - AZAPA BOLSA 500 G UNIDAD RM(1460547) ACEITUNA - AZAPA BOLSA 500 G UNIDAD RM,52.0,,CLP,2610.0,,
3328-93-CM24,,2024-03-28T13:51:39Z,,,,,"FUERZA AEREA DE CHILE COMANDO LOGISTICO | Hospital Clinico "" General Dr. Raúl Yazigi J.""",61103007K,,Región Metropolitana de Santiago,,JAIME ALFONSO GONZÁLEZ PAREDES | apolo 8,80931573,,Región Metropolitana de Santiago,,,,,1461432,ASB/SOLICITUD DE ADQUISICIÓN N°1 PROGRAMA DE ALIMENTACIÓN ENERO-FEBRERO,BETARRAGA FRESCA PROCESADA - CUBO BOLSA 1 K UNIDAD RM(1461432) BETARRAGA FRESCA PROCESADA - CUBO BOLSA 1 K UNIDAD RM,120.0,,CLP,1049.0,,
3328-93-CM24,,2024-03-28T13:51:39Z,,,,,"FUERZA AEREA DE CHILE COMANDO LOGISTICO | Hospital Clinico "" General Dr. Raúl Yazigi J.""",61103007K,,Región Metropolitana de Santiago,,JAIME ALFONSO GONZÁLEZ PAREDES | apolo 8,80931573,,Región Metropolitana de Santiago,,,,,1461732,ASB/SOLICITUD DE ADQUISICIÓN N°1 PROGRAMA DE ALIMENTACIÓN ENERO-FEBRERO,CEBOLLA FRESCA PROCESADA - BLANCA ENTERA PELADA BOLSA 1 K UNIDAD RM(1461732) CEBOLLA FRESCA PROCESADA - BLANCA ENTERA PELADA BOLSA 1 K UNIDAD RM,400.0,,CLP,1025.0,,
3328-93-CM24,,2024-03-28T13:51:39Z,,,,,"FUERZA AEREA DE CHILE COMANDO LOGISTICO | Hospital Clinico "" General Dr. Raúl Yazigi J.""",61103007K,,Región Metropolitana de Santiago,,JAIME ALFONSO GONZÁLEZ PAREDES | apolo 8,80931573,,Región Metropolitana de Santiago,,,,,1461852,ASB/SOLICITUD DE ADQUISICIÓN N°1 PROGRAMA DE ALIMENTACIÓN ENERO-FEBRERO,CEBOLLIN PROCESADO - ENTERO BOLSA 1 K UNIDAD RM(1461852) CEBOLLIN PROCESADO - ENTERO BOLSA 1 K UNIDAD RM,50.0,,CLP,2593.0,,
3328-93-CM24,,2024-03-28T13:51:39Z,,,,,"FUERZA AEREA DE CHILE COMANDO LOGISTICO | Hospital Clinico "" General Dr. Raúl Yazigi J.""",61103007K,,Región Metropolitana de Santiago,,JAIME ALFONSO GONZÁLEZ PAREDES | apolo 8,80931573,,Región Metropolitana de Santiago,,,,,1465557,ASB/SOLICITUD DE ADQUISICIÓN N°1 PROGRAMA DE ALIMENTACIÓN ENERO-FEBRERO,DIENTE DE DRAGON - BOLSA 500 GR UNIDAD RM(1465557) DIENTE DE DRAGON - BOLSA 500 GR UNIDAD RM,90.0,,CLP,992.0,,
3328-93-CM24,,2024-03-28T13:51:39Z,,,,,"FUERZA AEREA DE CHILE COMANDO LOGISTICO | Hospital Clinico "" General Dr. Raúl Yazigi J.""",61103007K,,Región Metropolitana de Santiago,,JAIME ALFONSO GONZÁLEZ PAREDES | apolo 8,80931573,,Región Metropolitana de Santiago,,,,,1462332,ASB/SOLICITUD DE ADQUISICIÓN N°1 PROGRAMA DE ALIMENTACIÓN ENERO-FEBRERO,CHAMPIÑON FRESCO - ENTERO PARIS KILO APROX. RM(1462332) CHAMPIÑON FRESCO - ENTERO PARIS KILO APROX. RM,40.0,,CLP,7324.0,,
3328-93-CM24,,2024-03-28T13:51:39Z,,,,,"FUERZA AEREA DE CHILE COMANDO LOGISTICO | Hospital Clinico "" General Dr. Raúl Yazigi J.""",61103007K,,Región Metropolitana de Santiago,,JAIME ALFONSO GONZÁLEZ PAREDES | apolo 8,80931573,,Región Metropolitana de Santiago,,,,,1470672,ASB/SOLICITUD DE ADQUISICIÓN N°1 PROGRAMA DE ALIMENTACIÓN ENERO-FEBRERO,PAPA FRESCA PROCESADA - CUBO BOLSA 1 K UNIDAD RM(1470672) PAPA FRESCA PROCESADA - CUBO BOLSA 1 K UNIDAD RM,1600.0,,CLP,1562.0,,
3328-93-CM24,,2024-03-28T13:51:39Z,,,,,"FUERZA AEREA DE CHILE COMANDO LOGISTICO | Hospital Clinico "" General Dr. Raúl Yazigi J.""",61103007K,,Región Metropolitana de Santiago,,JAIME ALFONSO GONZÁLEZ PAREDES | apolo 8,80931573,,Región Metropolitana de Santiago,,,,,1563686,ASB/SOLICITUD DE ADQUISICIÓN N°1 PROGRAMA DE ALIMENTACIÓN ENERO-FEBRERO,PAPA FRESCA PROCESADA - PELADA ENTERA BOLSA DE 10 KILOS RM(1563686) PAPA FRESCA PROCESADA - PELADA ENTERA BOLSA DE 10 KILOS RM,70.0,,CLP,17657.0,,
3328-93-CM24,,2024-03-28T13:51:39Z,,,,,"FUERZA AEREA DE CHILE COMANDO LOGISTICO | Hospital Clinico "" General Dr. Raúl Yazigi J.""",61103007K,,Región Metropolitana de Santiago,,JAIME ALFONSO GONZÁLEZ PAREDES | apolo 8,80931573,,Región Metropolitana de Santiago,,,,,1471632,ASB/SOLICITUD DE ADQUISICIÓN N°1 PROGRAMA DE ALIMENTACIÓN ENERO-FEBRERO,PEPINO FRESCO - ENSALADA UNIDAD RM(1471632) PEPINO FRESCO - ENSALADA UNIDAD RM,1200.0,,CLP,341.0,,
3328-93-CM24,,2024-03-28T13:51:39Z,,,,,"FUERZA AEREA DE CHILE COMANDO LOGISTICO | Hospital Clinico "" General Dr. Raúl Yazigi J.""",61103007K,,Región Metropolitana de Santiago,,JAIME ALFONSO GONZÁLEZ PAREDES | apolo 8,80931573,,Región Metropolitana de Santiago,,,,,1473867,ASB/SOLICITUD DE ADQUISICIÓN N°1 PROGRAMA DE ALIMENTACIÓN ENERO-FEBRERO,TOMATE FRESCO - LARGA VIDA GRANDE KILO APROX. RM(1473867) TOMATE FRESCO - LARGA VIDA GRANDE KILO APROX. RM,1400.0,,CLP,1438.0,,
3328-93-CM24,,2024-03-28T13:51:39Z,,,,,"FUERZA AEREA DE CHILE COMANDO LOGISTICO | Hospital Clinico "" General Dr. Raúl Yazigi J.""",61103007K,,Región Metropolitana de Santiago,,JAIME ALFONSO GONZÁLEZ PAREDES | apolo 8,80931573,,Región Metropolitana de Santiago,,,,,1475532,ASB/SOLICITUD DE ADQUISICIÓN N°1 PROGRAMA DE ALIMENTACIÓN ENERO-FEBRERO,ZANAHORIA FRESCA PROCESADA - ENTERA PELADA BOLSA 1 K UNIDAD RM(1475532) ZANAHORIA FRESCA PROCESADA - ENTERA PELADA BOLSA 1 K UNIDAD RM,600.0,,CLP,1357.0,,
3328-93-CM24,,2024-03-28T13:51:39Z,,,,,"FUERZA AEREA DE CHILE COMANDO LOGISTICO | Hospital Clinico "" General Dr. Raúl Yazigi J.""",61103007K,,Región Metropolitana de Santiago,,JAIME ALFONSO GONZÁLEZ PAREDES | apolo 8,80931573,,Región Metropolitana de Santiago,,,,,1475667,ASB/SOLICITUD DE ADQUISICIÓN N°1 PROGRAMA DE ALIMENTACIÓN ENERO-FEBRERO,ZAPALLO FRESCO PROCESADO - CAMOTE TROZO PELADO BOLSA 1 K UNIDAD RM(1475667) ZAPALLO FRESCO PROCESADO - CAMOTE TROZO PELADO BOLSA 1 K UNIDAD RM,400.0,,CLP,1390.0,,
3328-93-CM24,,2024-03-28T13:51:39Z,,,,,"FUERZA AEREA DE CHILE COMANDO LOGISTICO | Hospital Clinico "" General Dr. Raúl Yazigi J.""",61103007K,,Región Metropolitana de Santiago,,JAIME ALFONSO GONZÁLEZ PAREDES | apolo 8,80931573,,Región Metropolitana de Santiago,,,,,1475637,ASB/SOLICITUD DE ADQUISICIÓN N°1 PROGRAMA DE ALIMENTACIÓN ENERO-FEBRERO,ZAPALLO FRESCO - ITALIANO 100 UNIDADES RM(1475637) ZAPALLO FRESCO - ITALIANO 100 UNIDADES RM,600.0,,CLP,347.0,,
3328-93-CM24,,2024-03-28T13:51:39Z,,,,,"FUERZA AEREA DE CHILE COMANDO LOGISTICO | Hospital Clinico "" General Dr. Raúl Yazigi J.""",61103007K,,Región Metropolitana de Santiago,,JAIME ALFONSO GONZÁLEZ PAREDES | apolo 8,80931573,,Región Metropolitana de Santiago,,,,,1471977,ASB/SOLICITUD DE ADQUISICIÓN N°1 PROGRAMA DE ALIMENTACIÓN ENERO-FEBRERO,PIMENTON FRESCO - ROJO UNIDAD RM(1471977) PIMENTON FRESCO - ROJO UNIDAD RM,260.0,,CLP,597.0,,
3328-93-CM24,,2024-03-28T13:51:39Z,,,,,"FUERZA AEREA DE CHILE COMANDO LOGISTICO | Hospital Clinico "" General Dr. Raúl Yazigi J.""",61103007K,,Región Metropolitana de Santiago,,JAIME ALFONSO GONZÁLEZ PAREDES | apolo 8,80931573,,Región Metropolitana de Santiago,,,,,1471992,ASB/SOLICITUD DE ADQUISICIÓN N°1 PROGRAMA DE ALIMENTACIÓN ENERO-FEBRERO,PIMENTON FRESCO - VERDE UNIDAD RM(1471992) PIMENTON FRESCO - VERDE UNIDAD RM,200.0,,CLP,513.0,,
3328-93-CM24,,2024-03-28T13:51:39Z,,,,,"FUERZA AEREA DE CHILE COMANDO LOGISTICO | Hospital Clinico "" General Dr. Raúl Yazigi J.""",61103007K,,Región Metropolitana de Santiago,,JAIME ALFONSO GONZÁLEZ PAREDES | apolo 8,80931573,,Región Metropolitana de Santiago,,,,,1462692,ASB/SOLICITUD DE ADQUISICIÓN N°1 PROGRAMA DE ALIMENTACIÓN ENERO-FEBRERO,CILANTRO FRESCO PROCESADO - PICADO BOLSA 1 K UNIDAD RM(1462692) CILANTRO FRESCO PROCESADO - PICADO BOLSA 1 K UNIDAD RM,18.0,,CLP,3183.0,,
3328-93-CM24,,2024-03-28T13:51:39Z,,,,,"FUERZA AEREA DE CHILE COMANDO LOGISTICO | Hospital Clinico "" General Dr. Raúl Yazigi J.""",61103007K,,Región Metropolitana de Santiago,,JAIME ALFONSO GONZÁLEZ PAREDES | apolo 8,80931573,,Región Metropolitana de Santiago,,,,,1471887,ASB/SOLICITUD DE ADQUISICIÓN N°1 PROGRAMA DE ALIMENTACIÓN ENERO-FEBRERO,PEREJIL - ATADO 500 GR UNIDAD RM(1471887) PEREJIL - ATADO 500 GR UNIDAD RM,30.0,,CLP,881.0,,
3328-93-CM24,,2024-03-28T13:51:39Z,,,,,"FUERZA AEREA DE CHILE COMANDO LOGISTICO | Hospital Clinico "" General Dr. Raúl Yazigi J.""",61103007K,,Región Metropolitana de Santiago,,JAIME ALFONSO GONZÁLEZ PAREDES | apolo 8,80931573,,Región Metropolitana de Santiago,,,,,1462647,ASB/SOLICITUD DE ADQUISICIÓN N°1 PROGRAMA DE ALIMENTACIÓN ENERO-FEBRERO,CIBOULETTE - PAQUETE APROX. 500 GR UNIDAD RM(1462647) CIBOULETTE - PAQUETE APROX. 500 GR UNIDAD RM,24.0,,CLP,2100.0,,
3328-93-CM24,,2024-03-28T13:51:39Z,,,,,"FUERZA AEREA DE CHILE COMANDO LOGISTICO | Hospital Clinico "" General Dr. Raúl Yazigi J.""",61103007K,,Región Metropolitana de Santiago,,JAIME ALFONSO GONZÁLEZ PAREDES | apolo 8,80931573,,Región Metropolitana de Santiago,,,,,1460907,ASB/SOLICITUD DE ADQUISICIÓN N°1 PROGRAMA DE ALIMENTACIÓN ENERO-FEBRERO,ALBAHACA PROCESADA - BOLSA 500 GR UNIDAD RM(1460907) ALBAHACA PROCESADA - BOLSA 500 GR UNIDAD RM,6.0,,CLP,2323.0,,
3328-93-CM24,,2024-03-28T13:51:39Z,,,,,"FUERZA AEREA DE CHILE COMANDO LOGISTICO | Hospital Clinico "" General Dr. Raúl Yazigi J.""",61103007K,,Región Metropolitana de Santiago,,JAIME ALFONSO GONZÁLEZ PAREDES | apolo 8,80931573,,Región Metropolitana de Santiago,,,,,1468137,ASB/SOLICITUD DE ADQUISICIÓN N°1 PROGRAMA DE ALIMENTACIÓN ENERO-FEBRERO,LIMON FRESCO - SUTIL KILO APROX. RM(1468137) LIMON FRESCO - SUTIL KILO APROX. RM,320.0,,CLP,2033.0,,
3328-93-CM24,,2024-03-28T13:51:39Z,,,,,"FUERZA AEREA DE CHILE COMANDO LOGISTICO | Hospital Clinico "" General Dr. Raúl Yazigi J.""",61103007K,,Región Metropolitana de Santiago,,JAIME ALFONSO GONZÁLEZ PAREDES | apolo 8,80931573,,Región Metropolitana de Santiago,,,,,1469367,ASB/SOLICITUD DE ADQUISICIÓN N°1 PROGRAMA DE ALIMENTACIÓN ENERO-FEBRERO,NARANJA - THOMSON GRANDE KILO APROX. RM(1469367) NARANJA - THOMSON GRANDE KILO APROX. RM,500.0,,CLP,1413.0,,
3328-93-CM24,,2024-03-28T13:51:39Z,,,,,"FUERZA AEREA DE CHILE COMANDO LOGISTICO | Hospital Clinico "" General Dr. Raúl Yazigi J.""",61103007K,,Región Metropolitana de Santiago,,JAIME ALFONSO GONZÁLEZ PAREDES | apolo 8,80931573,,Región Metropolitana de Santiago,,,,,1473672,ASB/SOLICITUD DE ADQUISICIÓN N°1 PROGRAMA DE ALIMENTACIÓN ENERO-FEBRERO,SANDIA - SANDIA MEDIANA UNIDAD RM(1473672) SANDIA - SANDIA MEDIANA UNIDAD RM,75.0,,CLP,4107.0,,
3328-93-CM24,,2024-03-28T13:51:39Z,,,,,"FUERZA AEREA DE CHILE COMANDO LOGISTICO | Hospital Clinico "" General Dr. Raúl Yazigi J.""",61103007K,,Región Metropolitana de Santiago,,JAIME ALFONSO GONZÁLEZ PAREDES | apolo 8,80931573,,Región Metropolitana de Santiago,,,,,1472202,ASB/SOLICITUD DE ADQUISICIÓN N°1 PROGRAMA DE ALIMENTACIÓN ENERO-FEBRERO,PLATANO - AMARILLO 100 KILO APROX. RM(1472202) PLATANO - AMARILLO 100 KILO APROX. RM,850.0,,CLP,1512.0,,
3328-93-CM24,,2024-03-28T13:51:39Z,,,,,"FUERZA AEREA DE CHILE COMANDO LOGISTICO | Hospital Clinico "" General Dr. Raúl Yazigi J.""",61103007K,,Región Metropolitana de Santiago,,JAIME ALFONSO GONZÁLEZ PAREDES | apolo 8,80931573,,Región Metropolitana de Santiago,,,,,1465617,ASB/SOLICITUD DE ADQUISICIÓN N°1 PROGRAMA DE ALIMENTACIÓN ENERO-FEBRERO,DURAZNO - PELADO GRANDE KILO APROX. RM(1465617) DURAZNO - PELADO GRANDE KILO APROX. RM,600.0,,CLP,1427.0,,
3328-96-CM24,,2024-03-25T14:47:47Z,,,,,"FUERZA AEREA DE CHILE COMANDO LOGISTICO | Hospital Clinico "" General Dr. Raúl Yazigi J.""",61103007K,,Región Metropolitana de Santiago,,SERGIO AURELIO LETELIER ANGUITA | Sergio Letelier Anguita,77272712,,Región Metropolitana de Santiago,,,,,1462737,ASB/SOLICITUD DE ADQUISICIÓN N°1 PROGRAMA DE ALIMENTACIÓN ENERO-FEBRERO,CIRUELA - GRANEL KILO APROX. RM(1462737) CIRUELA - GRANEL KILO APROX. RM,200.0,,CLP,901.0,,
3328-96-CM24,,2024-03-25T14:47:47Z,,,,,"FUERZA AEREA DE CHILE COMANDO LOGISTICO | Hospital Clinico "" General Dr. Raúl Yazigi J.""",61103007K,,Región Metropolitana de Santiago,,SERGIO AURELIO LETELIER ANGUITA | Sergio Letelier Anguita,77272712,,Región Metropolitana de Santiago,,,,,1469202,ASB/SOLICITUD DE ADQUISICIÓN N°1 PROGRAMA DE ALIMENTACIÓN ENERO-FEBRERO,MELON - TUNA GRANDE UNIDAD RM(1469202) MELON - TUNA GRANDE UNIDAD RM,60.0,,CLP,1372.0,,
3328-96-CM24,,2024-03-25T14:47:47Z,,,,,"FUERZA AEREA DE CHILE COMANDO LOGISTICO | Hospital Clinico "" General Dr. Raúl Yazigi J.""",61103007K,,Región Metropolitana de Santiago,,SERGIO AURELIO LETELIER ANGUITA | Sergio Letelier Anguita,77272712,,Región Metropolitana de Santiago,,,,,1465737,ASB/SOLICITUD DE ADQUISICIÓN N°1 PROGRAMA DE ALIMENTACIÓN ENERO-FEBRERO,DURAZNO - PLATANO MEDIANO KILO APROX. RM(1465737) DURAZNO - PLATANO MEDIANO KILO APROX. RM,500.0,,CLP,1437.0,,
3416-35-CM24,,2024-01-29T15:22:58Z,,,,,COMANDO DE APOYO A LA FUERZA | Escuela Militar -ESCMIL,611010176,,Región Metropolitana de Santiago,,COMERCIALIZADORA SANTA MARIA DE BUIN LIMITADA | COMERC SANTA MARIA DE BUIN LTDA,767536887,,Región de Atacama ,,,,,1562975,FI. VIVERES ,CHULETA CERDO CONGELADA FRIGOCER CENTRO PORCIONADA SIN MARINAR CAJA 20KG NACIONAL RM(1562975) CHULETA CERDO CONGELADA FRIGOCER CENTRO PORCIONADA SIN MARINAR CAJA 20KG NACIONAL RM,600.0,,CLP,5568.0,,
3416-35-CM24,,2024-01-29T15:22:58Z,,,,,COMANDO DE APOYO A LA FUERZA | Escuela Militar -ESCMIL,611010176,,Región Metropolitana de Santiago,,COMERCIALIZADORA SANTA MARIA DE BUIN LIMITADA | COMERC SANTA MARIA DE BUIN LTDA,767536887,,Región de Atacama ,,,,,1590597,FI. VIVERES ,PULPA CERDO CONGELADA - SIN MARINAR CAJA 20 K NACIONAL RM(1590597) PULPA CERDO CONGELADA - SIN MARINAR CAJA 20 K NACIONAL RM,400.0,,CLP,6692.0,,
3416-35-CM24,,2024-01-29T15:22:58Z,,,,,COMANDO DE APOYO A LA FUERZA | Escuela Militar -ESCMIL,611010176,,Región Metropolitana de Santiago,,COMERCIALIZADORA SANTA MARIA DE BUIN LIMITADA | COMERC SANTA MARIA DE BUIN LTDA,767536887,,Región de Atacama ,,,,,1469232,FI. VIVERES ,MERLUZA CONGELADA - FILETE CON PIEL BOLSA 1 K UNIDAD RM(1469232) MERLUZA CONGELADA - FILETE CON PIEL BOLSA 1 K UNIDAD RM,200.0,,CLP,5570.0,,
3416-35-CM24,,2024-01-29T15:22:58Z,,,,,COMANDO DE APOYO A LA FUERZA | Escuela Militar -ESCMIL,611010176,,Región Metropolitana de Santiago,,COMERCIALIZADORA SANTA MARIA DE BUIN LIMITADA | COMERC SANTA MARIA DE BUIN LTDA,767536887,,Región de Atacama ,,,,,1466202,FI. VIVERES ,FILETE DE POLLO CONGELADO - SIN MARINAR BOLSA 1K UNIDAD NACIONAL RM(1466202) FILETE DE POLLO CONGELADO - SIN MARINAR BOLSA 1K UNIDAD NACIONAL RM,320.0,,CLP,5890.0,,
3416-35-CM24,,2024-01-29T15:22:58Z,,,,,COMANDO DE APOYO A LA FUERZA | Escuela Militar -ESCMIL,611010176,,Región Metropolitana de Santiago,,COMERCIALIZADORA SANTA MARIA DE BUIN LIMITADA | COMERC SANTA MARIA DE BUIN LTDA,767536887,,Región de Atacama ,,,,,1510362,FI. VIVERES ,PECHUGA DESHUESADA POLLO CONGELADO ARIZTIA MARINADA CAJA 10K UNIDAD RM(1510362) PECHUGA DESHUESADA POLLO CONGELADO ARIZTIA MARINADA CAJA 10K UNIDAD RM,100.0,,CLP,6707.0,,
3416-35-CM24,,2024-01-29T15:22:58Z,,,,,COMANDO DE APOYO A LA FUERZA | Escuela Militar -ESCMIL,611010176,,Región Metropolitana de Santiago,,COMERCIALIZADORA SANTA MARIA DE BUIN LIMITADA | COMERC SANTA MARIA DE BUIN LTDA,767536887,,Región de Atacama ,,,,,1510347,FI. VIVERES ,TRUTRO CORTO POLLO CONGELADO ARIZTIA MARINADO CAJA 11K APROX. UNIDAD RM(1510347) TRUTRO CORTO POLLO CONGELADO ARIZTIA MARINADO CAJA 11K APROX. UNIDAD RM,750.0,,CLP,5789.0,,
3416-35-CM24,,2024-01-29T15:22:58Z,,,,,COMANDO DE APOYO A LA FUERZA | Escuela Militar -ESCMIL,611010176,,Región Metropolitana de Santiago,,COMERCIALIZADORA SANTA MARIA DE BUIN LIMITADA | COMERC SANTA MARIA DE BUIN LTDA,767536887,,Región de Atacama ,,,,,1484007,FI. VIVERES ,CHOCLO CONGELADO ALIFRUT BOLSA 1K UNIDAD RM(1484007) CHOCLO CONGELADO ALIFRUT BOLSA 1K UNIDAD RM,220.0,,CLP,3849.0,,
3416-35-CM24,,2024-01-29T15:22:58Z,,,,,COMANDO DE APOYO A LA FUERZA | Escuela Militar -ESCMIL,611010176,,Región Metropolitana de Santiago,,COMERCIALIZADORA SANTA MARIA DE BUIN LIMITADA | COMERC SANTA MARIA DE BUIN LTDA,767536887,,Región de Atacama ,,,,,1492752,FI. VIVERES ,HABA CONGELADA GYS BOLSA 1K UNIDAD RM(1492752) HABA CONGELADA GYS BOLSA 1K UNIDAD RM,100.0,,CLP,3339.0,,
3416-35-CM24,,2024-01-29T15:22:58Z,,,,,COMANDO DE APOYO A LA FUERZA | Escuela Militar -ESCMIL,611010176,,Región Metropolitana de Santiago,,COMERCIALIZADORA SANTA MARIA DE BUIN LIMITADA | COMERC SANTA MARIA DE BUIN LTDA,767536887,,Región de Atacama ,,,,,1472952,FI. VIVERES ,POROTO VERDE PROCESADO - JULIANA BOLSA 1 K UNIDAD RM(1472952) POROTO VERDE PROCESADO - JULIANA BOLSA 1 K UNIDAD RM,220.0,,CLP,3191.0,,
3416-35-CM24,,2024-01-29T15:22:58Z,,,,,COMANDO DE APOYO A LA FUERZA | Escuela Militar -ESCMIL,611010176,,Región Metropolitana de Santiago,,COMERCIALIZADORA SANTA MARIA DE BUIN LIMITADA | COMERC SANTA MARIA DE BUIN LTDA,767536887,,Región de Atacama ,,,,,1476252,FI. VIVERES ,PRIMAVERA VERDURAS MINUTO VERDE BOLSA 1K UNIDAD RM(1476252) PRIMAVERA VERDURAS MINUTO VERDE BOLSA 1K UNIDAD RM,140.0,,CLP,2773.0,,
3416-35-CM24,,2024-01-29T15:22:58Z,,,,,COMANDO DE APOYO A LA FUERZA | Escuela Militar -ESCMIL,611010176,,Región Metropolitana de Santiago,,COMERCIALIZADORA SANTA MARIA DE BUIN LIMITADA | COMERC SANTA MARIA DE BUIN LTDA,767536887,,Región de Atacama ,,,,,1801061,FI. VIVERES ,ARVEJA CONGELADA INTERAGRO BOLSA 1 K RM(1801061) ARVEJA CONGELADA INTERAGRO BOLSA 1 K RM,240.0,,CLP,2529.0,,
3460-42-CM24,,2024-02-22T15:58:39Z,,,,,"COMANDO DE APOYO A LA FUERZA | Regimiento Logístico N° 3 ""Victoria""",611010699,,Región de la Araucanía ,,TRESMONTES LUCCHETTI SERVICIOS S.A. | Tresmontes Lucchetti Servicios S.A.,965652604,,Región Metropolitana de Santiago,,,,,1439693,ADQUISICION DE VIVERES PARA ALIMENTACIÓN DEL PERSONAL DE LA TF VICTORIA ,SPAGHETTI LUCCHETTI N ° 5 BOLSA 5K UNIDAD IX REGION(1439693) SPAGHETTI LUCCHETTI N ° 5 BOLSA 5K UNIDAD IX REGION,25.0,,CLP,11933.0,,
3460-42-CM24,,2024-02-22T15:58:39Z,,,,,"COMANDO DE APOYO A LA FUERZA | Regimiento Logístico N° 3 ""Victoria""",611010699,,Región de la Araucanía ,,TRESMONTES LUCCHETTI SERVICIOS S.A. | Tresmontes Lucchetti Servicios S.A.,965652604,,Región Metropolitana de Santiago,,,,,1563613,ADQUISICION DE VIVERES PARA ALIMENTACIÓN DEL PERSONAL DE LA TF VICTORIA ,ESPIRALES LUCCHETTI DE TRIGO BOLSA 5K UNIDAD IX REGION(1563613) ESPIRALES LUCCHETTI DE TRIGO BOLSA 5K UNIDAD IX REGION,20.0,,CLP,11571.0,,
3460-42-CM24,,2024-02-22T15:58:39Z,,,,,"COMANDO DE APOYO A LA FUERZA | Regimiento Logístico N° 3 ""Victoria""",611010699,,Región de la Araucanía ,,TRESMONTES LUCCHETTI SERVICIOS S.A. | Tresmontes Lucchetti Servicios S.A.,965652604,,Región Metropolitana de Santiago,,,,,1612735,ADQUISICION DE VIVERES PARA ALIMENTACIÓN DEL PERSONAL DE LA TF VICTORIA ,CORBATAS LUCCHETTI CORBATA 5 KG IX REGION(1612735) CORBATAS LUCCHETTI CORBATA 5 KG IX REGION,20.0,,CLP,10098.0,,
3460-44-CM24,,2024-01-29T12:37:24Z,,,,,"COMANDO DE APOYO A LA FUERZA | Regimiento Logístico N° 3 ""Victoria""",611010699,,Región de la Araucanía ,,ARIZTIA COMERCIAL LIMITADA | ARIZTIA CONVENIO MARCO,836148002,,Región Metropolitana de Santiago,,,,,1473278,ADQUISICION DE VIVERES PARA LA CONFECCION DEL RANCHO DIARIO DE LA TF VICTORIA ,PULPA CERDO - MARINADO BOLSA 1K UNIDAD NACIONAL IX REGION(1473278) PULPA CERDO - MARINADO BOLSA 1K UNIDAD NACIONAL IX REGION,188.0,,CLP,3808.0,,
3460-44-CM24,,2024-01-29T12:37:24Z,,,,,"COMANDO DE APOYO A LA FUERZA | Regimiento Logístico N° 3 ""Victoria""",611010699,,Región de la Araucanía ,,ARIZTIA COMERCIAL LIMITADA | ARIZTIA CONVENIO MARCO,836148002,,Región Metropolitana de Santiago,,,,,1464878,ADQUISICION DE VIVERES PARA LA CONFECCION DEL RANCHO DIARIO DE LA TF VICTORIA ,CORTE PUNTA PALETA CONGELADO - MARINADO BOLSA 1K UNIDAD IMPORTADO IX REGION(1464878) CORTE PUNTA PALETA CONGELADO - MARINADO BOLSA 1K UNIDAD IMPORTADO IX REGION,470.0,,CLP,10990.0,,
3460-44-CM24,,2024-01-29T12:37:24Z,,,,,"COMANDO DE APOYO A LA FUERZA | Regimiento Logístico N° 3 ""Victoria""",611010699,,Región de la Araucanía ,,ARIZTIA COMERCIAL LIMITADA | ARIZTIA CONVENIO MARCO,836148002,,Región Metropolitana de Santiago,,,,,1462553,ADQUISICION DE VIVERES PARA LA CONFECCION DEL RANCHO DIARIO DE LA TF VICTORIA ,CHULETA CERDO CONGELADA - MARINADA BOLSA 1K UNIDAD NACIONAL IX REGION(1462553) CHULETA CERDO CONGELADA - MARINADA BOLSA 1K UNIDAD NACIONAL IX REGION,78.0,,CLP,4165.0,,
3468-6-CM24,,2024-01-31T17:55:00Z,,,,,I MUNICIPALIDAD DE CHANCO | DEPTO. DE EDUCACION,69120300K,,Región del Maule ,,COPEC S.A. | COPEC S.A.,995200007,,Región Metropolitana de Santiago,,,,,1944432,Orden de Compra: 3468-6-CM24,ESTACIÓN DE SERVICIO DIESEL REGIÓN MAULE DESCUENTO PESOS POR LITRO(1944432) ESTACIÓN DE SERVICIO DIESEL REGIÓN MAULE DESCUENTO PESOS POR LITRO,1.0,,CLP,5000000.0,,
3479-108-CM24,,2024-01-31T08:45:40Z,,,,,I MUNICIPALIDAD DE CALBUCO | Municipalidad De Calbuco,692206002,,Región de los Lagos ,,PROVEEDORES INTEGRALES DEL SUR S.A. | PRISUR,760415790,,Región de la Araucanía ,,,,,1988693,"Art. Of. Seguridad, Cultura, Juzgado, Pesca y Emerg.",DESTACADOR TORINI ESCRITORIO NARANJA FLÚOR RECTANGULAR P/BISELADA UNIDAD REGIÓN X(1988693) DESTACADOR TORINI ESCRITORIO NARANJA FLÚOR RECTANGULAR P/BISELADA UNIDAD REGIÓN X,12.0,,CLP,251.0,,
3479-108-CM24,,2024-01-31T08:45:40Z,,,,,I MUNICIPALIDAD DE CALBUCO | Municipalidad De Calbuco,692206002,,Región de los Lagos ,,PROVEEDORES INTEGRALES DEL SUR S.A. | PRISUR,760415790,,Región de la Araucanía ,,,,,1988710,"Art. Of. Seguridad, Cultura, Juzgado, Pesca y Emerg.",DESTACADOR TORINI ESCRITORIO ROSA FLLUOR RECTANGULAR P/BISELADA UNIDAD REGIÓN X(1988710) DESTACADOR TORINI ESCRITORIO ROSA FLLUOR RECTANGULAR P/BISELADA UNIDAD REGIÓN X,16.0,,CLP,251.0,,
3479-108-CM24,,2024-01-31T08:45:40Z,,,,,I MUNICIPALIDAD DE CALBUCO | Municipalidad De Calbuco,692206002,,Región de los Lagos ,,PROVEEDORES INTEGRALES DEL SUR S.A. | PRISUR,760415790,,Región de la Araucanía ,,,,,1976606,"Art. Of. Seguridad, Cultura, Juzgado, Pesca y Emerg.",CARPETA PROARTE OFICIO CARTULINA PLASTIFICADA LISO S/DISEÑO UNIDAD REGIÓN X(1976606) CARPETA PROARTE OFICIO CARTULINA PLASTIFICADA LISO S/DISEÑO UNIDAD REGIÓN X,25.0,,CLP,562.0,,
3479-108-CM24,,2024-01-31T08:45:40Z,,,,,I MUNICIPALIDAD DE CALBUCO | Municipalidad De Calbuco,692206002,,Región de los Lagos ,,PROVEEDORES INTEGRALES DEL SUR S.A. | PRISUR,760415790,,Región de la Araucanía ,,,,,1980193,"Art. Of. Seguridad, Cultura, Juzgado, Pesca y Emerg.",CORCHETERA HAND OFICINA 20 HOJAS METAL/PLÁSTICO 26/6MM UNIDAD REGIÓN X(1980193) CORCHETERA HAND OFICINA 20 HOJAS METAL/PLÁSTICO 26/6MM UNIDAD REGIÓN X,3.0,,CLP,1615.0,,
3479-108-CM24,,2024-01-31T08:45:40Z,,,,,I MUNICIPALIDAD DE CALBUCO | Municipalidad De Calbuco,692206002,,Región de los Lagos ,,PROVEEDORES INTEGRALES DEL SUR S.A. | PRISUR,760415790,,Región de la Araucanía ,,,,,2024206,"Art. Of. Seguridad, Cultura, Juzgado, Pesca y Emerg.",SOBRE TEKNOFAS SACO BLANCO OFICIO 23 X 30 CM2 UNIDAD REGIÓN X(2024206) SOBRE TEKNOFAS SACO BLANCO OFICIO 23 X 30 CM2 UNIDAD REGIÓN X,100.0,,CLP,124.0,,
3479-108-CM24,,2024-01-31T08:45:40Z,,,,,I MUNICIPALIDAD DE CALBUCO | Municipalidad De Calbuco,692206002,,Región de los Lagos ,,PROVEEDORES INTEGRALES DEL SUR S.A. | PRISUR,760415790,,Región de la Araucanía ,,,,,2024172,"Art. Of. Seguridad, Cultura, Juzgado, Pesca y Emerg.","SOBRE TEKNOFAS SACO BLANCO 1/2 OFICIO 19 X 26,5 CM2 UNIDAD REGIÓN X(2024172) SOBRE TEKNOFAS SACO BLANCO 1/2 OFICIO 19 X 26,5 CM2 UNIDAD REGIÓN X",100.0,,CLP,96.0,,
3479-108-CM24,,2024-01-31T08:45:40Z,,,,,I MUNICIPALIDAD DE CALBUCO | Municipalidad De Calbuco,692206002,,Región de los Lagos ,,PROVEEDORES INTEGRALES DEL SUR S.A. | PRISUR,760415790,,Región de la Araucanía ,,,,,2013071,"Art. Of. Seguridad, Cultura, Juzgado, Pesca y Emerg.",NOTA ADHESIVA TESA PAPEL AMARILLO 75X75 MM 100 HOJAS UNIDAD REGIÓN X(2013071) NOTA ADHESIVA TESA PAPEL AMARILLO 75X75 MM 100 HOJAS UNIDAD REGIÓN X,20.0,,CLP,391.0,,
3479-108-CM24,,2024-01-31T08:45:40Z,,,,,I MUNICIPALIDAD DE CALBUCO | Municipalidad De Calbuco,692206002,,Región de los Lagos ,,PROVEEDORES INTEGRALES DEL SUR S.A. | PRISUR,760415790,,Región de la Araucanía ,,,,,1976912,"Art. Of. Seguridad, Cultura, Juzgado, Pesca y Emerg.",CARPETA TORRE COLGANTE OFICIO SLIDE CARTÓN METAL COLOR CRAFT UNIDAD REGIÓN X(1976912) CARPETA TORRE COLGANTE OFICIO SLIDE CARTÓN METAL COLOR CRAFT UNIDAD REGIÓN X,20.0,,CLP,408.0,,
3479-108-CM24,,2024-01-31T08:45:40Z,,,,,I MUNICIPALIDAD DE CALBUCO | Municipalidad De Calbuco,692206002,,Región de los Lagos ,,PROVEEDORES INTEGRALES DEL SUR S.A. | PRISUR,760415790,,Región de la Araucanía ,,,,,1978408,"Art. Of. Seguridad, Cultura, Juzgado, Pesca y Emerg.",CLIP ISOFIT ACCOCLIP FASTENER PLÁSTICO METAL 50 UNIDADES REGIÓN X(1978408) CLIP ISOFIT ACCOCLIP FASTENER PLÁSTICO METAL 50 UNIDADES REGIÓN X,2.0,,CLP,1283.0,,
3479-108-CM24,,2024-01-31T08:45:40Z,,,,,I MUNICIPALIDAD DE CALBUCO | Municipalidad De Calbuco,692206002,,Región de los Lagos ,,PROVEEDORES INTEGRALES DEL SUR S.A. | PRISUR,760415790,,Región de la Araucanía ,,,,,1997567,"Art. Of. Seguridad, Cultura, Juzgado, Pesca y Emerg.","LÁPIZ PASTA TORRE PUNTA MEDIA AZUL 1,0MM 50 UNIDADES REGIÓN X(1997567) LÁPIZ PASTA TORRE PUNTA MEDIA AZUL 1,0MM 50 UNIDADES REGIÓN X",5.0,,CLP,4115.0,,
3479-108-CM24,,2024-01-31T08:45:40Z,,,,,I MUNICIPALIDAD DE CALBUCO | Municipalidad De Calbuco,692206002,,Región de los Lagos ,,PROVEEDORES INTEGRALES DEL SUR S.A. | PRISUR,760415790,,Región de la Araucanía ,,,,,1997584,"Art. Of. Seguridad, Cultura, Juzgado, Pesca y Emerg.","LÁPIZ PASTA TORRE PUNTA MEDIA NEGRO 1,0MM 50 UNIDADES REGIÓN X(1997584) LÁPIZ PASTA TORRE PUNTA MEDIA NEGRO 1,0MM 50 UNIDADES REGIÓN X",2.0,,CLP,4615.0,,
3479-108-CM24,,2024-01-31T08:45:40Z,,,,,I MUNICIPALIDAD DE CALBUCO | Municipalidad De Calbuco,692206002,,Región de los Lagos ,,PROVEEDORES INTEGRALES DEL SUR S.A. | PRISUR,760415790,,Región de la Araucanía ,,,,,1997601,"Art. Of. Seguridad, Cultura, Juzgado, Pesca y Emerg.","LÁPIZ PASTA TORRE PUNTA MEDIA ROJO 1,0MM 50 UNIDADES REGIÓN X(1997601) LÁPIZ PASTA TORRE PUNTA MEDIA ROJO 1,0MM 50 UNIDADES REGIÓN X",2.0,,CLP,4615.0,,
3479-108-CM24,,2024-01-31T08:45:40Z,,,,,I MUNICIPALIDAD DE CALBUCO | Municipalidad De Calbuco,692206002,,Región de los Lagos ,,PROVEEDORES INTEGRALES DEL SUR S.A. | PRISUR,760415790,,Región de la Araucanía ,,,,,1988676,"Art. Of. Seguridad, Cultura, Juzgado, Pesca y Emerg.",DESTACADOR TORINI ESCRITORIO AMARILLO FLÚOR RECTANGULAR P/BISELADA UNIDAD REGIÓN X(1988676) DESTACADOR TORINI ESCRITORIO AMARILLO FLÚOR RECTANGULAR P/BISELADA UNIDAD REGIÓN X,28.0,,CLP,251.0,,
3479-108-CM24,,2024-01-31T08:45:40Z,,,,,I MUNICIPALIDAD DE CALBUCO | Municipalidad De Calbuco,692206002,,Región de los Lagos ,,PROVEEDORES INTEGRALES DEL SUR S.A. | PRISUR,760415790,,Región de la Araucanía ,,,,,2020126,"Art. Of. Seguridad, Cultura, Juzgado, Pesca y Emerg.",SACACORCHETE HAND TIPO MARIPOSA O TENAZAS UNIDAD REGIÓN X(2020126) SACACORCHETE HAND TIPO MARIPOSA O TENAZAS UNIDAD REGIÓN X,3.0,,CLP,265.0,,
3479-108-CM24,,2024-01-31T08:45:40Z,,,,,I MUNICIPALIDAD DE CALBUCO | Municipalidad De Calbuco,692206002,,Región de los Lagos ,,PROVEEDORES INTEGRALES DEL SUR S.A. | PRISUR,760415790,,Región de la Araucanía ,,,,,1969364,"Art. Of. Seguridad, Cultura, Juzgado, Pesca y Emerg.",ARCHIVADOR TORRE CARTÓN DURO OFICIO 450 HOJAS PRESIÓN LOMO ANCHO UNIDAD REGIÓN X(1969364) ARCHIVADOR TORRE CARTÓN DURO OFICIO 450 HOJAS PRESIÓN LOMO ANCHO UNIDAD REGIÓN X,35.0,,CLP,2342.0,,
3479-108-CM24,,2024-01-31T08:45:40Z,,,,,I MUNICIPALIDAD DE CALBUCO | Municipalidad De Calbuco,692206002,,Región de los Lagos ,,PROVEEDORES INTEGRALES DEL SUR S.A. | PRISUR,760415790,,Región de la Araucanía ,,,,,1971081,"Art. Of. Seguridad, Cultura, Juzgado, Pesca y Emerg.",BANDERITA AUTOADHESIVA PROARTE PAPEL RECTANGULAR 12X43X45MM MULTICOLOR 100 HOJAS REGIÓN X(1971081) BANDERITA AUTOADHESIVA PROARTE PAPEL RECTANGULAR 12X43X45MM MULTICOLOR 100 HOJAS REGIÓN X,10.0,,CLP,291.0,,
3479-108-CM24,,2024-01-31T08:45:40Z,,,,,I MUNICIPALIDAD DE CALBUCO | Municipalidad De Calbuco,692206002,,Región de los Lagos ,,PROVEEDORES INTEGRALES DEL SUR S.A. | PRISUR,760415790,,Región de la Araucanía ,,,,,1997720,"Art. Of. Seguridad, Cultura, Juzgado, Pesca y Emerg.",LIBRO DE OFICINA TIPO ACTA AUCA 200 HOJAS LISO SIN DISEÑO UNIDAD REGIÓN X(1997720) LIBRO DE OFICINA TIPO ACTA AUCA 200 HOJAS LISO SIN DISEÑO UNIDAD REGIÓN X,2.0,,CLP,4809.0,,
3479-108-CM24,,2024-01-31T08:45:40Z,,,,,I MUNICIPALIDAD DE CALBUCO | Municipalidad De Calbuco,692206002,,Región de los Lagos ,,PROVEEDORES INTEGRALES DEL SUR S.A. | PRISUR,760415790,,Región de la Araucanía ,,,,,1997703,"Art. Of. Seguridad, Cultura, Juzgado, Pesca y Emerg.",LIBRO DE OFICINA TIPO ACTA AUCA 100 HOJAS LISO SIN DISEÑO UNIDAD REGIÓN X(1997703) LIBRO DE OFICINA TIPO ACTA AUCA 100 HOJAS LISO SIN DISEÑO UNIDAD REGIÓN X,2.0,,CLP,2715.0,,
3479-108-CM24,,2024-01-31T08:45:40Z,,,,,I MUNICIPALIDAD DE CALBUCO | Municipalidad De Calbuco,692206002,,Región de los Lagos ,,PROVEEDORES INTEGRALES DEL SUR S.A. | PRISUR,760415790,,Región de la Araucanía ,,,,,2013479,"Art. Of. Seguridad, Cultura, Juzgado, Pesca y Emerg.",PAPEL IMPRESIÓN EQUALIT RESMA HOJA TAMAÑO CARTA COLOR BLANCO 500 HOJAS UNIDAD REGIÓN X(2013479) PAPEL IMPRESIÓN EQUALIT RESMA HOJA TAMAÑO CARTA COLOR BLANCO 500 HOJAS UNIDAD REGIÓN X,80.0,,CLP,2980.0,,
3479-108-CM24,,2024-01-31T08:45:40Z,,,,,I MUNICIPALIDAD DE CALBUCO | Municipalidad De Calbuco,692206002,,Región de los Lagos ,,PROVEEDORES INTEGRALES DEL SUR S.A. | PRISUR,760415790,,Región de la Araucanía ,,,,,2013496,"Art. Of. Seguridad, Cultura, Juzgado, Pesca y Emerg.",PAPEL IMPRESIÓN EQUALIT RESMA HOJA TAMAÑO OFICIO COLOR BLANCO 500 HOJAS UNIDAD REGIÓN X(2013496) PAPEL IMPRESIÓN EQUALIT RESMA HOJA TAMAÑO OFICIO COLOR BLANCO 500 HOJAS UNIDAD REGIÓN X,60.0,,CLP,3529.0,,
3479-108-CM24,,2024-01-31T08:45:40Z,,,,,I MUNICIPALIDAD DE CALBUCO | Municipalidad De Calbuco,692206002,,Región de los Lagos ,,PROVEEDORES INTEGRALES DEL SUR S.A. | PRISUR,760415790,,Región de la Araucanía ,,,,,2027402,"Art. Of. Seguridad, Cultura, Juzgado, Pesca y Emerg.",TIJERA TORRE OFICINA 14 CM MANGO PLÁSTICO UNIDAD REGIÓN X(2027402) TIJERA TORRE OFICINA 14 CM MANGO PLÁSTICO UNIDAD REGIÓN X,2.0,,CLP,851.0,,
3479-191-CM24,,2024-01-31T10:02:28Z,,,,,I MUNICIPALIDAD DE CALBUCO | Municipalidad De Calbuco,692206002,,Región de los Lagos ,,GASCO GLP S A | GASCO GLP - DIVISION SUR,965687408,,Región Metropolitana de Santiago,,,,,1944991,Gas Of. Cementerio,GAS LICUADO CILINDRO MEDIANTE VALE DE RECARGA 45 KG X REGIÓN(1944991) GAS LICUADO CILINDRO MEDIANTE VALE DE RECARGA 45 KG X REGIÓN,1.0,,CLP,38587.0,,
3479-191-CM24,,2024-01-31T10:02:28Z,,,,,I MUNICIPALIDAD DE CALBUCO | Municipalidad De Calbuco,692206002,,Región de los Lagos ,,GASCO GLP S A | GASCO GLP - DIVISION SUR,965687408,,Región Metropolitana de Santiago,,,,,1944974,Gas Of. Cementerio,GAS LICUADO CILINDRO MEDIANTE VALE DE RECARGA 15 KG X REGIÓN(1944974) GAS LICUADO CILINDRO MEDIANTE VALE DE RECARGA 15 KG X REGIÓN,15.0,,CLP,11142.0,,
3511-7-CM24,,2024-02-23T13:29:08Z,,,,,I MUNICIPALIDAD DE ILLAPEL | DEPARTAMENTO DE EDUCACION MUNICIPAL,690412004,,Región de Coquimbo ,,LANIX CHILE S.A. | LANIX CHILE S.A.,966749601,,Región Metropolitana de Santiago,,,,,1941189,LICEO DOMINGO ORTIZ DE ROZAS,LAPTOP LENOVO 14 WINDOWS 11 PRO AMD RYZEN 3-5400U 8 GB RAM 512 SSD GAMA 1(1941189) LAPTOP LENOVO 14 WINDOWS 11 PRO AMD RYZEN 3-5400U 8 GB RAM 512 SSD GAMA 1,38.0,,USD,464.1,,
3526-11-CM24,,2024-01-31T12:17:06Z,,,,,COMANDO DE APOYO A LA FUERZA | DIVLOG - Jefatura de Transporte,61101466K,,Región Metropolitana de Santiago,,AGENCIA DE VIAJES TURAVION SPA | Turavion SpA,809894002,,Región Metropolitana de Santiago,,,,,1849200,Orden de Compra: 3526-11-CM24,PASAJE AÉREO(1849200) PASAJE AÉREO,1.0,,CLP,107990.0,,
3526-11-CM24,,2024-01-31T12:17:06Z,,,,,COMANDO DE APOYO A LA FUERZA | DIVLOG - Jefatura de Transporte,61101466K,,Región Metropolitana de Santiago,,AGENCIA DE VIAJES TURAVION SPA | Turavion SpA,809894002,,Región Metropolitana de Santiago,,,,,1849200,Orden de Compra: 3526-11-CM24,PASAJE AÉREO(1849200) PASAJE AÉREO,1.0,,CLP,107990.0,,
3526-11-CM24,,2024-01-31T12:17:06Z,,,,,COMANDO DE APOYO A LA FUERZA | DIVLOG - Jefatura de Transporte,61101466K,,Región Metropolitana de Santiago,,AGENCIA DE VIAJES TURAVION SPA | Turavion SpA,809894002,,Región Metropolitana de Santiago,,,,,1849200,Orden de Compra: 3526-11-CM24,PASAJE AÉREO(1849200) PASAJE AÉREO,1.0,,CLP,107990.0,,
3526-11-CM24,,2024-01-31T12:17:06Z,,,,,COMANDO DE APOYO A LA FUERZA | DIVLOG - Jefatura de Transporte,61101466K,,Región Metropolitana de Santiago,,AGENCIA DE VIAJES TURAVION SPA | Turavion SpA,809894002,,Región Metropolitana de Santiago,,,,,1849200,Orden de Compra: 3526-11-CM24,PASAJE AÉREO(1849200) PASAJE AÉREO,1.0,,CLP,107990.0,,
3526-11-CM24,,2024-01-31T12:17:06Z,,,,,COMANDO DE APOYO A LA FUERZA | DIVLOG - Jefatura de Transporte,61101466K,,Región Metropolitana de Santiago,,AGENCIA DE VIAJES TURAVION SPA | Turavion SpA,809894002,,Región Metropolitana de Santiago,,,,,1849200,Orden de Compra: 3526-11-CM24,PASAJE AÉREO(1849200) PASAJE AÉREO,1.0,,CLP,107990.0,,
3526-11-CM24,,2024-01-31T12:17:06Z,,,,,COMANDO DE APOYO A LA FUERZA | DIVLOG - Jefatura de Transporte,61101466K,,Región Metropolitana de Santiago,,AGENCIA DE VIAJES TURAVION SPA | Turavion SpA,809894002,,Región Metropolitana de Santiago,,,,,1849200,Orden de Compra: 3526-11-CM24,PASAJE AÉREO(1849200) PASAJE AÉREO,1.0,,CLP,107990.0,,
3526-11-CM24,,2024-01-31T12:17:06Z,,,,,COMANDO DE APOYO A LA FUERZA | DIVLOG - Jefatura de Transporte,61101466K,,Región Metropolitana de Santiago,,AGENCIA DE VIAJES TURAVION SPA | Turavion SpA,809894002,,Región Metropolitana de Santiago,,,,,1849200,Orden de Compra: 3526-11-CM24,PASAJE AÉREO(1849200) PASAJE AÉREO,1.0,,CLP,107990.0,,
3526-11-CM24,,2024-01-31T12:17:06Z,,,,,COMANDO DE APOYO A LA FUERZA | DIVLOG - Jefatura de Transporte,61101466K,,Región Metropolitana de Santiago,,AGENCIA DE VIAJES TURAVION SPA | Turavion SpA,809894002,,Región Metropolitana de Santiago,,,,,1849200,Orden de Compra: 3526-11-CM24,PASAJE AÉREO(1849200) PASAJE AÉREO,1.0,,CLP,107990.0,,
3526-11-CM24,,2024-01-31T12:17:06Z,,,,,COMANDO DE APOYO A LA FUERZA | DIVLOG - Jefatura de Transporte,61101466K,,Región Metropolitana de Santiago,,AGENCIA DE VIAJES TURAVION SPA | Turavion SpA,809894002,,Región Metropolitana de Santiago,,,,,1849200,Orden de Compra: 3526-11-CM24,PASAJE AÉREO(1849200) PASAJE AÉREO,1.0,,CLP,107990.0,,
3526-11-CM24,,2024-01-31T12:17:06Z,,,,,COMANDO DE APOYO A LA FUERZA | DIVLOG - Jefatura de Transporte,61101466K,,Región Metropolitana de Santiago,,AGENCIA DE VIAJES TURAVION SPA | Turavion SpA,809894002,,Región Metropolitana de Santiago,,,,,1849900,Orden de Compra: 3526-11-CM24,TASA DE EMBARQUE(1849900) TASA DE EMBARQUE,1.0,,CLP,165132.0,,
3540-19-CM24,,2024-03-12T17:36:19Z,,,,,COMANDO DE APOYO A LA FUERZA | Cuerpo Militar del Trabajo Subjefatura Zonal Coyhaique,611010370,,Región Aysén del General Carlos Ibáñez del Campo,,ABASTIBLE S.A. | ABASTIBLE S.A.,918060006,,Región de Atacama ,,,,,1945009,Gas a granel C.Base (P.1095),GAS LICUADO GRANEL LITRO XI REGIÓN(1945009) GAS LICUADO GRANEL LITRO XI REGIÓN,468.0,,CLP,323.0,,
3567-50-CM24,,2024-01-30T15:12:28Z,,,,,I MUNICIPALIDAD DE FLORIDA | Ilustre Municipalidad De Florida,691507009,,Región del Biobío ,,COMERCIALIZADORA DE ART DE PROTECCION Y SEGURIDAD INDUSTRIAL MANQUEHUE | apro ltda. - Casa Matriz,868872004,,Región Metropolitana de Santiago,,,,,1586435,CALZADOS DE SEGURIDAD BOTAS Y ZAPATOS.,BOTAS PARA EL AGUA BATA INDUSTRIALS  JARDINERA UNIDAD(1586435) BOTAS PARA EL AGUA BATA INDUSTRIALS  JARDINERA UNIDAD,3.0,,CLP,6484.0,,
3567-50-CM24,,2024-01-30T15:12:28Z,,,,,I MUNICIPALIDAD DE FLORIDA | Ilustre Municipalidad De Florida,691507009,,Región del Biobío ,,COMERCIALIZADORA DE ART DE PROTECCION Y SEGURIDAD INDUSTRIAL MANQUEHUE | apro ltda. - Casa Matriz,868872004,,Región Metropolitana de Santiago,,,,,1635537,CALZADOS DE SEGURIDAD BOTAS Y ZAPATOS.,ZAPATO DE SEGURIDAD NORSEG NEW VANCOUVER UNIDAD(1635537) ZAPATO DE SEGURIDAD NORSEG NEW VANCOUVER UNIDAD,22.0,,CLP,49990.0,,
3663-16-CM24,,2024-02-22T10:00:45Z,,,,,I MUNICIPALIDAD DE REQUINOA | Salud,690813009,,Región del Libertador General Bernardo O´Higgins,,CASTILLA Y ARAGON SPA | CASTILLA Y ARAGON,969895307,,Región Metropolitana de Santiago,,,,,2029371,ARTICULOS DE ESCRITORIO,"LÁPIZ GEL TORRE PUNTA FINA ROJO 0,5MM UNIDAD REGIÓN VI(2029371) LÁPIZ GEL TORRE PUNTA FINA ROJO 0,5MM UNIDAD REGIÓN VI",200.0,,CLP,470.0,,
3663-16-CM24,,2024-02-22T10:00:45Z,,,,,I MUNICIPALIDAD DE REQUINOA | Salud,690813009,,Región del Libertador General Bernardo O´Higgins,,CASTILLA Y ARAGON SPA | CASTILLA Y ARAGON,969895307,,Región Metropolitana de Santiago,,,,,1997717,ARTICULOS DE ESCRITORIO,LIBRO DE OFICINA TIPO ACTA AUCA 200 HOJAS LISO SIN DISEÑO UNIDAD REGIÓN VI(1997717) LIBRO DE OFICINA TIPO ACTA AUCA 200 HOJAS LISO SIN DISEÑO UNIDAD REGIÓN VI,10.0,,CLP,4793.0,,
3663-16-CM24,,2024-02-22T10:00:45Z,,,,,I MUNICIPALIDAD DE REQUINOA | Salud,690813009,,Región del Libertador General Bernardo O´Higgins,,CASTILLA Y ARAGON SPA | CASTILLA Y ARAGON,969895307,,Región Metropolitana de Santiago,,,,,2011946,ARTICULOS DE ESCRITORIO,NOTA ADHESIVA FULTONS PAPEL AMARILLO 38X50 MM 100 HOJAS UNIDAD REGIÓN VI(2011946) NOTA ADHESIVA FULTONS PAPEL AMARILLO 38X50 MM 100 HOJAS UNIDAD REGIÓN VI,170.0,,CLP,219.0,,
3663-16-CM24,,2024-02-22T10:00:45Z,,,,,I MUNICIPALIDAD DE REQUINOA | Salud,690813009,,Región del Libertador General Bernardo O´Higgins,,CASTILLA Y ARAGON SPA | CASTILLA Y ARAGON,969895307,,Región Metropolitana de Santiago,,,,,2009294,ARTICULOS DE ESCRITORIO,MICA DIAZOL LISA OFICIO 200 MICRONES NATURAL 100 UNIDADES REGIÓN VI(2009294) MICA DIAZOL LISA OFICIO 200 MICRONES NATURAL 100 UNIDADES REGIÓN VI,3.0,,CLP,9488.0,,
3663-16-CM24,,2024-02-22T10:00:45Z,,,,,I MUNICIPALIDAD DE REQUINOA | Salud,690813009,,Región del Libertador General Bernardo O´Higgins,,CASTILLA Y ARAGON SPA | CASTILLA Y ARAGON,969895307,,Región Metropolitana de Santiago,,,,,1998771,ARTICULOS DE ESCRITORIO,"MAGIC CLIPPER HAND PISTOLA DISPENSADORA 4,8X13 MM UNIDAD REGIÓN VI(1998771) MAGIC CLIPPER HAND PISTOLA DISPENSADORA 4,8X13 MM UNIDAD REGIÓN VI",20.0,,CLP,552.0,,
3663-16-CM24,,2024-02-22T10:00:45Z,,,,,I MUNICIPALIDAD DE REQUINOA | Salud,690813009,,Región del Libertador General Bernardo O´Higgins,,CASTILLA Y ARAGON SPA | CASTILLA Y ARAGON,969895307,,Región Metropolitana de Santiago,,,,,1998788,ARTICULOS DE ESCRITORIO,"MAGIC CLIPPER HAND PISTOLA DISPENSADORA 6,4X16 MM UNIDAD REGIÓN VI(1998788) MAGIC CLIPPER HAND PISTOLA DISPENSADORA 6,4X16 MM UNIDAD REGIÓN VI",20.0,,CLP,741.0,,
3663-16-CM24,,2024-02-22T10:00:45Z,,,,,I MUNICIPALIDAD DE REQUINOA | Salud,690813009,,Región del Libertador General Bernardo O´Higgins,,CASTILLA Y ARAGON SPA | CASTILLA Y ARAGON,969895307,,Región Metropolitana de Santiago,,,,,1967950,ARTICULOS DE ESCRITORIO,ARCHIVADOR ISOFIT CAJA ESTANDAR UNIDAD REGIÓN VI(1967950) ARCHIVADOR ISOFIT CAJA ESTANDAR UNIDAD REGIÓN VI,120.0,,CLP,1359.0,,
3663-16-CM24,,2024-02-22T10:00:45Z,,,,,I MUNICIPALIDAD DE REQUINOA | Salud,690813009,,Región del Libertador General Bernardo O´Higgins,,CASTILLA Y ARAGON SPA | CASTILLA Y ARAGON,969895307,,Región Metropolitana de Santiago,,,,,2013527,ARTICULOS DE ESCRITORIO,PAPEL IMPRESIÓN EXCELLENT RESMA HOJA TAMAÑO CARTA COLOR BLANCO 500 HOJAS UNIDAD REGIÓN VI(2013527) PAPEL IMPRESIÓN EXCELLENT RESMA HOJA TAMAÑO CARTA COLOR BLANCO 500 HOJAS UNIDAD REGIÓN VI,120.0,,CLP,2884.0,,
3663-16-CM24,,2024-02-22T10:00:45Z,,,,,I MUNICIPALIDAD DE REQUINOA | Salud,690813009,,Región del Libertador General Bernardo O´Higgins,,CASTILLA Y ARAGON SPA | CASTILLA Y ARAGON,969895307,,Región Metropolitana de Santiago,,,,,2014088,ARTICULOS DE ESCRITORIO,PEGAMENTO BARRA ADIX TRANSPARENTE 36GR NO TOX LAVABLE PAPEL-CARTULINA-TELA UNIDAD REGIÓN VI(2014088) PEGAMENTO BARRA ADIX TRANSPARENTE 36GR NO TOX LAVABLE PAPEL-CARTULINA-TELA UNIDAD REGIÓN VI,10.0,,CLP,683.0,,
3663-16-CM24,,2024-02-22T10:00:45Z,,,,,I MUNICIPALIDAD DE REQUINOA | Salud,690813009,,Región del Libertador General Bernardo O´Higgins,,CASTILLA Y ARAGON SPA | CASTILLA Y ARAGON,969895307,,Región Metropolitana de Santiago,,,,,2019664,ARTICULOS DE ESCRITORIO,REGLA PROARTE PLÁSTICO ACRÍLICO DURO BISELADA 30 CM TRANSPARENTE UNIDAD REGIÓN VI(2019664) REGLA PROARTE PLÁSTICO ACRÍLICO DURO BISELADA 30 CM TRANSPARENTE UNIDAD REGIÓN VI,10.0,,CLP,196.0,,
3663-16-CM24,,2024-02-22T10:00:45Z,,,,,I MUNICIPALIDAD DE REQUINOA | Salud,690813009,,Región del Libertador General Bernardo O´Higgins,,CASTILLA Y ARAGON SPA | CASTILLA Y ARAGON,969895307,,Región Metropolitana de Santiago,,,,,2013476,ARTICULOS DE ESCRITORIO,PAPEL IMPRESIÓN EQUALIT RESMA HOJA TAMAÑO CARTA COLOR BLANCO 500 HOJAS UNIDAD REGIÓN VI(2013476) PAPEL IMPRESIÓN EQUALIT RESMA HOJA TAMAÑO CARTA COLOR BLANCO 500 HOJAS UNIDAD REGIÓN VI,120.0,,CLP,3491.0,,
3663-16-CM24,,2024-02-22T10:00:45Z,,,,,I MUNICIPALIDAD DE REQUINOA | Salud,690813009,,Región del Libertador General Bernardo O´Higgins,,CASTILLA Y ARAGON SPA | CASTILLA Y ARAGON,969895307,,Región Metropolitana de Santiago,,,,,1975906,ARTICULOS DE ESCRITORIO,CARPETA HALLEY OFICIO CARTULINA PIGMENTADA PESTAÑA LISO S/DISEÑO UNIDAD REGIÓN VI(1975906) CARPETA HALLEY OFICIO CARTULINA PIGMENTADA PESTAÑA LISO S/DISEÑO UNIDAD REGIÓN VI,200.0,,CLP,131.0,,
3663-16-CM24,,2024-02-22T10:00:45Z,,,,,I MUNICIPALIDAD DE REQUINOA | Salud,690813009,,Región del Libertador General Bernardo O´Higgins,,CASTILLA Y ARAGON SPA | CASTILLA Y ARAGON,969895307,,Región Metropolitana de Santiago,,,,,1976977,ARTICULOS DE ESCRITORIO,CARPETA TORRE OFICIO CARTULINA PLASTIFICADA LISO S/DISEÑO UNIDAD REGIÓN VI(1976977) CARPETA TORRE OFICIO CARTULINA PLASTIFICADA LISO S/DISEÑO UNIDAD REGIÓN VI,50.0,,CLP,594.0,,
3663-16-CM24,,2024-02-22T10:00:45Z,,,,,I MUNICIPALIDAD DE REQUINOA | Salud,690813009,,Región del Libertador General Bernardo O´Higgins,,CASTILLA Y ARAGON SPA | CASTILLA Y ARAGON,969895307,,Región Metropolitana de Santiago,,,,,1977181,ARTICULOS DE ESCRITORIO,CINTA ADHESIVA HAND TRANSPARENTE 30 M CRISTAL ANCHO 18 MM UNIDAD REGIÓN VI(1977181) CINTA ADHESIVA HAND TRANSPARENTE 30 M CRISTAL ANCHO 18 MM UNIDAD REGIÓN VI,70.0,,CLP,148.0,,
3663-16-CM24,,2024-02-22T10:00:45Z,,,,,I MUNICIPALIDAD DE REQUINOA | Salud,690813009,,Región del Libertador General Bernardo O´Higgins,,CASTILLA Y ARAGON SPA | CASTILLA Y ARAGON,969895307,,Región Metropolitana de Santiago,,,,,1982264,ARTICULOS DE ESCRITORIO,CORRECTOR PROARTE LAPIZ LÍQUIDO BLANCO 7 ML UNIDAD REGIÓN VI(1982264) CORRECTOR PROARTE LAPIZ LÍQUIDO BLANCO 7 ML UNIDAD REGIÓN VI,70.0,,CLP,535.0,,
3663-16-CM24,,2024-02-22T10:00:45Z,,,,,I MUNICIPALIDAD DE REQUINOA | Salud,690813009,,Región del Libertador General Bernardo O´Higgins,,CASTILLA Y ARAGON SPA | CASTILLA Y ARAGON,969895307,,Región Metropolitana de Santiago,,,,,1981567,ARTICULOS DE ESCRITORIO,CORCHETES HAND METAL CROMADO 26/6MM CAJA 1000 UNIDADES REGIÓN VI(1981567) CORCHETES HAND METAL CROMADO 26/6MM CAJA 1000 UNIDADES REGIÓN VI,24.0,,CLP,164.0,,
3663-16-CM24,,2024-02-22T10:00:45Z,,,,,I MUNICIPALIDAD DE REQUINOA | Salud,690813009,,Región del Libertador General Bernardo O´Higgins,,CASTILLA Y ARAGON SPA | CASTILLA Y ARAGON,969895307,,Región Metropolitana de Santiago,,,,,1986293,ARTICULOS DE ESCRITORIO,DESTACADOR ISOFIT BOLSILLO DELGADO ROSA FLÚOR P/BISELADA 3MM UNIDAD REGIÓN VI(1986293) DESTACADOR ISOFIT BOLSILLO DELGADO ROSA FLÚOR P/BISELADA 3MM UNIDAD REGIÓN VI,30.0,,CLP,184.0,,
3663-16-CM24,,2024-02-22T10:00:45Z,,,,,I MUNICIPALIDAD DE REQUINOA | Salud,690813009,,Región del Libertador General Bernardo O´Higgins,,CASTILLA Y ARAGON SPA | CASTILLA Y ARAGON,969895307,,Región Metropolitana de Santiago,,,,,1986106,ARTICULOS DE ESCRITORIO,DESTACADOR ISOFIT BOLSILLO DELGADO AMARILLO FLÚOR P/BISELADA 3MM UNIDAD REGIÓN VI(1986106) DESTACADOR ISOFIT BOLSILLO DELGADO AMARILLO FLÚOR P/BISELADA 3MM UNIDAD REGIÓN VI,20.0,,CLP,184.0,,
3663-16-CM24,,2024-02-22T10:00:45Z,,,,,I MUNICIPALIDAD DE REQUINOA | Salud,690813009,,Región del Libertador General Bernardo O´Higgins,,CASTILLA Y ARAGON SPA | CASTILLA Y ARAGON,969895307,,Región Metropolitana de Santiago,,,,,1995201,ARTICULOS DE ESCRITORIO,"LÁPIZ PASTA BIC PUNTA GRUESA AZUL 1,6MM UNIDAD REGIÓN VI(1995201) LÁPIZ PASTA BIC PUNTA GRUESA AZUL 1,6MM UNIDAD REGIÓN VI",750.0,,CLP,295.0,,
3708-71-CM24,,2024-02-14T09:47:47Z,,,,,I MUNICIPALIDAD DE PITRUFQUEN | Adquisiciones,691913007,,Región de la Araucanía ,,RAC SEGURIDAD INDUSTRIAL | RAC SEGURIDAD INDUSTRIAL,77676860K,,Región Metropolitana de Santiago,,,,,1634406,"Adquisición linternas, SA-04 DGRYD",LINTERNA FENIX TK20R UNIDAD(1634406) LINTERNA FENIX TK20R UNIDAD,10.0,,CLP,69990.0,,
3712-86-CM24,,2024-02-14T09:47:47Z,,,,,I MUNICIPALIDAD DE LOS VILOS | Finanzas,690415003,,Región de Coquimbo ,,PROVEEDORES INTEGRALES PRISA S A | PRISA S A. - sucursal,965569405,,Región Metropolitana de Santiago,,,,,1890557,Materiales de aseo para dependencias municipales.,BOLSA DE BASURA VIRUTEX PRO GRANDE 80X110 120 L PLANA PAQUETE X 10 UNIDADES REGIÓN IV(1890557) BOLSA DE BASURA VIRUTEX PRO GRANDE 80X110 120 L PLANA PAQUETE X 10 UNIDADES REGIÓN IV,50.0,,CLP,1555.0,,
3712-86-CM24,,2024-02-14T09:47:47Z,,,,,I MUNICIPALIDAD DE LOS VILOS | Finanzas,690415003,,Región de Coquimbo ,,PROVEEDORES INTEGRALES PRISA S A | PRISA S A. - sucursal,965569405,,Región Metropolitana de Santiago,,,,,1890591,Materiales de aseo para dependencias municipales.,BOLSA DE BASURA VIRUTEX PRO MEDIANA 70X90 70 L PLANA PAQUETE X 10 UNIDADES REGIÓN IV(1890591) BOLSA DE BASURA VIRUTEX PRO MEDIANA 70X90 70 L PLANA PAQUETE X 10 UNIDADES REGIÓN IV,50.0,,CLP,1233.0,,
3712-86-CM24,,2024-02-14T09:47:47Z,,,,,I MUNICIPALIDAD DE LOS VILOS | Finanzas,690415003,,Región de Coquimbo ,,PROVEEDORES INTEGRALES PRISA S A | PRISA S A. - sucursal,965569405,,Región Metropolitana de Santiago,,,,,1890625,Materiales de aseo para dependencias municipales.,BOLSA DE BASURA VIRUTEX PRO PEQUEÑA 50X70 30 L PLANA PAQUETE X 10 UNIDADES REGIÓN IV(1890625) BOLSA DE BASURA VIRUTEX PRO PEQUEÑA 50X70 30 L PLANA PAQUETE X 10 UNIDADES REGIÓN IV,100.0,,CLP,686.0,,
3712-86-CM24,,2024-02-14T09:47:47Z,,,,,I MUNICIPALIDAD DE LOS VILOS | Finanzas,690415003,,Región de Coquimbo ,,PROVEEDORES INTEGRALES PRISA S A | PRISA S A. - sucursal,965569405,,Región Metropolitana de Santiago,,,,,1945338,Materiales de aseo para dependencias municipales.,CLORO GEL  TREMEX SIN AROMA BOTELLA 900 ML UNIDAD REGIÓN IV(1945338) CLORO GEL  TREMEX SIN AROMA BOTELLA 900 ML UNIDAD REGIÓN IV,96.0,,CLP,1724.0,,
3712-86-CM24,,2024-02-14T09:47:47Z,,,,,I MUNICIPALIDAD DE LOS VILOS | Finanzas,690415003,,Región de Coquimbo ,,PROVEEDORES INTEGRALES PRISA S A | PRISA S A. - sucursal,965569405,,Región Metropolitana de Santiago,,,,,1931414,Materiales de aseo para dependencias municipales.,DESINFECTANTE SUPERFICIES EN AEROSOL IGENIX ANTIBACTERIAL 360 ML UNIDAD REGIÓN IV(1931414) DESINFECTANTE SUPERFICIES EN AEROSOL IGENIX ANTIBACTERIAL 360 ML UNIDAD REGIÓN IV,72.0,,CLP,1548.0,,
3712-86-CM24,,2024-02-14T09:47:47Z,,,,,I MUNICIPALIDAD DE LOS VILOS | Finanzas,690415003,,Región de Coquimbo ,,PROVEEDORES INTEGRALES PRISA S A | PRISA S A. - sucursal,965569405,,Región Metropolitana de Santiago,,,,,1932720,Materiales de aseo para dependencias municipales.,JABÓN KLAREN AROMATICO LÍQUIDO BOTELLA 2 L UNIDAD REGIÓN IV(1932720) JABÓN KLAREN AROMATICO LÍQUIDO BOTELLA 2 L UNIDAD REGIÓN IV,20.0,,CLP,1731.0,,
3712-86-CM24,,2024-02-14T09:47:47Z,,,,,I MUNICIPALIDAD DE LOS VILOS | Finanzas,690415003,,Región de Coquimbo ,,PROVEEDORES INTEGRALES PRISA S A | PRISA S A. - sucursal,965569405,,Región Metropolitana de Santiago,,,,,1911144,Materiales de aseo para dependencias municipales.,LIMPIADOR DE PISOS TREMEX CONCENTRADO MULTIUSO BOTELLA 900 ML UNIDAD REGIÓN IV(1911144) LIMPIADOR DE PISOS TREMEX CONCENTRADO MULTIUSO BOTELLA 900 ML UNIDAD REGIÓN IV,96.0,,CLP,900.0,,
3712-86-CM24,,2024-02-14T09:47:47Z,,,,,I MUNICIPALIDAD DE LOS VILOS | Finanzas,690415003,,Región de Coquimbo ,,PROVEEDORES INTEGRALES PRISA S A | PRISA S A. - sucursal,965569405,,Región Metropolitana de Santiago,,,,,1920035,Materiales de aseo para dependencias municipales.,PAPEL HIGIÉNICO ELITE ALTO METRAJE DOBLE HOJA 6 ROLLOS 250 M 1 PAQUETE REGIÓN IV(1920035) PAPEL HIGIÉNICO ELITE ALTO METRAJE DOBLE HOJA 6 ROLLOS 250 M 1 PAQUETE REGIÓN IV,30.0,,CLP,11060.0,,
3712-86-CM24,,2024-02-14T09:47:47Z,,,,,I MUNICIPALIDAD DE LOS VILOS | Finanzas,690415003,,Región de Coquimbo ,,PROVEEDORES INTEGRALES PRISA S A | PRISA S A. - sucursal,965569405,,Región Metropolitana de Santiago,,,,,1923979,Materiales de aseo para dependencias municipales.,TOALLA DE PAPEL ELITE PROFESSIONAL DOBLE HOJA 200 M 2 ROLLOS REGIÓN IV(1923979) TOALLA DE PAPEL ELITE PROFESSIONAL DOBLE HOJA 200 M 2 ROLLOS REGIÓN IV,70.0,,CLP,7420.0,,
3712-86-CM24,,2024-02-14T09:47:47Z,,,,,I MUNICIPALIDAD DE LOS VILOS | Finanzas,690415003,,Región de Coquimbo ,,PROVEEDORES INTEGRALES PRISA S A | PRISA S A. - sucursal,965569405,,Región Metropolitana de Santiago,,,,,1918386,Materiales de aseo para dependencias municipales.,PAÑO ABSORBENTE MULTIUSO VIRUTEX PRO ALGODÓN 50X45 CM UNIDAD REGIÓN IV(1918386) PAÑO ABSORBENTE MULTIUSO VIRUTEX PRO ALGODÓN 50X45 CM UNIDAD REGIÓN IV,100.0,,CLP,682.0,,
3712-86-CM24,,2024-02-14T09:47:47Z,,,,,I MUNICIPALIDAD DE LOS VILOS | Finanzas,690415003,,Región de Coquimbo ,,PROVEEDORES INTEGRALES PRISA S A | PRISA S A. - sucursal,965569405,,Región Metropolitana de Santiago,,,,,1926257,Materiales de aseo para dependencias municipales.,TRAPERO REUTILIZABLE IGENIX DESINFECTANTE C/ OJAL 40X60 CM PAQUETE 10 UNIDADES REGIÓN IV(1926257) TRAPERO REUTILIZABLE IGENIX DESINFECTANTE C/ OJAL 40X60 CM PAQUETE 10 UNIDADES REGIÓN IV,100.0,,CLP,2340.0,,
3712-86-CM24,,2024-02-14T09:47:47Z,,,,,I MUNICIPALIDAD DE LOS VILOS | Finanzas,690415003,,Región de Coquimbo ,,PROVEEDORES INTEGRALES PRISA S A | PRISA S A. - sucursal,965569405,,Región Metropolitana de Santiago,,,,,1897119,Materiales de aseo para dependencias municipales.,"CLORO TRADICIONAL IMPEKE 2,62% 1000 ML UNIDAD REGIÓN IV(1897119) CLORO TRADICIONAL IMPEKE 2,62% 1000 ML UNIDAD REGIÓN IV",72.0,,CLP,737.0,,
3712-86-CM24,,2024-02-14T09:47:47Z,,,,,I MUNICIPALIDAD DE LOS VILOS | Finanzas,690415003,,Región de Coquimbo ,,PROVEEDORES INTEGRALES PRISA S A | PRISA S A. - sucursal,965569405,,Región Metropolitana de Santiago,,,,,1906945,Materiales de aseo para dependencias municipales.,GUANTES DE LIMPIEZA VIRUTEX MULTIUSO GAMUZADO TALLA M PAR REGIÓN IV(1906945) GUANTES DE LIMPIEZA VIRUTEX MULTIUSO GAMUZADO TALLA M PAR REGIÓN IV,50.0,,CLP,2139.0,,
3712-86-CM24,,2024-02-14T09:47:47Z,,,,,I MUNICIPALIDAD DE LOS VILOS | Finanzas,690415003,,Región de Coquimbo ,,PROVEEDORES INTEGRALES PRISA S A | PRISA S A. - sucursal,965569405,,Región Metropolitana de Santiago,,,,,1945389,Materiales de aseo para dependencias municipales.,GEL SANITIZANTE PARA MANOS TREMEX 70% BOTELLA C/DOSIFICADOR 1000 ML UNIDAD REGIÓN IV(1945389) GEL SANITIZANTE PARA MANOS TREMEX 70% BOTELLA C/DOSIFICADOR 1000 ML UNIDAD REGIÓN IV,30.0,,CLP,4896.0,,
3794-983-CM24,,2024-01-30T16:29:33Z,,,,,DIRECCION DE LOGISTICA DE CARABINEROS | Sec.Gest.Financ.P.3,60505000K,,Región Metropolitana de Santiago,,AGENCIA DE VIAJES TURAVION SPA | Turavion SpA,809894002,,Región Metropolitana de Santiago,,,,,1849200,MEDICINA PREVENTIVA,PASAJE AÉREO(1849200) PASAJE AÉREO,1.0,,CLP,336980.0,,
3794-983-CM24,,2024-01-30T16:29:33Z,,,,,DIRECCION DE LOGISTICA DE CARABINEROS | Sec.Gest.Financ.P.3,60505000K,,Región Metropolitana de Santiago,,AGENCIA DE VIAJES TURAVION SPA | Turavion SpA,809894002,,Región Metropolitana de Santiago,,,,,1849900,MEDICINA PREVENTIVA,TASA DE EMBARQUE(1849900) TASA DE EMBARQUE,1.0,,CLP,36600.0,,
3807-21-CM24,,2024-01-30T13:24:56Z,,,,,I MUNICIPALIDAD DE EMPEDRADO | I MUNICIPALIDAD DE EMPEDRADO,691202003,,Región del Maule ,,GASCO GLP S A | GASCO GLP - DIVISION SUR,965687408,,Región Metropolitana de Santiago,,,,,1944971,CUPONES DE GAS SERVICIO BIENESTAR,GAS LICUADO CILINDRO MEDIANTE VALE DE RECARGA 15 KG VII REGIÓN(1944971) GAS LICUADO CILINDRO MEDIANTE VALE DE RECARGA 15 KG VII REGIÓN,50.0,,CLP,10564.0,,
3889-13-CM24,,2024-02-14T09:47:47Z,,,,,I MUNICIPALIDAD DE PLACILLA | I MUNICIPALIDAD DE PLACILLA,690902001,,Región del Libertador General Bernardo O´Higgins,,COMERCIALIZADORA TD TODO EXPRESS LIMITADA | COMERCIALIZADORA TD TODO EXPRESS LIMITADA,769675566,,Región Metropolitana de Santiago,,,,,1586647,Orden de Compra: 3889-13-CM24,COMBINACION NIBSA LAVAPLATOS RAPEL CROMO UNIDAD(1586647) COMBINACION NIBSA LAVAPLATOS RAPEL CROMO UNIDAD,28.0,,CLP,23460.0,,
4076-19-CM24,,2024-01-31T11:41:29Z,,,,,DIRECCION DE LOGISTICA DE CARABINEROS | Prefectura Aérea,605057330,,Región Metropolitana de Santiago,,COMERCIAL SOLO FRESCO SA | SOLO FRESCO SA,761023470,,Región Metropolitana de Santiago,,,,,1885133,ADQUISICION DE ABARROTES,MOSTAZA CAROZZI 1 KILO UNIDAD RM(1885133) MOSTAZA CAROZZI 1 KILO UNIDAD RM,10.0,,CLP,2225.0,,
4076-19-CM24,,2024-01-31T11:41:29Z,,,,,DIRECCION DE LOGISTICA DE CARABINEROS | Prefectura Aérea,605057330,,Región Metropolitana de Santiago,,COMERCIAL SOLO FRESCO SA | SOLO FRESCO SA,761023470,,Región Metropolitana de Santiago,,,,,1451607,ADQUISICION DE ABARROTES,GALLETA DULCE COSTA OBSESION BOLSA 85 G  UNIDAD RM(1451607) GALLETA DULCE COSTA OBSESION BOLSA 85 G  UNIDAD RM,48.0,,CLP,1036.0,,
4076-19-CM24,,2024-01-31T11:41:29Z,,,,,DIRECCION DE LOGISTICA DE CARABINEROS | Prefectura Aérea,605057330,,Región Metropolitana de Santiago,,COMERCIAL SOLO FRESCO SA | SOLO FRESCO SA,761023470,,Región Metropolitana de Santiago,,,,,1500567,ADQUISICION DE ABARROTES,BEBIDA NORMAL KEM XTREME BOTELLA 500 CC UNIDAD RM(1500567) BEBIDA NORMAL KEM XTREME BOTELLA 500 CC UNIDAD RM,96.0,,CLP,933.0,,
4076-19-CM24,,2024-01-31T11:41:29Z,,,,,DIRECCION DE LOGISTICA DE CARABINEROS | Prefectura Aérea,605057330,,Región Metropolitana de Santiago,,COMERCIAL SOLO FRESCO SA | SOLO FRESCO SA,761023470,,Región Metropolitana de Santiago,,,,,1492197,ADQUISICION DE ABARROTES,BEBIDA LIGHT CANADA DRY GINGER ALE BOTELLA 500 CC UNIDAD RM(1492197) BEBIDA LIGHT CANADA DRY GINGER ALE BOTELLA 500 CC UNIDAD RM,96.0,,CLP,950.0,,
4076-19-CM24,,2024-01-31T11:41:29Z,,,,,DIRECCION DE LOGISTICA DE CARABINEROS | Prefectura Aérea,605057330,,Región Metropolitana de Santiago,,COMERCIAL SOLO FRESCO SA | SOLO FRESCO SA,761023470,,Región Metropolitana de Santiago,,,,,1429182,ADQUISICION DE ABARROTES,BEBIDA ZERO PEPSI BOTELLA 500 CC UNIDAD RM(1429182) BEBIDA ZERO PEPSI BOTELLA 500 CC UNIDAD RM,96.0,,CLP,950.0,,
4076-19-CM24,,2024-01-31T11:41:29Z,,,,,DIRECCION DE LOGISTICA DE CARABINEROS | Prefectura Aérea,605057330,,Región Metropolitana de Santiago,,COMERCIAL SOLO FRESCO SA | SOLO FRESCO SA,761023470,,Región Metropolitana de Santiago,,,,,1451817,ADQUISICION DE ABARROTES,ACEITE VEGETAL MIRAFLORES BOTELLA 1 L UNIDAD RM(1451817) ACEITE VEGETAL MIRAFLORES BOTELLA 1 L UNIDAD RM,36.0,,CLP,3662.0,,
4076-19-CM24,,2024-01-31T11:41:29Z,,,,,DIRECCION DE LOGISTICA DE CARABINEROS | Prefectura Aérea,605057330,,Región Metropolitana de Santiago,,COMERCIAL SOLO FRESCO SA | SOLO FRESCO SA,761023470,,Región Metropolitana de Santiago,,,,,1452387,ADQUISICION DE ABARROTES,GALLETA DULCE MCKAY KUKY CLASICA BOLSA 120 G UNIDAD RM(1452387) GALLETA DULCE MCKAY KUKY CLASICA BOLSA 120 G UNIDAD RM,60.0,,CLP,805.0,,
4076-19-CM24,,2024-01-31T11:41:29Z,,,,,DIRECCION DE LOGISTICA DE CARABINEROS | Prefectura Aérea,605057330,,Región Metropolitana de Santiago,,COMERCIAL SOLO FRESCO SA | SOLO FRESCO SA,761023470,,Región Metropolitana de Santiago,,,,,1446762,ADQUISICION DE ABARROTES,AGUA MINERAL CON GAS VITAL BOTELLA 600 CC UNIDAD RM(1446762) AGUA MINERAL CON GAS VITAL BOTELLA 600 CC UNIDAD RM,192.0,,CLP,382.0,,
4076-19-CM24,,2024-01-31T11:41:29Z,,,,,DIRECCION DE LOGISTICA DE CARABINEROS | Prefectura Aérea,605057330,,Región Metropolitana de Santiago,,COMERCIAL SOLO FRESCO SA | SOLO FRESCO SA,761023470,,Región Metropolitana de Santiago,,,,,1446807,ADQUISICION DE ABARROTES,AGUA MINERAL SIN GAS VITAL BOTELLA 600 CC UNIDAD RM(1446807) AGUA MINERAL SIN GAS VITAL BOTELLA 600 CC UNIDAD RM,192.0,,CLP,389.0,,
4076-19-CM24,,2024-01-31T11:41:29Z,,,,,DIRECCION DE LOGISTICA DE CARABINEROS | Prefectura Aérea,605057330,,Región Metropolitana de Santiago,,COMERCIAL SOLO FRESCO SA | SOLO FRESCO SA,761023470,,Región Metropolitana de Santiago,,,,,1436607,ADQUISICION DE ABARROTES,MERMELADA MALLOA DURAZNO BOLSA 230 G UNIDAD RM(1436607) MERMELADA MALLOA DURAZNO BOLSA 230 G UNIDAD RM,36.0,,CLP,1600.0,,
4076-19-CM24,,2024-01-31T11:41:29Z,,,,,DIRECCION DE LOGISTICA DE CARABINEROS | Prefectura Aérea,605057330,,Región Metropolitana de Santiago,,COMERCIAL SOLO FRESCO SA | SOLO FRESCO SA,761023470,,Región Metropolitana de Santiago,,,,,1590453,ADQUISICION DE ABARROTES,CREMA DE LECHE COLUN PARA BATIR CAJA 1 L UNIDAD RM(1590453) CREMA DE LECHE COLUN PARA BATIR CAJA 1 L UNIDAD RM,24.0,,CLP,4033.0,,
4105-73-CM24,,2024-03-22T10:02:27Z,,,,,I MUNICIPALIDAD DE CALLE LARGA | FINANZAS,690512009,,Región de Valparaíso ,,COPEC S.A. | COPEC S.A.,995200007,,Región Metropolitana de Santiago,,,,,1944414,COMBUSTIBLE PARA ABASTECER VEHICULOS MUNICIPALES MES DE FEBRERO 2024.,ESTACIÓN DE SERVICIO GASOLINA REGIÓN VALPARAÍSO DESCUENTO PESOS POR LITRO(1944414) ESTACIÓN DE SERVICIO GASOLINA REGIÓN VALPARAÍSO DESCUENTO PESOS POR LITRO,1.0,,CLP,615098.0,,
4105-73-CM24,,2024-03-22T10:02:27Z,,,,,I MUNICIPALIDAD DE CALLE LARGA | FINANZAS,690512009,,Región de Valparaíso ,,COPEC S.A. | COPEC S.A.,995200007,,Región Metropolitana de Santiago,,,,,1944430,COMBUSTIBLE PARA ABASTECER VEHICULOS MUNICIPALES MES DE FEBRERO 2024.,ESTACIÓN DE SERVICIO DIESEL REGIÓN VALPARAÍSO DESCUENTO PESOS POR LITRO(1944430) ESTACIÓN DE SERVICIO DIESEL REGIÓN VALPARAÍSO DESCUENTO PESOS POR LITRO,1.0,,CLP,3047577.0,,
4157-28-CM24,,2024-03-13T15:07:07Z,,,,,Ilustre Municipalidad de El Carmen | Educación,69141700K,,Región del Ñuble,,COMERCIAL COMPARO LIMITADA | COMERCIAL COMPARO SPA,76290943K,,Región Metropolitana de Santiago,,,,,1635537,ELEMENTOS DE PROTECCIÓN PERSONAL FUNCIONARIOS DAEM REQ 960101-1JA(20) ,ZAPATO DE SEGURIDAD NORSEG NEW VANCOUVER UNIDAD(1635537) ZAPATO DE SEGURIDAD NORSEG NEW VANCOUVER UNIDAD,5.0,,CLP,50379.0,,
4157-28-CM24,,2024-03-13T15:07:07Z,,,,,Ilustre Municipalidad de El Carmen | Educación,69141700K,,Región del Ñuble,,COMERCIAL COMPARO LIMITADA | COMERCIAL COMPARO SPA,76290943K,,Región Metropolitana de Santiago,,,,,1635072,ELEMENTOS DE PROTECCIÓN PERSONAL FUNCIONARIOS DAEM REQ 960101-1JA(20) ,GUANTES DE TRABAJO BUNKER CABRITILLA NATURAL CON FORRO UNIDAD(1635072) GUANTES DE TRABAJO BUNKER CABRITILLA NATURAL CON FORRO UNIDAD,70.0,,CLP,1134.0,,
4157-28-CM24,,2024-03-13T15:07:07Z,,,,,Ilustre Municipalidad de El Carmen | Educación,69141700K,,Región del Ñuble,,COMERCIAL COMPARO LIMITADA | COMERCIAL COMPARO SPA,76290943K,,Región Metropolitana de Santiago,,,,,1635548,ELEMENTOS DE PROTECCIÓN PERSONAL FUNCIONARIOS DAEM REQ 960101-1JA(20) ,OVEROL PORTWEST ST40 UNIDAD(1635548) OVEROL PORTWEST ST40 UNIDAD,80.0,,CLP,978.0,,
4157-28-CM24,,2024-03-13T15:07:07Z,,,,,Ilustre Municipalidad de El Carmen | Educación,69141700K,,Región del Ñuble,,COMERCIAL COMPARO LIMITADA | COMERCIAL COMPARO SPA,76290943K,,Región Metropolitana de Santiago,,,,,1634043,ELEMENTOS DE PROTECCIÓN PERSONAL FUNCIONARIOS DAEM REQ 960101-1JA(20) ,OVEROL JORVENTE GABARDINA UNIDAD(1634043) OVEROL JORVENTE GABARDINA UNIDAD,12.0,,CLP,6649.0,,
4157-28-CM24,,2024-03-13T15:07:07Z,,,,,Ilustre Municipalidad de El Carmen | Educación,69141700K,,Región del Ñuble,,COMERCIAL COMPARO LIMITADA | COMERCIAL COMPARO SPA,76290943K,,Región Metropolitana de Santiago,,,,,1635139,ELEMENTOS DE PROTECCIÓN PERSONAL FUNCIONARIOS DAEM REQ 960101-1JA(20) ,GORRO PROTECCION SOLAR - LEGIONARIO +50 UPF PROTECCIÓN UVR - UVB –UVA UNIDAD(1635139) GORRO PROTECCION SOLAR - LEGIONARIO +50 UPF PROTECCIÓN UVR - UVB –UVA UNIDAD,60.0,,CLP,1610.0,,
4162-56-CM24,,2024-02-22T09:24:51Z,,,,,I MUNICIPALIDAD DE DONIHUE | Salud,690806002,,Región del Libertador General Bernardo O´Higgins,,COPEC S.A. | COPEC S.A.,995200007,,Región Metropolitana de Santiago,,,,,1944415,COMPRA DE COMBUSTIBLE PARA VEHICULOS DESAM DOÑIHUE: 4162-56-CM24,ESTACIÓN DE SERVICIO GASOLINA REGIÓN LIB.B.OHIGGINS DESCUENTO PESOS POR LITRO(1944415) ESTACIÓN DE SERVICIO GASOLINA REGIÓN LIB.B.OHIGGINS DESCUENTO PESOS POR LITRO,1.0,,CLP,1000000.0,,
4162-56-CM24,,2024-02-22T09:24:51Z,,,,,I MUNICIPALIDAD DE DONIHUE | Salud,690806002,,Región del Libertador General Bernardo O´Higgins,,COPEC S.A. | COPEC S.A.,995200007,,Región Metropolitana de Santiago,,,,,1944431,COMPRA DE COMBUSTIBLE PARA VEHICULOS DESAM DOÑIHUE: 4162-56-CM24,ESTACIÓN DE SERVICIO DIESEL REGIÓN LIB.B.OHIGGINS DESCUENTO PESOS POR LITRO(1944431) ESTACIÓN DE SERVICIO DIESEL REGIÓN LIB.B.OHIGGINS DESCUENTO PESOS POR LITRO,1.0,,CLP,2000000.0,,
4180-4-CM24,,2024-03-18T16:14:26Z,,,,,DIRECCION DE LOGISTICA DE CARABINEROS | Escuela Formación Carabineros Grupo Puerto Montt,619793005,,Región de los Lagos ,,INVERSIONES LA REINA SPA | Com La Reina,762716798,,Región de Valparaíso ,,,,,1569441,ADQUISICION DE PAN Y EMPANADAS,EMPANADA - HORNEADA PINO 250 GR APROX X REGION(1569441) EMPANADA - HORNEADA PINO 250 GR APROX X REGION,520.0,,CLP,2048.0,,
4180-4-CM24,,2024-03-18T16:14:26Z,,,,,DIRECCION DE LOGISTICA DE CARABINEROS | Escuela Formación Carabineros Grupo Puerto Montt,619793005,,Región de los Lagos ,,INVERSIONES LA REINA SPA | Com La Reina,762716798,,Región de Valparaíso ,,,,,1520058,ADQUISICION DE PAN Y EMPANADAS,MARRAQUETA - BLANCA 100 GR APROX. 500 KILOS X REGION(1520058) MARRAQUETA - BLANCA 100 GR APROX. 500 KILOS X REGION,320.0,,CLP,2180.0,,
4180-4-CM24,,2024-03-18T16:14:26Z,,,,,DIRECCION DE LOGISTICA DE CARABINEROS | Escuela Formación Carabineros Grupo Puerto Montt,619793005,,Región de los Lagos ,,INVERSIONES LA REINA SPA | Com La Reina,762716798,,Región de Valparaíso ,,,,,1520073,ADQUISICION DE PAN Y EMPANADAS,HALLULLA - BLANCA 50 GR APROX. 500 KILOS X REGION(1520073) HALLULLA - BLANCA 50 GR APROX. 500 KILOS X REGION,320.0,,CLP,2488.0,,
4180-6-CM24,,2024-03-18T16:07:24Z,,,,,DIRECCION DE LOGISTICA DE CARABINEROS | Escuela Formación Carabineros Grupo Puerto Montt,619793005,,Región de los Lagos ,,SAID MAURICIO TARZIJAN JULIAN | Said Mauricio Tarzijan Julian,81095191,,Región de los Lagos ,,,,,1450314,ADQUISICION DE ABARROTES,CAFE INSTANTANEO NESCAFE DOLCA TARRO 170 G UNIDAD X REGION(1450314) CAFE INSTANTANEO NESCAFE DOLCA TARRO 170 G UNIDAD X REGION,48.0,,CLP,4047.0,,
4180-6-CM24,,2024-03-18T16:07:24Z,,,,,DIRECCION DE LOGISTICA DE CARABINEROS | Escuela Formación Carabineros Grupo Puerto Montt,619793005,,Región de los Lagos ,,SAID MAURICIO TARZIJAN JULIAN | Said Mauricio Tarzijan Julian,81095191,,Región de los Lagos ,,,,,1451889,ADQUISICION DE ABARROTES,ARROZ PRE GRANEADO MIRAFLORES GRADO 1 BOLSA 1K UNIDAD X REGION(1451889) ARROZ PRE GRANEADO MIRAFLORES GRADO 1 BOLSA 1K UNIDAD X REGION,100.0,,CLP,1533.0,,
4180-6-CM24,,2024-03-18T16:07:24Z,,,,,DIRECCION DE LOGISTICA DE CARABINEROS | Escuela Formación Carabineros Grupo Puerto Montt,619793005,,Región de los Lagos ,,SAID MAURICIO TARZIJAN JULIAN | Said Mauricio Tarzijan Julian,81095191,,Región de los Lagos ,,,,,1800154,ADQUISICION DE ABARROTES,ACEITE VEGETAL MERKAT BOTELLA 900 ML UNIDAD X REGION(1800154) ACEITE VEGETAL MERKAT BOTELLA 900 ML UNIDAD X REGION,60.0,,CLP,2500.0,,
4180-6-CM24,,2024-03-18T16:07:24Z,,,,,DIRECCION DE LOGISTICA DE CARABINEROS | Escuela Formación Carabineros Grupo Puerto Montt,619793005,,Región de los Lagos ,,SAID MAURICIO TARZIJAN JULIAN | Said Mauricio Tarzijan Julian,81095191,,Región de los Lagos ,,,,,1649858,ADQUISICION DE ABARROTES,AZUCAR COLISEO BLANCA GRANULADA BOLSA 1K UNIDAD X REGION(1649858) AZUCAR COLISEO BLANCA GRANULADA BOLSA 1K UNIDAD X REGION,10.0,,CLP,1390.0,,
4180-6-CM24,,2024-03-18T16:07:24Z,,,,,DIRECCION DE LOGISTICA DE CARABINEROS | Escuela Formación Carabineros Grupo Puerto Montt,619793005,,Región de los Lagos ,,SAID MAURICIO TARZIJAN JULIAN | Said Mauricio Tarzijan Julian,81095191,,Región de los Lagos ,,,,,1451499,ADQUISICION DE ABARROTES,GALLETA DULCE COSTA FRAC CLASICA BOLSA 130 G UNIDAD X REGION(1451499) GALLETA DULCE COSTA FRAC CLASICA BOLSA 130 G UNIDAD X REGION,60.0,,CLP,552.0,,
4180-6-CM24,,2024-03-18T16:07:24Z,,,,,DIRECCION DE LOGISTICA DE CARABINEROS | Escuela Formación Carabineros Grupo Puerto Montt,619793005,,Región de los Lagos ,,SAID MAURICIO TARZIJAN JULIAN | Said Mauricio Tarzijan Julian,81095191,,Región de los Lagos ,,,,,1449564,ADQUISICION DE ABARROTES,ESPIRALES CAROZZI BOLSA 400 G UNIDAD X REGION(1449564) ESPIRALES CAROZZI BOLSA 400 G UNIDAD X REGION,150.0,,CLP,1250.0,,
4180-6-CM24,,2024-03-18T16:07:24Z,,,,,DIRECCION DE LOGISTICA DE CARABINEROS | Escuela Formación Carabineros Grupo Puerto Montt,619793005,,Región de los Lagos ,,SAID MAURICIO TARZIJAN JULIAN | Said Mauricio Tarzijan Julian,81095191,,Región de los Lagos ,,,,,1563652,ADQUISICION DE ABARROTES,JUREL CONSERVA AL NATURAL MAR DEL SUR TARRO 425 G UNIDAD X REGION(1563652) JUREL CONSERVA AL NATURAL MAR DEL SUR TARRO 425 G UNIDAD X REGION,96.0,,CLP,1661.0,,
4180-6-CM24,,2024-03-18T16:07:24Z,,,,,DIRECCION DE LOGISTICA DE CARABINEROS | Escuela Formación Carabineros Grupo Puerto Montt,619793005,,Región de los Lagos ,,SAID MAURICIO TARZIJAN JULIAN | Said Mauricio Tarzijan Julian,81095191,,Región de los Lagos ,,,,,1655486,ADQUISICION DE ABARROTES,LENTEJA DON RAFA 6 MM BOLSA 1K UNIDAD X REGION(1655486) LENTEJA DON RAFA 6 MM BOLSA 1K UNIDAD X REGION,50.0,,CLP,2526.0,,
4180-6-CM24,,2024-03-18T16:07:24Z,,,,,DIRECCION DE LOGISTICA DE CARABINEROS | Escuela Formación Carabineros Grupo Puerto Montt,619793005,,Región de los Lagos ,,SAID MAURICIO TARZIJAN JULIAN | Said Mauricio Tarzijan Julian,81095191,,Región de los Lagos ,,,,,1655500,ADQUISICION DE ABARROTES,POROTO DON RAFA TORTOLA BOLSA 1K UNIDAD  X REGION(1655500) POROTO DON RAFA TORTOLA BOLSA 1K UNIDAD  X REGION,50.0,,CLP,4061.0,,
4180-6-CM24,,2024-03-18T16:07:24Z,,,,,DIRECCION DE LOGISTICA DE CARABINEROS | Escuela Formación Carabineros Grupo Puerto Montt,619793005,,Región de los Lagos ,,SAID MAURICIO TARZIJAN JULIAN | Said Mauricio Tarzijan Julian,81095191,,Región de los Lagos ,,,,,1432614,ADQUISICION DE ABARROTES,AJI DE COLOR ALMIFRUT BOLSA 1K UNIDAD X REGION(1432614) AJI DE COLOR ALMIFRUT BOLSA 1K UNIDAD X REGION,10.0,,CLP,5029.0,,
4180-6-CM24,,2024-03-18T16:07:24Z,,,,,DIRECCION DE LOGISTICA DE CARABINEROS | Escuela Formación Carabineros Grupo Puerto Montt,619793005,,Región de los Lagos ,,SAID MAURICIO TARZIJAN JULIAN | Said Mauricio Tarzijan Julian,81095191,,Región de los Lagos ,,,,,1431114,ADQUISICION DE ABARROTES,ALIÑO COMPLETO GOURMET BOLSA 100 G UNIDAD X REGION(1431114) ALIÑO COMPLETO GOURMET BOLSA 100 G UNIDAD X REGION,50.0,,CLP,1170.0,,
4180-6-CM24,,2024-03-18T16:07:24Z,,,,,DIRECCION DE LOGISTICA DE CARABINEROS | Escuela Formación Carabineros Grupo Puerto Montt,619793005,,Región de los Lagos ,,SAID MAURICIO TARZIJAN JULIAN | Said Mauricio Tarzijan Julian,81095191,,Región de los Lagos ,,,,,1440954,ADQUISICION DE ABARROTES,SAL LOBOS FINA BOLSA 1K UNIDAD X REGION(1440954) SAL LOBOS FINA BOLSA 1K UNIDAD X REGION,20.0,,CLP,434.0,,
4180-6-CM24,,2024-03-18T16:07:24Z,,,,,DIRECCION DE LOGISTICA DE CARABINEROS | Escuela Formación Carabineros Grupo Puerto Montt,619793005,,Región de los Lagos ,,SAID MAURICIO TARZIJAN JULIAN | Said Mauricio Tarzijan Julian,81095191,,Región de los Lagos ,,,,,1491309,ADQUISICION DE ABARROTES,TE EN HOJA  MILDRED CEYLAN BOLSA 250 G UNIDAD X REGION(1491309) TE EN HOJA  MILDRED CEYLAN BOLSA 250 G UNIDAD X REGION,40.0,,CLP,3299.0,,
4180-6-CM24,,2024-03-18T16:07:24Z,,,,,DIRECCION DE LOGISTICA DE CARABINEROS | Escuela Formación Carabineros Grupo Puerto Montt,619793005,,Región de los Lagos ,,SAID MAURICIO TARZIJAN JULIAN | Said Mauricio Tarzijan Julian,81095191,,Región de los Lagos ,,,,,1440279,ADQUISICION DE ABARROTES,TE LIPTON YELLOW LABEL CAJA 100 BOLSAS UNIDAD X REGION(1440279) TE LIPTON YELLOW LABEL CAJA 100 BOLSAS UNIDAD X REGION,20.0,,CLP,4810.0,,
4180-6-CM24,,2024-03-18T16:07:24Z,,,,,DIRECCION DE LOGISTICA DE CARABINEROS | Escuela Formación Carabineros Grupo Puerto Montt,619793005,,Región de los Lagos ,,SAID MAURICIO TARZIJAN JULIAN | Said Mauricio Tarzijan Julian,81095191,,Región de los Lagos ,,,,,1429464,ADQUISICION DE ABARROTES,FRUTA CONSERVA WASIL DURAZNOS EN MITADES TARRO 3000 G UNIDAD X REGION(1429464) FRUTA CONSERVA WASIL DURAZNOS EN MITADES TARRO 3000 G UNIDAD X REGION,30.0,,CLP,10720.0,,
4180-6-CM24,,2024-03-18T16:07:24Z,,,,,DIRECCION DE LOGISTICA DE CARABINEROS | Escuela Formación Carabineros Grupo Puerto Montt,619793005,,Región de los Lagos ,,SAID MAURICIO TARZIJAN JULIAN | Said Mauricio Tarzijan Julian,81095191,,Región de los Lagos ,,,,,1432554,ADQUISICION DE ABARROTES,MOSTAZA JB BOLSA 1K UNIDAD X REGION(1432554) MOSTAZA JB BOLSA 1K UNIDAD X REGION,20.0,,CLP,2042.0,,
4180-6-CM24,,2024-03-18T16:07:24Z,,,,,DIRECCION DE LOGISTICA DE CARABINEROS | Escuela Formación Carabineros Grupo Puerto Montt,619793005,,Región de los Lagos ,,SAID MAURICIO TARZIJAN JULIAN | Said Mauricio Tarzijan Julian,81095191,,Región de los Lagos ,,,,,1492359,ADQUISICION DE ABARROTES,BEBIDA NORMAL CANADA DRY GINGER ALE LATA 350 CC UNIDAD X REGION(1492359) BEBIDA NORMAL CANADA DRY GINGER ALE LATA 350 CC UNIDAD X REGION,1000.0,,CLP,729.0,,
4180-6-CM24,,2024-03-18T16:07:24Z,,,,,DIRECCION DE LOGISTICA DE CARABINEROS | Escuela Formación Carabineros Grupo Puerto Montt,619793005,,Región de los Lagos ,,SAID MAURICIO TARZIJAN JULIAN | Said Mauricio Tarzijan Julian,81095191,,Región de los Lagos ,,,,,1485489,ADQUISICION DE ABARROTES,ENDULZANTE LIQUIDO DAILY STEVIA BOTELLA 270 ML UNIDAD X REGION(1485489) ENDULZANTE LIQUIDO DAILY STEVIA BOTELLA 270 ML UNIDAD X REGION,30.0,,CLP,3733.0,,
4180-6-CM24,,2024-03-18T16:07:24Z,,,,,DIRECCION DE LOGISTICA DE CARABINEROS | Escuela Formación Carabineros Grupo Puerto Montt,619793005,,Región de los Lagos ,,SAID MAURICIO TARZIJAN JULIAN | Said Mauricio Tarzijan Julian,81095191,,Región de los Lagos ,,,,,1433634,ADQUISICION DE ABARROTES,VINAGRE TRAVERSO MANZANA BOTELLA 500 ML UNIDAD X REGION(1433634) VINAGRE TRAVERSO MANZANA BOTELLA 500 ML UNIDAD X REGION,20.0,,CLP,1810.0,,
4180-6-CM24,,2024-03-18T16:07:24Z,,,,,DIRECCION DE LOGISTICA DE CARABINEROS | Escuela Formación Carabineros Grupo Puerto Montt,619793005,,Región de los Lagos ,,SAID MAURICIO TARZIJAN JULIAN | Said Mauricio Tarzijan Julian,81095191,,Región de los Lagos ,,,,,1433484,ADQUISICION DE ABARROTES,JUGO DE LIMON TRAVERSO SUCEDANEO BOTELLA 1 L UNIDAD X REGION(1433484) JUGO DE LIMON TRAVERSO SUCEDANEO BOTELLA 1 L UNIDAD X REGION,20.0,,CLP,2350.0,,
4180-6-CM24,,2024-03-18T16:07:24Z,,,,,DIRECCION DE LOGISTICA DE CARABINEROS | Escuela Formación Carabineros Grupo Puerto Montt,619793005,,Región de los Lagos ,,SAID MAURICIO TARZIJAN JULIAN | Said Mauricio Tarzijan Julian,81095191,,Región de los Lagos ,,,,,1451289,ADQUISICION DE ABARROTES,CEREAL EN BARRA COSTA CEREAL BAR CHOCOLATE MAS LECHE CAJA 8 BARRAS UNIDAD X REGION(1451289) CEREAL EN BARRA COSTA CEREAL BAR CHOCOLATE MAS LECHE CAJA 8 BARRAS UNIDAD X REGION,200.0,,CLP,1664.0,,
4180-9-CM24,,2024-03-18T16:04:23Z,,,,,DIRECCION DE LOGISTICA DE CARABINEROS | Escuela Formación Carabineros Grupo Puerto Montt,619793005,,Región de los Lagos ,,IMPORTADORA Y ALIMENTOS ICB FOOD SERVICE SPA | IMPORTADORA Y ALIMENTOS ICB FOOD SERVICE LTDA.,779656209,,Región del Biobío ,,,,,1590450,ADQUISICION DE PRODUCTOS CONGELADOS,CREMA DE LECHE COLUN PARA BATIR CAJA 1 L UNIDAD X REGION(1590450) CREMA DE LECHE COLUN PARA BATIR CAJA 1 L UNIDAD X REGION,24.0,,CLP,5617.0,,
4180-9-CM24,,2024-03-18T16:04:23Z,,,,,DIRECCION DE LOGISTICA DE CARABINEROS | Escuela Formación Carabineros Grupo Puerto Montt,619793005,,Región de los Lagos ,,IMPORTADORA Y ALIMENTOS ICB FOOD SERVICE SPA | IMPORTADORA Y ALIMENTOS ICB FOOD SERVICE LTDA.,779656209,,Región del Biobío ,,,,,1473639,ADQUISICION DE PRODUCTOS CONGELADOS,SALMON CONGELADO - FILETE CAJA 100K UNIDAD X REGION(1473639) SALMON CONGELADO - FILETE CAJA 100K UNIDAD X REGION,150.0,,CLP,14700.0,,
4180-9-CM24,,2024-03-18T16:04:23Z,,,,,DIRECCION DE LOGISTICA DE CARABINEROS | Escuela Formación Carabineros Grupo Puerto Montt,619793005,,Región de los Lagos ,,IMPORTADORA Y ALIMENTOS ICB FOOD SERVICE SPA | IMPORTADORA Y ALIMENTOS ICB FOOD SERVICE LTDA.,779656209,,Región del Biobío ,,,,,1467054,ADQUISICION DE PRODUCTOS CONGELADOS,HUEVO EXTRA 61-68 GR - BLANCO 180 UNIDADES  X REGION(1467054) HUEVO EXTRA 61-68 GR - BLANCO 180 UNIDADES  X REGION,5.0,,CLP,55900.0,,
4280-33-CM24,,2024-02-14T09:47:47Z,,,,,I MUNICIPALIDAD DE CATEMU | Finanzas,690509008,,Región de Valparaíso ,,comercial san andres limitada  | comercial san andres ,760319597,,Región de Valparaíso ,,,,,1441009,ALIMENTOS PARA BENEFICIARIOS DEPARTAMENTO SOCIAL,SAL LOBOS COCINA BOLSA 1K UNIDAD V REGION(1441009) SAL LOBOS COCINA BOLSA 1K UNIDAD V REGION,600.0,,CLP,549.0,,
4280-33-CM24,,2024-02-14T09:47:47Z,,,,,I MUNICIPALIDAD DE CATEMU | Finanzas,690509008,,Región de Valparaíso ,,comercial san andres limitada  | comercial san andres ,760319597,,Región de Valparaíso ,,,,,1437049,ALIMENTOS PARA BENEFICIARIOS DEPARTAMENTO SOCIAL,TE SUPREMO LA RENDIDORA CAJA 100 BOLSAS UNIDAD V REGION(1437049) TE SUPREMO LA RENDIDORA CAJA 100 BOLSAS UNIDAD V REGION,600.0,,CLP,1866.0,,
4280-33-CM24,,2024-02-14T09:47:47Z,,,,,I MUNICIPALIDAD DE CATEMU | Finanzas,690509008,,Región de Valparaíso ,,comercial san andres limitada  | comercial san andres ,760319597,,Región de Valparaíso ,,,,,1649823,ALIMENTOS PARA BENEFICIARIOS DEPARTAMENTO SOCIAL,ACEITE VEGETAL COLISEO BOTELLA 900 CC UNIDAD V REGION(1649823) ACEITE VEGETAL COLISEO BOTELLA 900 CC UNIDAD V REGION,1200.0,,CLP,1699.0,,
4280-33-CM24,,2024-02-14T09:47:47Z,,,,,I MUNICIPALIDAD DE CATEMU | Finanzas,690509008,,Región de Valparaíso ,,comercial san andres limitada  | comercial san andres ,760319597,,Región de Valparaíso ,,,,,1563205,ALIMENTOS PARA BENEFICIARIOS DEPARTAMENTO SOCIAL,ARROZ SAN JOSÉ GRADO 2 BOLSA 1K UNIDAD V REGION(1563205) ARROZ SAN JOSÉ GRADO 2 BOLSA 1K UNIDAD V REGION,1200.0,,CLP,1816.0,,
4280-33-CM24,,2024-02-14T09:47:47Z,,,,,I MUNICIPALIDAD DE CATEMU | Finanzas,690509008,,Región de Valparaíso ,,comercial san andres limitada  | comercial san andres ,760319597,,Región de Valparaíso ,,,,,1439434,ALIMENTOS PARA BENEFICIARIOS DEPARTAMENTO SOCIAL,ESPIRALES LUCCHETTI BOLSA 400 G UNIDAD V REGION(1439434) ESPIRALES LUCCHETTI BOLSA 400 G UNIDAD V REGION,2400.0,,CLP,900.0,,
4280-33-CM24,,2024-02-14T09:47:47Z,,,,,I MUNICIPALIDAD DE CATEMU | Finanzas,690509008,,Región de Valparaíso ,,comercial san andres limitada  | comercial san andres ,760319597,,Región de Valparaíso ,,,,,1655483,ALIMENTOS PARA BENEFICIARIOS DEPARTAMENTO SOCIAL,LENTEJA DON RAFA 6 MM BOLSA 1K UNIDAD V REGION(1655483) LENTEJA DON RAFA 6 MM BOLSA 1K UNIDAD V REGION,600.0,,CLP,2162.0,,
4280-33-CM24,,2024-02-14T09:47:47Z,,,,,I MUNICIPALIDAD DE CATEMU | Finanzas,690509008,,Región de Valparaíso ,,comercial san andres limitada  | comercial san andres ,760319597,,Región de Valparaíso ,,,,,1563911,ALIMENTOS PARA BENEFICIARIOS DEPARTAMENTO SOCIAL,JUREL CONSERVA AL NATURAL ATLAS TARRO 425 G UNIDAD V REGION(1563911) JUREL CONSERVA AL NATURAL ATLAS TARRO 425 G UNIDAD V REGION,1200.0,,CLP,1813.0,,
4280-33-CM24,,2024-02-14T09:47:47Z,,,,,I MUNICIPALIDAD DE CATEMU | Finanzas,690509008,,Región de Valparaíso ,,comercial san andres limitada  | comercial san andres ,760319597,,Región de Valparaíso ,,,,,1649808,ALIMENTOS PARA BENEFICIARIOS DEPARTAMENTO SOCIAL,SALSA DE TOMATE COLISEO ITALIANA DOYPACK 200 G UNIDAD V REGION(1649808) SALSA DE TOMATE COLISEO ITALIANA DOYPACK 200 G UNIDAD V REGION,1800.0,,CLP,400.0,,
4280-33-CM24,,2024-02-14T09:47:47Z,,,,,I MUNICIPALIDAD DE CATEMU | Finanzas,690509008,,Región de Valparaíso ,,comercial san andres limitada  | comercial san andres ,760319597,,Región de Valparaíso ,,,,,1649853,ALIMENTOS PARA BENEFICIARIOS DEPARTAMENTO SOCIAL,AZUCAR COLISEO BLANCA GRANULADA BOLSA 1K UNIDAD V REGION(1649853) AZUCAR COLISEO BLANCA GRANULADA BOLSA 1K UNIDAD V REGION,600.0,,CLP,1099.0,,
4280-33-CM24,,2024-02-14T09:47:47Z,,,,,I MUNICIPALIDAD DE CATEMU | Finanzas,690509008,,Región de Valparaíso ,,comercial san andres limitada  | comercial san andres ,760319597,,Región de Valparaíso ,,,,,1488349,ALIMENTOS PARA BENEFICIARIOS DEPARTAMENTO SOCIAL,HARINA SIN POLVOS MONT BLANC BOLSA 1K UNIDAD V REGION(1488349) HARINA SIN POLVOS MONT BLANC BOLSA 1K UNIDAD V REGION,600.0,,CLP,1395.0,,
4280-33-CM24,,2024-02-14T09:47:47Z,,,,,I MUNICIPALIDAD DE CATEMU | Finanzas,690509008,,Región de Valparaíso ,,comercial san andres limitada  | comercial san andres ,760319597,,Región de Valparaíso ,,,,,1455559,ALIMENTOS PARA BENEFICIARIOS DEPARTAMENTO SOCIAL,LECHE EN POLVO ENTERA COLUN INSTANTANEA BOLSA 900 GR UNIDAD V REGION(1455559) LECHE EN POLVO ENTERA COLUN INSTANTANEA BOLSA 900 GR UNIDAD V REGION,600.0,,CLP,7315.0,,
4284-43-CM24,,2024-02-14T09:47:47Z,,,,,I MUNICIPALIDAD DE CUNCO | Municipalidad de Cunco,691910008,,Región de la Araucanía ,,Novafoods S.A. | NovafoodsSA,968730908,,Región Metropolitana de Santiago,,,,,1564022,Orden de Compra: 4284-43-CM24,SUPLEMENTO NUTRICIONAL VIVALITE THICKENER PLUS TARRO 300 G IX REGION(1564022) SUPLEMENTO NUTRICIONAL VIVALITE THICKENER PLUS TARRO 300 G IX REGION,60.0,,CLP,13099.0,,
4284-43-CM24,,2024-02-14T09:47:47Z,,,,,I MUNICIPALIDAD DE CUNCO | Municipalidad de Cunco,691910008,,Región de la Araucanía ,,Novafoods S.A. | NovafoodsSA,968730908,,Región Metropolitana de Santiago,,,,,1499438,Orden de Compra: 4284-43-CM24,SUPLEMENTO NUTRICIONAL VIVALITE PROTEIN TARRO 275 G UNIDAD IX REGION(1499438) SUPLEMENTO NUTRICIONAL VIVALITE PROTEIN TARRO 275 G UNIDAD IX REGION,12.0,,CLP,14733.0,,
4315-11-CM24,,2024-04-10T13:31:46Z,,,,,Ilustre Municipalidad de Curepto | DEPTO. EDUCACION,691103005,,Región del Maule ,,PROVEEDORES INTEGRALES PRISA S A | PRISA S A. - sucursal,965569405,,Región Metropolitana de Santiago,,,,,2015041,UTILES  BOLSO ESCOLAR/ESC. G-341/LEYSEP/PROV.57/05.01.24,PEGAMENTO BARRA TORRE TRANSPARENTE 36GR NO TOX LAVABLE PAPEL-CARTULINA-TELA UNIDAD REGIÓN VII(2015041) PEGAMENTO BARRA TORRE TRANSPARENTE 36GR NO TOX LAVABLE PAPEL-CARTULINA-TELA UNIDAD REGIÓN VII,120.0,,CLP,552.0,,
4315-11-CM24,,2024-04-10T13:31:46Z,,,,,Ilustre Municipalidad de Curepto | DEPTO. EDUCACION,691103005,,Región del Maule ,,PROVEEDORES INTEGRALES PRISA S A | PRISA S A. - sucursal,965569405,,Región Metropolitana de Santiago,,,,,1982537,UTILES  BOLSO ESCOLAR/ESC. G-341/LEYSEP/PROV.57/05.01.24,CUADERNO COLON UNIVERSITARIO ESPIRAL T/DURA S/DISEÑO 7MM CUADRICULADA 100 HJS UD REGIÓN VII(1982537) CUADERNO COLON UNIVERSITARIO ESPIRAL T/DURA S/DISEÑO 7MM CUADRICULADA 100 HJS UD REGIÓN VII,180.0,,CLP,975.0,,
4315-11-CM24,,2024-04-10T13:31:46Z,,,,,Ilustre Municipalidad de Curepto | DEPTO. EDUCACION,691103005,,Región del Maule ,,PROVEEDORES INTEGRALES PRISA S A | PRISA S A. - sucursal,965569405,,Región Metropolitana de Santiago,,,,,1982520,UTILES  BOLSO ESCOLAR/ESC. G-341/LEYSEP/PROV.57/05.01.24,CUADERNO COLON COLLEGE CUADRICULADO 7MM 100 HJS UD REGIÓN VII(1982520) CUADERNO COLON COLLEGE CUADRICULADO 7MM 100 HJS UD REGIÓN VII,300.0,,CLP,835.0,,
4315-11-CM24,,2024-04-10T13:31:46Z,,,,,Ilustre Municipalidad de Curepto | DEPTO. EDUCACION,691103005,,Región del Maule ,,PROVEEDORES INTEGRALES PRISA S A | PRISA S A. - sucursal,965569405,,Región Metropolitana de Santiago,,,,,1982146,UTILES  BOLSO ESCOLAR/ESC. G-341/LEYSEP/PROV.57/05.01.24,CORRECTOR ARTEL LAPIZ LÍQUIDO BLANCO 7 ML UNIDAD REGIÓN VII(1982146) CORRECTOR ARTEL LAPIZ LÍQUIDO BLANCO 7 ML UNIDAD REGIÓN VII,15.0,,CLP,442.0,,
4315-11-CM24,,2024-04-10T13:31:46Z,,,,,Ilustre Municipalidad de Curepto | DEPTO. EDUCACION,691103005,,Región del Maule ,,PROVEEDORES INTEGRALES PRISA S A | PRISA S A. - sucursal,965569405,,Región Metropolitana de Santiago,,,,,2027468,UTILES  BOLSO ESCOLAR/ESC. G-341/LEYSEP/PROV.57/05.01.24,TIJERA TORRE PEQUEÑA TIPO ESCOLAR PUNTA REDONDA UNIDAD REGIÓN VII(2027468) TIJERA TORRE PEQUEÑA TIPO ESCOLAR PUNTA REDONDA UNIDAD REGIÓN VII,60.0,,CLP,284.0,,
4315-11-CM24,,2024-04-10T13:31:46Z,,,,,Ilustre Municipalidad de Curepto | DEPTO. EDUCACION,691103005,,Región del Maule ,,PROVEEDORES INTEGRALES PRISA S A | PRISA S A. - sucursal,965569405,,Región Metropolitana de Santiago,,,,,2020923,UTILES  BOLSO ESCOLAR/ESC. G-341/LEYSEP/PROV.57/05.01.24,SACAPUNTAS MAPED PLÁSTICO COLOR CON DEPOSITO PEQUEÑO SIMPLE UNIDAD REGIÓN VII(2020923) SACAPUNTAS MAPED PLÁSTICO COLOR CON DEPOSITO PEQUEÑO SIMPLE UNIDAD REGIÓN VII,35.0,,CLP,261.0,,
4315-11-CM24,,2024-04-10T13:31:46Z,,,,,Ilustre Municipalidad de Curepto | DEPTO. EDUCACION,691103005,,Región del Maule ,,PROVEEDORES INTEGRALES PRISA S A | PRISA S A. - sucursal,965569405,,Región Metropolitana de Santiago,,,,,1994233,UTILES  BOLSO ESCOLAR/ESC. G-341/LEYSEP/PROV.57/05.01.24,LÁPIZ GRAFITO FABER CASTELL HB N° 2 REDONDO SIN GOMA CAJA 12 UNIDADES REGIÓN VII(1994233) LÁPIZ GRAFITO FABER CASTELL HB N° 2 REDONDO SIN GOMA CAJA 12 UNIDADES REGIÓN VII,100.0,,CLP,2164.0,,
4315-11-CM24,,2024-04-10T13:31:46Z,,,,,Ilustre Municipalidad de Curepto | DEPTO. EDUCACION,691103005,,Región del Maule ,,PROVEEDORES INTEGRALES PRISA S A | PRISA S A. - sucursal,965569405,,Región Metropolitana de Santiago,,,,,1997599,UTILES  BOLSO ESCOLAR/ESC. G-341/LEYSEP/PROV.57/05.01.24,"LÁPIZ PASTA TORRE PUNTA MEDIA ROJO 1,0MM 50 UNIDADES REGIÓN VII(1997599) LÁPIZ PASTA TORRE PUNTA MEDIA ROJO 1,0MM 50 UNIDADES REGIÓN VII",1.0,,CLP,4615.0,,
4315-11-CM24,,2024-04-10T13:31:46Z,,,,,Ilustre Municipalidad de Curepto | DEPTO. EDUCACION,691103005,,Región del Maule ,,PROVEEDORES INTEGRALES PRISA S A | PRISA S A. - sucursal,965569405,,Región Metropolitana de Santiago,,,,,1993162,UTILES  BOLSO ESCOLAR/ESC. G-341/LEYSEP/PROV.57/05.01.24,GOMA DE BORRAR PROARTE MIGA BLANCO 42MM X 11MM X 18MM UNIDAD REGIÓN VII(1993162) GOMA DE BORRAR PROARTE MIGA BLANCO 42MM X 11MM X 18MM UNIDAD REGIÓN VII,60.0,,CLP,107.0,,
4315-12-CM24,,2024-01-30T16:16:41Z,,,,,Ilustre Municipalidad de Curepto | DEPTO. EDUCACION,691103005,,Región del Maule ,,DIMERC S A | DIMERC S.A.,966708409,,Región de Antofagasta ,,,,,1985529,MATERIALES ESCOLARES/ESC. G-341 MARINA ROJAS Y G-324 DOCAMAVIDA/LEYSEP/PROV.59 - 112/05.01.24 -15.01.24,DESTACADOR FULTONS ESCRITORIO VERDE FLÚOR RECTANGULAR P/BISELADA UNIDAD REGIÓN VII(1985529) DESTACADOR FULTONS ESCRITORIO VERDE FLÚOR RECTANGULAR P/BISELADA UNIDAD REGIÓN VII,10.0,,CLP,167.0,,
4315-12-CM24,,2024-01-30T16:16:41Z,,,,,Ilustre Municipalidad de Curepto | DEPTO. EDUCACION,691103005,,Región del Maule ,,DIMERC S A | DIMERC S.A.,966708409,,Región de Antofagasta ,,,,,1985512,MATERIALES ESCOLARES/ESC. G-341 MARINA ROJAS Y G-324 DOCAMAVIDA/LEYSEP/PROV.59 - 112/05.01.24 -15.01.24,DESTACADOR FULTONS ESCRITORIO ROSA FLLUOR RECTANGULAR P/BISELADA UNIDAD REGIÓN VII(1985512) DESTACADOR FULTONS ESCRITORIO ROSA FLLUOR RECTANGULAR P/BISELADA UNIDAD REGIÓN VII,10.0,,CLP,167.0,,
4315-12-CM24,,2024-01-30T16:16:41Z,,,,,Ilustre Municipalidad de Curepto | DEPTO. EDUCACION,691103005,,Región del Maule ,,DIMERC S A | DIMERC S.A.,966708409,,Región de Antofagasta ,,,,,1985478,MATERIALES ESCOLARES/ESC. G-341 MARINA ROJAS Y G-324 DOCAMAVIDA/LEYSEP/PROV.59 - 112/05.01.24 -15.01.24,DESTACADOR FULTONS ESCRITORIO AMARILLO FLÚOR RECTANGULAR P/BISELADA UNIDAD REGIÓN VII(1985478) DESTACADOR FULTONS ESCRITORIO AMARILLO FLÚOR RECTANGULAR P/BISELADA UNIDAD REGIÓN VII,10.0,,CLP,167.0,,
4315-12-CM24,,2024-01-30T16:16:41Z,,,,,Ilustre Municipalidad de Curepto | DEPTO. EDUCACION,691103005,,Región del Maule ,,DIMERC S A | DIMERC S.A.,966708409,,Región de Antofagasta ,,,,,1985495,MATERIALES ESCOLARES/ESC. G-341 MARINA ROJAS Y G-324 DOCAMAVIDA/LEYSEP/PROV.59 - 112/05.01.24 -15.01.24,DESTACADOR FULTONS ESCRITORIO NARANJA FLÚOR RECTANGULAR P/BISELADA UNIDAD REGIÓN VII(1985495) DESTACADOR FULTONS ESCRITORIO NARANJA FLÚOR RECTANGULAR P/BISELADA UNIDAD REGIÓN VII,10.0,,CLP,167.0,,
4315-12-CM24,,2024-01-30T16:16:41Z,,,,,Ilustre Municipalidad de Curepto | DEPTO. EDUCACION,691103005,,Región del Maule ,,DIMERC S A | DIMERC S.A.,966708409,,Región de Antofagasta ,,,,,2011981,MATERIALES ESCOLARES/ESC. G-341 MARINA ROJAS Y G-324 DOCAMAVIDA/LEYSEP/PROV.59 - 112/05.01.24 -15.01.24,NOTA ADHESIVA FULTONS PAPEL AMARILLO 76X76 MM 100 HOJAS UNIDAD REGIÓN VII(2011981) NOTA ADHESIVA FULTONS PAPEL AMARILLO 76X76 MM 100 HOJAS UNIDAD REGIÓN VII,30.0,,CLP,234.0,,
4315-12-CM24,,2024-01-30T16:16:41Z,,,,,Ilustre Municipalidad de Curepto | DEPTO. EDUCACION,691103005,,Región del Maule ,,DIMERC S A | DIMERC S.A.,966708409,,Región de Antofagasta ,,,,,2008343,MATERIALES ESCOLARES/ESC. G-341 MARINA ROJAS Y G-324 DOCAMAVIDA/LEYSEP/PROV.59 - 112/05.01.24 -15.01.24,CINTA MASKING TAPE FULTONS ENMASCARAR 12X40 MT UNIDAD REGIÓN VII(2008343) CINTA MASKING TAPE FULTONS ENMASCARAR 12X40 MT UNIDAD REGIÓN VII,20.0,,CLP,308.0,,
4315-12-CM24,,2024-01-30T16:16:41Z,,,,,Ilustre Municipalidad de Curepto | DEPTO. EDUCACION,691103005,,Región del Maule ,,DIMERC S A | DIMERC S.A.,966708409,,Región de Antofagasta ,,,,,2029338,MATERIALES ESCOLARES/ESC. G-341 MARINA ROJAS Y G-324 DOCAMAVIDA/LEYSEP/PROV.59 - 112/05.01.24 -15.01.24,"LÁPIZ GEL TORRE PUNTA FINA AZUL 0,5MM UNIDAD REGIÓN VII(2029338) LÁPIZ GEL TORRE PUNTA FINA AZUL 0,5MM UNIDAD REGIÓN VII",150.0,,CLP,468.0,,
4315-12-CM24,,2024-01-30T16:16:41Z,,,,,Ilustre Municipalidad de Curepto | DEPTO. EDUCACION,691103005,,Región del Maule ,,DIMERC S A | DIMERC S.A.,966708409,,Región de Antofagasta ,,,,,2022470,MATERIALES ESCOLARES/ESC. G-341 MARINA ROJAS Y G-324 DOCAMAVIDA/LEYSEP/PROV.59 - 112/05.01.24 -15.01.24,SEPARADOR LAVORO OFICIO MULTICOLOR 6 POSICIONES DE 4 ANILLOS UD REGIÓN VII(2022470) SEPARADOR LAVORO OFICIO MULTICOLOR 6 POSICIONES DE 4 ANILLOS UD REGIÓN VII,50.0,,CLP,994.0,,
4315-12-CM24,,2024-01-30T16:16:41Z,,,,,Ilustre Municipalidad de Curepto | DEPTO. EDUCACION,691103005,,Región del Maule ,,DIMERC S A | DIMERC S.A.,966708409,,Región de Antofagasta ,,,,,2022385,MATERIALES ESCOLARES/ESC. G-341 MARINA ROJAS Y G-324 DOCAMAVIDA/LEYSEP/PROV.59 - 112/05.01.24 -15.01.24,"SEPARADOR LAVORO CARTA MULTICOLOR 6 POSICIONES DE 2, 3 Y 4 ANILLOS UD REGIÓN VII(2022385) SEPARADOR LAVORO CARTA MULTICOLOR 6 POSICIONES DE 2, 3 Y 4 ANILLOS UD REGIÓN VII",50.0,,CLP,335.0,,
4315-12-CM24,,2024-01-30T16:16:41Z,,,,,Ilustre Municipalidad de Curepto | DEPTO. EDUCACION,691103005,,Región del Maule ,,DIMERC S A | DIMERC S.A.,966708409,,Región de Antofagasta ,,,,,1991462,MATERIALES ESCOLARES/ESC. G-341 MARINA ROJAS Y G-324 DOCAMAVIDA/LEYSEP/PROV.59 - 112/05.01.24 -15.01.24,FUNDA ARTEL PLÁSTICA ARCHIVADOR TRANSPARENTE TAMAÑO OFICIO LOMO BLANCO 10 UNIDADES REGIÓN VII(1991462) FUNDA ARTEL PLÁSTICA ARCHIVADOR TRANSPARENTE TAMAÑO OFICIO LOMO BLANCO 10 UNIDADES REGIÓN VII,50.0,,CLP,448.0,,
4315-12-CM24,,2024-01-30T16:16:41Z,,,,,Ilustre Municipalidad de Curepto | DEPTO. EDUCACION,691103005,,Región del Maule ,,DIMERC S A | DIMERC S.A.,966708409,,Región de Antofagasta ,,,,,1991445,MATERIALES ESCOLARES/ESC. G-341 MARINA ROJAS Y G-324 DOCAMAVIDA/LEYSEP/PROV.59 - 112/05.01.24 -15.01.24,FUNDA ARTEL PLÁSTICA ARCHIVADOR TRANSPARENTE TAMAÑO CARTA LOMO BLANCO 10 UNIDADES REGIÓN VII(1991445) FUNDA ARTEL PLÁSTICA ARCHIVADOR TRANSPARENTE TAMAÑO CARTA LOMO BLANCO 10 UNIDADES REGIÓN VII,50.0,,CLP,318.0,,
4315-12-CM24,,2024-01-30T16:16:41Z,,,,,Ilustre Municipalidad de Curepto | DEPTO. EDUCACION,691103005,,Región del Maule ,,DIMERC S A | DIMERC S.A.,966708409,,Región de Antofagasta ,,,,,1975142,MATERIALES ESCOLARES/ESC. G-341 MARINA ROJAS Y G-324 DOCAMAVIDA/LEYSEP/PROV.59 - 112/05.01.24 -15.01.24,CARPETA AUCA OFICIO CARTULINA PLASTIFICADA LISO S/DISEÑO UNIDAD REGIÓN VII(1975142) CARPETA AUCA OFICIO CARTULINA PLASTIFICADA LISO S/DISEÑO UNIDAD REGIÓN VII,25.0,,CLP,375.0,,
4315-12-CM24,,2024-01-30T16:16:41Z,,,,,Ilustre Municipalidad de Curepto | DEPTO. EDUCACION,691103005,,Región del Maule ,,DIMERC S A | DIMERC S.A.,966708409,,Región de Antofagasta ,,,,,1975618,MATERIALES ESCOLARES/ESC. G-341 MARINA ROJAS Y G-324 DOCAMAVIDA/LEYSEP/PROV.59 - 112/05.01.24 -15.01.24,CARPETA DIMERC OFICIO CARTULINA PLASTIFICADA LISO S/DISEÑO UNIDAD REGIÓN VII(1975618) CARPETA DIMERC OFICIO CARTULINA PLASTIFICADA LISO S/DISEÑO UNIDAD REGIÓN VII,25.0,,CLP,493.0,,
4315-12-CM24,,2024-01-30T16:16:41Z,,,,,Ilustre Municipalidad de Curepto | DEPTO. EDUCACION,691103005,,Región del Maule ,,DIMERC S A | DIMERC S.A.,966708409,,Región de Antofagasta ,,,,,2013409,MATERIALES ESCOLARES/ESC. G-341 MARINA ROJAS Y G-324 DOCAMAVIDA/LEYSEP/PROV.59 - 112/05.01.24 -15.01.24,PAPEL IMPRESIÓN DIMERC RESMA HOJA TAMAÑO CARTA COLOR BLANCO 500 HOJAS UNIDAD REGIÓN VII(2013409) PAPEL IMPRESIÓN DIMERC RESMA HOJA TAMAÑO CARTA COLOR BLANCO 500 HOJAS UNIDAD REGIÓN VII,60.0,,CLP,2860.0,,
4315-12-CM24,,2024-01-30T16:16:41Z,,,,,Ilustre Municipalidad de Curepto | DEPTO. EDUCACION,691103005,,Región del Maule ,,DIMERC S A | DIMERC S.A.,966708409,,Región de Antofagasta ,,,,,2013426,MATERIALES ESCOLARES/ESC. G-341 MARINA ROJAS Y G-324 DOCAMAVIDA/LEYSEP/PROV.59 - 112/05.01.24 -15.01.24,PAPEL IMPRESIÓN DIMERC RESMA HOJA TAMAÑO OFICIO COLOR BLANCO 500 HOJAS UNIDAD REGIÓN VII(2013426) PAPEL IMPRESIÓN DIMERC RESMA HOJA TAMAÑO OFICIO COLOR BLANCO 500 HOJAS UNIDAD REGIÓN VII,35.0,,CLP,3395.0,,
4315-12-CM24,,2024-01-30T16:16:41Z,,,,,Ilustre Municipalidad de Curepto | DEPTO. EDUCACION,691103005,,Región del Maule ,,DIMERC S A | DIMERC S.A.,966708409,,Región de Antofagasta ,,,,,2008377,MATERIALES ESCOLARES/ESC. G-341 MARINA ROJAS Y G-324 DOCAMAVIDA/LEYSEP/PROV.59 - 112/05.01.24 -15.01.24,CINTA MASKING TAPE FULTONS ENMASCARAR 48X40 MT UNIDAD REGIÓN VII(2008377) CINTA MASKING TAPE FULTONS ENMASCARAR 48X40 MT UNIDAD REGIÓN VII,10.0,,CLP,1026.0,,
4315-12-CM24,,2024-01-30T16:16:41Z,,,,,Ilustre Municipalidad de Curepto | DEPTO. EDUCACION,691103005,,Región del Maule ,,DIMERC S A | DIMERC S.A.,966708409,,Región de Antofagasta ,,,,,1977097,MATERIALES ESCOLARES/ESC. G-341 MARINA ROJAS Y G-324 DOCAMAVIDA/LEYSEP/PROV.59 - 112/05.01.24 -15.01.24,CINTA ADHESIVA DIMERC TRANSPARENTE 20 M CRISTAL ANCHO 19 MM UNIDAD REGIÓN VII(1977097) CINTA ADHESIVA DIMERC TRANSPARENTE 20 M CRISTAL ANCHO 19 MM UNIDAD REGIÓN VII,6.0,,CLP,220.0,,
4315-12-CM24,,2024-01-30T16:16:41Z,,,,,Ilustre Municipalidad de Curepto | DEPTO. EDUCACION,691103005,,Región del Maule ,,DIMERC S A | DIMERC S.A.,966708409,,Región de Antofagasta ,,,,,2026261,MATERIALES ESCOLARES/ESC. G-341 MARINA ROJAS Y G-324 DOCAMAVIDA/LEYSEP/PROV.59 - 112/05.01.24 -15.01.24,TIJERA FULTONS PEQUEÑA TIPO ESCOLAR PUNTA REDONDA UNIDAD REGIÓN VII(2026261) TIJERA FULTONS PEQUEÑA TIPO ESCOLAR PUNTA REDONDA UNIDAD REGIÓN VII,6.0,,CLP,236.0,,
4315-12-CM24,,2024-01-30T16:16:41Z,,,,,Ilustre Municipalidad de Curepto | DEPTO. EDUCACION,691103005,,Región del Maule ,,DIMERC S A | DIMERC S.A.,966708409,,Región de Antofagasta ,,,,,2014191,MATERIALES ESCOLARES/ESC. G-341 MARINA ROJAS Y G-324 DOCAMAVIDA/LEYSEP/PROV.59 - 112/05.01.24 -15.01.24,PEGAMENTO BARRA ARTEL TRANSPARENTE 36GR NO TOX LAVABLE PAPEL-CARTULINA-TELA UNIDAD REGIÓN VII(2014191) PEGAMENTO BARRA ARTEL TRANSPARENTE 36GR NO TOX LAVABLE PAPEL-CARTULINA-TELA UNIDAD REGIÓN VII,12.0,,CLP,581.0,,
4315-12-CM24,,2024-01-30T16:16:41Z,,,,,Ilustre Municipalidad de Curepto | DEPTO. EDUCACION,691103005,,Región del Maule ,,DIMERC S A | DIMERC S.A.,966708409,,Región de Antofagasta ,,,,,1982520,MATERIALES ESCOLARES/ESC. G-341 MARINA ROJAS Y G-324 DOCAMAVIDA/LEYSEP/PROV.59 - 112/05.01.24 -15.01.24,CUADERNO COLON COLLEGE CUADRICULADO 7MM 100 HJS UD REGIÓN VII(1982520) CUADERNO COLON COLLEGE CUADRICULADO 7MM 100 HJS UD REGIÓN VII,30.0,,CLP,901.0,,
4315-12-CM24,,2024-01-30T16:16:41Z,,,,,Ilustre Municipalidad de Curepto | DEPTO. EDUCACION,691103005,,Región del Maule ,,DIMERC S A | DIMERC S.A.,966708409,,Región de Antofagasta ,,,,,1979630,MATERIALES ESCOLARES/ESC. G-341 MARINA ROJAS Y G-324 DOCAMAVIDA/LEYSEP/PROV.59 - 112/05.01.24 -15.01.24,COLA FRIA TORRE ESCOLAR 500 GR UNIDAD REGIÓN VII(1979630) COLA FRIA TORRE ESCOLAR 500 GR UNIDAD REGIÓN VII,3.0,,CLP,1308.0,,
4335-120-CM24,,2024-02-14T09:47:47Z,,,,,SERVICIO DE SALUD DEL MAULE HOSPITAL DE LINARES | ABAST-SERVICIOS-CL,616069179,,Región del Maule ,,SUR MEDICAL SPA | Sur Medical Spa,995760800,,Región Metropolitana de Santiago,,,,,1850909,KIT TROCAR PABELLÓN,TROCAR QUIRÚRGICO APPLIED KIT CIRUGIA ENDOSCOPICA UNIDAD CENTRO(1850909) TROCAR QUIRÚRGICO APPLIED KIT CIRUGIA ENDOSCOPICA UNIDAD CENTRO,120.0,,CLP,57200.0,,
4375-240-CM24,,2024-02-21T14:30:13Z,,,,,HOSPITAL GUILLERMO GRANT BENAVENTE DE CO | Abastecimiento General,616021893,,Región del Biobío ,,CARNES NUBLE S A | Carnes Ñuble S.A. - Casa Matriz,965180702,,Región Metropolitana de Santiago,,,,,1464322,Carnes Rojas Central Alimentación Febrero 2024,CORTE POSTA NEGRA - MARINADO CAJA 100K UNIDAD VIII REGION(1464322) CORTE POSTA NEGRA - MARINADO CAJA 100K UNIDAD VIII REGION,4500.0,,CLP,11122.0,,
4375-240-CM24,,2024-02-21T14:30:13Z,,,,,HOSPITAL GUILLERMO GRANT BENAVENTE DE CO | Abastecimiento General,616021893,,Región del Biobío ,,CARNES NUBLE S A | Carnes Ñuble S.A. - Casa Matriz,965180702,,Región Metropolitana de Santiago,,,,,1465102,Carnes Rojas Central Alimentación Febrero 2024,CORTE SOBRECOSTILLA CONGELADO - SIN MARINAR BOLSA 1K UNIDAD NACIONAL VIII REGION(1465102) CORTE SOBRECOSTILLA CONGELADO - SIN MARINAR BOLSA 1K UNIDAD NACIONAL VIII REGION,350.0,,CLP,7990.0,,
4375-246-CM24,,2024-03-20T12:19:53Z,,,,,HOSPITAL GUILLERMO GRANT BENAVENTE DE CO | Abastecimiento General,616021893,,Región del Biobío ,,SERVICIOS INTEGRADOS SIDAPT LIMITADA | SERVICIOS INTEGRADOS SIDAPT LTDA,762993589,,Región Metropolitana de Santiago,,,,,1476352,Congelados Central Alimentación Febrero 2024,ZAPALLO CONGELADO MINUTO VERDE CUBITOS BOLSA 1K UNIDAD VIII REGION(1476352) ZAPALLO CONGELADO MINUTO VERDE CUBITOS BOLSA 1K UNIDAD VIII REGION,1400.0,,CLP,3290.0,,
4375-246-CM24,,2024-03-20T12:19:53Z,,,,,HOSPITAL GUILLERMO GRANT BENAVENTE DE CO | Abastecimiento General,616021893,,Región del Biobío ,,SERVICIOS INTEGRADOS SIDAPT LIMITADA | SERVICIOS INTEGRADOS SIDAPT LTDA,762993589,,Región Metropolitana de Santiago,,,,,2032059,Congelados Central Alimentación Febrero 2024,CHAPSUI DE VERDURAS MINUTO VERDE SALTEADO CHAPSUI 1 KILO UNIDAD VIII REGION(2032059) CHAPSUI DE VERDURAS MINUTO VERDE SALTEADO CHAPSUI 1 KILO UNIDAD VIII REGION,300.0,,CLP,2750.0,,
4375-246-CM24,,2024-03-20T12:19:53Z,,,,,HOSPITAL GUILLERMO GRANT BENAVENTE DE CO | Abastecimiento General,616021893,,Región del Biobío ,,SERVICIOS INTEGRADOS SIDAPT LIMITADA | SERVICIOS INTEGRADOS SIDAPT LTDA,762993589,,Región Metropolitana de Santiago,,,,,1475767,Congelados Central Alimentación Febrero 2024,BETARRAGA CONGELADA MINUTO VERDE BOLSA 1K UNIDAD VIII REGION(1475767) BETARRAGA CONGELADA MINUTO VERDE BOLSA 1K UNIDAD VIII REGION,1200.0,,CLP,3895.0,,
4375-246-CM24,,2024-03-20T12:19:53Z,,,,,HOSPITAL GUILLERMO GRANT BENAVENTE DE CO | Abastecimiento General,616021893,,Región del Biobío ,,SERVICIOS INTEGRADOS SIDAPT LIMITADA | SERVICIOS INTEGRADOS SIDAPT LTDA,762993589,,Región Metropolitana de Santiago,,,,,1563020,Congelados Central Alimentación Febrero 2024,ARVEJA CONGELADA MINUTO VERDE BOLSA 1K 8 UNIDADES VIII REGION(1563020) ARVEJA CONGELADA MINUTO VERDE BOLSA 1K 8 UNIDADES VIII REGION,18.0,,CLP,20445.0,,
4375-246-CM24,,2024-03-20T12:19:53Z,,,,,HOSPITAL GUILLERMO GRANT BENAVENTE DE CO | Abastecimiento General,616021893,,Región del Biobío ,,SERVICIOS INTEGRADOS SIDAPT LIMITADA | SERVICIOS INTEGRADOS SIDAPT LTDA,762993589,,Región Metropolitana de Santiago,,,,,1475887,Congelados Central Alimentación Febrero 2024,CHOCLO CONGELADO MINUTO VERDE BOLSA 1K UNIDAD VIII REGION(1475887) CHOCLO CONGELADO MINUTO VERDE BOLSA 1K UNIDAD VIII REGION,470.0,,CLP,3054.0,,
4375-246-CM24,,2024-03-20T12:19:53Z,,,,,HOSPITAL GUILLERMO GRANT BENAVENTE DE CO | Abastecimiento General,616021893,,Región del Biobío ,,SERVICIOS INTEGRADOS SIDAPT LIMITADA | SERVICIOS INTEGRADOS SIDAPT LTDA,762993589,,Región Metropolitana de Santiago,,,,,1476022,Congelados Central Alimentación Febrero 2024,HABA CONGELADA MINUTO VERDE BOLSA 500 G UNIDAD VIII REGION(1476022) HABA CONGELADA MINUTO VERDE BOLSA 500 G UNIDAD VIII REGION,340.0,,CLP,2079.0,,
4375-246-CM24,,2024-03-20T12:19:53Z,,,,,HOSPITAL GUILLERMO GRANT BENAVENTE DE CO | Abastecimiento General,616021893,,Región del Biobío ,,SERVICIOS INTEGRADOS SIDAPT LIMITADA | SERVICIOS INTEGRADOS SIDAPT LTDA,762993589,,Región Metropolitana de Santiago,,,,,1476322,Congelados Central Alimentación Febrero 2024,ZANAHORIA CONGELADA MINUTO VERDE CUBO BOLSA 1K UNIDAD VIII REGION(1476322) ZANAHORIA CONGELADA MINUTO VERDE CUBO BOLSA 1K UNIDAD VIII REGION,100.0,,CLP,2066.0,,
4375-246-CM24,,2024-03-20T12:19:53Z,,,,,HOSPITAL GUILLERMO GRANT BENAVENTE DE CO | Abastecimiento General,616021893,,Región del Biobío ,,SERVICIOS INTEGRADOS SIDAPT LIMITADA | SERVICIOS INTEGRADOS SIDAPT LTDA,762993589,,Región Metropolitana de Santiago,,,,,1476247,Congelados Central Alimentación Febrero 2024,PRIMAVERA VERDURAS MINUTO VERDE BOLSA 1K UNIDAD VIII REGION(1476247) PRIMAVERA VERDURAS MINUTO VERDE BOLSA 1K UNIDAD VIII REGION,180.0,,CLP,2255.0,,
4375-246-CM24,,2024-03-20T12:19:53Z,,,,,HOSPITAL GUILLERMO GRANT BENAVENTE DE CO | Abastecimiento General,616021893,,Región del Biobío ,,SERVICIOS INTEGRADOS SIDAPT LIMITADA | SERVICIOS INTEGRADOS SIDAPT LTDA,762993589,,Región Metropolitana de Santiago,,,,,1563787,Congelados Central Alimentación Febrero 2024,"PAPAS PRE-FRITAS MINUTO VERDE BOLSA 2,5K 4 UNIDADES VIII REGION(1563787) PAPAS PRE-FRITAS MINUTO VERDE BOLSA 2,5K 4 UNIDADES VIII REGION",55.0,,CLP,22990.0,,
4375-246-CM24,,2024-03-20T12:19:53Z,,,,,HOSPITAL GUILLERMO GRANT BENAVENTE DE CO | Abastecimiento General,616021893,,Región del Biobío ,,SERVICIOS INTEGRADOS SIDAPT LIMITADA | SERVICIOS INTEGRADOS SIDAPT LTDA,762993589,,Región Metropolitana de Santiago,,,,,1476157,Congelados Central Alimentación Febrero 2024,POROTO VERDE CONGELADO MINUTO VERDE CORTE FRANCES  BOLSA 1K UNIDAD VIII REGION(1476157) POROTO VERDE CONGELADO MINUTO VERDE CORTE FRANCES  BOLSA 1K UNIDAD VIII REGION,1900.0,,CLP,2402.0,,
4375-259-CM24,,2024-02-22T10:10:25Z,,,,,HOSPITAL GUILLERMO GRANT BENAVENTE DE CO | Abastecimiento General,616021893,,Región del Biobío ,,JOSÉ MANUEL SERRA MUÑOZ | jose serra,55668299,,Región del Biobío ,,,,,1473247,Verduras Central Alimentación Febrero 2024,PUERRO FRESCO - ATADO 1 K UNIDAD VIII REGION(1473247) PUERRO FRESCO - ATADO 1 K UNIDAD VIII REGION,160.0,,CLP,1202.0,,
4375-259-CM24,,2024-02-22T10:10:25Z,,,,,HOSPITAL GUILLERMO GRANT BENAVENTE DE CO | Abastecimiento General,616021893,,Región del Biobío ,,JOSÉ MANUEL SERRA MUÑOZ | jose serra,55668299,,Región del Biobío ,,,,,1460647,Verduras Central Alimentación Febrero 2024,AJI DE COLOR - BOLSA 500 G UNIDAD VIII REGION(1460647) AJI DE COLOR - BOLSA 500 G UNIDAD VIII REGION,30.0,,CLP,3627.0,,
4375-259-CM24,,2024-02-22T10:10:25Z,,,,,HOSPITAL GUILLERMO GRANT BENAVENTE DE CO | Abastecimiento General,616021893,,Región del Biobío ,,JOSÉ MANUEL SERRA MUÑOZ | jose serra,55668299,,Región del Biobío ,,,,,1475617,Verduras Central Alimentación Febrero 2024,ZAPALLO FRESCO - ITALIANO UNIDAD VIII REGION(1475617) ZAPALLO FRESCO - ITALIANO UNIDAD VIII REGION,5500.0,,CLP,473.0,,
4375-259-CM24,,2024-02-22T10:10:25Z,,,,,HOSPITAL GUILLERMO GRANT BENAVENTE DE CO | Abastecimiento General,616021893,,Región del Biobío ,,JOSÉ MANUEL SERRA MUÑOZ | jose serra,55668299,,Región del Biobío ,,,,,1465957,Verduras Central Alimentación Febrero 2024,ESPINACA FRESCA - PAQUETE APROX. 1 K UNIDAD VIII REGION(1465957) ESPINACA FRESCA - PAQUETE APROX. 1 K UNIDAD VIII REGION,300.0,,CLP,1101.0,,
4375-259-CM24,,2024-02-22T10:10:25Z,,,,,HOSPITAL GUILLERMO GRANT BENAVENTE DE CO | Abastecimiento General,616021893,,Región del Biobío ,,JOSÉ MANUEL SERRA MUÑOZ | jose serra,55668299,,Región del Biobío ,,,,,1462672,Verduras Central Alimentación Febrero 2024,CILANTRO FRESCO - PAQUETE APROX. 500 GR UNIDAD VIII REGION(1462672) CILANTRO FRESCO - PAQUETE APROX. 500 GR UNIDAD VIII REGION,35.0,,CLP,781.0,,
4375-259-CM24,,2024-02-22T10:10:25Z,,,,,HOSPITAL GUILLERMO GRANT BENAVENTE DE CO | Abastecimiento General,616021893,,Región del Biobío ,,JOSÉ MANUEL SERRA MUÑOZ | jose serra,55668299,,Región del Biobío ,,,,,1470502,Verduras Central Alimentación Febrero 2024,PAPA FRESCA - CARDINAL PRIMERA KILO APROX. VIII REGION(1470502) PAPA FRESCA - CARDINAL PRIMERA KILO APROX. VIII REGION,10000.0,,CLP,1048.0,,
4375-259-CM24,,2024-02-22T10:10:25Z,,,,,HOSPITAL GUILLERMO GRANT BENAVENTE DE CO | Abastecimiento General,616021893,,Región del Biobío ,,JOSÉ MANUEL SERRA MUÑOZ | jose serra,55668299,,Región del Biobío ,,,,,1470262,Verduras Central Alimentación Febrero 2024,PALTA FRESCA - CALIFORNIANA CALIBRE 26 KILO APROX. VIII REGION(1470262) PALTA FRESCA - CALIFORNIANA CALIBRE 26 KILO APROX. VIII REGION,35.0,,CLP,5065.0,,
4375-259-CM24,,2024-02-22T10:10:25Z,,,,,HOSPITAL GUILLERMO GRANT BENAVENTE DE CO | Abastecimiento General,616021893,,Región del Biobío ,,JOSÉ MANUEL SERRA MUÑOZ | jose serra,55668299,,Región del Biobío ,,,,,1471882,Verduras Central Alimentación Febrero 2024,PEREJIL - ATADO 500 GR UNIDAD VIII REGION(1471882) PEREJIL - ATADO 500 GR UNIDAD VIII REGION,230.0,,CLP,940.0,,
4375-259-CM24,,2024-02-22T10:10:25Z,,,,,HOSPITAL GUILLERMO GRANT BENAVENTE DE CO | Abastecimiento General,616021893,,Región del Biobío ,,JOSÉ MANUEL SERRA MUÑOZ | jose serra,55668299,,Región del Biobío ,,,,,1473487,Verduras Central Alimentación Febrero 2024,REPOLLO FRESCO - LISO UNIDAD VIII REGION(1473487) REPOLLO FRESCO - LISO UNIDAD VIII REGION,60.0,,CLP,1265.0,,
4375-259-CM24,,2024-02-22T10:10:25Z,,,,,HOSPITAL GUILLERMO GRANT BENAVENTE DE CO | Abastecimiento General,616021893,,Región del Biobío ,,JOSÉ MANUEL SERRA MUÑOZ | jose serra,55668299,,Región del Biobío ,,,,,1471627,Verduras Central Alimentación Febrero 2024,PEPINO FRESCO - ENSALADA UNIDAD VIII REGION(1471627) PEPINO FRESCO - ENSALADA UNIDAD VIII REGION,4000.0,,CLP,445.0,,
4375-259-CM24,,2024-02-22T10:10:25Z,,,,,HOSPITAL GUILLERMO GRANT BENAVENTE DE CO | Abastecimiento General,616021893,,Región del Biobío ,,JOSÉ MANUEL SERRA MUÑOZ | jose serra,55668299,,Región del Biobío ,,,,,1469437,Verduras Central Alimentación Febrero 2024,OREGANO - MOLIDO BOLSA 500 G UNIDAD VIII REGION(1469437) OREGANO - MOLIDO BOLSA 500 G UNIDAD VIII REGION,16.0,,CLP,4114.0,,
4375-259-CM24,,2024-02-22T10:10:25Z,,,,,HOSPITAL GUILLERMO GRANT BENAVENTE DE CO | Abastecimiento General,616021893,,Región del Biobío ,,JOSÉ MANUEL SERRA MUÑOZ | jose serra,55668299,,Región del Biobío ,,,,,1461622,Verduras Central Alimentación Febrero 2024,CEBOLLA FRESCA - AMARILLA KILO APROX. VIII REGION(1461622) CEBOLLA FRESCA - AMARILLA KILO APROX. VIII REGION,800.0,,CLP,967.0,,
4375-259-CM24,,2024-02-22T10:10:25Z,,,,,HOSPITAL GUILLERMO GRANT BENAVENTE DE CO | Abastecimiento General,616021893,,Región del Biobío ,,JOSÉ MANUEL SERRA MUÑOZ | jose serra,55668299,,Región del Biobío ,,,,,1475467,Verduras Central Alimentación Febrero 2024,ZANAHORIA FRESCA - GRANEL KILO APROX. VIII REGION(1475467) ZANAHORIA FRESCA - GRANEL KILO APROX. VIII REGION,1480.0,,CLP,831.0,,
4375-259-CM24,,2024-02-22T10:10:25Z,,,,,HOSPITAL GUILLERMO GRANT BENAVENTE DE CO | Abastecimiento General,616021893,,Región del Biobío ,,JOSÉ MANUEL SERRA MUÑOZ | jose serra,55668299,,Región del Biobío ,,,,,1468132,Verduras Central Alimentación Febrero 2024,LIMON FRESCO - SUTIL KILO APROX. VIII REGION(1468132) LIMON FRESCO - SUTIL KILO APROX. VIII REGION,35.0,,CLP,1370.0,,
4375-259-CM24,,2024-02-22T10:10:25Z,,,,,HOSPITAL GUILLERMO GRANT BENAVENTE DE CO | Abastecimiento General,616021893,,Región del Biobío ,,JOSÉ MANUEL SERRA MUÑOZ | jose serra,55668299,,Región del Biobío ,,,,,1471972,Verduras Central Alimentación Febrero 2024,PIMENTON FRESCO - ROJO UNIDAD VIII REGION(1471972) PIMENTON FRESCO - ROJO UNIDAD VIII REGION,1800.0,,CLP,552.0,,
4375-259-CM24,,2024-02-22T10:10:25Z,,,,,HOSPITAL GUILLERMO GRANT BENAVENTE DE CO | Abastecimiento General,616021893,,Región del Biobío ,,JOSÉ MANUEL SERRA MUÑOZ | jose serra,55668299,,Región del Biobío ,,,,,1475602,Verduras Central Alimentación Febrero 2024,ZAPALLO FRESCO - CAMOTE 100 KILO APROX. VIII REGION(1475602) ZAPALLO FRESCO - CAMOTE 100 KILO APROX. VIII REGION,200.0,,CLP,1041.0,,
4375-259-CM24,,2024-02-22T10:10:25Z,,,,,HOSPITAL GUILLERMO GRANT BENAVENTE DE CO | Abastecimiento General,616021893,,Región del Biobío ,,JOSÉ MANUEL SERRA MUÑOZ | jose serra,55668299,,Región del Biobío ,,,,,1460572,Verduras Central Alimentación Febrero 2024,ACELGA FRESCA - PAQUETE APROX. 1 K UNIDAD VIII REGION(1460572) ACELGA FRESCA - PAQUETE APROX. 1 K UNIDAD VIII REGION,650.0,,CLP,752.0,,
4375-259-CM24,,2024-02-22T10:10:25Z,,,,,HOSPITAL GUILLERMO GRANT BENAVENTE DE CO | Abastecimiento General,616021893,,Región del Biobío ,,JOSÉ MANUEL SERRA MUÑOZ | jose serra,55668299,,Región del Biobío ,,,,,1461022,Verduras Central Alimentación Febrero 2024,APIO FRESCO - PAQUETE UNIDAD VIII REGION(1461022) APIO FRESCO - PAQUETE UNIDAD VIII REGION,500.0,,CLP,1450.0,,
4375-259-CM24,,2024-02-22T10:10:25Z,,,,,HOSPITAL GUILLERMO GRANT BENAVENTE DE CO | Abastecimiento General,616021893,,Región del Biobío ,,JOSÉ MANUEL SERRA MUÑOZ | jose serra,55668299,,Región del Biobío ,,,,,1473817,Verduras Central Alimentación Febrero 2024,TOMATE FRESCO - POMAROLA EXTRA GRANDE KILO APROX. VIII REGION(1473817) TOMATE FRESCO - POMAROLA EXTRA GRANDE KILO APROX. VIII REGION,2400.0,,CLP,2011.0,,
4375-259-CM24,,2024-02-22T10:10:25Z,,,,,HOSPITAL GUILLERMO GRANT BENAVENTE DE CO | Abastecimiento General,616021893,,Región del Biobío ,,JOSÉ MANUEL SERRA MUÑOZ | jose serra,55668299,,Región del Biobío ,,,,,1460542,Verduras Central Alimentación Febrero 2024,ACEITUNA - AZAPA BOLSA 500 G UNIDAD VIII REGION(1460542) ACEITUNA - AZAPA BOLSA 500 G UNIDAD VIII REGION,320.0,,CLP,2808.0,,
4498-11-CM24,,2024-01-30T17:12:08Z,,,,,I MUNICIPALIDAD DE SAN PEDRO | Educacion,690731002,,Región Metropolitana de Santiago,,GASCO GLP S A | GASCO GLP - DIVISION SUR,965687408,,Región Metropolitana de Santiago,,,,,1944977,VALES DE GAS PARA SALA CUNA Y JARDIN LOS CONEJITOS Y FRUTILLITAS ,GAS LICUADO CILINDRO MEDIANTE VALE DE RECARGA 15 KG REGIÓN METROPOLITANA(1944977) GAS LICUADO CILINDRO MEDIANTE VALE DE RECARGA 15 KG REGIÓN METROPOLITANA,21.0,,CLP,10793.0,,
4498-11-CM24,,2024-01-30T17:12:08Z,,,,,I MUNICIPALIDAD DE SAN PEDRO | Educacion,690731002,,Región Metropolitana de Santiago,,GASCO GLP S A | GASCO GLP - DIVISION SUR,965687408,,Región Metropolitana de Santiago,,,,,1944994,VALES DE GAS PARA SALA CUNA Y JARDIN LOS CONEJITOS Y FRUTILLITAS ,GAS LICUADO CILINDRO MEDIANTE VALE DE RECARGA 45 KG REGIÓN METROPOLITANA(1944994) GAS LICUADO CILINDRO MEDIANTE VALE DE RECARGA 45 KG REGIÓN METROPOLITANA,23.0,,CLP,33851.0,,
4498-12-CM24,,2024-02-22T09:49:58Z,,,,,I MUNICIPALIDAD DE SAN PEDRO | Educacion,690731002,,Región Metropolitana de Santiago,,COMERCIALIZADORA TD TODO EXPRESS LIMITADA | COMERCIALIZADORA TD TODO EXPRESS LIMITADA,769675566,,Región Metropolitana de Santiago,,,,,1586181,MATERIALES PARA REALIZAR REPARACIONES Y OTROS EN DAEM Y ESCUELAS DE LA COMUNA,ESTANQUE PARA LIQUIDOS INFRAPLAST AQUATANK TITAN VERTICAL 10000L UNIDAD(1586181) ESTANQUE PARA LIQUIDOS INFRAPLAST AQUATANK TITAN VERTICAL 10000L UNIDAD,1.0,,CLP,989561.0,,
4498-12-CM24,,2024-02-22T09:49:58Z,,,,,I MUNICIPALIDAD DE SAN PEDRO | Educacion,690731002,,Región Metropolitana de Santiago,,COMERCIALIZADORA TD TODO EXPRESS LIMITADA | COMERCIALIZADORA TD TODO EXPRESS LIMITADA,769675566,,Región Metropolitana de Santiago,,,,,1634974,MATERIALES PARA REALIZAR REPARACIONES Y OTROS EN DAEM Y ESCUELAS DE LA COMUNA,"TABLERO CONTRACHAPADO SODIMAC TERC RANURADO T 12 MM X 1,2 M X 2.4 M UNIDAD(1634974) TABLERO CONTRACHAPADO SODIMAC TERC RANURADO T 12 MM X 1,2 M X 2.4 M UNIDAD",80.0,,CLP,17947.0,,
4498-12-CM24,,2024-02-22T09:49:58Z,,,,,I MUNICIPALIDAD DE SAN PEDRO | Educacion,690731002,,Región Metropolitana de Santiago,,COMERCIALIZADORA TD TODO EXPRESS LIMITADA | COMERCIALIZADORA TD TODO EXPRESS LIMITADA,769675566,,Región Metropolitana de Santiago,,,,,1634376,MATERIALES PARA REALIZAR REPARACIONES Y OTROS EN DAEM Y ESCUELAS DE LA COMUNA,"PISO LAMINADO WINTER KRONO AVANT 8MM CAJA 1,90 M2 UNIDAD(1634376) PISO LAMINADO WINTER KRONO AVANT 8MM CAJA 1,90 M2 UNIDAD",25.0,,CLP,53340.0,,
4498-12-CM24,,2024-02-22T09:49:58Z,,,,,I MUNICIPALIDAD DE SAN PEDRO | Educacion,690731002,,Región Metropolitana de Santiago,,COMERCIALIZADORA TD TODO EXPRESS LIMITADA | COMERCIALIZADORA TD TODO EXPRESS LIMITADA,769675566,,Región Metropolitana de Santiago,,,,,1586897,MATERIALES PARA REALIZAR REPARACIONES Y OTROS EN DAEM Y ESCUELAS DE LA COMUNA,"TABLERO CONTRACHAPADO ARAUCO ARAUCOPLY REVESTIMIENTO CLASICO 12 MM X 1,23 X 2,44 M UNIDAD(1586897) TABLERO CONTRACHAPADO ARAUCO ARAUCOPLY REVESTIMIENTO CLASICO 12 MM X 1,23 X 2,44 M UNIDAD",17.0,,CLP,15554.0,,
4498-12-CM24,,2024-02-22T09:49:58Z,,,,,I MUNICIPALIDAD DE SAN PEDRO | Educacion,690731002,,Región Metropolitana de Santiago,,COMERCIALIZADORA TD TODO EXPRESS LIMITADA | COMERCIALIZADORA TD TODO EXPRESS LIMITADA,769675566,,Región Metropolitana de Santiago,,,,,1585863,MATERIALES PARA REALIZAR REPARACIONES Y OTROS EN DAEM Y ESCUELAS DE LA COMUNA,TAPA WC BEMIS ASIENTO UNIVERSAL 6900 UNIDAD(1585863) TAPA WC BEMIS ASIENTO UNIVERSAL 6900 UNIDAD,4.0,,CLP,5323.0,,
4498-12-CM24,,2024-02-22T09:49:58Z,,,,,I MUNICIPALIDAD DE SAN PEDRO | Educacion,690731002,,Región Metropolitana de Santiago,,COMERCIALIZADORA TD TODO EXPRESS LIMITADA | COMERCIALIZADORA TD TODO EXPRESS LIMITADA,769675566,,Región Metropolitana de Santiago,,,,,1586341,MATERIALES PARA REALIZAR REPARACIONES Y OTROS EN DAEM Y ESCUELAS DE LA COMUNA,PICOTA MANGO LARGO TRAMONTINA PUNTA DE PALA UNIDAD(1586341) PICOTA MANGO LARGO TRAMONTINA PUNTA DE PALA UNIDAD,1.0,,CLP,14941.0,,
4498-12-CM24,,2024-02-22T09:49:58Z,,,,,I MUNICIPALIDAD DE SAN PEDRO | Educacion,690731002,,Región Metropolitana de Santiago,,COMERCIALIZADORA TD TODO EXPRESS LIMITADA | COMERCIALIZADORA TD TODO EXPRESS LIMITADA,769675566,,Región Metropolitana de Santiago,,,,,1635395,MATERIALES PARA REALIZAR REPARACIONES Y OTROS EN DAEM Y ESCUELAS DE LA COMUNA,PALA ZEBRIK PUNTA HUEVO UNIDAD(1635395) PALA ZEBRIK PUNTA HUEVO UNIDAD,1.0,,CLP,13940.0,,
4498-12-CM24,,2024-02-22T09:49:58Z,,,,,I MUNICIPALIDAD DE SAN PEDRO | Educacion,690731002,,Región Metropolitana de Santiago,,COMERCIALIZADORA TD TODO EXPRESS LIMITADA | COMERCIALIZADORA TD TODO EXPRESS LIMITADA,769675566,,Región Metropolitana de Santiago,,,,,1634294,MATERIALES PARA REALIZAR REPARACIONES Y OTROS EN DAEM Y ESCUELAS DE LA COMUNA,OVEROL PORTWEST FR50 UNIDAD(1634294) OVEROL PORTWEST FR50 UNIDAD,4.0,,CLP,9507.0,,
4498-12-CM24,,2024-02-22T09:49:58Z,,,,,I MUNICIPALIDAD DE SAN PEDRO | Educacion,690731002,,Región Metropolitana de Santiago,,COMERCIALIZADORA TD TODO EXPRESS LIMITADA | COMERCIALIZADORA TD TODO EXPRESS LIMITADA,769675566,,Región Metropolitana de Santiago,,,,,1634856,MATERIALES PARA REALIZAR REPARACIONES Y OTROS EN DAEM Y ESCUELAS DE LA COMUNA,CARRO YEGUA SARRASCARGO SC-200 200 K UNIDAD(1634856) CARRO YEGUA SARRASCARGO SC-200 200 K UNIDAD,1.0,,CLP,163895.0,,
4594-29-CM24,,2024-01-30T17:19:59Z,,,,,I MUNICIPALIDAD DE COIHUECO | Departamento de Salud,691411028,,Región del Ñuble,,SCANNO SPA | SCANNO,770557852,,Región Metropolitana de Santiago,,,,,2016935,Orden de Compra: 4594-29-CM24,"PILA ENERGIZER ALCALINA AA 1,5 V 12 UNIDADES REGIÓN XVI(2016935) PILA ENERGIZER ALCALINA AA 1,5 V 12 UNIDADES REGIÓN XVI",36.0,,CLP,4916.0,,
4594-29-CM24,,2024-01-30T17:19:59Z,,,,,I MUNICIPALIDAD DE COIHUECO | Departamento de Salud,691411028,,Región del Ñuble,,SCANNO SPA | SCANNO,770557852,,Región Metropolitana de Santiago,,,,,2016969,Orden de Compra: 4594-29-CM24,"PILA ENERGIZER ALCALINA AAA 1,5 V 12 UNIDADES REGIÓN XVI(2016969) PILA ENERGIZER ALCALINA AAA 1,5 V 12 UNIDADES REGIÓN XVI",36.0,,CLP,4916.0,,
4594-29-CM24,,2024-01-30T17:19:59Z,,,,,I MUNICIPALIDAD DE COIHUECO | Departamento de Salud,691411028,,Región del Ñuble,,SCANNO SPA | SCANNO,770557852,,Región Metropolitana de Santiago,,,,,2016034,Orden de Compra: 4594-29-CM24,PERFORADORA HAND CAPACIDAD 45 HOJAS UNIDAD REGIÓN XVI(2016034) PERFORADORA HAND CAPACIDAD 45 HOJAS UNIDAD REGIÓN XVI,20.0,,CLP,6611.0,,
4594-29-CM24,,2024-01-30T17:19:59Z,,,,,I MUNICIPALIDAD DE COIHUECO | Departamento de Salud,691411028,,Región del Ñuble,,SCANNO SPA | SCANNO,770557852,,Región Metropolitana de Santiago,,,,,2024177,Orden de Compra: 4594-29-CM24,"SOBRE TEKNOFAS SACO BLANCO 1/2 OFICIO 19 X 26,5 CM2 UNIDAD REGIÓN XVI(2024177) SOBRE TEKNOFAS SACO BLANCO 1/2 OFICIO 19 X 26,5 CM2 UNIDAD REGIÓN XVI",1000.0,,CLP,91.0,,
4594-29-CM24,,2024-01-30T17:19:59Z,,,,,I MUNICIPALIDAD DE COIHUECO | Departamento de Salud,691411028,,Región del Ñuble,,SCANNO SPA | SCANNO,770557852,,Región Metropolitana de Santiago,,,,,2024194,Orden de Compra: 4594-29-CM24,"SOBRE TEKNOFAS SACO BLANCO EXTRA OFICIO 30 X 39,5 CM2 UNIDAD REGIÓN XVI(2024194) SOBRE TEKNOFAS SACO BLANCO EXTRA OFICIO 30 X 39,5 CM2 UNIDAD REGIÓN XVI",800.0,,CLP,149.0,,
4594-29-CM24,,2024-01-30T17:19:59Z,,,,,I MUNICIPALIDAD DE COIHUECO | Departamento de Salud,691411028,,Región del Ñuble,,SCANNO SPA | SCANNO,770557852,,Región Metropolitana de Santiago,,,,,1976781,Orden de Compra: 4594-29-CM24,CARPETA SCHULZ OFICIO CARTULINA PLASTIFICADA LISO S/DISEÑO UNIDAD REGIÓN XVI(1976781) CARPETA SCHULZ OFICIO CARTULINA PLASTIFICADA LISO S/DISEÑO UNIDAD REGIÓN XVI,25.0,,CLP,570.0,,
4594-29-CM24,,2024-01-30T17:19:59Z,,,,,I MUNICIPALIDAD DE COIHUECO | Departamento de Salud,691411028,,Región del Ñuble,,SCANNO SPA | SCANNO,770557852,,Región Metropolitana de Santiago,,,,,2031215,Orden de Compra: 4594-29-CM24,CALCULADORA BÁSICA CASIO GX-14B 14 DÍGITOS UNIDAD REGIÓN XVI(2031215) CALCULADORA BÁSICA CASIO GX-14B 14 DÍGITOS UNIDAD REGIÓN XVI,5.0,,CLP,15385.0,,
4594-29-CM24,,2024-01-30T17:19:59Z,,,,,I MUNICIPALIDAD DE COIHUECO | Departamento de Salud,691411028,,Región del Ñuble,,SCANNO SPA | SCANNO,770557852,,Región Metropolitana de Santiago,,,,,1977937,Orden de Compra: 4594-29-CM24,CLIP COLON ACCOCLIP FASTENER PLÁSTICO METAL 50 UNIDADES REGIÓN XVI(1977937) CLIP COLON ACCOCLIP FASTENER PLÁSTICO METAL 50 UNIDADES REGIÓN XVI,2.0,,CLP,1358.0,,
4594-29-CM24,,2024-01-30T17:19:59Z,,,,,I MUNICIPALIDAD DE COIHUECO | Departamento de Salud,691411028,,Región del Ñuble,,SCANNO SPA | SCANNO,770557852,,Región Metropolitana de Santiago,,,,,1972599,Orden de Compra: 4594-29-CM24,BORRADOR PIZARRA ATLANTIK ACRÍLICA UNIDAD REGIÓN XVI(1972599) BORRADOR PIZARRA ATLANTIK ACRÍLICA UNIDAD REGIÓN XVI,2.0,,CLP,1023.0,,
4594-29-CM24,,2024-01-30T17:19:59Z,,,,,I MUNICIPALIDAD DE COIHUECO | Departamento de Salud,691411028,,Región del Ñuble,,SCANNO SPA | SCANNO,770557852,,Región Metropolitana de Santiago,,,,,2024143,Orden de Compra: 4594-29-CM24,"SOBRE TEKNOFAS AMERICANO BLANCO 22,8 X 10,6 CM2 80 GR UNIDAD REGIÓN XVI(2024143) SOBRE TEKNOFAS AMERICANO BLANCO 22,8 X 10,6 CM2 80 GR UNIDAD REGIÓN XVI",1000.0,,CLP,32.0,,
4656-7-CM24,,2024-03-18T07:57:56Z,,,,,SUBSECRETARIA DEL MINISTERIO DE EDUCACION PUBLICA | Pasajes Aéreos - SUBSECRETARIA,609010002,,Región Metropolitana de Santiago,,AGENCIA DE VIAJES TURAVION SPA | Turavion SpA,809894002,,Región Metropolitana de Santiago,,,,,1849200,Cód: AABWYHX /ALEJANDRA  ARRATIA MARTÍNEZ  y FERNANDA LIZAMA ZÚNIGA ,PASAJE AÉREO(1849200) PASAJE AÉREO,1.0,,CLP,196980.0,,
4656-7-CM24,,2024-03-18T07:57:56Z,,,,,SUBSECRETARIA DEL MINISTERIO DE EDUCACION PUBLICA | Pasajes Aéreos - SUBSECRETARIA,609010002,,Región Metropolitana de Santiago,,AGENCIA DE VIAJES TURAVION SPA | Turavion SpA,809894002,,Región Metropolitana de Santiago,,,,,1849200,Cód: AABWYHX /ALEJANDRA  ARRATIA MARTÍNEZ  y FERNANDA LIZAMA ZÚNIGA ,PASAJE AÉREO(1849200) PASAJE AÉREO,1.0,,CLP,196980.0,,
4656-7-CM24,,2024-03-18T07:57:56Z,,,,,SUBSECRETARIA DEL MINISTERIO DE EDUCACION PUBLICA | Pasajes Aéreos - SUBSECRETARIA,609010002,,Región Metropolitana de Santiago,,AGENCIA DE VIAJES TURAVION SPA | Turavion SpA,809894002,,Región Metropolitana de Santiago,,,,,1849900,Cód: AABWYHX /ALEJANDRA  ARRATIA MARTÍNEZ  y FERNANDA LIZAMA ZÚNIGA ,TASA DE EMBARQUE(1849900) TASA DE EMBARQUE,1.0,,CLP,73392.0,,
4699-4-CM24,,2024-01-29T17:13:08Z,,,,,I MUNICIPALIDAD DE CONCEPCION | ALCALDIA MUNICIPALIDAD DE CONCEPCION,69150400K,,Región del Biobío ,,AGENCIA DE VIAJES TURAVION SPA | Turavion SpA,809894002,,Región Metropolitana de Santiago,,,,,1849200,Orden de Compra: 4699-4-CM24,PASAJE AÉREO(1849200) PASAJE AÉREO,1.0,,CLP,262998.0,,
4699-4-CM24,,2024-01-29T17:13:08Z,,,,,I MUNICIPALIDAD DE CONCEPCION | ALCALDIA MUNICIPALIDAD DE CONCEPCION,69150400K,,Región del Biobío ,,AGENCIA DE VIAJES TURAVION SPA | Turavion SpA,809894002,,Región Metropolitana de Santiago,,,,,1849900,Orden de Compra: 4699-4-CM24,TASA DE EMBARQUE(1849900) TASA DE EMBARQUE,1.0,,CLP,72864.0,,
4728-108-CM24,,2024-01-29T12:51:38Z,,,,,SUBSECRETARIA DE PESCA Y ACUICULTURA | Subsecretaria de Pesca 2,607190003,,Región de Valparaíso ,,AGENCIA DE VIAJES TURAVION SPA | Turavion SpA,809894002,,Región Metropolitana de Santiago,,,,,1849200,Compra de pasaje aéreo,PASAJE AÉREO(1849200) PASAJE AÉREO,1.0,,CLP,114990.0,,
4728-108-CM24,,2024-01-29T12:51:38Z,,,,,SUBSECRETARIA DE PESCA Y ACUICULTURA | Subsecretaria de Pesca 2,607190003,,Región de Valparaíso ,,AGENCIA DE VIAJES TURAVION SPA | Turavion SpA,809894002,,Región Metropolitana de Santiago,,,,,1849900,Compra de pasaje aéreo,TASA DE EMBARQUE(1849900) TASA DE EMBARQUE,1.0,,CLP,18156.0,,
4867-1-CM24,,2024-04-03T13:49:34Z,,,,,DIRECCION DE ABASTECIMIENTO DE LA ARMADA | COMANDO FUERZAS ESPECIALES,619784502,,Región de Valparaíso ,,PEDRO MANUEL VALLEJO PRADO | Pedro Vallejo Prado,56593284,,Región de Valparaíso ,,,,,1471714,Orden de Compra: VERDURA,PERA  - TRIUMP MEDIANA KILO APROX. V REGION(1471714) PERA  - TRIUMP MEDIANA KILO APROX. V REGION,150.0,,CLP,1526.0,,
4867-1-CM24,,2024-04-03T13:49:34Z,,,,,DIRECCION DE ABASTECIMIENTO DE LA ARMADA | COMANDO FUERZAS ESPECIALES,619784502,,Región de Valparaíso ,,PEDRO MANUEL VALLEJO PRADO | Pedro Vallejo Prado,56593284,,Región de Valparaíso ,,,,,1468834,Orden de Compra: VERDURA,MANZANA - ROYAL GALA GRANDE KILO APROX. V REGION(1468834) MANZANA - ROYAL GALA GRANDE KILO APROX. V REGION,150.0,,CLP,1762.0,,
4867-1-CM24,,2024-04-03T13:49:34Z,,,,,DIRECCION DE ABASTECIMIENTO DE LA ARMADA | COMANDO FUERZAS ESPECIALES,619784502,,Región de Valparaíso ,,PEDRO MANUEL VALLEJO PRADO | Pedro Vallejo Prado,56593284,,Región de Valparaíso ,,,,,1472164,Orden de Compra: VERDURA,PLATANO - AMARILLO KILO APROX. V REGION(1472164) PLATANO - AMARILLO KILO APROX. V REGION,150.0,,CLP,1478.0,,
4867-1-CM24,,2024-04-03T13:49:34Z,,,,,DIRECCION DE ABASTECIMIENTO DE LA ARMADA | COMANDO FUERZAS ESPECIALES,619784502,,Región de Valparaíso ,,PEDRO MANUEL VALLEJO PRADO | Pedro Vallejo Prado,56593284,,Región de Valparaíso ,,,,,1473874,Orden de Compra: VERDURA,TOMATE FRESCO - LARGA VIDA EXTRA GRANDE KILO APROX. V REGION(1473874) TOMATE FRESCO - LARGA VIDA EXTRA GRANDE KILO APROX. V REGION,100.0,,CLP,1585.0,,
4867-1-CM24,,2024-04-03T13:49:34Z,,,,,DIRECCION DE ABASTECIMIENTO DE LA ARMADA | COMANDO FUERZAS ESPECIALES,619784502,,Región de Valparaíso ,,PEDRO MANUEL VALLEJO PRADO | Pedro Vallejo Prado,56593284,,Región de Valparaíso ,,,,,1467904,Orden de Compra: VERDURA,LECHUGA FRESCA - CONCONINA UNIDAD V REGION(1467904) LECHUGA FRESCA - CONCONINA UNIDAD V REGION,120.0,,CLP,953.0,,
4867-1-CM24,,2024-04-03T13:49:34Z,,,,,DIRECCION DE ABASTECIMIENTO DE LA ARMADA | COMANDO FUERZAS ESPECIALES,619784502,,Región de Valparaíso ,,PEDRO MANUEL VALLEJO PRADO | Pedro Vallejo Prado,56593284,,Región de Valparaíso ,,,,,1462699,Orden de Compra: VERDURA,CILANTRO FRESCO PROCESADO - ENTERO BOLSA 1 K UNIDAD V REGION(1462699) CILANTRO FRESCO PROCESADO - ENTERO BOLSA 1 K UNIDAD V REGION,50.0,,CLP,1197.0,,
4867-1-CM24,,2024-04-03T13:49:34Z,,,,,DIRECCION DE ABASTECIMIENTO DE LA ARMADA | COMANDO FUERZAS ESPECIALES,619784502,,Región de Valparaíso ,,PEDRO MANUEL VALLEJO PRADO | Pedro Vallejo Prado,56593284,,Región de Valparaíso ,,,,,1471984,Orden de Compra: VERDURA,PIMENTON FRESCO - VERDE UNIDAD V REGION(1471984) PIMENTON FRESCO - VERDE UNIDAD V REGION,100.0,,CLP,375.0,,
4867-1-CM24,,2024-04-03T13:49:34Z,,,,,DIRECCION DE ABASTECIMIENTO DE LA ARMADA | COMANDO FUERZAS ESPECIALES,619784502,,Región de Valparaíso ,,PEDRO MANUEL VALLEJO PRADO | Pedro Vallejo Prado,56593284,,Región de Valparaíso ,,,,,1475464,Orden de Compra: VERDURA,ZANAHORIA FRESCA - GRANEL KILO APROX. V REGION(1475464) ZANAHORIA FRESCA - GRANEL KILO APROX. V REGION,50.0,,CLP,848.0,,
4867-1-CM24,,2024-04-03T13:49:34Z,,,,,DIRECCION DE ABASTECIMIENTO DE LA ARMADA | COMANDO FUERZAS ESPECIALES,619784502,,Región de Valparaíso ,,PEDRO MANUEL VALLEJO PRADO | Pedro Vallejo Prado,56593284,,Región de Valparaíso ,,,,,1475674,Orden de Compra: VERDURA,ZAPALLO FRESCO PROCESADO - CAMOTE TROZO CASCARA BOLSA 1 K UNIDAD V REGION(1475674) ZAPALLO FRESCO PROCESADO - CAMOTE TROZO CASCARA BOLSA 1 K UNIDAD V REGION,60.0,,CLP,1378.0,,
494-336-CM24,,2024-01-31T12:27:50Z,,,,,SERVICIO DE SALUD ATACAMA HOSPITAL COPIA | Insumos Hospital de Copiapó,616063073,,Región de Atacama ,,NEMO CHILE S.A. | NEMO CHILE,762152606,,Región Metropolitana de Santiago,,,,,1851894,"PROGRAMACION DE FEBRERO, DESDE CM",TAPA NEMO CONECTOR LIBRE DE AGUJA C/VALVULA DE SILICONA BIOSEGURIDAD 50 UNIDADES NORTE(1851894) TAPA NEMO CONECTOR LIBRE DE AGUJA C/VALVULA DE SILICONA BIOSEGURIDAD 50 UNIDADES NORTE,40.0,,CLP,58688.0,,
4968-242-CM24,,2024-01-31T19:27:15Z,,,,,HOSPITAL DE QUILPUE | ECONOMATO,616066048,,Región de Valparaíso ,,LUIS ALBERTO PENAILILLO TOBAR Y COMPANIA LIMITADA | Carnes Mi Huaso II,784883701,,Región de Valparaíso ,,,,,1510084,(HUB) CARNES FEBRERO,"TRUTRO ENTERO POLLO ARIZTIA  MARINADO CAJA 10,5K APROX UNIDAD V REGION(1510084) TRUTRO ENTERO POLLO ARIZTIA  MARINADO CAJA 10,5K APROX UNIDAD V REGION",400.0,,CLP,4640.0,,
4968-242-CM24,,2024-01-31T19:27:15Z,,,,,HOSPITAL DE QUILPUE | ECONOMATO,616066048,,Región de Valparaíso ,,LUIS ALBERTO PENAILILLO TOBAR Y COMPANIA LIMITADA | Carnes Mi Huaso II,784883701,,Región de Valparaíso ,,,,,1820174,(HUB) CARNES FEBRERO,CORTE POSTA NEGRA FRIGOMERC SIN MARINAR CAJA DE 24 KILOS IMPORTADO V REGION(1820174) CORTE POSTA NEGRA FRIGOMERC SIN MARINAR CAJA DE 24 KILOS IMPORTADO V REGION,400.0,,CLP,10800.0,,
4968-242-CM24,,2024-01-31T19:27:15Z,,,,,HOSPITAL DE QUILPUE | ECONOMATO,616066048,,Región de Valparaíso ,,LUIS ALBERTO PENAILILLO TOBAR Y COMPANIA LIMITADA | Carnes Mi Huaso II,784883701,,Región de Valparaíso ,,,,,1564805,(HUB) CARNES FEBRERO,CORTE POSTA ROSADA - SIN MARINADA CAJA 100K IMPORTADO V REGION(1564805) CORTE POSTA ROSADA - SIN MARINADA CAJA 100K IMPORTADO V REGION,525.0,,CLP,11150.0,,
4968-242-CM24,,2024-01-31T19:27:15Z,,,,,HOSPITAL DE QUILPUE | ECONOMATO,616066048,,Región de Valparaíso ,,LUIS ALBERTO PENAILILLO TOBAR Y COMPANIA LIMITADA | Carnes Mi Huaso II,784883701,,Región de Valparaíso ,,,,,1510354,(HUB) CARNES FEBRERO,PECHUGA DESHUESADA POLLO CONGELADO ARIZTIA MARINADA CAJA 10K UNIDAD V REGION(1510354) PECHUGA DESHUESADA POLLO CONGELADO ARIZTIA MARINADA CAJA 10K UNIDAD V REGION,275.0,,CLP,6692.0,,
4968-242-CM24,,2024-01-31T19:27:15Z,,,,,HOSPITAL DE QUILPUE | ECONOMATO,616066048,,Región de Valparaíso ,,LUIS ALBERTO PENAILILLO TOBAR Y COMPANIA LIMITADA | Carnes Mi Huaso II,784883701,,Región de Valparaíso ,,,,,1464754,(HUB) CARNES FEBRERO,CORTE PUNTA GANSO CONGELADO - MARINADO BOLSA 1K UNIDAD IMPORTADO V REGION(1464754) CORTE PUNTA GANSO CONGELADO - MARINADO BOLSA 1K UNIDAD IMPORTADO V REGION,95.0,,CLP,9750.0,,
4968-258-CM24,,2024-01-31T15:35:09Z,,,,,HOSPITAL DE QUILPUE | ECONOMATO,616066048,,Región de Valparaíso ,,LUISA SALOMÉ LÓPEZ VÉLIZ | DISTRIBUIDORA MEYLIN,171635721,,Región de Valparaíso ,,,,,1472194,(HUB) FRUTAS Y VERDURAS FEBRERO,PLATANO - AMARILLO 100 KILO APROX. V REGION(1472194) PLATANO - AMARILLO 100 KILO APROX. V REGION,440.0,,CLP,1645.0,,
4968-258-CM24,,2024-01-31T15:35:09Z,,,,,HOSPITAL DE QUILPUE | ECONOMATO,616066048,,Región de Valparaíso ,,LUISA SALOMÉ LÓPEZ VÉLIZ | DISTRIBUIDORA MEYLIN,171635721,,Región de Valparaíso ,,,,,1473664,(HUB) FRUTAS Y VERDURAS FEBRERO,SANDIA - SANDIA MEDIANA UNIDAD V REGION(1473664) SANDIA - SANDIA MEDIANA UNIDAD V REGION,280.0,,CLP,2968.0,,
4968-258-CM24,,2024-01-31T15:35:09Z,,,,,HOSPITAL DE QUILPUE | ECONOMATO,616066048,,Región de Valparaíso ,,LUISA SALOMÉ LÓPEZ VÉLIZ | DISTRIBUIDORA MEYLIN,171635721,,Región de Valparaíso ,,,,,1563916,(HUB) FRUTAS Y VERDURAS FEBRERO,PAPA FRESCA - PATAGONIA INIA SEGUNDA KILO V REGION(1563916) PAPA FRESCA - PATAGONIA INIA SEGUNDA KILO V REGION,30.0,,CLP,1717.0,,
4968-258-CM24,,2024-01-31T15:35:09Z,,,,,HOSPITAL DE QUILPUE | ECONOMATO,616066048,,Región de Valparaíso ,,LUISA SALOMÉ LÓPEZ VÉLIZ | DISTRIBUIDORA MEYLIN,171635721,,Región de Valparaíso ,,,,,1474984,(HUB) FRUTAS Y VERDURAS FEBRERO,UVA - NEGRA SIN PEPA KILO APROX. V REGION(1474984) UVA - NEGRA SIN PEPA KILO APROX. V REGION,840.0,,CLP,1537.0,,
4968-258-CM24,,2024-01-31T15:35:09Z,,,,,HOSPITAL DE QUILPUE | ECONOMATO,616066048,,Región de Valparaíso ,,LUISA SALOMÉ LÓPEZ VÉLIZ | DISTRIBUIDORA MEYLIN,171635721,,Región de Valparaíso ,,,,,1462294,(HUB) FRUTAS Y VERDURAS FEBRERO,CHAMPIÑON FRESCO - ENTERO OSTRA KILO APROX. V REGION(1462294) CHAMPIÑON FRESCO - ENTERO OSTRA KILO APROX. V REGION,30.0,,CLP,10267.0,,
4968-258-CM24,,2024-01-31T15:35:09Z,,,,,HOSPITAL DE QUILPUE | ECONOMATO,616066048,,Región de Valparaíso ,,LUISA SALOMÉ LÓPEZ VÉLIZ | DISTRIBUIDORA MEYLIN,171635721,,Región de Valparaíso ,,,,,1469194,(HUB) FRUTAS Y VERDURAS FEBRERO,MELON - TUNA GRANDE UNIDAD V REGION(1469194) MELON - TUNA GRANDE UNIDAD V REGION,360.0,,CLP,1156.0,,
4968-258-CM24,,2024-01-31T15:35:09Z,,,,,HOSPITAL DE QUILPUE | ECONOMATO,616066048,,Región de Valparaíso ,,LUISA SALOMÉ LÓPEZ VÉLIZ | DISTRIBUIDORA MEYLIN,171635721,,Región de Valparaíso ,,,,,1465669,(HUB) FRUTAS Y VERDURAS FEBRERO,DURAZNO - CONSERVERO PEQUEÑO KILO APROX. V REGION(1465669) DURAZNO - CONSERVERO PEQUEÑO KILO APROX. V REGION,600.0,,CLP,1423.0,,
4968-258-CM24,,2024-01-31T15:35:09Z,,,,,HOSPITAL DE QUILPUE | ECONOMATO,616066048,,Región de Valparaíso ,,LUISA SALOMÉ LÓPEZ VÉLIZ | DISTRIBUIDORA MEYLIN,171635721,,Región de Valparaíso ,,,,,1472119,(HUB) FRUTAS Y VERDURAS FEBRERO,PIÑA - CARAMELO UNIDAD V REGION(1472119) PIÑA - CARAMELO UNIDAD V REGION,40.0,,CLP,1878.0,,
507428-50-CM24,,2024-01-30T14:21:42Z,,,,,SERVICIO DE SALUD CHILOE | Servicio de Salud Chiloé,619792106,,Región de los Lagos ,,AGENCIA DE VIAJES TURAVION SPA | Turavion SpA,809894002,,Región Metropolitana de Santiago,,,,,1849900,PASAJE AEREO MACKARENA SALDIVIA - ABIGAIL CALDERON (CONGRESO),TASA DE EMBARQUE(1849900) TASA DE EMBARQUE,1.0,,CLP,69190.0,,
507428-50-CM24,,2024-01-30T14:21:42Z,,,,,SERVICIO DE SALUD CHILOE | Servicio de Salud Chiloé,619792106,,Región de los Lagos ,,AGENCIA DE VIAJES TURAVION SPA | Turavion SpA,809894002,,Región Metropolitana de Santiago,,,,,1849200,PASAJE AEREO MACKARENA SALDIVIA - ABIGAIL CALDERON (CONGRESO),PASAJE AÉREO(1849200) PASAJE AÉREO,1.0,,CLP,140080.0,,
507428-50-CM24,,2024-01-30T14:21:42Z,,,,,SERVICIO DE SALUD CHILOE | Servicio de Salud Chiloé,619792106,,Región de los Lagos ,,AGENCIA DE VIAJES TURAVION SPA | Turavion SpA,809894002,,Región Metropolitana de Santiago,,,,,1849200,PASAJE AEREO MACKARENA SALDIVIA - ABIGAIL CALDERON (CONGRESO),PASAJE AÉREO(1849200) PASAJE AÉREO,1.0,,CLP,140080.0,,
5132-10-CM24,,2024-01-30T18:08:52Z,,,,,SERVICIO NACIONAL DE MENORES | CIP CRC Punta Arenas,610080006,,Región de Magallanes y de la Antártica,,COMERCIAL RED OFFICE MAGALLANES LIMITADA | Redoffice XII,783079909,,Región de Magallanes y de la Antártica,,,,,1439621,ABARROTES,SALSA DE TOMATE LUCCHETTI ITALIANA DOYPACK 200 G UNIDAD XII REGION(1439621) SALSA DE TOMATE LUCCHETTI ITALIANA DOYPACK 200 G UNIDAD XII REGION,72.0,,CLP,768.0,,
5132-10-CM24,,2024-01-30T18:08:52Z,,,,,SERVICIO NACIONAL DE MENORES | CIP CRC Punta Arenas,610080006,,Región de Magallanes y de la Antártica,,COMERCIAL RED OFFICE MAGALLANES LIMITADA | Redoffice XII,783079909,,Región de Magallanes y de la Antártica,,,,,1824131,ABARROTES,SALSA DE TOMATE CAROZZI POMAROLA TRIPLE CONCENTRADO 1 KG XII REGION(1824131) SALSA DE TOMATE CAROZZI POMAROLA TRIPLE CONCENTRADO 1 KG XII REGION,12.0,,CLP,4030.0,,
5132-10-CM24,,2024-01-30T18:08:52Z,,,,,SERVICIO NACIONAL DE MENORES | CIP CRC Punta Arenas,610080006,,Región de Magallanes y de la Antártica,,COMERCIAL RED OFFICE MAGALLANES LIMITADA | Redoffice XII,783079909,,Región de Magallanes y de la Antártica,,,,,1448111,ABARROTES,GALLETA DULCE NESTLE NEGRITA BARRA 30 G UNIDAD XII REGION(1448111) GALLETA DULCE NESTLE NEGRITA BARRA 30 G UNIDAD XII REGION,80.0,,CLP,299.0,,
5132-10-CM24,,2024-01-30T18:08:52Z,,,,,SERVICIO NACIONAL DE MENORES | CIP CRC Punta Arenas,610080006,,Región de Magallanes y de la Antártica,,COMERCIAL RED OFFICE MAGALLANES LIMITADA | Redoffice XII,783079909,,Región de Magallanes y de la Antártica,,,,,1448096,ABARROTES,GALLETA DULCE NESTLE SUPER 8 BOLSA 29 G UNIDAD XII REGION(1448096) GALLETA DULCE NESTLE SUPER 8 BOLSA 29 G UNIDAD XII REGION,96.0,,CLP,348.0,,
5132-10-CM24,,2024-01-30T18:08:52Z,,,,,SERVICIO NACIONAL DE MENORES | CIP CRC Punta Arenas,610080006,,Región de Magallanes y de la Antártica,,COMERCIAL RED OFFICE MAGALLANES LIMITADA | Redoffice XII,783079909,,Región de Magallanes y de la Antártica,,,,,1451561,ABARROTES,GALLETA DULCE COSTA LIMON BOLSA 140 G UNIDAD XII REGION(1451561) GALLETA DULCE COSTA LIMON BOLSA 140 G UNIDAD XII REGION,24.0,,CLP,844.0,,
5132-10-CM24,,2024-01-30T18:08:52Z,,,,,SERVICIO NACIONAL DE MENORES | CIP CRC Punta Arenas,610080006,,Región de Magallanes y de la Antártica,,COMERCIAL RED OFFICE MAGALLANES LIMITADA | Redoffice XII,783079909,,Región de Magallanes y de la Antártica,,,,,1443926,ABARROTES,MERMELADA WATT´S MORA BOLSA 250 G UNIDAD XII REGION(1443926) MERMELADA WATT´S MORA BOLSA 250 G UNIDAD XII REGION,96.0,,CLP,1453.0,,
5132-10-CM24,,2024-01-30T18:08:52Z,,,,,SERVICIO NACIONAL DE MENORES | CIP CRC Punta Arenas,610080006,,Región de Magallanes y de la Antártica,,COMERCIAL RED OFFICE MAGALLANES LIMITADA | Redoffice XII,783079909,,Región de Magallanes y de la Antártica,,,,,1450916,ABARROTES,"BEBIDA NORMAL FANTA BOTELLA 1,5 L  UNIDAD XII REGION(1450916) BEBIDA NORMAL FANTA BOTELLA 1,5 L  UNIDAD XII REGION",24.0,,CLP,2225.0,,
5132-10-CM24,,2024-01-30T18:08:52Z,,,,,SERVICIO NACIONAL DE MENORES | CIP CRC Punta Arenas,610080006,,Región de Magallanes y de la Antártica,,COMERCIAL RED OFFICE MAGALLANES LIMITADA | Redoffice XII,783079909,,Región de Magallanes y de la Antártica,,,,,1429616,ABARROTES,VERDURA CONSERVA WASIL CHAMPIÑONES LAMINADOS TARRO 400 G UNIDAD XII REGION(1429616) VERDURA CONSERVA WASIL CHAMPIÑONES LAMINADOS TARRO 400 G UNIDAD XII REGION,48.0,,CLP,2605.0,,
5132-10-CM24,,2024-01-30T18:08:52Z,,,,,SERVICIO NACIONAL DE MENORES | CIP CRC Punta Arenas,610080006,,Región de Magallanes y de la Antártica,,COMERCIAL RED OFFICE MAGALLANES LIMITADA | Redoffice XII,783079909,,Región de Magallanes y de la Antártica,,,,,1451696,ABARROTES,GALLETA DULCE COSTA MINI CHOC CHIPS BOLSA 40 G 100 UNIDADES XII REGION(1451696) GALLETA DULCE COSTA MINI CHOC CHIPS BOLSA 40 G 100 UNIDADES XII REGION,60.0,,CLP,222.0,,
5132-10-CM24,,2024-01-30T18:08:52Z,,,,,SERVICIO NACIONAL DE MENORES | CIP CRC Punta Arenas,610080006,,Región de Magallanes y de la Antártica,,COMERCIAL RED OFFICE MAGALLANES LIMITADA | Redoffice XII,783079909,,Región de Magallanes y de la Antártica,,,,,1451546,ABARROTES,GALLETA DULCE COSTA TUAREG COCO BOLSA 120 G UNIDAD XII REGION(1451546) GALLETA DULCE COSTA TUAREG COCO BOLSA 120 G UNIDAD XII REGION,30.0,,CLP,566.0,,
5132-10-CM24,,2024-01-30T18:08:52Z,,,,,SERVICIO NACIONAL DE MENORES | CIP CRC Punta Arenas,610080006,,Región de Magallanes y de la Antártica,,COMERCIAL RED OFFICE MAGALLANES LIMITADA | Redoffice XII,783079909,,Región de Magallanes y de la Antártica,,,,,1451501,ABARROTES,GALLETA DULCE COSTA FRAC CLASICA BOLSA 130 G UNIDAD XII REGION(1451501) GALLETA DULCE COSTA FRAC CLASICA BOLSA 130 G UNIDAD XII REGION,30.0,,CLP,582.0,,
5132-10-CM24,,2024-01-30T18:08:52Z,,,,,SERVICIO NACIONAL DE MENORES | CIP CRC Punta Arenas,610080006,,Región de Magallanes y de la Antártica,,COMERCIAL RED OFFICE MAGALLANES LIMITADA | Redoffice XII,783079909,,Región de Magallanes y de la Antártica,,,,,1447856,ABARROTES,CHOCOLATE NESTLE SAHNE-NUSS ALMENDRAS BARRA 250 G UNIDAD XII REGION(1447856) CHOCOLATE NESTLE SAHNE-NUSS ALMENDRAS BARRA 250 G UNIDAD XII REGION,10.0,,CLP,4753.0,,
5132-10-CM24,,2024-01-30T18:08:52Z,,,,,SERVICIO NACIONAL DE MENORES | CIP CRC Punta Arenas,610080006,,Región de Magallanes y de la Antártica,,COMERCIAL RED OFFICE MAGALLANES LIMITADA | Redoffice XII,783079909,,Región de Magallanes y de la Antártica,,,,,1488371,ABARROTES,HARINA SIN POLVOS MONT BLANC SACO 5K UNIDAD XII REGION(1488371) HARINA SIN POLVOS MONT BLANC SACO 5K UNIDAD XII REGION,18.0,,CLP,11061.0,,
5132-10-CM24,,2024-01-30T18:08:52Z,,,,,SERVICIO NACIONAL DE MENORES | CIP CRC Punta Arenas,610080006,,Región de Magallanes y de la Antártica,,COMERCIAL RED OFFICE MAGALLANES LIMITADA | Redoffice XII,783079909,,Región de Magallanes y de la Antártica,,,,,1451891,ABARROTES,ARROZ PRE GRANEADO MIRAFLORES GRADO 1 BOLSA 1K UNIDAD XII REGION(1451891) ARROZ PRE GRANEADO MIRAFLORES GRADO 1 BOLSA 1K UNIDAD XII REGION,100.0,,CLP,1660.0,,
5132-10-CM24,,2024-01-30T18:08:52Z,,,,,SERVICIO NACIONAL DE MENORES | CIP CRC Punta Arenas,610080006,,Región de Magallanes y de la Antártica,,COMERCIAL RED OFFICE MAGALLANES LIMITADA | Redoffice XII,783079909,,Región de Magallanes y de la Antártica,,,,,1447526,ABARROTES,CEREAL NESTLE ZUCOSOS BOLSA 30 G UNIDAD XII REGION(1447526) CEREAL NESTLE ZUCOSOS BOLSA 30 G UNIDAD XII REGION,30.0,,CLP,597.0,,
5132-10-CM24,,2024-01-30T18:08:52Z,,,,,SERVICIO NACIONAL DE MENORES | CIP CRC Punta Arenas,610080006,,Región de Magallanes y de la Antártica,,COMERCIAL RED OFFICE MAGALLANES LIMITADA | Redoffice XII,783079909,,Región de Magallanes y de la Antártica,,,,,1450016,ABARROTES,SPAGHETTI CAROZZI N ° 5 VITAMINIZADA BOLSA 5K  UNIDAD XII REGION(1450016) SPAGHETTI CAROZZI N ° 5 VITAMINIZADA BOLSA 5K  UNIDAD XII REGION,8.0,,CLP,12658.0,,
5132-10-CM24,,2024-01-30T18:08:52Z,,,,,SERVICIO NACIONAL DE MENORES | CIP CRC Punta Arenas,610080006,,Región de Magallanes y de la Antártica,,COMERCIAL RED OFFICE MAGALLANES LIMITADA | Redoffice XII,783079909,,Región de Magallanes y de la Antártica,,,,,1443956,ABARROTES,MERMELADA SIN AZUCAR WATT´S FRUTILLA BOLSA 200 G  UNIDAD XII REGION(1443956) MERMELADA SIN AZUCAR WATT´S FRUTILLA BOLSA 200 G  UNIDAD XII REGION,24.0,,CLP,1791.0,,
5132-10-CM24,,2024-01-30T18:08:52Z,,,,,SERVICIO NACIONAL DE MENORES | CIP CRC Punta Arenas,610080006,,Región de Magallanes y de la Antártica,,COMERCIAL RED OFFICE MAGALLANES LIMITADA | Redoffice XII,783079909,,Región de Magallanes y de la Antártica,,,,,1448291,ABARROTES,MANJAR NESTLE BOLSA 1K UNIDAD XII REGION(1448291) MANJAR NESTLE BOLSA 1K UNIDAD XII REGION,12.0,,CLP,5499.0,,
5132-10-CM24,,2024-01-30T18:08:52Z,,,,,SERVICIO NACIONAL DE MENORES | CIP CRC Punta Arenas,610080006,,Región de Magallanes y de la Antártica,,COMERCIAL RED OFFICE MAGALLANES LIMITADA | Redoffice XII,783079909,,Región de Magallanes y de la Antártica,,,,,1487651,ABARROTES,JUGO EN POLVO LIGHT LIVEAN MANGO SOBRE 7 G UNIDAD XII REGION(1487651) JUGO EN POLVO LIGHT LIVEAN MANGO SOBRE 7 G UNIDAD XII REGION,800.0,,CLP,338.0,,
5132-10-CM24,,2024-01-30T18:08:52Z,,,,,SERVICIO NACIONAL DE MENORES | CIP CRC Punta Arenas,610080006,,Región de Magallanes y de la Antártica,,COMERCIAL RED OFFICE MAGALLANES LIMITADA | Redoffice XII,783079909,,Región de Magallanes y de la Antártica,,,,,1487636,ABARROTES,JUGO EN POLVO LIGHT LIVEAN BERRIES SOBRE 7 G UNIDAD XII REGION(1487636) JUGO EN POLVO LIGHT LIVEAN BERRIES SOBRE 7 G UNIDAD XII REGION,800.0,,CLP,338.0,,
5132-10-CM24,,2024-01-30T18:08:52Z,,,,,SERVICIO NACIONAL DE MENORES | CIP CRC Punta Arenas,610080006,,Región de Magallanes y de la Antártica,,COMERCIAL RED OFFICE MAGALLANES LIMITADA | Redoffice XII,783079909,,Región de Magallanes y de la Antártica,,,,,1490891,ABARROTES,JUGO LIQUIDO  VIVO NECTAR PIÑA CAJA 190 CC UNIDAD XII REGION(1490891) JUGO LIQUIDO  VIVO NECTAR PIÑA CAJA 190 CC UNIDAD XII REGION,72.0,,CLP,316.0,,
5132-10-CM24,,2024-01-30T18:08:52Z,,,,,SERVICIO NACIONAL DE MENORES | CIP CRC Punta Arenas,610080006,,Región de Magallanes y de la Antártica,,COMERCIAL RED OFFICE MAGALLANES LIMITADA | Redoffice XII,783079909,,Región de Magallanes y de la Antártica,,,,,1454381,ABARROTES,ATUN CONSERVA AL AGUA SAN JOSE BAJO EN SODIO TARRO 178 G UNIDAD XII REGION(1454381) ATUN CONSERVA AL AGUA SAN JOSE BAJO EN SODIO TARRO 178 G UNIDAD XII REGION,96.0,,CLP,2000.0,,
5132-10-CM24,,2024-01-30T18:08:52Z,,,,,SERVICIO NACIONAL DE MENORES | CIP CRC Punta Arenas,610080006,,Región de Magallanes y de la Antártica,,COMERCIAL RED OFFICE MAGALLANES LIMITADA | Redoffice XII,783079909,,Región de Magallanes y de la Antártica,,,,,1482446,ABARROTES,MARISCO CONSERVA AL AGUA DEYCO SURTIDO CALDILLO TARRO 190 G UNIDAD XII REGION(1482446) MARISCO CONSERVA AL AGUA DEYCO SURTIDO CALDILLO TARRO 190 G UNIDAD XII REGION,120.0,,CLP,1357.0,,
5132-10-CM24,,2024-01-30T18:08:52Z,,,,,SERVICIO NACIONAL DE MENORES | CIP CRC Punta Arenas,610080006,,Región de Magallanes y de la Antártica,,COMERCIAL RED OFFICE MAGALLANES LIMITADA | Redoffice XII,783079909,,Región de Magallanes y de la Antártica,,,,,1429481,ABARROTES,FRUTA CONSERVA WASIL COCKTAIL DE FRUTAS TARRO 560 G UNIDAD XII REGION(1429481) FRUTA CONSERVA WASIL COCKTAIL DE FRUTAS TARRO 560 G UNIDAD XII REGION,48.0,,CLP,3022.0,,
5132-10-CM24,,2024-01-30T18:08:52Z,,,,,SERVICIO NACIONAL DE MENORES | CIP CRC Punta Arenas,610080006,,Región de Magallanes y de la Antártica,,COMERCIAL RED OFFICE MAGALLANES LIMITADA | Redoffice XII,783079909,,Región de Magallanes y de la Antártica,,,,,1630025,ABARROTES,QUEQUE COSTA CHOCMAN BISCOCHO XII REGION(1630025) QUEQUE COSTA CHOCMAN BISCOCHO XII REGION,72.0,,CLP,207.0,,
5132-10-CM24,,2024-01-30T18:08:52Z,,,,,SERVICIO NACIONAL DE MENORES | CIP CRC Punta Arenas,610080006,,Región de Magallanes y de la Antártica,,COMERCIAL RED OFFICE MAGALLANES LIMITADA | Redoffice XII,783079909,,Región de Magallanes y de la Antártica,,,,,1493831,ABARROTES,QUEQUE NUTRABIEN BRAUNICHOC BOLSA 35 G UNIDAD XII REGION(1493831) QUEQUE NUTRABIEN BRAUNICHOC BOLSA 35 G UNIDAD XII REGION,48.0,,CLP,412.0,,
5132-10-CM24,,2024-01-30T18:08:52Z,,,,,SERVICIO NACIONAL DE MENORES | CIP CRC Punta Arenas,610080006,,Región de Magallanes y de la Antártica,,COMERCIAL RED OFFICE MAGALLANES LIMITADA | Redoffice XII,783079909,,Región de Magallanes y de la Antártica,,,,,1493756,ABARROTES,QUEQUE NUTRABIEN MARMOL BOLSA 70 G UNIDAD XII REGION(1493756) QUEQUE NUTRABIEN MARMOL BOLSA 70 G UNIDAD XII REGION,48.0,,CLP,755.0,,
5132-10-CM24,,2024-01-30T18:08:52Z,,,,,SERVICIO NACIONAL DE MENORES | CIP CRC Punta Arenas,610080006,,Región de Magallanes y de la Antártica,,COMERCIAL RED OFFICE MAGALLANES LIMITADA | Redoffice XII,783079909,,Región de Magallanes y de la Antártica,,,,,1448276,ABARROTES,LECHE EVAPORADA NESTLE IDEAL LATA 400 G UNIDAD XII REGION(1448276) LECHE EVAPORADA NESTLE IDEAL LATA 400 G UNIDAD XII REGION,48.0,,CLP,2246.0,,
5132-10-CM24,,2024-01-30T18:08:52Z,,,,,SERVICIO NACIONAL DE MENORES | CIP CRC Punta Arenas,610080006,,Región de Magallanes y de la Antártica,,COMERCIAL RED OFFICE MAGALLANES LIMITADA | Redoffice XII,783079909,,Región de Magallanes y de la Antártica,,,,,1476641,ABARROTES,LECHE EN POLVO DESCREMADA CALO INSTANTANEA BOLSA 800 G UNIDAD XII REGION(1476641) LECHE EN POLVO DESCREMADA CALO INSTANTANEA BOLSA 800 G UNIDAD XII REGION,24.0,,CLP,8420.0,,
5132-10-CM24,,2024-01-30T18:08:52Z,,,,,SERVICIO NACIONAL DE MENORES | CIP CRC Punta Arenas,610080006,,Región de Magallanes y de la Antártica,,COMERCIAL RED OFFICE MAGALLANES LIMITADA | Redoffice XII,783079909,,Región de Magallanes y de la Antártica,,,,,1449551,ABARROTES,COUS COUS CAROZZI BOLSA 250 G UNIDAD XII REGION(1449551) COUS COUS CAROZZI BOLSA 250 G UNIDAD XII REGION,36.0,,CLP,3025.0,,
5132-10-CM24,,2024-01-30T18:08:52Z,,,,,SERVICIO NACIONAL DE MENORES | CIP CRC Punta Arenas,610080006,,Región de Magallanes y de la Antártica,,COMERCIAL RED OFFICE MAGALLANES LIMITADA | Redoffice XII,783079909,,Región de Magallanes y de la Antártica,,,,,1482656,ABARROTES,VERDURA CONSERVA DEYCO PALMITOS ENTEROS TARRO 810 G UNIDAD XII REGION(1482656) VERDURA CONSERVA DEYCO PALMITOS ENTEROS TARRO 810 G UNIDAD XII REGION,24.0,,CLP,7362.0,,
5153-186-CM24,,2024-02-23T13:11:42Z,,,,,UNIVERSIDAD DE CHILE | Hospital Clínico Univ. de Chile-Insumos Generales,609100001,,Región Metropolitana de Santiago,,Paisajismo & Estilo | Paisajismo & Estilo,762850710,,Región Metropolitana de Santiago,,,,,1585769,"MATERIALES DE CONSTRUCCION, REF 2260, 2003, 2582, OCI 174588, 174590 Y 174591",BLOQUE DE HORMIGON GRAU GRAUBLOCK ESTANDAR GST-15 140 X 190 X 390 MM UNIDAD(1585769) BLOQUE DE HORMIGON GRAU GRAUBLOCK ESTANDAR GST-15 140 X 190 X 390 MM UNIDAD,62.0,,CLP,856.0,,
5153-186-CM24,,2024-02-23T13:11:42Z,,,,,UNIVERSIDAD DE CHILE | Hospital Clínico Univ. de Chile-Insumos Generales,609100001,,Región Metropolitana de Santiago,,Paisajismo & Estilo | Paisajismo & Estilo,762850710,,Región Metropolitana de Santiago,,,,,1585797,"MATERIALES DE CONSTRUCCION, REF 2260, 2003, 2582, OCI 174588, 174590 Y 174591",TEJA CELTIC TOP SHINGLE ASFALTICA 34X100 CM UNIDAD(1585797) TEJA CELTIC TOP SHINGLE ASFALTICA 34X100 CM UNIDAD,150.0,,CLP,1513.0,,
5153-186-CM24,,2024-02-23T13:11:42Z,,,,,UNIVERSIDAD DE CHILE | Hospital Clínico Univ. de Chile-Insumos Generales,609100001,,Región Metropolitana de Santiago,,Paisajismo & Estilo | Paisajismo & Estilo,762850710,,Región Metropolitana de Santiago,,,,,1635410,"MATERIALES DE CONSTRUCCION, REF 2260, 2003, 2582, OCI 174588, 174590 Y 174591",PASTA DE MURO REVOR EXTERIOR TINETA 24 K UNIDAD(1635410) PASTA DE MURO REVOR EXTERIOR TINETA 24 K UNIDAD,15.0,,CLP,23856.0,,
5153-186-CM24,,2024-02-23T13:11:42Z,,,,,UNIVERSIDAD DE CHILE | Hospital Clínico Univ. de Chile-Insumos Generales,609100001,,Región Metropolitana de Santiago,,Paisajismo & Estilo | Paisajismo & Estilo,762850710,,Región Metropolitana de Santiago,,,,,1585740,"MATERIALES DE CONSTRUCCION, REF 2260, 2003, 2582, OCI 174588, 174590 Y 174591",YESO VOLCAN SUPER 25 K UNIDAD(1585740) YESO VOLCAN SUPER 25 K UNIDAD,10.0,,CLP,4057.0,,
5153-186-CM24,,2024-02-23T13:11:42Z,,,,,UNIVERSIDAD DE CHILE | Hospital Clínico Univ. de Chile-Insumos Generales,609100001,,Región Metropolitana de Santiago,,Paisajismo & Estilo | Paisajismo & Estilo,762850710,,Región Metropolitana de Santiago,,,,,1585785,"MATERIALES DE CONSTRUCCION, REF 2260, 2003, 2582, OCI 174588, 174590 Y 174591",PLANCHA DE YESO CARTON ROMERAL GYPLAC 15MM ER 120X240CM UNIDAD(1585785) PLANCHA DE YESO CARTON ROMERAL GYPLAC 15MM ER 120X240CM UNIDAD,4.0,,CLP,4826.0,,
5153-186-CM24,,2024-02-23T13:11:42Z,,,,,UNIVERSIDAD DE CHILE | Hospital Clínico Univ. de Chile-Insumos Generales,609100001,,Región Metropolitana de Santiago,,Paisajismo & Estilo | Paisajismo & Estilo,762850710,,Región Metropolitana de Santiago,,,,,1585784,"MATERIALES DE CONSTRUCCION, REF 2260, 2003, 2582, OCI 174588, 174590 Y 174591","PLANCHA DE FIBROCEMENTO VOLCAN VOLCANOBOARD 6MM 2,4X1,20 M UNIDAD(1585784) PLANCHA DE FIBROCEMENTO VOLCAN VOLCANOBOARD 6MM 2,4X1,20 M UNIDAD",20.0,,CLP,9276.0,,
5153-186-CM24,,2024-02-23T13:11:42Z,,,,,UNIVERSIDAD DE CHILE | Hospital Clínico Univ. de Chile-Insumos Generales,609100001,,Región Metropolitana de Santiago,,Paisajismo & Estilo | Paisajismo & Estilo,762850710,,Región Metropolitana de Santiago,,,,,1634824,"MATERIALES DE CONSTRUCCION, REF 2260, 2003, 2582, OCI 174588, 174590 Y 174591",CERRADURA ISALOCK ML-001E+815 EMBUTIR INTERIOR/EXTERIOR UNIDAD(1634824) CERRADURA ISALOCK ML-001E+815 EMBUTIR INTERIOR/EXTERIOR UNIDAD,1.0,,CLP,28567.0,,
5153-186-CM24,,2024-02-23T13:11:42Z,,,,,UNIVERSIDAD DE CHILE | Hospital Clínico Univ. de Chile-Insumos Generales,609100001,,Región Metropolitana de Santiago,,Paisajismo & Estilo | Paisajismo & Estilo,762850710,,Región Metropolitana de Santiago,,,,,1585756,"MATERIALES DE CONSTRUCCION, REF 2260, 2003, 2582, OCI 174588, 174590 Y 174591",CANALETA DE AGUA VINILIT P25 UV COLOR 112 X 400 CM UNIDAD(1585756) CANALETA DE AGUA VINILIT P25 UV COLOR 112 X 400 CM UNIDAD,4.0,,CLP,4252.0,,
5153-186-CM24,,2024-02-23T13:11:42Z,,,,,UNIVERSIDAD DE CHILE | Hospital Clínico Univ. de Chile-Insumos Generales,609100001,,Región Metropolitana de Santiago,,Paisajismo & Estilo | Paisajismo & Estilo,762850710,,Región Metropolitana de Santiago,,,,,1585763,"MATERIALES DE CONSTRUCCION, REF 2260, 2003, 2582, OCI 174588, 174590 Y 174591",TUBO BAJADA HOFFENS PVC 75MM X 3M UNIDAD(1585763) TUBO BAJADA HOFFENS PVC 75MM X 3M UNIDAD,2.0,,CLP,3076.0,,
5153-186-CM24,,2024-02-23T13:11:42Z,,,,,UNIVERSIDAD DE CHILE | Hospital Clínico Univ. de Chile-Insumos Generales,609100001,,Región Metropolitana de Santiago,,Paisajismo & Estilo | Paisajismo & Estilo,762850710,,Región Metropolitana de Santiago,,,,,1586270,"MATERIALES DE CONSTRUCCION, REF 2260, 2003, 2582, OCI 174588, 174590 Y 174591",LIJA ISESA MADERA GRANO 100 PACK 25 PLIEGOS UNIDAD(1586270) LIJA ISESA MADERA GRANO 100 PACK 25 PLIEGOS UNIDAD,4.0,,CLP,2353.0,,
5153-186-CM24,,2024-02-23T13:11:42Z,,,,,UNIVERSIDAD DE CHILE | Hospital Clínico Univ. de Chile-Insumos Generales,609100001,,Región Metropolitana de Santiago,,Paisajismo & Estilo | Paisajismo & Estilo,762850710,,Región Metropolitana de Santiago,,,,,1587170,"MATERIALES DE CONSTRUCCION, REF 2260, 2003, 2582, OCI 174588, 174590 Y 174591",RODILLO ATLAS CHIPORRO NATURAL ECOLOGICO 18 CM UNIDAD(1587170) RODILLO ATLAS CHIPORRO NATURAL ECOLOGICO 18 CM UNIDAD,20.0,,CLP,3847.0,,
5153-200-CM24,,2024-02-23T13:11:17Z,,,,,UNIVERSIDAD DE CHILE | Hospital Clínico Univ. de Chile-Insumos Generales,609100001,,Región Metropolitana de Santiago,,Paisajismo & Estilo | Paisajismo & Estilo,762850710,,Región Metropolitana de Santiago,,,,,1634313,"PISO VINILICO Y ACCESORIOS, REF 2260, OCI 174741","PISO VINILICO FELTREX KRONOFLEX SPC UNION CLICK LIGHT OAK 5 MM X 1,22M X 0,228 M UNIDAD(1634313) PISO VINILICO FELTREX KRONOFLEX SPC UNION CLICK LIGHT OAK 5 MM X 1,22M X 0,228 M UNIDAD",30.0,,CLP,35599.0,,
5153-200-CM24,,2024-02-23T13:11:17Z,,,,,UNIVERSIDAD DE CHILE | Hospital Clínico Univ. de Chile-Insumos Generales,609100001,,Región Metropolitana de Santiago,,Paisajismo & Estilo | Paisajismo & Estilo,762850710,,Región Metropolitana de Santiago,,,,,1586770,"PISO VINILICO Y ACCESORIOS, REF 2260, OCI 174741",GUARDAPOLVO ASETI  FINGER JOINT RANURADO 13X90 MM X 3 M UNIDAD(1586770) GUARDAPOLVO ASETI  FINGER JOINT RANURADO 13X90 MM X 3 M UNIDAD,28.0,,CLP,2517.0,,
5153-200-CM24,,2024-02-23T13:11:17Z,,,,,UNIVERSIDAD DE CHILE | Hospital Clínico Univ. de Chile-Insumos Generales,609100001,,Región Metropolitana de Santiago,,Paisajismo & Estilo | Paisajismo & Estilo,762850710,,Región Metropolitana de Santiago,,,,,1586772,"PISO VINILICO Y ACCESORIOS, REF 2260, OCI 174741",JUNQUILLO MOLDURA ASETI  FINGER JOINT RECTO 20X20 MM X 3 M UNIDAD(1586772) JUNQUILLO MOLDURA ASETI  FINGER JOINT RECTO 20X20 MM X 3 M UNIDAD,28.0,,CLP,719.0,,
5254-247-CM24,,2024-02-14T09:47:47Z,,,,,SERVICIO NACIONAL DE SALUD HOSPITAL DE C | Apoyo al Usuario y Coordinación,616022806,,Región Aysén del General Carlos Ibáñez del Campo,,AGENCIA DE VIAJES TURAVION SPA | Turavion SpA,809894002,,Región Metropolitana de Santiago,,,,,1849200,Orden de Compra: 5254-247-CM24,PASAJE AÉREO(1849200) PASAJE AÉREO,1.0,,CLP,391800.0,,
5254-247-CM24,,2024-02-14T09:47:47Z,,,,,SERVICIO NACIONAL DE SALUD HOSPITAL DE C | Apoyo al Usuario y Coordinación,616022806,,Región Aysén del General Carlos Ibáñez del Campo,,AGENCIA DE VIAJES TURAVION SPA | Turavion SpA,809894002,,Región Metropolitana de Santiago,,,,,1849200,Orden de Compra: 5254-247-CM24,PASAJE AÉREO(1849200) PASAJE AÉREO,1.0,,CLP,391800.0,,
5254-247-CM24,,2024-02-14T09:47:47Z,,,,,SERVICIO NACIONAL DE SALUD HOSPITAL DE C | Apoyo al Usuario y Coordinación,616022806,,Región Aysén del General Carlos Ibáñez del Campo,,AGENCIA DE VIAJES TURAVION SPA | Turavion SpA,809894002,,Región Metropolitana de Santiago,,,,,1849900,Orden de Compra: 5254-247-CM24,TASA DE EMBARQUE(1849900) TASA DE EMBARQUE,1.0,,CLP,25462.0,,
5349-246-CM24,,2024-01-30T13:17:44Z,,,,,HOSPITAL PROVINCIAL   DEL HUASCO MSR FERNANDO ARIZTIA RUIZ | Adquisiciones No Clinicas,616063030,,Región de Atacama ,,Hales Hnos y Cia Ltda | Hales Hnos y Cia Ltda - Casa Matriz,835350002,,Región Metropolitana de Santiago,,,,,1827786,BOLSAS DE POLIETILENO 60 X 90 X 0.03,MANGA PLÁSTICA - 35 K ROLLO 1 M DE ANCHO PREVENCIÓN REGIÓN III(1827786) MANGA PLÁSTICA - 35 K ROLLO 1 M DE ANCHO PREVENCIÓN REGIÓN III,6.0,,CLP,98966.0,,
539119-342-CM24,,2024-01-31T18:17:18Z,,,,,DIRECCION DE LOGISTICA DE CARABINEROS | Sección de Abastecimiento y Proyectos,605057209,,Región Metropolitana de Santiago,,EMPRESAS LIPIGAS S A | EMPRESAS LIPIGAS S.A.,96928510K,,Región del Libertador General Bernardo O´Higgins,,,,,1945002,COMPRA DE GAS GRANEL EN FAVOR DEL CASINO TONGOY.,GAS LICUADO GRANEL LITRO IV REGIÓN(1945002) GAS LICUADO GRANEL LITRO IV REGIÓN,2523.0,,CLP,333.0,,
539778-4-CM24,,2024-03-13T10:45:42Z,,,,,DIRECCION DE ABASTECIMIENTO DE LA ARMADA | COMANDANCIA BASE NAVAL PUNTA ARENAS,61979480K,,Región de Magallanes y de la Antártica,,COMERCIAL RED OFFICE MAGALLANES LIMITADA | Redoffice XII,783079909,,Región de Magallanes y de la Antártica,,,,,1429481,ADQUISICIÓN DE VÍVERES  539778-4-CM24,FRUTA CONSERVA WASIL COCKTAIL DE FRUTAS TARRO 560 G UNIDAD XII REGION(1429481) FRUTA CONSERVA WASIL COCKTAIL DE FRUTAS TARRO 560 G UNIDAD XII REGION,240.0,,CLP,3022.0,,
539778-4-CM24,,2024-03-13T10:45:42Z,,,,,DIRECCION DE ABASTECIMIENTO DE LA ARMADA | COMANDANCIA BASE NAVAL PUNTA ARENAS,61979480K,,Región de Magallanes y de la Antártica,,COMERCIAL RED OFFICE MAGALLANES LIMITADA | Redoffice XII,783079909,,Región de Magallanes y de la Antártica,,,,,1429466,ADQUISICIÓN DE VÍVERES  539778-4-CM24,FRUTA CONSERVA WASIL DURAZNOS EN MITADES TARRO 3000 G UNIDAD XII REGION(1429466) FRUTA CONSERVA WASIL DURAZNOS EN MITADES TARRO 3000 G UNIDAD XII REGION,60.0,,CLP,12267.0,,
539778-4-CM24,,2024-03-13T10:45:42Z,,,,,DIRECCION DE ABASTECIMIENTO DE LA ARMADA | COMANDANCIA BASE NAVAL PUNTA ARENAS,61979480K,,Región de Magallanes y de la Antártica,,COMERCIAL RED OFFICE MAGALLANES LIMITADA | Redoffice XII,783079909,,Región de Magallanes y de la Antártica,,,,,1429601,ADQUISICIÓN DE VÍVERES  539778-4-CM24,VERDURA CONSERVA WASIL CHAMPIÑONES ENTEROS TARRO 400 G UNIDAD XII REGION(1429601) VERDURA CONSERVA WASIL CHAMPIÑONES ENTEROS TARRO 400 G UNIDAD XII REGION,240.0,,CLP,2987.0,,
5413-122-CM24,,2024-03-19T15:34:21Z,,,,,UNIVERSIDAD DE LOS LAGOS | CAMPUS OSORNO,707721006,,Región de los Lagos ,,AGENCIA DE VIAJES TURAVION SPA | Turavion SpA,809894002,,Región Metropolitana de Santiago,,,,,1849223,Orden de Compra: 5413-122-CM24,SEGURO DE VIAJE INTERNACIONAL ADULTO - SUDAMERICA 5 A 30 DÍAS (1849223) SEGURO DE VIAJE INTERNACIONAL ADULTO - SUDAMERICA 5 A 30 DÍAS ,1.0,,CLP,10680.0,,
5413-122-CM24,,2024-03-19T15:34:21Z,,,,,UNIVERSIDAD DE LOS LAGOS | CAMPUS OSORNO,707721006,,Región de los Lagos ,,AGENCIA DE VIAJES TURAVION SPA | Turavion SpA,809894002,,Región Metropolitana de Santiago,,,,,1849223,Orden de Compra: 5413-122-CM24,SEGURO DE VIAJE INTERNACIONAL ADULTO - SUDAMERICA 5 A 30 DÍAS (1849223) SEGURO DE VIAJE INTERNACIONAL ADULTO - SUDAMERICA 5 A 30 DÍAS ,1.0,,CLP,10680.0,,
5413-167-CM24,,2024-01-31T16:12:59Z,,,,,UNIVERSIDAD DE LOS LAGOS | CAMPUS OSORNO,707721006,,Región de los Lagos ,,AGENCIA DE VIAJES TURAVION SPA | Turavion SpA,809894002,,Región Metropolitana de Santiago,,,,,1849200,CONVENIO PASAJES AEREOS Orden de Compra: 5413-167-CM24,PASAJE AÉREO(1849200) PASAJE AÉREO,1.0,,CLP,29800.0,,
5413-167-CM24,,2024-01-31T16:12:59Z,,,,,UNIVERSIDAD DE LOS LAGOS | CAMPUS OSORNO,707721006,,Región de los Lagos ,,AGENCIA DE VIAJES TURAVION SPA | Turavion SpA,809894002,,Región Metropolitana de Santiago,,,,,1849200,CONVENIO PASAJES AEREOS Orden de Compra: 5413-167-CM24,PASAJE AÉREO(1849200) PASAJE AÉREO,1.0,,CLP,29800.0,,
5413-167-CM24,,2024-01-31T16:12:59Z,,,,,UNIVERSIDAD DE LOS LAGOS | CAMPUS OSORNO,707721006,,Región de los Lagos ,,AGENCIA DE VIAJES TURAVION SPA | Turavion SpA,809894002,,Región Metropolitana de Santiago,,,,,1849200,CONVENIO PASAJES AEREOS Orden de Compra: 5413-167-CM24,PASAJE AÉREO(1849200) PASAJE AÉREO,1.0,,CLP,29800.0,,
5413-167-CM24,,2024-01-31T16:12:59Z,,,,,UNIVERSIDAD DE LOS LAGOS | CAMPUS OSORNO,707721006,,Región de los Lagos ,,AGENCIA DE VIAJES TURAVION SPA | Turavion SpA,809894002,,Región Metropolitana de Santiago,,,,,1849900,CONVENIO PASAJES AEREOS Orden de Compra: 5413-167-CM24,TASA DE EMBARQUE(1849900) TASA DE EMBARQUE,1.0,,CLP,21672.0,,
5424-1-CM24,,2024-03-28T09:45:01Z,,,,,UNIVERSIDAD DE CHILE | VAEC Servicio Médico y Dental de Alumnos,609100001,,Región Metropolitana de Santiago,,COMERCIAL AGUSTIN LIMITADA | Comercial Agustin SPA,762878534,,Región Metropolitana de Santiago,,,,,1898515,Orden de Compra: 5424-1-CM24,DESODORANTE AMBIENTAL AROM AEROSOL 360 CC LAVANDA UNIDAD REGIÓN RM(1898515) DESODORANTE AMBIENTAL AROM AEROSOL 360 CC LAVANDA UNIDAD REGIÓN RM,26.0,,CLP,979.0,,
5424-1-CM24,,2024-03-28T09:45:01Z,,,,,UNIVERSIDAD DE CHILE | VAEC Servicio Médico y Dental de Alumnos,609100001,,Región Metropolitana de Santiago,,COMERCIAL AGUSTIN LIMITADA | Comercial Agustin SPA,762878534,,Región Metropolitana de Santiago,,,,,1902153,Orden de Compra: 5424-1-CM24,ESCOBILLÓN VIRUTEX USO EXTERIOR FIBRA MEDIA MANGO METÁLICO 32 CM UNIDAD REGIÓN RM(1902153) ESCOBILLÓN VIRUTEX USO EXTERIOR FIBRA MEDIA MANGO METÁLICO 32 CM UNIDAD REGIÓN RM,10.0,,CLP,1674.0,,
5424-1-CM24,,2024-03-28T09:45:01Z,,,,,UNIVERSIDAD DE CHILE | VAEC Servicio Médico y Dental de Alumnos,609100001,,Región Metropolitana de Santiago,,COMERCIAL AGUSTIN LIMITADA | Comercial Agustin SPA,762878534,,Región Metropolitana de Santiago,,,,,1906930,Orden de Compra: 5424-1-CM24,GUANTES DE LIMPIEZA VIRUTEX MULTIUSO GAMUZADO TALLA L PAR REGIÓN RM(1906930) GUANTES DE LIMPIEZA VIRUTEX MULTIUSO GAMUZADO TALLA L PAR REGIÓN RM,120.0,,CLP,1898.0,,
5424-1-CM24,,2024-03-28T09:45:01Z,,,,,UNIVERSIDAD DE CHILE | VAEC Servicio Médico y Dental de Alumnos,609100001,,Región Metropolitana de Santiago,,COMERCIAL AGUSTIN LIMITADA | Comercial Agustin SPA,762878534,,Región Metropolitana de Santiago,,,,,1906947,Orden de Compra: 5424-1-CM24,GUANTES DE LIMPIEZA VIRUTEX MULTIUSO GAMUZADO TALLA M PAR REGIÓN RM(1906947) GUANTES DE LIMPIEZA VIRUTEX MULTIUSO GAMUZADO TALLA M PAR REGIÓN RM,100.0,,CLP,712.0,,
5424-1-CM24,,2024-03-28T09:45:01Z,,,,,UNIVERSIDAD DE CHILE | VAEC Servicio Médico y Dental de Alumnos,609100001,,Región Metropolitana de Santiago,,COMERCIAL AGUSTIN LIMITADA | Comercial Agustin SPA,762878534,,Región Metropolitana de Santiago,,,,,1906488,Orden de Compra: 5424-1-CM24,GUANTES DE LIMPIEZA IMPEKE MULTIUSO FLOCADO TALLA S PAR REGIÓN RM(1906488) GUANTES DE LIMPIEZA IMPEKE MULTIUSO FLOCADO TALLA S PAR REGIÓN RM,100.0,,CLP,623.0,,
5424-1-CM24,,2024-03-28T09:45:01Z,,,,,UNIVERSIDAD DE CHILE | VAEC Servicio Médico y Dental de Alumnos,609100001,,Región Metropolitana de Santiago,,COMERCIAL AGUSTIN LIMITADA | Comercial Agustin SPA,762878534,,Región Metropolitana de Santiago,,,,,1907780,Orden de Compra: 5424-1-CM24,INSECTICIDA KILLER1000 AEROSOL ARAÑAS/CUCARACHAS 360 CC UNIDAD REGIÓN RM(1907780) INSECTICIDA KILLER1000 AEROSOL ARAÑAS/CUCARACHAS 360 CC UNIDAD REGIÓN RM,30.0,,CLP,1535.0,,
5424-1-CM24,,2024-03-28T09:45:01Z,,,,,UNIVERSIDAD DE CHILE | VAEC Servicio Médico y Dental de Alumnos,609100001,,Región Metropolitana de Santiago,,COMERCIAL AGUSTIN LIMITADA | Comercial Agustin SPA,762878534,,Región Metropolitana de Santiago,,,,,1933130,Orden de Compra: 5424-1-CM24,JABÓN ELITE NEUTRO-GLICERINA LÍQUIDO DOYPACK 1000 ML UNIDAD REGIÓN RM(1933130) JABÓN ELITE NEUTRO-GLICERINA LÍQUIDO DOYPACK 1000 ML UNIDAD REGIÓN RM,100.0,,CLP,5459.0,,
5424-1-CM24,,2024-03-28T09:45:01Z,,,,,UNIVERSIDAD DE CHILE | VAEC Servicio Médico y Dental de Alumnos,609100001,,Región Metropolitana de Santiago,,COMERCIAL AGUSTIN LIMITADA | Comercial Agustin SPA,762878534,,Región Metropolitana de Santiago,,,,,1911112,Orden de Compra: 5424-1-CM24,LIMPIADOR DE PISOS TREMEX CONCENTRADO MULTIUSO BIDÓN 5000 ML UNIDAD REGIÓN RM(1911112) LIMPIADOR DE PISOS TREMEX CONCENTRADO MULTIUSO BIDÓN 5000 ML UNIDAD REGIÓN RM,10.0,,CLP,3179.0,,
5424-1-CM24,,2024-03-28T09:45:01Z,,,,,UNIVERSIDAD DE CHILE | VAEC Servicio Médico y Dental de Alumnos,609100001,,Región Metropolitana de Santiago,,COMERCIAL AGUSTIN LIMITADA | Comercial Agustin SPA,762878534,,Región Metropolitana de Santiago,,,,,1912132,Orden de Compra: 5424-1-CM24,LÍQUIDO LIMPIAVIDRIOS MR ROB BOTELLA C/PULVERIZADOR 500 CC UNIDAD REGIÓN RM(1912132) LÍQUIDO LIMPIAVIDRIOS MR ROB BOTELLA C/PULVERIZADOR 500 CC UNIDAD REGIÓN RM,80.0,,CLP,949.0,,
5424-1-CM24,,2024-03-28T09:45:01Z,,,,,UNIVERSIDAD DE CHILE | VAEC Servicio Médico y Dental de Alumnos,609100001,,Región Metropolitana de Santiago,,COMERCIAL AGUSTIN LIMITADA | Comercial Agustin SPA,762878534,,Región Metropolitana de Santiago,,,,,1918388,Orden de Compra: 5424-1-CM24,PAÑO ABSORBENTE MULTIUSO VIRUTEX PRO ALGODÓN 50X45 CM UNIDAD REGIÓN RM(1918388) PAÑO ABSORBENTE MULTIUSO VIRUTEX PRO ALGODÓN 50X45 CM UNIDAD REGIÓN RM,150.0,,CLP,614.0,,
5424-1-CM24,,2024-03-28T09:45:01Z,,,,,UNIVERSIDAD DE CHILE | VAEC Servicio Médico y Dental de Alumnos,609100001,,Región Metropolitana de Santiago,,COMERCIAL AGUSTIN LIMITADA | Comercial Agustin SPA,762878534,,Región Metropolitana de Santiago,,,,,1918303,Orden de Compra: 5424-1-CM24,PAÑO ABSORBENTE MULTIUSO VIRUTEX CELULOSA PAQUETE DE UNIDAD REGIÓN RM(1918303) PAÑO ABSORBENTE MULTIUSO VIRUTEX CELULOSA PAQUETE DE UNIDAD REGIÓN RM,350.0,,CLP,750.0,,
5424-1-CM24,,2024-03-28T09:45:01Z,,,,,UNIVERSIDAD DE CHILE | VAEC Servicio Médico y Dental de Alumnos,609100001,,Región Metropolitana de Santiago,,COMERCIAL AGUSTIN LIMITADA | Comercial Agustin SPA,762878534,,Región Metropolitana de Santiago,,,,,1918949,Orden de Compra: 5424-1-CM24,PAÑUELOS DESECHABLES ELITE PROFESSIONAL FACIAL DOBLE HOJA 21X14 CM 42 CAJAS 50 UNIDADES REGIÓN RM(1918949) PAÑUELOS DESECHABLES ELITE PROFESSIONAL FACIAL DOBLE HOJA 21X14 CM 42 CAJAS 50 UNIDADES REGIÓN RM,250.0,,CLP,18070.0,,
5424-1-CM24,,2024-03-28T09:45:01Z,,,,,UNIVERSIDAD DE CHILE | VAEC Servicio Médico y Dental de Alumnos,609100001,,Región Metropolitana de Santiago,,COMERCIAL AGUSTIN LIMITADA | Comercial Agustin SPA,762878534,,Región Metropolitana de Santiago,,,,,1921771,Orden de Compra: 5424-1-CM24,PAPEL HIGIÉNICO TORK ALTO METRAJE DOBLE HOJA 6 ROLLOS 250 M 1 PAQUETE REGIÓN RM(1921771) PAPEL HIGIÉNICO TORK ALTO METRAJE DOBLE HOJA 6 ROLLOS 250 M 1 PAQUETE REGIÓN RM,117.0,,CLP,12785.0,,
5424-1-CM24,,2024-03-28T09:45:01Z,,,,,UNIVERSIDAD DE CHILE | VAEC Servicio Médico y Dental de Alumnos,609100001,,Región Metropolitana de Santiago,,COMERCIAL AGUSTIN LIMITADA | Comercial Agustin SPA,762878534,,Región Metropolitana de Santiago,,,,,1922400,Orden de Compra: 5424-1-CM24,PROTECTOR SOLAR WORKTEEN FACTOR 50 200 ML UNIDAD REGIÓN RM(1922400) PROTECTOR SOLAR WORKTEEN FACTOR 50 200 ML UNIDAD REGIÓN RM,8.0,,CLP,2377.0,,
5424-1-CM24,,2024-03-28T09:45:01Z,,,,,UNIVERSIDAD DE CHILE | VAEC Servicio Médico y Dental de Alumnos,609100001,,Región Metropolitana de Santiago,,COMERCIAL AGUSTIN LIMITADA | Comercial Agustin SPA,762878534,,Región Metropolitana de Santiago,,,,,1926939,Orden de Compra: 5424-1-CM24,TRAPERO REUTILIZABLE VIRUTEX REPUESTO MOPA MICROFIBRA PLANA 45 CM UNIDAD REGIÓN RM(1926939) TRAPERO REUTILIZABLE VIRUTEX REPUESTO MOPA MICROFIBRA PLANA 45 CM UNIDAD REGIÓN RM,70.0,,CLP,5494.0,,
5424-1-CM24,,2024-03-28T09:45:01Z,,,,,UNIVERSIDAD DE CHILE | VAEC Servicio Médico y Dental de Alumnos,609100001,,Región Metropolitana de Santiago,,COMERCIAL AGUSTIN LIMITADA | Comercial Agustin SPA,762878534,,Región Metropolitana de Santiago,,,,,1890882,Orden de Compra: 5424-1-CM24,BOLSA DE BASURA ZAFA MEDIANA 70X90 70 L ROLLO X 10 UNIDADES REGIÓN RM(1890882) BOLSA DE BASURA ZAFA MEDIANA 70X90 70 L ROLLO X 10 UNIDADES REGIÓN RM,300.0,,CLP,904.0,,
5424-1-CM24,,2024-03-28T09:45:01Z,,,,,UNIVERSIDAD DE CHILE | VAEC Servicio Médico y Dental de Alumnos,609100001,,Región Metropolitana de Santiago,,COMERCIAL AGUSTIN LIMITADA | Comercial Agustin SPA,762878534,,Región Metropolitana de Santiago,,,,,1934140,Orden de Compra: 5424-1-CM24,DESENGRASANTE COCINA EXCELL MULTIUSO CREMA ANTIGRASA 750 GR UNIDAD REGIÓN RM(1934140) DESENGRASANTE COCINA EXCELL MULTIUSO CREMA ANTIGRASA 750 GR UNIDAD REGIÓN RM,100.0,,CLP,987.0,,
5441-103-CM24,,2024-01-31T12:50:59Z,,,,,UNIVERSIDAD DE CHILE | UCHILE Facultad Cs.Veterinarias,609100001,,Región Metropolitana de Santiago,,AGENCIA DE VIAJES TURAVION SPA | Turavion SpA,809894002,,Región Metropolitana de Santiago,,,,,1849200,Orden de Compra: 5441-103-CM24,PASAJE AÉREO(1849200) PASAJE AÉREO,1.0,,CLP,260032.0,,
5441-103-CM24,,2024-01-31T12:50:59Z,,,,,UNIVERSIDAD DE CHILE | UCHILE Facultad Cs.Veterinarias,609100001,,Región Metropolitana de Santiago,,AGENCIA DE VIAJES TURAVION SPA | Turavion SpA,809894002,,Región Metropolitana de Santiago,,,,,1849200,Orden de Compra: 5441-103-CM24,PASAJE AÉREO(1849200) PASAJE AÉREO,1.0,,CLP,260032.0,,
5441-103-CM24,,2024-01-31T12:50:59Z,,,,,UNIVERSIDAD DE CHILE | UCHILE Facultad Cs.Veterinarias,609100001,,Región Metropolitana de Santiago,,AGENCIA DE VIAJES TURAVION SPA | Turavion SpA,809894002,,Región Metropolitana de Santiago,,,,,1849200,Orden de Compra: 5441-103-CM24,PASAJE AÉREO(1849200) PASAJE AÉREO,1.0,,CLP,260032.0,,
5441-103-CM24,,2024-01-31T12:50:59Z,,,,,UNIVERSIDAD DE CHILE | UCHILE Facultad Cs.Veterinarias,609100001,,Región Metropolitana de Santiago,,AGENCIA DE VIAJES TURAVION SPA | Turavion SpA,809894002,,Región Metropolitana de Santiago,,,,,1849200,Orden de Compra: 5441-103-CM24,PASAJE AÉREO(1849200) PASAJE AÉREO,1.0,,CLP,260032.0,,
5441-103-CM24,,2024-01-31T12:50:59Z,,,,,UNIVERSIDAD DE CHILE | UCHILE Facultad Cs.Veterinarias,609100001,,Región Metropolitana de Santiago,,AGENCIA DE VIAJES TURAVION SPA | Turavion SpA,809894002,,Región Metropolitana de Santiago,,,,,1849900,Orden de Compra: 5441-103-CM24,TASA DE EMBARQUE(1849900) TASA DE EMBARQUE,1.0,,CLP,146784.0,,
5537-19-CM24,,2024-01-31T10:40:57Z,,,,,UNIVERSIDAD DE CHILE | UCHILE Instituto Estudios Avanzados en Educación,609100001,,Región Metropolitana de Santiago,,AGENCIA DE VIAJES TURAVION SPA | Turavion SpA,809894002,,Región Metropolitana de Santiago,,,,,1830031,Seguro de Viaje   (Basal),SEGURO DE VIAJE INTERNACIONAL ADULTO  - OCEANÍA 31 A 60 DÍAS(1830031) SEGURO DE VIAJE INTERNACIONAL ADULTO  - OCEANÍA 31 A 60 DÍAS,1.0,,CLP,91025.0,,
5575-13-CM24,,2024-02-16T10:56:37Z,,,,,I MUNICIPALIDAD DE COYHAIQUE | Dep. Gestion Medioambiente y Servic,692403002,,Región Aysén del General Carlos Ibáñez del Campo,,COMERCIAL JOAQUIN LIMITADA | Comercial Joaquin SPA,762880970,,Región Metropolitana de Santiago,,,,,1635471,Orden de Compra: 5575-13-CM24,LUMINARIA PUBLICA MEGABRIGHT PAGODA LED 60 W  UNIDAD(1635471) LUMINARIA PUBLICA MEGABRIGHT PAGODA LED 60 W  UNIDAD,40.0,,CLP,237499.0,,
5586-495-CM24,,2024-02-14T09:47:47Z,,,,,UNIVERSIDAD DE LA FRONTERA | Universidad de la Frontera,879129001,,Región de la Araucanía ,,COPEC S.A. | COPEC S.A.,995200007,,Región Metropolitana de Santiago,,,,,1944434,K/P Orden de Compra: 5586-495-CM24,ESTACIÓN DE SERVICIO DIESEL REGIÓN ARAUCANÍA DESCUENTO PESOS POR LITRO(1944434) ESTACIÓN DE SERVICIO DIESEL REGIÓN ARAUCANÍA DESCUENTO PESOS POR LITRO,1.0,,CLP,2000000.0,,
5586-607-CM24,,2024-01-29T14:47:17Z,,,,,UNIVERSIDAD DE LA FRONTERA | Universidad de la Frontera,879129001,,Región de la Araucanía ,,AGENCIA DE VIAJES TURAVION SPA | Turavion SpA,809894002,,Región Metropolitana de Santiago,,,,,1849200,F/T Pasajes aéreos Orden de Compra: 5586-607-CM24,PASAJE AÉREO(1849200) PASAJE AÉREO,1.0,,CLP,1284510.0,,
5586-607-CM24,,2024-01-29T14:47:17Z,,,,,UNIVERSIDAD DE LA FRONTERA | Universidad de la Frontera,879129001,,Región de la Araucanía ,,AGENCIA DE VIAJES TURAVION SPA | Turavion SpA,809894002,,Región Metropolitana de Santiago,,,,,1849900,F/T Pasajes aéreos Orden de Compra: 5586-607-CM24,TASA DE EMBARQUE(1849900) TASA DE EMBARQUE,1.0,,CLP,111910.0,,
5586-645-CM24,,2024-01-30T14:18:23Z,,,,,UNIVERSIDAD DE LA FRONTERA | Universidad de la Frontera,879129001,,Región de la Araucanía ,,AGENCIA DE VIAJES TURAVION SPA | Turavion SpA,809894002,,Región Metropolitana de Santiago,,,,,1849200,K/P Orden de Compra: 5586-645-CM24,PASAJE AÉREO(1849200) PASAJE AÉREO,1.0,,CLP,692250.0,,
5586-645-CM24,,2024-01-30T14:18:23Z,,,,,UNIVERSIDAD DE LA FRONTERA | Universidad de la Frontera,879129001,,Región de la Araucanía ,,AGENCIA DE VIAJES TURAVION SPA | Turavion SpA,809894002,,Región Metropolitana de Santiago,,,,,1849200,K/P Orden de Compra: 5586-645-CM24,PASAJE AÉREO(1849200) PASAJE AÉREO,1.0,,CLP,692250.0,,
5586-645-CM24,,2024-01-30T14:18:23Z,,,,,UNIVERSIDAD DE LA FRONTERA | Universidad de la Frontera,879129001,,Región de la Araucanía ,,AGENCIA DE VIAJES TURAVION SPA | Turavion SpA,809894002,,Región Metropolitana de Santiago,,,,,1849200,K/P Orden de Compra: 5586-645-CM24,PASAJE AÉREO(1849200) PASAJE AÉREO,1.0,,CLP,692250.0,,
5586-645-CM24,,2024-01-30T14:18:23Z,,,,,UNIVERSIDAD DE LA FRONTERA | Universidad de la Frontera,879129001,,Región de la Araucanía ,,AGENCIA DE VIAJES TURAVION SPA | Turavion SpA,809894002,,Región Metropolitana de Santiago,,,,,1849200,K/P Orden de Compra: 5586-645-CM24,PASAJE AÉREO(1849200) PASAJE AÉREO,1.0,,CLP,692250.0,,
5586-645-CM24,,2024-01-30T14:18:23Z,,,,,UNIVERSIDAD DE LA FRONTERA | Universidad de la Frontera,879129001,,Región de la Araucanía ,,AGENCIA DE VIAJES TURAVION SPA | Turavion SpA,809894002,,Región Metropolitana de Santiago,,,,,1849900,K/P Orden de Compra: 5586-645-CM24,TASA DE EMBARQUE(1849900) TASA DE EMBARQUE,1.0,,CLP,283260.0,,
558869-5-CM24,,2024-01-31T15:35:09Z,,,,,CORP MUNICIPAL DE DESARROLLO SOCIAL DE A | ADQUISICIONES - DIRECC ADMIN Y FINANZAS,711026002,,Región de Antofagasta ,,AGENCIA DE VIAJES TURAVION SPA | Turavion SpA,809894002,,Región Metropolitana de Santiago,,,,,1849200,Orden de Compra: 558869-5-CM24,PASAJE AÉREO(1849200) PASAJE AÉREO,1.0,,CLP,95980.0,,
558869-5-CM24,,2024-01-31T15:35:09Z,,,,,CORP MUNICIPAL DE DESARROLLO SOCIAL DE A | ADQUISICIONES - DIRECC ADMIN Y FINANZAS,711026002,,Región de Antofagasta ,,AGENCIA DE VIAJES TURAVION SPA | Turavion SpA,809894002,,Región Metropolitana de Santiago,,,,,1849200,Orden de Compra: 558869-5-CM24,PASAJE AÉREO(1849200) PASAJE AÉREO,1.0,,CLP,95980.0,,
558869-5-CM24,,2024-01-31T15:35:09Z,,,,,CORP MUNICIPAL DE DESARROLLO SOCIAL DE A | ADQUISICIONES - DIRECC ADMIN Y FINANZAS,711026002,,Región de Antofagasta ,,AGENCIA DE VIAJES TURAVION SPA | Turavion SpA,809894002,,Región Metropolitana de Santiago,,,,,1849900,Orden de Compra: 558869-5-CM24,TASA DE EMBARQUE(1849900) TASA DE EMBARQUE,1.0,,CLP,73392.0,,
564845-1-CM24,,2024-03-19T10:51:42Z,,,,,DIRECCION DE ABASTECIMIENTO DE LA ARMADA | OPV 82 COMANDANTE TORO,619796004,,Región de Valparaíso ,,COMERCIALIZADORA DE PRODUCTOS AGRICOLAS CARRERA Y GONZALEZ LIMITADA | BAYAYAFRUTAS,777926608,,Región de Valparaíso ,,,,,1462669,"FRUTAS, VERDURAS Y CONDIMENTOS",CILANTRO FRESCO - PAQUETE APROX. 500 GR UNIDAD V REGION(1462669) CILANTRO FRESCO - PAQUETE APROX. 500 GR UNIDAD V REGION,50.0,,CLP,582.0,,
564845-1-CM24,,2024-03-19T10:51:42Z,,,,,DIRECCION DE ABASTECIMIENTO DE LA ARMADA | OPV 82 COMANDANTE TORO,619796004,,Región de Valparaíso ,,COMERCIALIZADORA DE PRODUCTOS AGRICOLAS CARRERA Y GONZALEZ LIMITADA | BAYAYAFRUTAS,777926608,,Región de Valparaíso ,,,,,1475599,"FRUTAS, VERDURAS Y CONDIMENTOS",ZAPALLO FRESCO - CAMOTE 100 KILO APROX. V REGION(1475599) ZAPALLO FRESCO - CAMOTE 100 KILO APROX. V REGION,120.0,,CLP,772.0,,
564845-1-CM24,,2024-03-19T10:51:42Z,,,,,DIRECCION DE ABASTECIMIENTO DE LA ARMADA | OPV 82 COMANDANTE TORO,619796004,,Región de Valparaíso ,,COMERCIALIZADORA DE PRODUCTOS AGRICOLAS CARRERA Y GONZALEZ LIMITADA | BAYAYAFRUTAS,777926608,,Región de Valparaíso ,,,,,1460419,"FRUTAS, VERDURAS Y CONDIMENTOS",ACEITUNA - VERDE BOLSA 1K UNIDAD V REGION(1460419) ACEITUNA - VERDE BOLSA 1K UNIDAD V REGION,5.0,,CLP,4388.0,,
564845-1-CM24,,2024-03-19T10:51:42Z,,,,,DIRECCION DE ABASTECIMIENTO DE LA ARMADA | OPV 82 COMANDANTE TORO,619796004,,Región de Valparaíso ,,COMERCIALIZADORA DE PRODUCTOS AGRICOLAS CARRERA Y GONZALEZ LIMITADA | BAYAYAFRUTAS,777926608,,Región de Valparaíso ,,,,,1460884,"FRUTAS, VERDURAS Y CONDIMENTOS",ALBAHACA FRESCA - ATADO 500 GR UNIDAD V REGION(1460884) ALBAHACA FRESCA - ATADO 500 GR UNIDAD V REGION,15.0,,CLP,726.0,,
564845-1-CM24,,2024-03-19T10:51:42Z,,,,,DIRECCION DE ABASTECIMIENTO DE LA ARMADA | OPV 82 COMANDANTE TORO,619796004,,Región de Valparaíso ,,COMERCIALIZADORA DE PRODUCTOS AGRICOLAS CARRERA Y GONZALEZ LIMITADA | BAYAYAFRUTAS,777926608,,Región de Valparaíso ,,,,,1461394,"FRUTAS, VERDURAS Y CONDIMENTOS",BETARRAGA FRESCA - PAQUETE APROX. 1 K UNIDAD V REGION(1461394) BETARRAGA FRESCA - PAQUETE APROX. 1 K UNIDAD V REGION,50.0,,CLP,807.0,,
564845-1-CM24,,2024-03-19T10:51:42Z,,,,,DIRECCION DE ABASTECIMIENTO DE LA ARMADA | OPV 82 COMANDANTE TORO,619796004,,Región de Valparaíso ,,COMERCIALIZADORA DE PRODUCTOS AGRICOLAS CARRERA Y GONZALEZ LIMITADA | BAYAYAFRUTAS,777926608,,Región de Valparaíso ,,,,,1467184,"FRUTAS, VERDURAS Y CONDIMENTOS",HUEVO PRIMERA 54-61 GR  - BLANCO 30 UNIDADES V REGION(1467184) HUEVO PRIMERA 54-61 GR  - BLANCO 30 UNIDADES V REGION,84.0,,CLP,6585.0,,
564845-1-CM24,,2024-03-19T10:51:42Z,,,,,DIRECCION DE ABASTECIMIENTO DE LA ARMADA | OPV 82 COMANDANTE TORO,619796004,,Región de Valparaíso ,,COMERCIALIZADORA DE PRODUCTOS AGRICOLAS CARRERA Y GONZALEZ LIMITADA | BAYAYAFRUTAS,777926608,,Región de Valparaíso ,,,,,1471969,"FRUTAS, VERDURAS Y CONDIMENTOS",PIMENTON FRESCO - ROJO UNIDAD V REGION(1471969) PIMENTON FRESCO - ROJO UNIDAD V REGION,150.0,,CLP,648.0,,
564845-1-CM24,,2024-03-19T10:51:42Z,,,,,DIRECCION DE ABASTECIMIENTO DE LA ARMADA | OPV 82 COMANDANTE TORO,619796004,,Región de Valparaíso ,,COMERCIALIZADORA DE PRODUCTOS AGRICOLAS CARRERA Y GONZALEZ LIMITADA | BAYAYAFRUTAS,777926608,,Región de Valparaíso ,,,,,1460959,"FRUTAS, VERDURAS Y CONDIMENTOS",ALIÑO COMPLETO - BOLSA 500 G UNIDAD V REGION(1460959) ALIÑO COMPLETO - BOLSA 500 G UNIDAD V REGION,8.0,,CLP,2284.0,,
564845-1-CM24,,2024-03-19T10:51:42Z,,,,,DIRECCION DE ABASTECIMIENTO DE LA ARMADA | OPV 82 COMANDANTE TORO,619796004,,Región de Valparaíso ,,COMERCIALIZADORA DE PRODUCTOS AGRICOLAS CARRERA Y GONZALEZ LIMITADA | BAYAYAFRUTAS,777926608,,Región de Valparaíso ,,,,,1460824,"FRUTAS, VERDURAS Y CONDIMENTOS",AJO FRESCO - ROSADO UNIDAD V REGION(1460824) AJO FRESCO - ROSADO UNIDAD V REGION,70.0,,CLP,151.0,,
564845-1-CM24,,2024-03-19T10:51:42Z,,,,,DIRECCION DE ABASTECIMIENTO DE LA ARMADA | OPV 82 COMANDANTE TORO,619796004,,Región de Valparaíso ,,COMERCIALIZADORA DE PRODUCTOS AGRICOLAS CARRERA Y GONZALEZ LIMITADA | BAYAYAFRUTAS,777926608,,Región de Valparaíso ,,,,,1460569,"FRUTAS, VERDURAS Y CONDIMENTOS",ACELGA FRESCA - PAQUETE APROX. 1 K UNIDAD V REGION(1460569) ACELGA FRESCA - PAQUETE APROX. 1 K UNIDAD V REGION,10.0,,CLP,544.0,,
564845-1-CM24,,2024-03-19T10:51:42Z,,,,,DIRECCION DE ABASTECIMIENTO DE LA ARMADA | OPV 82 COMANDANTE TORO,619796004,,Región de Valparaíso ,,COMERCIALIZADORA DE PRODUCTOS AGRICOLAS CARRERA Y GONZALEZ LIMITADA | BAYAYAFRUTAS,777926608,,Región de Valparaíso ,,,,,1469449,"FRUTAS, VERDURAS Y CONDIMENTOS",OREGANO - MOLIDO BOLSA 1K UNIDAD V REGION(1469449) OREGANO - MOLIDO BOLSA 1K UNIDAD V REGION,2.0,,CLP,4852.0,,
564845-1-CM24,,2024-03-19T10:51:42Z,,,,,DIRECCION DE ABASTECIMIENTO DE LA ARMADA | OPV 82 COMANDANTE TORO,619796004,,Región de Valparaíso ,,COMERCIALIZADORA DE PRODUCTOS AGRICOLAS CARRERA Y GONZALEZ LIMITADA | BAYAYAFRUTAS,777926608,,Región de Valparaíso ,,,,,1471774,"FRUTAS, VERDURAS Y CONDIMENTOS",PERA  - PAKAM GRANDE KILO APROX. V REGION(1471774) PERA  - PAKAM GRANDE KILO APROX. V REGION,100.0,,CLP,1586.0,,
564845-1-CM24,,2024-03-19T10:51:42Z,,,,,DIRECCION DE ABASTECIMIENTO DE LA ARMADA | OPV 82 COMANDANTE TORO,619796004,,Región de Valparaíso ,,COMERCIALIZADORA DE PRODUCTOS AGRICOLAS CARRERA Y GONZALEZ LIMITADA | BAYAYAFRUTAS,777926608,,Región de Valparaíso ,,,,,1462819,"FRUTAS, VERDURAS Y CONDIMENTOS",COMINO - MOLIDO BOLSA 1K UNIDAD V REGION(1462819) COMINO - MOLIDO BOLSA 1K UNIDAD V REGION,4.0,,CLP,6190.0,,
564845-1-CM24,,2024-03-19T10:51:42Z,,,,,DIRECCION DE ABASTECIMIENTO DE LA ARMADA | OPV 82 COMANDANTE TORO,619796004,,Región de Valparaíso ,,COMERCIALIZADORA DE PRODUCTOS AGRICOLAS CARRERA Y GONZALEZ LIMITADA | BAYAYAFRUTAS,777926608,,Región de Valparaíso ,,,,,1467859,"FRUTAS, VERDURAS Y CONDIMENTOS",LECHUGA FRESCA - ESCAROLA UNIDAD V REGION(1467859) LECHUGA FRESCA - ESCAROLA UNIDAD V REGION,110.0,,CLP,930.0,,
564845-1-CM24,,2024-03-19T10:51:42Z,,,,,DIRECCION DE ABASTECIMIENTO DE LA ARMADA | OPV 82 COMANDANTE TORO,619796004,,Región de Valparaíso ,,COMERCIALIZADORA DE PRODUCTOS AGRICOLAS CARRERA Y GONZALEZ LIMITADA | BAYAYAFRUTAS,777926608,,Región de Valparaíso ,,,,,1468864,"FRUTAS, VERDURAS Y CONDIMENTOS",MANZANA - FUJI PEQUEÑO KILO APROX. V REGION(1468864) MANZANA - FUJI PEQUEÑO KILO APROX. V REGION,100.0,,CLP,1873.0,,
564845-1-CM24,,2024-03-19T10:51:42Z,,,,,DIRECCION DE ABASTECIMIENTO DE LA ARMADA | OPV 82 COMANDANTE TORO,619796004,,Región de Valparaíso ,,COMERCIALIZADORA DE PRODUCTOS AGRICOLAS CARRERA Y GONZALEZ LIMITADA | BAYAYAFRUTAS,777926608,,Región de Valparaíso ,,,,,1460644,"FRUTAS, VERDURAS Y CONDIMENTOS",AJI DE COLOR - BOLSA 500 G UNIDAD V REGION(1460644) AJI DE COLOR - BOLSA 500 G UNIDAD V REGION,4.0,,CLP,1788.0,,
564845-1-CM24,,2024-03-19T10:51:42Z,,,,,DIRECCION DE ABASTECIMIENTO DE LA ARMADA | OPV 82 COMANDANTE TORO,619796004,,Región de Valparaíso ,,COMERCIALIZADORA DE PRODUCTOS AGRICOLAS CARRERA Y GONZALEZ LIMITADA | BAYAYAFRUTAS,777926608,,Región de Valparaíso ,,,,,1468579,"FRUTAS, VERDURAS Y CONDIMENTOS",MANDARINA - CLEMENTINA GRANDE KILO APROX. V REGION(1468579) MANDARINA - CLEMENTINA GRANDE KILO APROX. V REGION,100.0,,CLP,1388.0,,
564845-1-CM24,,2024-03-19T10:51:42Z,,,,,DIRECCION DE ABASTECIMIENTO DE LA ARMADA | OPV 82 COMANDANTE TORO,619796004,,Región de Valparaíso ,,COMERCIALIZADORA DE PRODUCTOS AGRICOLAS CARRERA Y GONZALEZ LIMITADA | BAYAYAFRUTAS,777926608,,Región de Valparaíso ,,,,,1588306,"FRUTAS, VERDURAS Y CONDIMENTOS",PEPINO FRESCO - ENSALADA APROX. 1 K UNIDAD V REGION(1588306) PEPINO FRESCO - ENSALADA APROX. 1 K UNIDAD V REGION,20.0,,CLP,868.0,,
564845-1-CM24,,2024-03-19T10:51:42Z,,,,,DIRECCION DE ABASTECIMIENTO DE LA ARMADA | OPV 82 COMANDANTE TORO,619796004,,Región de Valparaíso ,,COMERCIALIZADORA DE PRODUCTOS AGRICOLAS CARRERA Y GONZALEZ LIMITADA | BAYAYAFRUTAS,777926608,,Región de Valparaíso ,,,,,1478269,"FRUTAS, VERDURAS Y CONDIMENTOS",ARVEJA CONGELADA LA CRIANZA TIERNAS BOLSA 400 G UNIDAD V REGION(1478269) ARVEJA CONGELADA LA CRIANZA TIERNAS BOLSA 400 G UNIDAD V REGION,40.0,,CLP,1827.0,,
564845-1-CM24,,2024-03-19T10:51:42Z,,,,,DIRECCION DE ABASTECIMIENTO DE LA ARMADA | OPV 82 COMANDANTE TORO,619796004,,Región de Valparaíso ,,COMERCIALIZADORA DE PRODUCTOS AGRICOLAS CARRERA Y GONZALEZ LIMITADA | BAYAYAFRUTAS,777926608,,Región de Valparaíso ,,,,,1475464,"FRUTAS, VERDURAS Y CONDIMENTOS",ZANAHORIA FRESCA - GRANEL KILO APROX. V REGION(1475464) ZANAHORIA FRESCA - GRANEL KILO APROX. V REGION,120.0,,CLP,941.0,,
564845-1-CM24,,2024-03-19T10:51:42Z,,,,,DIRECCION DE ABASTECIMIENTO DE LA ARMADA | OPV 82 COMANDANTE TORO,619796004,,Región de Valparaíso ,,COMERCIALIZADORA DE PRODUCTOS AGRICOLAS CARRERA Y GONZALEZ LIMITADA | BAYAYAFRUTAS,777926608,,Región de Valparaíso ,,,,,1588402,"FRUTAS, VERDURAS Y CONDIMENTOS",ZAPALLO FRESCO - APROX. 1 K UNIDAD V REGION(1588402) ZAPALLO FRESCO - APROX. 1 K UNIDAD V REGION,15.0,,CLP,820.0,,
5655-4-CM24,,2024-04-12T09:40:30Z,,,,,UNIVERSIDAD DE CHILE | FAC.FILOSOFIA Dirección Econ. y Adm,609100001,,Región Metropolitana de Santiago,,SOCIEDAD DE INVERSIONES TEKNOX S.A. | TEKNOX S.A.,763891135,,Región Metropolitana de Santiago,,,,,1585841,"Materiales de ferretería, Funcionamiento Facultad","PLANCHA METALICA MULTIACEROS LAMINADA EN CALIENTE 2 MM X 1,5 M X 3 M UNIDAD(1585841) PLANCHA METALICA MULTIACEROS LAMINADA EN CALIENTE 2 MM X 1,5 M X 3 M UNIDAD",32.0,,CLP,29678.0,,
5655-4-CM24,,2024-04-12T09:40:30Z,,,,,UNIVERSIDAD DE CHILE | FAC.FILOSOFIA Dirección Econ. y Adm,609100001,,Región Metropolitana de Santiago,,SOCIEDAD DE INVERSIONES TEKNOX S.A. | TEKNOX S.A.,763891135,,Región Metropolitana de Santiago,,,,,1652307,"Materiales de ferretería, Funcionamiento Facultad",ESMALTE AL AGUA SIPA SEMIBRILLO BLANCO INVIERNO TINETA 4 GL UNIDAD(1652307) ESMALTE AL AGUA SIPA SEMIBRILLO BLANCO INVIERNO TINETA 4 GL UNIDAD,1.0,,CLP,79801.0,,
5655-4-CM24,,2024-04-12T09:40:30Z,,,,,UNIVERSIDAD DE CHILE | FAC.FILOSOFIA Dirección Econ. y Adm,609100001,,Región Metropolitana de Santiago,,SOCIEDAD DE INVERSIONES TEKNOX S.A. | TEKNOX S.A.,763891135,,Región Metropolitana de Santiago,,,,,1586822,"Materiales de ferretería, Funcionamiento Facultad",RODILLO HELA PAREDES Y CIELO PELO CORTO 18 CM UNIDAD(1586822) RODILLO HELA PAREDES Y CIELO PELO CORTO 18 CM UNIDAD,3.0,,CLP,3326.0,,
5655-4-CM24,,2024-04-12T09:40:30Z,,,,,UNIVERSIDAD DE CHILE | FAC.FILOSOFIA Dirección Econ. y Adm,609100001,,Región Metropolitana de Santiago,,SOCIEDAD DE INVERSIONES TEKNOX S.A. | TEKNOX S.A.,763891135,,Región Metropolitana de Santiago,,,,,1586819,"Materiales de ferretería, Funcionamiento Facultad","BROCHA EXCELSIOR PROFESIONAL 2 1/2"" 66 MM UNIDAD(1586819) BROCHA EXCELSIOR PROFESIONAL 2 1/2"" 66 MM UNIDAD",2.0,,CLP,2197.0,,
5655-4-CM24,,2024-04-12T09:40:30Z,,,,,UNIVERSIDAD DE CHILE | FAC.FILOSOFIA Dirección Econ. y Adm,609100001,,Región Metropolitana de Santiago,,SOCIEDAD DE INVERSIONES TEKNOX S.A. | TEKNOX S.A.,763891135,,Región Metropolitana de Santiago,,,,,1586799,"Materiales de ferretería, Funcionamiento Facultad","SOPORTE BARRA CORTINA FERRATO MURO SIMPLE 1"" PACK 2 UNIDAD(1586799) SOPORTE BARRA CORTINA FERRATO MURO SIMPLE 1"" PACK 2 UNIDAD",3.0,,CLP,5062.0,,
5655-4-CM24,,2024-04-12T09:40:30Z,,,,,UNIVERSIDAD DE CHILE | FAC.FILOSOFIA Dirección Econ. y Adm,609100001,,Región Metropolitana de Santiago,,SOCIEDAD DE INVERSIONES TEKNOX S.A. | TEKNOX S.A.,763891135,,Región Metropolitana de Santiago,,,,,1634113,"Materiales de ferretería, Funcionamiento Facultad",CERRADURA ODIS 600 EMBUTIR UNIDAD(1634113) CERRADURA ODIS 600 EMBUTIR UNIDAD,1.0,,CLP,36631.0,,
5655-4-CM24,,2024-04-12T09:40:30Z,,,,,UNIVERSIDAD DE CHILE | FAC.FILOSOFIA Dirección Econ. y Adm,609100001,,Región Metropolitana de Santiago,,SOCIEDAD DE INVERSIONES TEKNOX S.A. | TEKNOX S.A.,763891135,,Región Metropolitana de Santiago,,,,,1586275,"Materiales de ferretería, Funcionamiento Facultad",LIJA ISESA UNIVERSAL ESMERIL METAL GRANO 50 PACK 25 PLIEGOS UNIDAD(1586275) LIJA ISESA UNIVERSAL ESMERIL METAL GRANO 50 PACK 25 PLIEGOS UNIDAD,2.0,,CLP,10098.0,,
5655-4-CM24,,2024-04-12T09:40:30Z,,,,,UNIVERSIDAD DE CHILE | FAC.FILOSOFIA Dirección Econ. y Adm,609100001,,Región Metropolitana de Santiago,,SOCIEDAD DE INVERSIONES TEKNOX S.A. | TEKNOX S.A.,763891135,,Región Metropolitana de Santiago,,,,,1586288,"Materiales de ferretería, Funcionamiento Facultad",BROCA GUHRING P/ METAL 6 MM UNIDAD(1586288) BROCA GUHRING P/ METAL 6 MM UNIDAD,5.0,,CLP,3380.0,,
5655-4-CM24,,2024-04-12T09:40:30Z,,,,,UNIVERSIDAD DE CHILE | FAC.FILOSOFIA Dirección Econ. y Adm,609100001,,Región Metropolitana de Santiago,,SOCIEDAD DE INVERSIONES TEKNOX S.A. | TEKNOX S.A.,763891135,,Región Metropolitana de Santiago,,,,,1586285,"Materiales de ferretería, Funcionamiento Facultad",BROCA ALPEN P/ METAL 12 MM UNIDAD(1586285) BROCA ALPEN P/ METAL 12 MM UNIDAD,5.0,,CLP,4066.0,,
5655-4-CM24,,2024-04-12T09:40:30Z,,,,,UNIVERSIDAD DE CHILE | FAC.FILOSOFIA Dirección Econ. y Adm,609100001,,Región Metropolitana de Santiago,,SOCIEDAD DE INVERSIONES TEKNOX S.A. | TEKNOX S.A.,763891135,,Región Metropolitana de Santiago,,,,,1586790,"Materiales de ferretería, Funcionamiento Facultad",CERRADURA ODIS  LINEA 206 GRADO 1 POMO INTERIORES UNIDAD(1586790) CERRADURA ODIS  LINEA 206 GRADO 1 POMO INTERIORES UNIDAD,6.0,,CLP,11858.0,,
5702-73-CM24,,2024-01-31T20:17:03Z,,,,,DIRECCION GENERAL DE GENDARMERIA DE CHIL | Región de Arica y Parinacota,619790200,,Región de Arica y Parinacota,,PROCESADORA DE ALIMENTOS JOSÉ MOREIRA SILVAN EMPRESA INDIVIDUAL DE RES | José,763713962,,Región de Arica y Parinacota,,,,,1461404,"CPF ARICA, COMPRA DE ALIMENTOS MES FEBRERO. ",BETARRAGA FRESCA - PAQUETE APROX. 1 K UNIDAD XV REGION(1461404) BETARRAGA FRESCA - PAQUETE APROX. 1 K UNIDAD XV REGION,50.0,,CLP,618.0,,
5702-73-CM24,,2024-01-31T20:17:03Z,,,,,DIRECCION GENERAL DE GENDARMERIA DE CHIL | Región de Arica y Parinacota,619790200,,Región de Arica y Parinacota,,PROCESADORA DE ALIMENTOS JOSÉ MOREIRA SILVAN EMPRESA INDIVIDUAL DE RES | José,763713962,,Región de Arica y Parinacota,,,,,1461524,"CPF ARICA, COMPRA DE ALIMENTOS MES FEBRERO. ",BROCOLI FRESCO - ENTERO APROX. 1 K UNIDAD XV REGION(1461524) BROCOLI FRESCO - ENTERO APROX. 1 K UNIDAD XV REGION,30.0,,CLP,1273.0,,
5702-73-CM24,,2024-01-31T20:17:03Z,,,,,DIRECCION GENERAL DE GENDARMERIA DE CHIL | Región de Arica y Parinacota,619790200,,Región de Arica y Parinacota,,PROCESADORA DE ALIMENTOS JOSÉ MOREIRA SILVAN EMPRESA INDIVIDUAL DE RES | José,763713962,,Región de Arica y Parinacota,,,,,1461629,"CPF ARICA, COMPRA DE ALIMENTOS MES FEBRERO. ",CEBOLLA FRESCA - AMARILLA KILO APROX. XV REGION(1461629) CEBOLLA FRESCA - AMARILLA KILO APROX. XV REGION,350.0,,CLP,660.0,,
5702-73-CM24,,2024-01-31T20:17:03Z,,,,,DIRECCION GENERAL DE GENDARMERIA DE CHIL | Región de Arica y Parinacota,619790200,,Región de Arica y Parinacota,,PROCESADORA DE ALIMENTOS JOSÉ MOREIRA SILVAN EMPRESA INDIVIDUAL DE RES | José,763713962,,Región de Arica y Parinacota,,,,,1848394,"CPF ARICA, COMPRA DE ALIMENTOS MES FEBRERO. ",CEBOLLIN  - ATADO 1 K XV REGION(1848394) CEBOLLIN  - ATADO 1 K XV REGION,20.0,,CLP,2472.0,,
5702-73-CM24,,2024-01-31T20:17:03Z,,,,,DIRECCION GENERAL DE GENDARMERIA DE CHIL | Región de Arica y Parinacota,619790200,,Región de Arica y Parinacota,,PROCESADORA DE ALIMENTOS JOSÉ MOREIRA SILVAN EMPRESA INDIVIDUAL DE RES | José,763713962,,Región de Arica y Parinacota,,,,,1462784,"CPF ARICA, COMPRA DE ALIMENTOS MES FEBRERO. ",COLIFLOR FRESCA - ENTERA APROX. 1 K KILO APROX. XV REGION(1462784) COLIFLOR FRESCA - ENTERA APROX. 1 K KILO APROX. XV REGION,15.0,,CLP,824.0,,
5702-73-CM24,,2024-01-31T20:17:03Z,,,,,DIRECCION GENERAL DE GENDARMERIA DE CHIL | Región de Arica y Parinacota,619790200,,Región de Arica y Parinacota,,PROCESADORA DE ALIMENTOS JOSÉ MOREIRA SILVAN EMPRESA INDIVIDUAL DE RES | José,763713962,,Región de Arica y Parinacota,,,,,1471979,"CPF ARICA, COMPRA DE ALIMENTOS MES FEBRERO. ",PIMENTON FRESCO - ROJO UNIDAD XV REGION(1471979) PIMENTON FRESCO - ROJO UNIDAD XV REGION,400.0,,CLP,359.0,,
5702-73-CM24,,2024-01-31T20:17:03Z,,,,,DIRECCION GENERAL DE GENDARMERIA DE CHIL | Región de Arica y Parinacota,619790200,,Región de Arica y Parinacota,,PROCESADORA DE ALIMENTOS JOSÉ MOREIRA SILVAN EMPRESA INDIVIDUAL DE RES | José,763713962,,Región de Arica y Parinacota,,,,,1470554,"CPF ARICA, COMPRA DE ALIMENTOS MES FEBRERO. ",PAPA FRESCA - ROSARA PRIMERA KILO APROX. XV REGION(1470554) PAPA FRESCA - ROSARA PRIMERA KILO APROX. XV REGION,1600.0,,CLP,876.0,,
5702-73-CM24,,2024-01-31T20:17:03Z,,,,,DIRECCION GENERAL DE GENDARMERIA DE CHIL | Región de Arica y Parinacota,619790200,,Región de Arica y Parinacota,,PROCESADORA DE ALIMENTOS JOSÉ MOREIRA SILVAN EMPRESA INDIVIDUAL DE RES | José,763713962,,Región de Arica y Parinacota,,,,,1471634,"CPF ARICA, COMPRA DE ALIMENTOS MES FEBRERO. ",PEPINO FRESCO - ENSALADA UNIDAD XV REGION(1471634) PEPINO FRESCO - ENSALADA UNIDAD XV REGION,300.0,,CLP,278.0,,
5702-73-CM24,,2024-01-31T20:17:03Z,,,,,DIRECCION GENERAL DE GENDARMERIA DE CHIL | Región de Arica y Parinacota,619790200,,Región de Arica y Parinacota,,PROCESADORA DE ALIMENTOS JOSÉ MOREIRA SILVAN EMPRESA INDIVIDUAL DE RES | José,763713962,,Región de Arica y Parinacota,,,,,1472174,"CPF ARICA, COMPRA DE ALIMENTOS MES FEBRERO. ",PLATANO - AMARILLO KILO APROX. XV REGION(1472174) PLATANO - AMARILLO KILO APROX. XV REGION,120.0,,CLP,1390.0,,
5702-73-CM24,,2024-01-31T20:17:03Z,,,,,DIRECCION GENERAL DE GENDARMERIA DE CHIL | Región de Arica y Parinacota,619790200,,Región de Arica y Parinacota,,PROCESADORA DE ALIMENTOS JOSÉ MOREIRA SILVAN EMPRESA INDIVIDUAL DE RES | José,763713962,,Región de Arica y Parinacota,,,,,1472909,"CPF ARICA, COMPRA DE ALIMENTOS MES FEBRERO. ",POROTO VERDE - MAGNUN KILO APROX. XV REGION(1472909) POROTO VERDE - MAGNUN KILO APROX. XV REGION,50.0,,CLP,2155.0,,
5702-73-CM24,,2024-01-31T20:17:03Z,,,,,DIRECCION GENERAL DE GENDARMERIA DE CHIL | Región de Arica y Parinacota,619790200,,Región de Arica y Parinacota,,PROCESADORA DE ALIMENTOS JOSÉ MOREIRA SILVAN EMPRESA INDIVIDUAL DE RES | José,763713962,,Región de Arica y Parinacota,,,,,1475474,"CPF ARICA, COMPRA DE ALIMENTOS MES FEBRERO. ",ZANAHORIA FRESCA - GRANEL KILO APROX. XV REGION(1475474) ZANAHORIA FRESCA - GRANEL KILO APROX. XV REGION,220.0,,CLP,743.0,,
5702-73-CM24,,2024-01-31T20:17:03Z,,,,,DIRECCION GENERAL DE GENDARMERIA DE CHIL | Región de Arica y Parinacota,619790200,,Región de Arica y Parinacota,,PROCESADORA DE ALIMENTOS JOSÉ MOREIRA SILVAN EMPRESA INDIVIDUAL DE RES | José,763713962,,Región de Arica y Parinacota,,,,,1475609,"CPF ARICA, COMPRA DE ALIMENTOS MES FEBRERO. ",ZAPALLO FRESCO - CAMOTE 100 KILO APROX. XV REGION(1475609) ZAPALLO FRESCO - CAMOTE 100 KILO APROX. XV REGION,180.0,,CLP,843.0,,
5702-73-CM24,,2024-01-31T20:17:03Z,,,,,DIRECCION GENERAL DE GENDARMERIA DE CHIL | Región de Arica y Parinacota,619790200,,Región de Arica y Parinacota,,PROCESADORA DE ALIMENTOS JOSÉ MOREIRA SILVAN EMPRESA INDIVIDUAL DE RES | José,763713962,,Región de Arica y Parinacota,,,,,1468829,"CPF ARICA, COMPRA DE ALIMENTOS MES FEBRERO. ",MANZANA - ROYAL GALA MEDIANA KILO APROX. XV REGION(1468829) MANZANA - ROYAL GALA MEDIANA KILO APROX. XV REGION,50.0,,CLP,1933.0,,
587-58-CM24,,2024-02-14T09:47:47Z,,,,,SUBSECRETARIA DEL MINISTERIO DE LA VIVIENDA Y URBANISMO | Ministerio de Vivienda y Urbanismo(766),618010007,,Región Metropolitana de Santiago,,AGENCIA DE VIAJES TURAVION SPA | Turavion SpA,809894002,,Región Metropolitana de Santiago,,,,,1849200,Orden de Compra: 587-58-CM24,PASAJE AÉREO(1849200) PASAJE AÉREO,1.0,,CLP,119980.0,,
587-58-CM24,,2024-02-14T09:47:47Z,,,,,SUBSECRETARIA DEL MINISTERIO DE LA VIVIENDA Y URBANISMO | Ministerio de Vivienda y Urbanismo(766),618010007,,Región Metropolitana de Santiago,,AGENCIA DE VIAJES TURAVION SPA | Turavion SpA,809894002,,Región Metropolitana de Santiago,,,,,1849900,Orden de Compra: 587-58-CM24,TASA DE EMBARQUE(1849900) TASA DE EMBARQUE,1.0,,CLP,36600.0,,
604944-13-CM24,,2024-02-14T09:47:47Z,,,,,SUBSECRETARIA DE DEFENSA | Subsecretaría de Defensa,619798708,,Región Metropolitana de Santiago,,COPEC S.A. | COPEC S.A.,995200007,,Región Metropolitana de Santiago,,,,,1944422,ADQUISICIÓN DE COMBUSTIBLE GASOLINA,ESTACIÓN DE SERVICIO GASOLINA REGIÓN METROPOLITANA DESCUENTO PESOS POR LITRO(1944422) ESTACIÓN DE SERVICIO GASOLINA REGIÓN METROPOLITANA DESCUENTO PESOS POR LITRO,1.0,,CLP,5000000.0,,
609-25-CM24,,2024-01-29T14:56:23Z,,,,,INSTITUTO DE DESARROLLO AGROPECUARIO | Instituto de Desarrollo Agropecuario - INDAP,613070001,,Región Metropolitana de Santiago,,AGENCIA DE VIAJES TURAVION SPA | Turavion SpA,809894002,,Región Metropolitana de Santiago,,,,,1849200,PASAJE AEREO CONCEPCION STGO. SANTIAGO ROJAS 31 DE ENERO 24,PASAJE AÉREO(1849200) PASAJE AÉREO,1.0,,CLP,24990.0,,
609-25-CM24,,2024-01-29T14:56:23Z,,,,,INSTITUTO DE DESARROLLO AGROPECUARIO | Instituto de Desarrollo Agropecuario - INDAP,613070001,,Región Metropolitana de Santiago,,AGENCIA DE VIAJES TURAVION SPA | Turavion SpA,809894002,,Región Metropolitana de Santiago,,,,,1849900,PASAJE AEREO CONCEPCION STGO. SANTIAGO ROJAS 31 DE ENERO 24,TASA DE EMBARQUE(1849900) TASA DE EMBARQUE,1.0,,CLP,18156.0,,
612-70-CM24,,2024-01-29T16:29:53Z,,,,,SERVICIO AGRICOLA Y GANADERO | Servicio Agricola y Ganadero (SAG central),613080007,,Región Metropolitana de Santiago,,AGENCIA DE VIAJES TURAVION SPA | Turavion SpA,809894002,,Región Metropolitana de Santiago,,,,,1849200,DPAFS SC NO PAC 58-2024 Pasaje a Valdivia para J. Quintana,PASAJE AÉREO(1849200) PASAJE AÉREO,1.0,,CLP,129990.0,,
612-70-CM24,,2024-01-29T16:29:53Z,,,,,SERVICIO AGRICOLA Y GANADERO | Servicio Agricola y Ganadero (SAG central),613080007,,Región Metropolitana de Santiago,,AGENCIA DE VIAJES TURAVION SPA | Turavion SpA,809894002,,Región Metropolitana de Santiago,,,,,1849900,DPAFS SC NO PAC 58-2024 Pasaje a Valdivia para J. Quintana,TASA DE EMBARQUE(1849900) TASA DE EMBARQUE,1.0,,CLP,18156.0,,
612-75-CM24,,2024-01-30T17:22:42Z,,,,,SERVICIO AGRICOLA Y GANADERO | Servicio Agricola y Ganadero (SAG central),613080007,,Región Metropolitana de Santiago,,AGENCIA DE VIAJES TURAVION SPA | Turavion SpA,809894002,,Región Metropolitana de Santiago,,,,,1830024,SEGURO DNA SC NO PAC 57-2024 Pasajes Aéreos Stgo/ Ciudad de México/Manzanillo/Ciudad de México/ Stgo para el Director Nacional y subdirector de operaciones.,SEGURO DE VIAJE INTERNACIONAL ADULTO  - CARIBE - MÉXICO 5 A 30 DÍAS(1830024) SEGURO DE VIAJE INTERNACIONAL ADULTO  - CARIBE - MÉXICO 5 A 30 DÍAS,1.0,,CLP,10680.0,,
612-75-CM24,,2024-01-30T17:22:42Z,,,,,SERVICIO AGRICOLA Y GANADERO | Servicio Agricola y Ganadero (SAG central),613080007,,Región Metropolitana de Santiago,,AGENCIA DE VIAJES TURAVION SPA | Turavion SpA,809894002,,Región Metropolitana de Santiago,,,,,1830024,SEGURO DNA SC NO PAC 57-2024 Pasajes Aéreos Stgo/ Ciudad de México/Manzanillo/Ciudad de México/ Stgo para el Director Nacional y subdirector de operaciones.,SEGURO DE VIAJE INTERNACIONAL ADULTO  - CARIBE - MÉXICO 5 A 30 DÍAS(1830024) SEGURO DE VIAJE INTERNACIONAL ADULTO  - CARIBE - MÉXICO 5 A 30 DÍAS,1.0,,CLP,10680.0,,
618641-29-CM24,,2024-01-31T10:34:22Z,,,,,I MUNICIPALIDAD DE CASABLANCA | CENTRO CULTURAL,690614006,,Región de Valparaíso ,,AGENCIA DE VIAJES TURAVION SPA | Turavion SpA,809894002,,Región Metropolitana de Santiago,,,,,1849200,Adquisición 03 pasajes aéreos delegación de México. Payadores 2024,PASAJE AÉREO(1849200) PASAJE AÉREO,1.0,,CLP,1460186.0,,
618641-29-CM24,,2024-01-31T10:34:22Z,,,,,I MUNICIPALIDAD DE CASABLANCA | CENTRO CULTURAL,690614006,,Región de Valparaíso ,,AGENCIA DE VIAJES TURAVION SPA | Turavion SpA,809894002,,Región Metropolitana de Santiago,,,,,1849200,Adquisición 03 pasajes aéreos delegación de México. Payadores 2024,PASAJE AÉREO(1849200) PASAJE AÉREO,1.0,,CLP,1460186.0,,
618641-29-CM24,,2024-01-31T10:34:22Z,,,,,I MUNICIPALIDAD DE CASABLANCA | CENTRO CULTURAL,690614006,,Región de Valparaíso ,,AGENCIA DE VIAJES TURAVION SPA | Turavion SpA,809894002,,Región Metropolitana de Santiago,,,,,1849200,Adquisición 03 pasajes aéreos delegación de México. Payadores 2024,PASAJE AÉREO(1849200) PASAJE AÉREO,1.0,,CLP,1460186.0,,
618641-29-CM24,,2024-01-31T10:34:22Z,,,,,I MUNICIPALIDAD DE CASABLANCA | CENTRO CULTURAL,690614006,,Región de Valparaíso ,,AGENCIA DE VIAJES TURAVION SPA | Turavion SpA,809894002,,Región Metropolitana de Santiago,,,,,1849900,Adquisición 03 pasajes aéreos delegación de México. Payadores 2024,TASA DE EMBARQUE(1849900) TASA DE EMBARQUE,1.0,,CLP,579888.0,,
618641-35-CM24,,2024-01-30T17:40:08Z,,,,,I MUNICIPALIDAD DE CASABLANCA | CENTRO CULTURAL,690614006,,Región de Valparaíso ,,AGENCIA DE VIAJES TURAVION SPA | Turavion SpA,809894002,,Región Metropolitana de Santiago,,,,,1849200,Adquisición 02 pasajes aéreos delegación de Brasil . Payadores 2024,PASAJE AÉREO(1849200) PASAJE AÉREO,1.0,,CLP,580567.0,,
618641-35-CM24,,2024-01-30T17:40:08Z,,,,,I MUNICIPALIDAD DE CASABLANCA | CENTRO CULTURAL,690614006,,Región de Valparaíso ,,AGENCIA DE VIAJES TURAVION SPA | Turavion SpA,809894002,,Región Metropolitana de Santiago,,,,,1849200,Adquisición 02 pasajes aéreos delegación de Brasil . Payadores 2024,PASAJE AÉREO(1849200) PASAJE AÉREO,1.0,,CLP,580567.0,,
618641-35-CM24,,2024-01-30T17:40:08Z,,,,,I MUNICIPALIDAD DE CASABLANCA | CENTRO CULTURAL,690614006,,Región de Valparaíso ,,AGENCIA DE VIAJES TURAVION SPA | Turavion SpA,809894002,,Región Metropolitana de Santiago,,,,,1849900,Adquisición 02 pasajes aéreos delegación de Brasil . Payadores 2024,TASA DE EMBARQUE(1849900) TASA DE EMBARQUE,1.0,,CLP,159486.0,,
618641-37-CM24,,2024-01-30T17:27:30Z,,,,,I MUNICIPALIDAD DE CASABLANCA | CENTRO CULTURAL,690614006,,Región de Valparaíso ,,AGENCIA DE VIAJES TURAVION SPA | Turavion SpA,809894002,,Región Metropolitana de Santiago,,,,,1849200,Adquisición 01 pasaje aéreo  delegación de Colombia (Medellín) . Payadores 2024,PASAJE AÉREO(1849200) PASAJE AÉREO,1.0,,CLP,848237.0,,
618641-37-CM24,,2024-01-30T17:27:30Z,,,,,I MUNICIPALIDAD DE CASABLANCA | CENTRO CULTURAL,690614006,,Región de Valparaíso ,,AGENCIA DE VIAJES TURAVION SPA | Turavion SpA,809894002,,Región Metropolitana de Santiago,,,,,1849900,Adquisición 01 pasaje aéreo  delegación de Colombia (Medellín) . Payadores 2024,TASA DE EMBARQUE(1849900) TASA DE EMBARQUE,1.0,,CLP,231142.0,,
618641-39-CM24,,2024-01-30T17:37:03Z,,,,,I MUNICIPALIDAD DE CASABLANCA | CENTRO CULTURAL,690614006,,Región de Valparaíso ,,AGENCIA DE VIAJES TURAVION SPA | Turavion SpA,809894002,,Región Metropolitana de Santiago,,,,,1849200,Adquisición 02 pasajes aéreos delegación de Colombia (Pereira). Payadores 2024,PASAJE AÉREO(1849200) PASAJE AÉREO,1.0,,CLP,949767.0,,
618641-39-CM24,,2024-01-30T17:37:03Z,,,,,I MUNICIPALIDAD DE CASABLANCA | CENTRO CULTURAL,690614006,,Región de Valparaíso ,,AGENCIA DE VIAJES TURAVION SPA | Turavion SpA,809894002,,Región Metropolitana de Santiago,,,,,1849200,Adquisición 02 pasajes aéreos delegación de Colombia (Pereira). Payadores 2024,PASAJE AÉREO(1849200) PASAJE AÉREO,1.0,,CLP,949767.0,,
618641-39-CM24,,2024-01-30T17:37:03Z,,,,,I MUNICIPALIDAD DE CASABLANCA | CENTRO CULTURAL,690614006,,Región de Valparaíso ,,AGENCIA DE VIAJES TURAVION SPA | Turavion SpA,809894002,,Región Metropolitana de Santiago,,,,,1849900,Adquisición 02 pasajes aéreos delegación de Colombia (Pereira). Payadores 2024,TASA DE EMBARQUE(1849900) TASA DE EMBARQUE,1.0,,CLP,516368.0,,
619-34-CM24,,2024-02-14T09:47:47Z,,,,,SUBSECRETARIA DEL MINISTERIO DE HACIENDA | SUBSECRETARIA DEL MINISTERIO DE HACIENDA,608010009,,Región Metropolitana de Santiago,,COMERCIAL RED OFFICE LIMITADA | Redoffice Region Metropolitana,770128706,,Región Metropolitana de Santiago,,,,,1920037,Adquisición de artículos de aseo,PAPEL HIGIÉNICO ELITE ALTO METRAJE DOBLE HOJA 6 ROLLOS 250 M 1 PAQUETE REGIÓN RM(1920037) PAPEL HIGIÉNICO ELITE ALTO METRAJE DOBLE HOJA 6 ROLLOS 250 M 1 PAQUETE REGIÓN RM,112.0,,CLP,9513.0,,
619-34-CM24,,2024-02-14T09:47:47Z,,,,,SUBSECRETARIA DEL MINISTERIO DE HACIENDA | SUBSECRETARIA DEL MINISTERIO DE HACIENDA,608010009,,Región Metropolitana de Santiago,,COMERCIAL RED OFFICE LIMITADA | Redoffice Region Metropolitana,770128706,,Región Metropolitana de Santiago,,,,,1923981,Adquisición de artículos de aseo,TOALLA DE PAPEL ELITE PROFESSIONAL DOBLE HOJA 200 M 2 ROLLOS REGIÓN RM(1923981) TOALLA DE PAPEL ELITE PROFESSIONAL DOBLE HOJA 200 M 2 ROLLOS REGIÓN RM,400.0,,CLP,6858.0,,
619-34-CM24,,2024-02-14T09:47:47Z,,,,,SUBSECRETARIA DEL MINISTERIO DE HACIENDA | SUBSECRETARIA DEL MINISTERIO DE HACIENDA,608010009,,Región Metropolitana de Santiago,,COMERCIAL RED OFFICE LIMITADA | Redoffice Region Metropolitana,770128706,,Región Metropolitana de Santiago,,,,,1924032,Adquisición de artículos de aseo,TOALLA DE PAPEL ELITE PROFESSIONAL INTERFOLIADA DOBLE HOJA 200 UN 1 PAQUETE REGIÓN RM(1924032) TOALLA DE PAPEL ELITE PROFESSIONAL INTERFOLIADA DOBLE HOJA 200 UN 1 PAQUETE REGIÓN RM,720.0,,CLP,1079.0,,
619-34-CM24,,2024-02-14T09:47:47Z,,,,,SUBSECRETARIA DEL MINISTERIO DE HACIENDA | SUBSECRETARIA DEL MINISTERIO DE HACIENDA,608010009,,Región Metropolitana de Santiago,,COMERCIAL RED OFFICE LIMITADA | Redoffice Region Metropolitana,770128706,,Región Metropolitana de Santiago,,,,,1942023,Adquisición de artículos de aseo,BOLSA DE BASURA VIRUTEX CARGA PESADA 110X120 CM 200 L ROLLO X 5 UNIDADES REGIÓN RM(1942023) BOLSA DE BASURA VIRUTEX CARGA PESADA 110X120 CM 200 L ROLLO X 5 UNIDADES REGIÓN RM,60.0,,CLP,2145.0,,
619-34-CM24,,2024-02-14T09:47:47Z,,,,,SUBSECRETARIA DEL MINISTERIO DE HACIENDA | SUBSECRETARIA DEL MINISTERIO DE HACIENDA,608010009,,Región Metropolitana de Santiago,,COMERCIAL RED OFFICE LIMITADA | Redoffice Region Metropolitana,770128706,,Región Metropolitana de Santiago,,,,,1910432,Adquisición de artículos de aseo,LIMPIADOR DE PISOS IMPEKE CONCENTRADO MULTIUSO BOTELLA 900 ML UNIDAD REGIÓN RM(1910432) LIMPIADOR DE PISOS IMPEKE CONCENTRADO MULTIUSO BOTELLA 900 ML UNIDAD REGIÓN RM,60.0,,CLP,691.0,,
619-34-CM24,,2024-02-14T09:47:47Z,,,,,SUBSECRETARIA DEL MINISTERIO DE HACIENDA | SUBSECRETARIA DEL MINISTERIO DE HACIENDA,608010009,,Región Metropolitana de Santiago,,COMERCIAL RED OFFICE LIMITADA | Redoffice Region Metropolitana,770128706,,Región Metropolitana de Santiago,,,,,1918252,Adquisición de artículos de aseo,PAÑO ABSORBENTE MULTIUSO VIRUTEX ALGODÓN 50X45 CM UNIDAD REGIÓN RM(1918252) PAÑO ABSORBENTE MULTIUSO VIRUTEX ALGODÓN 50X45 CM UNIDAD REGIÓN RM,60.0,,CLP,584.0,,
619-34-CM24,,2024-02-14T09:47:47Z,,,,,SUBSECRETARIA DEL MINISTERIO DE HACIENDA | SUBSECRETARIA DEL MINISTERIO DE HACIENDA,608010009,,Región Metropolitana de Santiago,,COMERCIAL RED OFFICE LIMITADA | Redoffice Region Metropolitana,770128706,,Región Metropolitana de Santiago,,,,,1910415,Adquisición de artículos de aseo,LIMPIADOR DE PISOS IGENIX DESINFECTANTE BOTELLA 900 ML UNIDAD REGIÓN RM(1910415) LIMPIADOR DE PISOS IGENIX DESINFECTANTE BOTELLA 900 ML UNIDAD REGIÓN RM,48.0,,CLP,820.0,,
619-34-CM24,,2024-02-14T09:47:47Z,,,,,SUBSECRETARIA DEL MINISTERIO DE HACIENDA | SUBSECRETARIA DEL MINISTERIO DE HACIENDA,608010009,,Región Metropolitana de Santiago,,COMERCIAL RED OFFICE LIMITADA | Redoffice Region Metropolitana,770128706,,Región Metropolitana de Santiago,,,,,1909276,Adquisición de artículos de aseo,LAVALOZAS CONCENTRADO LAVADO MANUAL TREMEX ANTIGRASA CÍTRICO 5000 ML UNIDAD REGIÓN RM(1909276) LAVALOZAS CONCENTRADO LAVADO MANUAL TREMEX ANTIGRASA CÍTRICO 5000 ML UNIDAD REGIÓN RM,4.0,,CLP,6129.0,,
619-34-CM24,,2024-02-14T09:47:47Z,,,,,SUBSECRETARIA DEL MINISTERIO DE HACIENDA | SUBSECRETARIA DEL MINISTERIO DE HACIENDA,608010009,,Región Metropolitana de Santiago,,COMERCIAL RED OFFICE LIMITADA | Redoffice Region Metropolitana,770128706,,Región Metropolitana de Santiago,,,,,1890559,Adquisición de artículos de aseo,BOLSA DE BASURA VIRUTEX PRO GRANDE 80X110 120 L PLANA PAQUETE X 10 UNIDADES REGIÓN RM(1890559) BOLSA DE BASURA VIRUTEX PRO GRANDE 80X110 120 L PLANA PAQUETE X 10 UNIDADES REGIÓN RM,60.0,,CLP,1247.0,,
619-34-CM24,,2024-02-14T09:47:47Z,,,,,SUBSECRETARIA DEL MINISTERIO DE HACIENDA | SUBSECRETARIA DEL MINISTERIO DE HACIENDA,608010009,,Región Metropolitana de Santiago,,COMERCIAL RED OFFICE LIMITADA | Redoffice Region Metropolitana,770128706,,Región Metropolitana de Santiago,,,,,1897155,Adquisición de artículos de aseo,"CLORO TRADICIONAL IMPEKE 2,62% 2000 ML UNIDAD REGIÓN RM(1897155) CLORO TRADICIONAL IMPEKE 2,62% 2000 ML UNIDAD REGIÓN RM",40.0,,CLP,993.0,,
625-142-CM24,,2024-02-18T12:53:52Z,,,,,FUERZA AEREA DE CHILE COMANDO LOGISTICO | Escuadrilla de Abastecimiento BALCE,611030355,,Región Metropolitana de Santiago,,COMERCIALIZADORA TD TODO EXPRESS LIMITADA | COMERCIALIZADORA TD TODO EXPRESS LIMITADA,769675566,,Región Metropolitana de Santiago,,,,,1586649,301_12/7595/2024_art de gasfiteria,MONOBLOCK FAS LAVAMANOS NOVELLA UNIDAD(1586649) MONOBLOCK FAS LAVAMANOS NOVELLA UNIDAD,8.0,,CLP,17813.0,,
625-142-CM24,,2024-02-18T12:53:52Z,,,,,FUERZA AEREA DE CHILE COMANDO LOGISTICO | Escuadrilla de Abastecimiento BALCE,611030355,,Región Metropolitana de Santiago,,COMERCIALIZADORA TD TODO EXPRESS LIMITADA | COMERCIALIZADORA TD TODO EXPRESS LIMITADA,769675566,,Región Metropolitana de Santiago,,,,,1586665,301_12/7595/2024_art de gasfiteria,LLAVE LAVAMANOS FAS LC1-1001 UNIDAD(1586665) LLAVE LAVAMANOS FAS LC1-1001 UNIDAD,40.0,,CLP,10044.0,,
625-142-CM24,,2024-02-18T12:53:52Z,,,,,FUERZA AEREA DE CHILE COMANDO LOGISTICO | Escuadrilla de Abastecimiento BALCE,611030355,,Región Metropolitana de Santiago,,COMERCIALIZADORA TD TODO EXPRESS LIMITADA | COMERCIALIZADORA TD TODO EXPRESS LIMITADA,769675566,,Región Metropolitana de Santiago,,,,,1634273,301_12/7595/2024_art de gasfiteria,ACIDO MURIATICO QUÍMICA UNIVERSAL BIDON 5 L  UNIDAD(1634273) ACIDO MURIATICO QUÍMICA UNIVERSAL BIDON 5 L  UNIDAD,10.0,,CLP,1020.0,,
625-142-CM24,,2024-02-18T12:53:52Z,,,,,FUERZA AEREA DE CHILE COMANDO LOGISTICO | Escuadrilla de Abastecimiento BALCE,611030355,,Región Metropolitana de Santiago,,COMERCIALIZADORA TD TODO EXPRESS LIMITADA | COMERCIALIZADORA TD TODO EXPRESS LIMITADA,769675566,,Región Metropolitana de Santiago,,,,,1635768,301_12/7595/2024_art de gasfiteria,SILICONA SELLANTE SIKA SANISIL MULTIUSO 300 ML UNIDAD(1635768) SILICONA SELLANTE SIKA SANISIL MULTIUSO 300 ML UNIDAD,10.0,,CLP,2232.0,,
625-142-CM24,,2024-02-18T12:53:52Z,,,,,FUERZA AEREA DE CHILE COMANDO LOGISTICO | Escuadrilla de Abastecimiento BALCE,611030355,,Región Metropolitana de Santiago,,COMERCIALIZADORA TD TODO EXPRESS LIMITADA | COMERCIALIZADORA TD TODO EXPRESS LIMITADA,769675566,,Región Metropolitana de Santiago,,,,,1586236,301_12/7595/2024_art de gasfiteria,"SIFON TIGRE LAVATORIO SALIDA RECTA 1 1/4"" UNIDAD(1586236) SIFON TIGRE LAVATORIO SALIDA RECTA 1 1/4"" UNIDAD",30.0,,CLP,1822.0,,
625-142-CM24,,2024-02-18T12:53:52Z,,,,,FUERZA AEREA DE CHILE COMANDO LOGISTICO | Escuadrilla de Abastecimiento BALCE,611030355,,Región Metropolitana de Santiago,,COMERCIALIZADORA TD TODO EXPRESS LIMITADA | COMERCIALIZADORA TD TODO EXPRESS LIMITADA,769675566,,Región Metropolitana de Santiago,,,,,1586240,301_12/7595/2024_art de gasfiteria,"TEFLON STRETTO CINTA 3/4"" X 10 M UNIDAD(1586240) TEFLON STRETTO CINTA 3/4"" X 10 M UNIDAD",20.0,,CLP,368.0,,
625-142-CM24,,2024-02-18T12:53:52Z,,,,,FUERZA AEREA DE CHILE COMANDO LOGISTICO | Escuadrilla de Abastecimiento BALCE,611030355,,Región Metropolitana de Santiago,,COMERCIALIZADORA TD TODO EXPRESS LIMITADA | COMERCIALIZADORA TD TODO EXPRESS LIMITADA,769675566,,Región Metropolitana de Santiago,,,,,1586661,301_12/7595/2024_art de gasfiteria,"DUCHA TELEFONO DUSCHY EUROMIX 1,50 M UNIDAD(1586661) DUCHA TELEFONO DUSCHY EUROMIX 1,50 M UNIDAD",10.0,,CLP,5731.0,,
625-142-CM24,,2024-02-18T12:53:52Z,,,,,FUERZA AEREA DE CHILE COMANDO LOGISTICO | Escuadrilla de Abastecimiento BALCE,611030355,,Región Metropolitana de Santiago,,COMERCIALIZADORA TD TODO EXPRESS LIMITADA | COMERCIALIZADORA TD TODO EXPRESS LIMITADA,769675566,,Región Metropolitana de Santiago,,,,,1586243,301_12/7595/2024_art de gasfiteria,"TERMINAL BRONCE STRETTO SO-HE 1/2 X 3/4"" UNIDAD(1586243) TERMINAL BRONCE STRETTO SO-HE 1/2 X 3/4"" UNIDAD",20.0,,CLP,1562.0,,
625-142-CM24,,2024-02-18T12:53:52Z,,,,,FUERZA AEREA DE CHILE COMANDO LOGISTICO | Escuadrilla de Abastecimiento BALCE,611030355,,Región Metropolitana de Santiago,,COMERCIALIZADORA TD TODO EXPRESS LIMITADA | COMERCIALIZADORA TD TODO EXPRESS LIMITADA,769675566,,Región Metropolitana de Santiago,,,,,1586246,301_12/7595/2024_art de gasfiteria,"TERMINAL BRONCE TAUMM SO-HI 1/2"" UNIDAD(1586246) TERMINAL BRONCE TAUMM SO-HI 1/2"" UNIDAD",20.0,,CLP,550.0,,
625-142-CM24,,2024-02-18T12:53:52Z,,,,,FUERZA AEREA DE CHILE COMANDO LOGISTICO | Escuadrilla de Abastecimiento BALCE,611030355,,Región Metropolitana de Santiago,,COMERCIALIZADORA TD TODO EXPRESS LIMITADA | COMERCIALIZADORA TD TODO EXPRESS LIMITADA,769675566,,Región Metropolitana de Santiago,,,,,1586218,301_12/7595/2024_art de gasfiteria,"LLAVE DE AGUA BRONZZO BOLA JARDIN 1/2"" UNIDAD(1586218) LLAVE DE AGUA BRONZZO BOLA JARDIN 1/2"" UNIDAD",3.0,,CLP,2131.0,,
625-142-CM24,,2024-02-18T12:53:52Z,,,,,FUERZA AEREA DE CHILE COMANDO LOGISTICO | Escuadrilla de Abastecimiento BALCE,611030355,,Región Metropolitana de Santiago,,COMERCIALIZADORA TD TODO EXPRESS LIMITADA | COMERCIALIZADORA TD TODO EXPRESS LIMITADA,769675566,,Región Metropolitana de Santiago,,,,,1586200,301_12/7595/2024_art de gasfiteria,CAÑERIA TIGRE TUBO PVC HIDRAULICO 25 MM X 6 M C10 UNIDAD(1586200) CAÑERIA TIGRE TUBO PVC HIDRAULICO 25 MM X 6 M C10 UNIDAD,10.0,,CLP,1813.0,,
625-142-CM24,,2024-02-18T12:53:52Z,,,,,FUERZA AEREA DE CHILE COMANDO LOGISTICO | Escuadrilla de Abastecimiento BALCE,611030355,,Región Metropolitana de Santiago,,COMERCIALIZADORA TD TODO EXPRESS LIMITADA | COMERCIALIZADORA TD TODO EXPRESS LIMITADA,769675566,,Región Metropolitana de Santiago,,,,,1586154,301_12/7595/2024_art de gasfiteria,FLAPPER ESTANQUE INODORO CORSOVALV A4101 GOMA PVC AZUL CON CADENA METÁLICA UNIDAD(1586154) FLAPPER ESTANQUE INODORO CORSOVALV A4101 GOMA PVC AZUL CON CADENA METÁLICA UNIDAD,20.0,,CLP,1244.0,,
625-142-CM24,,2024-02-18T12:53:52Z,,,,,FUERZA AEREA DE CHILE COMANDO LOGISTICO | Escuadrilla de Abastecimiento BALCE,611030355,,Región Metropolitana de Santiago,,COMERCIALIZADORA TD TODO EXPRESS LIMITADA | COMERCIALIZADORA TD TODO EXPRESS LIMITADA,769675566,,Región Metropolitana de Santiago,,,,,1586199,301_12/7595/2024_art de gasfiteria,CAÑERIA NOVOPLAST TUBO SANITARIO PVC 40 MM X 6 M UNIDAD(1586199) CAÑERIA NOVOPLAST TUBO SANITARIO PVC 40 MM X 6 M UNIDAD,3.0,,CLP,2525.0,,
625-142-CM24,,2024-02-18T12:53:52Z,,,,,FUERZA AEREA DE CHILE COMANDO LOGISTICO | Escuadrilla de Abastecimiento BALCE,611030355,,Región Metropolitana de Santiago,,COMERCIALIZADORA TD TODO EXPRESS LIMITADA | COMERCIALIZADORA TD TODO EXPRESS LIMITADA,769675566,,Región Metropolitana de Santiago,,,,,1635436,301_12/7595/2024_art de gasfiteria,TUBERIA EMT PPR   20 MM X 6M UNIDAD(1635436) TUBERIA EMT PPR   20 MM X 6M UNIDAD,10.0,,CLP,3657.0,,
625-142-CM24,,2024-02-18T12:53:52Z,,,,,FUERZA AEREA DE CHILE COMANDO LOGISTICO | Escuadrilla de Abastecimiento BALCE,611030355,,Región Metropolitana de Santiago,,COMERCIALIZADORA TD TODO EXPRESS LIMITADA | COMERCIALIZADORA TD TODO EXPRESS LIMITADA,769675566,,Región Metropolitana de Santiago,,,,,1586909,301_12/7595/2024_art de gasfiteria,COMBINACION FAS LAVAPLATOS CC-7-6001  UNIDAD(1586909) COMBINACION FAS LAVAPLATOS CC-7-6001  UNIDAD,8.0,,CLP,31170.0,,
625-142-CM24,,2024-02-18T12:53:52Z,,,,,FUERZA AEREA DE CHILE COMANDO LOGISTICO | Escuadrilla de Abastecimiento BALCE,611030355,,Región Metropolitana de Santiago,,COMERCIALIZADORA TD TODO EXPRESS LIMITADA | COMERCIALIZADORA TD TODO EXPRESS LIMITADA,769675566,,Región Metropolitana de Santiago,,,,,1586657,301_12/7595/2024_art de gasfiteria,MONOMANDO TEKA LAVAMANOS MC-9 PLUS UNIDAD(1586657) MONOMANDO TEKA LAVAMANOS MC-9 PLUS UNIDAD,8.0,,CLP,28579.0,,
625-142-CM24,,2024-02-18T12:53:52Z,,,,,FUERZA AEREA DE CHILE COMANDO LOGISTICO | Escuadrilla de Abastecimiento BALCE,611030355,,Región Metropolitana de Santiago,,COMERCIALIZADORA TD TODO EXPRESS LIMITADA | COMERCIALIZADORA TD TODO EXPRESS LIMITADA,769675566,,Región Metropolitana de Santiago,,,,,1586666,301_12/7595/2024_art de gasfiteria,LLAVE LAVAMANOS NIBSA STANDAR PUYEHUE UNIDAD(1586666) LLAVE LAVAMANOS NIBSA STANDAR PUYEHUE UNIDAD,8.0,,CLP,7786.0,,
625-142-CM24,,2024-02-18T12:53:52Z,,,,,FUERZA AEREA DE CHILE COMANDO LOGISTICO | Escuadrilla de Abastecimiento BALCE,611030355,,Región Metropolitana de Santiago,,COMERCIALIZADORA TD TODO EXPRESS LIMITADA | COMERCIALIZADORA TD TODO EXPRESS LIMITADA,769675566,,Región Metropolitana de Santiago,,,,,1586159,301_12/7595/2024_art de gasfiteria,MANILLA ESTANQUE INODORO FANALOZA PLASTICA CROMADA UNIDAD(1586159) MANILLA ESTANQUE INODORO FANALOZA PLASTICA CROMADA UNIDAD,20.0,,CLP,1319.0,,
625-142-CM24,,2024-02-18T12:53:52Z,,,,,FUERZA AEREA DE CHILE COMANDO LOGISTICO | Escuadrilla de Abastecimiento BALCE,611030355,,Región Metropolitana de Santiago,,COMERCIALIZADORA TD TODO EXPRESS LIMITADA | COMERCIALIZADORA TD TODO EXPRESS LIMITADA,769675566,,Región Metropolitana de Santiago,,,,,1586224,301_12/7595/2024_art de gasfiteria,"LLAVE DE GAS STRETTO 228-ISO BRONCE HI-HE 1/2"" UNIDAD(1586224) LLAVE DE GAS STRETTO 228-ISO BRONCE HI-HE 1/2"" UNIDAD",15.0,,CLP,3703.0,,
625-142-CM24,,2024-02-18T12:53:52Z,,,,,FUERZA AEREA DE CHILE COMANDO LOGISTICO | Escuadrilla de Abastecimiento BALCE,611030355,,Región Metropolitana de Santiago,,COMERCIALIZADORA TD TODO EXPRESS LIMITADA | COMERCIALIZADORA TD TODO EXPRESS LIMITADA,769675566,,Región Metropolitana de Santiago,,,,,1586621,301_12/7595/2024_art de gasfiteria,"LLAVE DE JARDIN STRETTO HE 1/2"" UNIDAD(1586621) LLAVE DE JARDIN STRETTO HE 1/2"" UNIDAD",30.0,,CLP,3175.0,,
625-142-CM24,,2024-02-18T12:53:52Z,,,,,FUERZA AEREA DE CHILE COMANDO LOGISTICO | Escuadrilla de Abastecimiento BALCE,611030355,,Región Metropolitana de Santiago,,COMERCIALIZADORA TD TODO EXPRESS LIMITADA | COMERCIALIZADORA TD TODO EXPRESS LIMITADA,769675566,,Región Metropolitana de Santiago,,,,,1586914,301_12/7595/2024_art de gasfiteria,MONOMANDO FAS LAVAPLATOS FLORENCIA UNIDAD(1586914) MONOMANDO FAS LAVAPLATOS FLORENCIA UNIDAD,10.0,,CLP,23244.0,,
625-142-CM24,,2024-02-18T12:53:52Z,,,,,FUERZA AEREA DE CHILE COMANDO LOGISTICO | Escuadrilla de Abastecimiento BALCE,611030355,,Región Metropolitana de Santiago,,COMERCIALIZADORA TD TODO EXPRESS LIMITADA | COMERCIALIZADORA TD TODO EXPRESS LIMITADA,769675566,,Región Metropolitana de Santiago,,,,,1586001,301_12/7595/2024_art de gasfiteria,ADHESIVO PARA PVC VINILIT TRADICIONAL TARRO 240 CC UNIDAD(1586001) ADHESIVO PARA PVC VINILIT TRADICIONAL TARRO 240 CC UNIDAD,10.0,,CLP,1892.0,,
625-156-CM24,,2024-02-14T09:47:47Z,,,,,FUERZA AEREA DE CHILE COMANDO LOGISTICO | Escuadrilla de Abastecimiento BALCE,611030355,,Región Metropolitana de Santiago,,NUTRISCO CHILE S.A | NUTRISCO,776432962,,Región Metropolitana de Santiago,,,,,1603154,"308 12-ALIM-00003, ALIMENTACIÓN",POUCH DE PESCADO SAN JOSÉ ATUN AL AGUA 1 K UNIDAD RM(1603154) POUCH DE PESCADO SAN JOSÉ ATUN AL AGUA 1 K UNIDAD RM,400.0,,CLP,6606.0,,
625-172-CM24,,2024-01-30T15:28:58Z,,,,,FUERZA AEREA DE CHILE COMANDO LOGISTICO | Escuadrilla de Abastecimiento BALCE,611030355,,Región Metropolitana de Santiago,,LA OFERTA COMERCIAL LTDA. | La Oferta,965321209,,Región Metropolitana de Santiago,,,,,1497027,"308 12-ALIM-00005, ALIMENTACIÓN",BEBIDA NORMAL COCA-COLA LATA 350 CC UNIDAD RM(1497027) BEBIDA NORMAL COCA-COLA LATA 350 CC UNIDAD RM,500.0,,CLP,692.0,,
625-172-CM24,,2024-01-30T15:28:58Z,,,,,FUERZA AEREA DE CHILE COMANDO LOGISTICO | Escuadrilla de Abastecimiento BALCE,611030355,,Región Metropolitana de Santiago,,LA OFERTA COMERCIAL LTDA. | La Oferta,965321209,,Región Metropolitana de Santiago,,,,,1445577,"308 12-ALIM-00005, ALIMENTACIÓN",BEBIDA NORMAL SPRITE LATA 350 CC UNIDAD RM(1445577) BEBIDA NORMAL SPRITE LATA 350 CC UNIDAD RM,500.0,,CLP,692.0,,
625-172-CM24,,2024-01-30T15:28:58Z,,,,,FUERZA AEREA DE CHILE COMANDO LOGISTICO | Escuadrilla de Abastecimiento BALCE,611030355,,Región Metropolitana de Santiago,,LA OFERTA COMERCIAL LTDA. | La Oferta,965321209,,Región Metropolitana de Santiago,,,,,1497267,"308 12-ALIM-00005, ALIMENTACIÓN",BEBIDA ZERO COCA-COLA LATA 350 CC UNIDAD RM(1497267) BEBIDA ZERO COCA-COLA LATA 350 CC UNIDAD RM,500.0,,CLP,692.0,,
628-29-CM24,,2024-01-31T12:25:44Z,,,,,SERVICIO NACIONAL DE LA MUJER Y LA EQUIDAD DE GENERO | Abastecimiento Central,601070006,,Región Metropolitana de Santiago,,AGENCIA DE VIAJES TURAVION SPA | Turavion SpA,809894002,,Región Metropolitana de Santiago,,,,,1849200,Pasaje aéreo Rocío Miranda Stgo-Valdivia-Stgo 12 y 13/02/24 VCM,PASAJE AÉREO(1849200) PASAJE AÉREO,1.0,,CLP,215980.0,,
628-29-CM24,,2024-01-31T12:25:44Z,,,,,SERVICIO NACIONAL DE LA MUJER Y LA EQUIDAD DE GENERO | Abastecimiento Central,601070006,,Región Metropolitana de Santiago,,AGENCIA DE VIAJES TURAVION SPA | Turavion SpA,809894002,,Región Metropolitana de Santiago,,,,,1849900,Pasaje aéreo Rocío Miranda Stgo-Valdivia-Stgo 12 y 13/02/24 VCM,TASA DE EMBARQUE(1849900) TASA DE EMBARQUE,1.0,,CLP,34979.0,,
633-104-CM24,,2024-01-30T16:21:49Z,,,,,CORP NACIONAL FORESTAL | Conaf - Oficina Central - Abastecimiento,613130004,,Región Metropolitana de Santiago,,AGENCIA DE VIAJES TURAVION SPA | Turavion SpA,809894002,,Región Metropolitana de Santiago,,,,,1849200,MEMO 485/2024 - Brigada Palma-24 (2),PASAJE AÉREO(1849200) PASAJE AÉREO,1.0,,CLP,81400.0,,
633-104-CM24,,2024-01-30T16:21:49Z,,,,,CORP NACIONAL FORESTAL | Conaf - Oficina Central - Abastecimiento,613130004,,Región Metropolitana de Santiago,,AGENCIA DE VIAJES TURAVION SPA | Turavion SpA,809894002,,Región Metropolitana de Santiago,,,,,1849200,MEMO 485/2024 - Brigada Palma-24 (2),PASAJE AÉREO(1849200) PASAJE AÉREO,1.0,,CLP,81400.0,,
633-104-CM24,,2024-01-30T16:21:49Z,,,,,CORP NACIONAL FORESTAL | Conaf - Oficina Central - Abastecimiento,613130004,,Región Metropolitana de Santiago,,AGENCIA DE VIAJES TURAVION SPA | Turavion SpA,809894002,,Región Metropolitana de Santiago,,,,,1849200,MEMO 485/2024 - Brigada Palma-24 (2),PASAJE AÉREO(1849200) PASAJE AÉREO,1.0,,CLP,81400.0,,
633-104-CM24,,2024-01-30T16:21:49Z,,,,,CORP NACIONAL FORESTAL | Conaf - Oficina Central - Abastecimiento,613130004,,Región Metropolitana de Santiago,,AGENCIA DE VIAJES TURAVION SPA | Turavion SpA,809894002,,Región Metropolitana de Santiago,,,,,1849200,MEMO 485/2024 - Brigada Palma-24 (2),PASAJE AÉREO(1849200) PASAJE AÉREO,1.0,,CLP,81400.0,,
633-104-CM24,,2024-01-30T16:21:49Z,,,,,CORP NACIONAL FORESTAL | Conaf - Oficina Central - Abastecimiento,613130004,,Región Metropolitana de Santiago,,AGENCIA DE VIAJES TURAVION SPA | Turavion SpA,809894002,,Región Metropolitana de Santiago,,,,,1849200,MEMO 485/2024 - Brigada Palma-24 (2),PASAJE AÉREO(1849200) PASAJE AÉREO,1.0,,CLP,81400.0,,
633-104-CM24,,2024-01-30T16:21:49Z,,,,,CORP NACIONAL FORESTAL | Conaf - Oficina Central - Abastecimiento,613130004,,Región Metropolitana de Santiago,,AGENCIA DE VIAJES TURAVION SPA | Turavion SpA,809894002,,Región Metropolitana de Santiago,,,,,1849900,MEMO 485/2024 - Brigada Palma-24 (2),TASA DE EMBARQUE(1849900) TASA DE EMBARQUE,1.0,,CLP,36120.0,,
643-38-CM24,,2024-01-30T17:47:06Z,,,,,SERVICIO DE VIVIENDA Y URBANIZACION V REGION | SERVIU V Región,618170004,,Región de Valparaíso ,,AGENCIA DE VIAJES TURAVION SPA | Turavion SpA,809894002,,Región Metropolitana de Santiago,,,,,1849200,ADQUISICIÓN PASAJES AEREOS ISLA DE PASCUA,PASAJE AÉREO(1849200) PASAJE AÉREO,1.0,,CLP,281186.0,,
643-38-CM24,,2024-01-30T17:47:06Z,,,,,SERVICIO DE VIVIENDA Y URBANIZACION V REGION | SERVIU V Región,618170004,,Región de Valparaíso ,,AGENCIA DE VIAJES TURAVION SPA | Turavion SpA,809894002,,Región Metropolitana de Santiago,,,,,1849900,ADQUISICIÓN PASAJES AEREOS ISLA DE PASCUA,TASA DE EMBARQUE(1849900) TASA DE EMBARQUE,1.0,,CLP,36288.0,,
643-58-CM24,,2024-01-30T17:43:29Z,,,,,SERVICIO DE VIVIENDA Y URBANIZACION V REGION | SERVIU V Región,618170004,,Región de Valparaíso ,,AGENCIA DE VIAJES TURAVION SPA | Turavion SpA,809894002,,Región Metropolitana de Santiago,,,,,1849200,PASAJES FUNCIONARIO DEPTO. TÉCNICO,PASAJE AÉREO(1849200) PASAJE AÉREO,1.0,,CLP,305937.0,,
643-58-CM24,,2024-01-30T17:43:29Z,,,,,SERVICIO DE VIVIENDA Y URBANIZACION V REGION | SERVIU V Región,618170004,,Región de Valparaíso ,,AGENCIA DE VIAJES TURAVION SPA | Turavion SpA,809894002,,Región Metropolitana de Santiago,,,,,1849900,PASAJES FUNCIONARIO DEPTO. TÉCNICO,TASA DE EMBARQUE(1849900) TASA DE EMBARQUE,1.0,,CLP,36600.0,,
647694-816-CM24,,2024-01-29T12:50:29Z,,,,,COMANDO DE APOYO A LA FUERZA | División de Personal - Pasajes y fletes,619801202,,Región Metropolitana de Santiago,,AGENCIA DE VIAJES TURAVION SPA | Turavion SpA,809894002,,Región Metropolitana de Santiago,,,,,1849200,Orden de Compra: 647694-816-CM24,PASAJE AÉREO(1849200) PASAJE AÉREO,1.0,,CLP,87420.0,,
647694-816-CM24,,2024-01-29T12:50:29Z,,,,,COMANDO DE APOYO A LA FUERZA | División de Personal - Pasajes y fletes,619801202,,Región Metropolitana de Santiago,,AGENCIA DE VIAJES TURAVION SPA | Turavion SpA,809894002,,Región Metropolitana de Santiago,,,,,1849200,Orden de Compra: 647694-816-CM24,PASAJE AÉREO(1849200) PASAJE AÉREO,1.0,,CLP,87420.0,,
647694-816-CM24,,2024-01-29T12:50:29Z,,,,,COMANDO DE APOYO A LA FUERZA | División de Personal - Pasajes y fletes,619801202,,Región Metropolitana de Santiago,,AGENCIA DE VIAJES TURAVION SPA | Turavion SpA,809894002,,Región Metropolitana de Santiago,,,,,1849200,Orden de Compra: 647694-816-CM24,PASAJE AÉREO(1849200) PASAJE AÉREO,1.0,,CLP,87420.0,,
647694-816-CM24,,2024-01-29T12:50:29Z,,,,,COMANDO DE APOYO A LA FUERZA | División de Personal - Pasajes y fletes,619801202,,Región Metropolitana de Santiago,,AGENCIA DE VIAJES TURAVION SPA | Turavion SpA,809894002,,Región Metropolitana de Santiago,,,,,1849200,Orden de Compra: 647694-816-CM24,PASAJE AÉREO(1849200) PASAJE AÉREO,1.0,,CLP,87420.0,,
647694-816-CM24,,2024-01-29T12:50:29Z,,,,,COMANDO DE APOYO A LA FUERZA | División de Personal - Pasajes y fletes,619801202,,Región Metropolitana de Santiago,,AGENCIA DE VIAJES TURAVION SPA | Turavion SpA,809894002,,Región Metropolitana de Santiago,,,,,1849200,Orden de Compra: 647694-816-CM24,PASAJE AÉREO(1849200) PASAJE AÉREO,1.0,,CLP,87420.0,,
647694-816-CM24,,2024-01-29T12:50:29Z,,,,,COMANDO DE APOYO A LA FUERZA | División de Personal - Pasajes y fletes,619801202,,Región Metropolitana de Santiago,,AGENCIA DE VIAJES TURAVION SPA | Turavion SpA,809894002,,Región Metropolitana de Santiago,,,,,1849200,Orden de Compra: 647694-816-CM24,PASAJE AÉREO(1849200) PASAJE AÉREO,1.0,,CLP,87420.0,,
647694-816-CM24,,2024-01-29T12:50:29Z,,,,,COMANDO DE APOYO A LA FUERZA | División de Personal - Pasajes y fletes,619801202,,Región Metropolitana de Santiago,,AGENCIA DE VIAJES TURAVION SPA | Turavion SpA,809894002,,Región Metropolitana de Santiago,,,,,1849900,Orden de Compra: 647694-816-CM24,TASA DE EMBARQUE(1849900) TASA DE EMBARQUE,1.0,,CLP,43344.0,,
647694-829-CM24,,2024-01-29T14:45:10Z,,,,,COMANDO DE APOYO A LA FUERZA | División de Personal - Pasajes y fletes,619801202,,Región Metropolitana de Santiago,,AGENCIA DE VIAJES TURAVION SPA | Turavion SpA,809894002,,Región Metropolitana de Santiago,,,,,1849200,Orden de Compra: 647694-829-CM24,PASAJE AÉREO(1849200) PASAJE AÉREO,1.0,,CLP,351840.0,,
647694-829-CM24,,2024-01-29T14:45:10Z,,,,,COMANDO DE APOYO A LA FUERZA | División de Personal - Pasajes y fletes,619801202,,Región Metropolitana de Santiago,,AGENCIA DE VIAJES TURAVION SPA | Turavion SpA,809894002,,Región Metropolitana de Santiago,,,,,1849900,Orden de Compra: 647694-829-CM24,TASA DE EMBARQUE(1849900) TASA DE EMBARQUE,1.0,,CLP,14448.0,,
647694-830-CM24,,2024-01-29T14:48:07Z,,,,,COMANDO DE APOYO A LA FUERZA | División de Personal - Pasajes y fletes,619801202,,Región Metropolitana de Santiago,,AGENCIA DE VIAJES TURAVION SPA | Turavion SpA,809894002,,Región Metropolitana de Santiago,,,,,1849900,Orden de Compra: 647694-830-CM24,TASA DE EMBARQUE(1849900) TASA DE EMBARQUE,1.0,,CLP,7224.0,,
647694-830-CM24,,2024-01-29T14:48:07Z,,,,,COMANDO DE APOYO A LA FUERZA | División de Personal - Pasajes y fletes,619801202,,Región Metropolitana de Santiago,,AGENCIA DE VIAJES TURAVION SPA | Turavion SpA,809894002,,Región Metropolitana de Santiago,,,,,1849200,Orden de Compra: 647694-830-CM24,PASAJE AÉREO(1849200) PASAJE AÉREO,1.0,,CLP,91420.0,,
647694-835-CM24,,2024-01-29T16:26:51Z,,,,,COMANDO DE APOYO A LA FUERZA | División de Personal - Pasajes y fletes,619801202,,Región Metropolitana de Santiago,,AGENCIA DE VIAJES TURAVION SPA | Turavion SpA,809894002,,Región Metropolitana de Santiago,,,,,1849200,Orden de Compra: 647694-835-CM24,PASAJE AÉREO(1849200) PASAJE AÉREO,1.0,,CLP,316810.0,,
647694-835-CM24,,2024-01-29T16:26:51Z,,,,,COMANDO DE APOYO A LA FUERZA | División de Personal - Pasajes y fletes,619801202,,Región Metropolitana de Santiago,,AGENCIA DE VIAJES TURAVION SPA | Turavion SpA,809894002,,Región Metropolitana de Santiago,,,,,1849900,Orden de Compra: 647694-835-CM24,TASA DE EMBARQUE(1849900) TASA DE EMBARQUE,1.0,,CLP,262811.0,,
647694-884-CM24,,2024-01-31T10:19:52Z,,,,,COMANDO DE APOYO A LA FUERZA | División de Personal - Pasajes y fletes,619801202,,Región Metropolitana de Santiago,,AGENCIA DE VIAJES TURAVION SPA | Turavion SpA,809894002,,Región Metropolitana de Santiago,,,,,1849200,Orden de Compra: 647694-884-CM24,PASAJE AÉREO(1849200) PASAJE AÉREO,1.0,,CLP,100420.0,,
647694-884-CM24,,2024-01-31T10:19:52Z,,,,,COMANDO DE APOYO A LA FUERZA | División de Personal - Pasajes y fletes,619801202,,Región Metropolitana de Santiago,,AGENCIA DE VIAJES TURAVION SPA | Turavion SpA,809894002,,Región Metropolitana de Santiago,,,,,1849200,Orden de Compra: 647694-884-CM24,PASAJE AÉREO(1849200) PASAJE AÉREO,1.0,,CLP,100420.0,,
647694-884-CM24,,2024-01-31T10:19:52Z,,,,,COMANDO DE APOYO A LA FUERZA | División de Personal - Pasajes y fletes,619801202,,Región Metropolitana de Santiago,,AGENCIA DE VIAJES TURAVION SPA | Turavion SpA,809894002,,Región Metropolitana de Santiago,,,,,1849200,Orden de Compra: 647694-884-CM24,PASAJE AÉREO(1849200) PASAJE AÉREO,1.0,,CLP,100420.0,,
647694-884-CM24,,2024-01-31T10:19:52Z,,,,,COMANDO DE APOYO A LA FUERZA | División de Personal - Pasajes y fletes,619801202,,Región Metropolitana de Santiago,,AGENCIA DE VIAJES TURAVION SPA | Turavion SpA,809894002,,Región Metropolitana de Santiago,,,,,1849200,Orden de Compra: 647694-884-CM24,PASAJE AÉREO(1849200) PASAJE AÉREO,1.0,,CLP,100420.0,,
647694-884-CM24,,2024-01-31T10:19:52Z,,,,,COMANDO DE APOYO A LA FUERZA | División de Personal - Pasajes y fletes,619801202,,Región Metropolitana de Santiago,,AGENCIA DE VIAJES TURAVION SPA | Turavion SpA,809894002,,Región Metropolitana de Santiago,,,,,1849200,Orden de Compra: 647694-884-CM24,PASAJE AÉREO(1849200) PASAJE AÉREO,1.0,,CLP,100420.0,,
647694-884-CM24,,2024-01-31T10:19:52Z,,,,,COMANDO DE APOYO A LA FUERZA | División de Personal - Pasajes y fletes,619801202,,Región Metropolitana de Santiago,,AGENCIA DE VIAJES TURAVION SPA | Turavion SpA,809894002,,Región Metropolitana de Santiago,,,,,1849900,Orden de Compra: 647694-884-CM24,TASA DE EMBARQUE(1849900) TASA DE EMBARQUE,1.0,,CLP,36120.0,,
647694-899-CM24,,2024-01-31T16:00:07Z,,,,,COMANDO DE APOYO A LA FUERZA | División de Personal - Pasajes y fletes,619801202,,Región Metropolitana de Santiago,,AGENCIA DE VIAJES TURAVION SPA | Turavion SpA,809894002,,Región Metropolitana de Santiago,,,,,1849200,Orden de Compra: 647694-899-CM24,PASAJE AÉREO(1849200) PASAJE AÉREO,1.0,,CLP,218820.0,,
647694-899-CM24,,2024-01-31T16:00:07Z,,,,,COMANDO DE APOYO A LA FUERZA | División de Personal - Pasajes y fletes,619801202,,Región Metropolitana de Santiago,,AGENCIA DE VIAJES TURAVION SPA | Turavion SpA,809894002,,Región Metropolitana de Santiago,,,,,1849900,Orden de Compra: 647694-899-CM24,TASA DE EMBARQUE(1849900) TASA DE EMBARQUE,1.0,,CLP,14448.0,,
647694-923-CM24,,2024-01-31T17:40:28Z,,,,,COMANDO DE APOYO A LA FUERZA | División de Personal - Pasajes y fletes,619801202,,Región Metropolitana de Santiago,,AGENCIA DE VIAJES TURAVION SPA | Turavion SpA,809894002,,Región Metropolitana de Santiago,,,,,1849200,Orden de Compra: 647694-923-CM24,PASAJE AÉREO(1849200) PASAJE AÉREO,1.0,,CLP,218820.0,,
647694-923-CM24,,2024-01-31T17:40:28Z,,,,,COMANDO DE APOYO A LA FUERZA | División de Personal - Pasajes y fletes,619801202,,Región Metropolitana de Santiago,,AGENCIA DE VIAJES TURAVION SPA | Turavion SpA,809894002,,Región Metropolitana de Santiago,,,,,1849900,Orden de Compra: 647694-923-CM24,TASA DE EMBARQUE(1849900) TASA DE EMBARQUE,1.0,,CLP,14448.0,,
647694-924-CM24,,2024-01-31T17:52:38Z,,,,,COMANDO DE APOYO A LA FUERZA | División de Personal - Pasajes y fletes,619801202,,Región Metropolitana de Santiago,,AGENCIA DE VIAJES TURAVION SPA | Turavion SpA,809894002,,Región Metropolitana de Santiago,,,,,1849200,Orden de Compra: 647694-924-CM24,PASAJE AÉREO(1849200) PASAJE AÉREO,1.0,,CLP,209820.0,,
647694-924-CM24,,2024-01-31T17:52:38Z,,,,,COMANDO DE APOYO A LA FUERZA | División de Personal - Pasajes y fletes,619801202,,Región Metropolitana de Santiago,,AGENCIA DE VIAJES TURAVION SPA | Turavion SpA,809894002,,Región Metropolitana de Santiago,,,,,1849900,Orden de Compra: 647694-924-CM24,TASA DE EMBARQUE(1849900) TASA DE EMBARQUE,1.0,,CLP,14448.0,,
647694-927-CM24,,2024-01-31T18:17:07Z,,,,,COMANDO DE APOYO A LA FUERZA | División de Personal - Pasajes y fletes,619801202,,Región Metropolitana de Santiago,,AGENCIA DE VIAJES TURAVION SPA | Turavion SpA,809894002,,Región Metropolitana de Santiago,,,,,1849200,Orden de Compra: 647694-927-CM24,PASAJE AÉREO(1849200) PASAJE AÉREO,1.0,,CLP,155920.0,,
647694-927-CM24,,2024-01-31T18:17:07Z,,,,,COMANDO DE APOYO A LA FUERZA | División de Personal - Pasajes y fletes,619801202,,Región Metropolitana de Santiago,,AGENCIA DE VIAJES TURAVION SPA | Turavion SpA,809894002,,Región Metropolitana de Santiago,,,,,1849900,Orden de Compra: 647694-927-CM24,TASA DE EMBARQUE(1849900) TASA DE EMBARQUE,1.0,,CLP,14448.0,,
647694-938-CM24,,2024-01-31T19:31:58Z,,,,,COMANDO DE APOYO A LA FUERZA | División de Personal - Pasajes y fletes,619801202,,Región Metropolitana de Santiago,,AGENCIA DE VIAJES TURAVION SPA | Turavion SpA,809894002,,Región Metropolitana de Santiago,,,,,1849200,Orden de Compra: 647694-938-CM24,PASAJE AÉREO(1849200) PASAJE AÉREO,1.0,,CLP,210720.0,,
647694-938-CM24,,2024-01-31T19:31:58Z,,,,,COMANDO DE APOYO A LA FUERZA | División de Personal - Pasajes y fletes,619801202,,Región Metropolitana de Santiago,,AGENCIA DE VIAJES TURAVION SPA | Turavion SpA,809894002,,Región Metropolitana de Santiago,,,,,1849200,Orden de Compra: 647694-938-CM24,PASAJE AÉREO(1849200) PASAJE AÉREO,1.0,,CLP,210720.0,,
647694-938-CM24,,2024-01-31T19:31:58Z,,,,,COMANDO DE APOYO A LA FUERZA | División de Personal - Pasajes y fletes,619801202,,Región Metropolitana de Santiago,,AGENCIA DE VIAJES TURAVION SPA | Turavion SpA,809894002,,Región Metropolitana de Santiago,,,,,1849200,Orden de Compra: 647694-938-CM24,PASAJE AÉREO(1849200) PASAJE AÉREO,1.0,,CLP,210720.0,,
647694-938-CM24,,2024-01-31T19:31:58Z,,,,,COMANDO DE APOYO A LA FUERZA | División de Personal - Pasajes y fletes,619801202,,Región Metropolitana de Santiago,,AGENCIA DE VIAJES TURAVION SPA | Turavion SpA,809894002,,Región Metropolitana de Santiago,,,,,1849200,Orden de Compra: 647694-938-CM24,PASAJE AÉREO(1849200) PASAJE AÉREO,1.0,,CLP,210720.0,,
647694-938-CM24,,2024-01-31T19:31:58Z,,,,,COMANDO DE APOYO A LA FUERZA | División de Personal - Pasajes y fletes,619801202,,Región Metropolitana de Santiago,,AGENCIA DE VIAJES TURAVION SPA | Turavion SpA,809894002,,Región Metropolitana de Santiago,,,,,1849200,Orden de Compra: 647694-938-CM24,PASAJE AÉREO(1849200) PASAJE AÉREO,1.0,,CLP,210720.0,,
647694-938-CM24,,2024-01-31T19:31:58Z,,,,,COMANDO DE APOYO A LA FUERZA | División de Personal - Pasajes y fletes,619801202,,Región Metropolitana de Santiago,,AGENCIA DE VIAJES TURAVION SPA | Turavion SpA,809894002,,Región Metropolitana de Santiago,,,,,1849900,Orden de Compra: 647694-938-CM24,TASA DE EMBARQUE(1849900) TASA DE EMBARQUE,1.0,,CLP,63655.0,,
647694-952-CM24,,2024-01-31T21:22:23Z,,,,,COMANDO DE APOYO A LA FUERZA | División de Personal - Pasajes y fletes,619801202,,Región Metropolitana de Santiago,,AGENCIA DE VIAJES TURAVION SPA | Turavion SpA,809894002,,Región Metropolitana de Santiago,,,,,1849200,Orden de Compra: 647694-952-CM24,PASAJE AÉREO(1849200) PASAJE AÉREO,1.0,,CLP,279540.0,,
647694-952-CM24,,2024-01-31T21:22:23Z,,,,,COMANDO DE APOYO A LA FUERZA | División de Personal - Pasajes y fletes,619801202,,Región Metropolitana de Santiago,,AGENCIA DE VIAJES TURAVION SPA | Turavion SpA,809894002,,Región Metropolitana de Santiago,,,,,1849200,Orden de Compra: 647694-952-CM24,PASAJE AÉREO(1849200) PASAJE AÉREO,1.0,,CLP,279540.0,,
647694-952-CM24,,2024-01-31T21:22:23Z,,,,,COMANDO DE APOYO A LA FUERZA | División de Personal - Pasajes y fletes,619801202,,Región Metropolitana de Santiago,,AGENCIA DE VIAJES TURAVION SPA | Turavion SpA,809894002,,Región Metropolitana de Santiago,,,,,1849900,Orden de Compra: 647694-952-CM24,TASA DE EMBARQUE(1849900) TASA DE EMBARQUE,1.0,,CLP,28896.0,,
654478-21-CM24,,2024-02-14T09:47:47Z,,,,,SUBSECRETARIA DE PREVENCION DEL DELITO | Subsecretaría de Prevención del Delito,619801407,,Región Metropolitana de Santiago,,SERVICIOS INTEGRADOS SIDAPT LIMITADA | SERVICIOS INTEGRADOS SIDAPT LTDA,762993589,,Región Metropolitana de Santiago,,,,,2032115,INSUMOS DE CAFETERÍA,AGUA MINERAL CON GAS CACHANTUN BOTELLA 600 CC UNIDAD RM(2032115) AGUA MINERAL CON GAS CACHANTUN BOTELLA 600 CC UNIDAD RM,360.0,,CLP,596.0,,
654478-21-CM24,,2024-02-14T09:47:47Z,,,,,SUBSECRETARIA DE PREVENCION DEL DELITO | Subsecretaría de Prevención del Delito,619801407,,Región Metropolitana de Santiago,,SERVICIOS INTEGRADOS SIDAPT LIMITADA | SERVICIOS INTEGRADOS SIDAPT LTDA,762993589,,Región Metropolitana de Santiago,,,,,1496877,INSUMOS DE CAFETERÍA,"BEBIDA LIGHT COCA-COLA BOTELLA 1,5 L  UNIDAD RM(1496877) BEBIDA LIGHT COCA-COLA BOTELLA 1,5 L  UNIDAD RM",72.0,,CLP,1467.0,,
654478-21-CM24,,2024-02-14T09:47:47Z,,,,,SUBSECRETARIA DE PREVENCION DEL DELITO | Subsecretaría de Prevención del Delito,619801407,,Región Metropolitana de Santiago,,SERVICIOS INTEGRADOS SIDAPT LIMITADA | SERVICIOS INTEGRADOS SIDAPT LTDA,762993589,,Región Metropolitana de Santiago,,,,,1497297,INSUMOS DE CAFETERÍA,BEBIDA ZERO COCA-COLA BOTELLA 591 CC UNIDAD RM(1497297) BEBIDA ZERO COCA-COLA BOTELLA 591 CC UNIDAD RM,120.0,,CLP,1044.0,,
654478-21-CM24,,2024-02-14T09:47:47Z,,,,,SUBSECRETARIA DE PREVENCION DEL DELITO | Subsecretaría de Prevención del Delito,619801407,,Región Metropolitana de Santiago,,SERVICIOS INTEGRADOS SIDAPT LIMITADA | SERVICIOS INTEGRADOS SIDAPT LTDA,762993589,,Región Metropolitana de Santiago,,,,,1493082,INSUMOS DE CAFETERÍA,CHOCOLATE SNICKERS BOLSA 53 G UNIDAD RM(1493082) CHOCOLATE SNICKERS BOLSA 53 G UNIDAD RM,100.0,,CLP,893.0,,
654478-21-CM24,,2024-02-14T09:47:47Z,,,,,SUBSECRETARIA DE PREVENCION DEL DELITO | Subsecretaría de Prevención del Delito,619801407,,Región Metropolitana de Santiago,,SERVICIOS INTEGRADOS SIDAPT LIMITADA | SERVICIOS INTEGRADOS SIDAPT LTDA,762993589,,Región Metropolitana de Santiago,,,,,1451502,INSUMOS DE CAFETERÍA,GALLETA DULCE COSTA FRAC CLASICA BOLSA 130 G UNIDAD RM(1451502) GALLETA DULCE COSTA FRAC CLASICA BOLSA 130 G UNIDAD RM,100.0,,CLP,490.0,,
654478-21-CM24,,2024-02-14T09:47:47Z,,,,,SUBSECRETARIA DE PREVENCION DEL DELITO | Subsecretaría de Prevención del Delito,619801407,,Región Metropolitana de Santiago,,SERVICIOS INTEGRADOS SIDAPT LIMITADA | SERVICIOS INTEGRADOS SIDAPT LTDA,762993589,,Región Metropolitana de Santiago,,,,,1451667,INSUMOS DE CAFETERÍA,GALLETA DULCE COSTA GRETEL CHOCOLATE BOLSA 85 G UNIDAD RM(1451667) GALLETA DULCE COSTA GRETEL CHOCOLATE BOLSA 85 G UNIDAD RM,100.0,,CLP,925.0,,
654478-21-CM24,,2024-02-14T09:47:47Z,,,,,SUBSECRETARIA DE PREVENCION DEL DELITO | Subsecretaría de Prevención del Delito,619801407,,Región Metropolitana de Santiago,,SERVICIOS INTEGRADOS SIDAPT LIMITADA | SERVICIOS INTEGRADOS SIDAPT LTDA,762993589,,Región Metropolitana de Santiago,,,,,1451712,INSUMOS DE CAFETERÍA,GALLETA DULCE COSTA MANTEQUILLA BOLSA 140 G 100 UNIDADES RM(1451712) GALLETA DULCE COSTA MANTEQUILLA BOLSA 140 G 100 UNIDADES RM,100.0,,CLP,654.0,,
654478-21-CM24,,2024-02-14T09:47:47Z,,,,,SUBSECRETARIA DE PREVENCION DEL DELITO | Subsecretaría de Prevención del Delito,619801407,,Región Metropolitana de Santiago,,SERVICIOS INTEGRADOS SIDAPT LIMITADA | SERVICIOS INTEGRADOS SIDAPT LTDA,762993589,,Región Metropolitana de Santiago,,,,,1451607,INSUMOS DE CAFETERÍA,GALLETA DULCE COSTA OBSESION BOLSA 85 G  UNIDAD RM(1451607) GALLETA DULCE COSTA OBSESION BOLSA 85 G  UNIDAD RM,60.0,,CLP,905.0,,
654478-21-CM24,,2024-02-14T09:47:47Z,,,,,SUBSECRETARIA DE PREVENCION DEL DELITO | Subsecretaría de Prevención del Delito,619801407,,Región Metropolitana de Santiago,,SERVICIOS INTEGRADOS SIDAPT LIMITADA | SERVICIOS INTEGRADOS SIDAPT LTDA,762993589,,Región Metropolitana de Santiago,,,,,1451547,INSUMOS DE CAFETERÍA,GALLETA DULCE COSTA TUAREG COCO BOLSA 120 G UNIDAD RM(1451547) GALLETA DULCE COSTA TUAREG COCO BOLSA 120 G UNIDAD RM,100.0,,CLP,572.0,,
654478-21-CM24,,2024-02-14T09:47:47Z,,,,,SUBSECRETARIA DE PREVENCION DEL DELITO | Subsecretaría de Prevención del Delito,619801407,,Región Metropolitana de Santiago,,SERVICIOS INTEGRADOS SIDAPT LIMITADA | SERVICIOS INTEGRADOS SIDAPT LTDA,762993589,,Región Metropolitana de Santiago,,,,,1490952,INSUMOS DE CAFETERÍA,JUGO LIQUIDO  VIVO NECTAR NARANJA CAJA 1 L UNIDAD RM(1490952) JUGO LIQUIDO  VIVO NECTAR NARANJA CAJA 1 L UNIDAD RM,24.0,,CLP,944.0,,
654478-21-CM24,,2024-02-14T09:47:47Z,,,,,SUBSECRETARIA DE PREVENCION DEL DELITO | Subsecretaría de Prevención del Delito,619801407,,Región Metropolitana de Santiago,,SERVICIOS INTEGRADOS SIDAPT LIMITADA | SERVICIOS INTEGRADOS SIDAPT LTDA,762993589,,Región Metropolitana de Santiago,,,,,1493727,INSUMOS DE CAFETERÍA,QUEQUE NUTRABIEN BROWNIE CHIP BOLSA 62 G UNIDAD RM(1493727) QUEQUE NUTRABIEN BROWNIE CHIP BOLSA 62 G UNIDAD RM,144.0,,CLP,620.0,,
654478-21-CM24,,2024-02-14T09:47:47Z,,,,,SUBSECRETARIA DE PREVENCION DEL DELITO | Subsecretaría de Prevención del Delito,619801407,,Región Metropolitana de Santiago,,SERVICIOS INTEGRADOS SIDAPT LIMITADA | SERVICIOS INTEGRADOS SIDAPT LTDA,762993589,,Región Metropolitana de Santiago,,,,,1493757,INSUMOS DE CAFETERÍA,QUEQUE NUTRABIEN MARMOL BOLSA 70 G UNIDAD RM(1493757) QUEQUE NUTRABIEN MARMOL BOLSA 70 G UNIDAD RM,144.0,,CLP,646.0,,
654478-21-CM24,,2024-02-14T09:47:47Z,,,,,SUBSECRETARIA DE PREVENCION DEL DELITO | Subsecretaría de Prevención del Delito,619801407,,Región Metropolitana de Santiago,,SERVICIOS INTEGRADOS SIDAPT LIMITADA | SERVICIOS INTEGRADOS SIDAPT LTDA,762993589,,Región Metropolitana de Santiago,,,,,1436217,INSUMOS DE CAFETERÍA,"STEVIA SACHET IANSA CERO K 0,5 G CAJA 100 UNIDADES RM(1436217) STEVIA SACHET IANSA CERO K 0,5 G CAJA 100 UNIDADES RM",4.0,,CLP,3689.0,,
680393-2-CM24,,2024-02-14T09:47:47Z,,,,,"COMANDO DE APOYO A LA FUERZA | División de Bienestar - Z.B. ""Iquique""",611010451,,Región de Tarapacá  ,,ARIZTIA COMERCIAL LIMITADA | ARIZTIA CONVENIO MARCO,836148002,,Región Metropolitana de Santiago,,,,,1475445,ADQUISICION DE CARNES ROJAS Y BLANCAS PARA LA ALIMENTACION DEL PERSONAL DE LA CASA DE HUESPEDES GRANADEROS DEPENDIENTE DE LA ZONA DE BIENETAR IQUIQUE,VACUNO MOLIDO CONGELADO - MG 10% BOLSA 1K UNIDAD IMPORTADO I REGION(1475445) VACUNO MOLIDO CONGELADO - MG 10% BOLSA 1K UNIDAD IMPORTADO I REGION,20.0,,CLP,5024.0,,
680393-2-CM24,,2024-02-14T09:47:47Z,,,,,"COMANDO DE APOYO A LA FUERZA | División de Bienestar - Z.B. ""Iquique""",611010451,,Región de Tarapacá  ,,ARIZTIA COMERCIAL LIMITADA | ARIZTIA CONVENIO MARCO,836148002,,Región Metropolitana de Santiago,,,,,1466175,ADQUISICION DE CARNES ROJAS Y BLANCAS PARA LA ALIMENTACION DEL PERSONAL DE LA CASA DE HUESPEDES GRANADEROS DEPENDIENTE DE LA ZONA DE BIENETAR IQUIQUE,FILETE DE POLLO CONGELADO - MARINADO BOLSA 1K UNIDAD NACIONAL I REGION(1466175) FILETE DE POLLO CONGELADO - MARINADO BOLSA 1K UNIDAD NACIONAL I REGION,40.0,,CLP,4998.0,,
680393-2-CM24,,2024-02-14T09:47:47Z,,,,,"COMANDO DE APOYO A LA FUERZA | División de Bienestar - Z.B. ""Iquique""",611010451,,Región de Tarapacá  ,,ARIZTIA COMERCIAL LIMITADA | ARIZTIA CONVENIO MARCO,836148002,,Región Metropolitana de Santiago,,,,,1510335,ADQUISICION DE CARNES ROJAS Y BLANCAS PARA LA ALIMENTACION DEL PERSONAL DE LA CASA DE HUESPEDES GRANADEROS DEPENDIENTE DE LA ZONA DE BIENETAR IQUIQUE,TRUTRO CORTO POLLO CONGELADO ARIZTIA MARINADO CAJA 11K APROX. UNIDAD I REGION(1510335) TRUTRO CORTO POLLO CONGELADO ARIZTIA MARINADO CAJA 11K APROX. UNIDAD I REGION,30.0,,CLP,4428.0,,
680393-2-CM24,,2024-02-14T09:47:47Z,,,,,"COMANDO DE APOYO A LA FUERZA | División de Bienestar - Z.B. ""Iquique""",611010451,,Región de Tarapacá  ,,ARIZTIA COMERCIAL LIMITADA | ARIZTIA CONVENIO MARCO,836148002,,Región Metropolitana de Santiago,,,,,1464285,ADQUISICION DE CARNES ROJAS Y BLANCAS PARA LA ALIMENTACION DEL PERSONAL DE LA CASA DE HUESPEDES GRANADEROS DEPENDIENTE DE LA ZONA DE BIENETAR IQUIQUE,CORTE POSTA NEGRA - MARINADO BOLSA 1K UNIDAD IMPORTADO I REGION(1464285) CORTE POSTA NEGRA - MARINADO BOLSA 1K UNIDAD IMPORTADO I REGION,40.0,,CLP,9813.0,,
680393-2-CM24,,2024-02-14T09:47:47Z,,,,,"COMANDO DE APOYO A LA FUERZA | División de Bienestar - Z.B. ""Iquique""",611010451,,Región de Tarapacá  ,,ARIZTIA COMERCIAL LIMITADA | ARIZTIA CONVENIO MARCO,836148002,,Región Metropolitana de Santiago,,,,,1462590,ADQUISICION DE CARNES ROJAS Y BLANCAS PARA LA ALIMENTACION DEL PERSONAL DE LA CASA DE HUESPEDES GRANADEROS DEPENDIENTE DE LA ZONA DE BIENETAR IQUIQUE,CHULETA CERDO CONGELADA - SIN MARINAR BOLSA 1K UNIDAD IMPORTADO I REGION(1462590) CHULETA CERDO CONGELADA - SIN MARINAR BOLSA 1K UNIDAD IMPORTADO I REGION,30.0,,CLP,4405.0,,
730566-25-CM24,,2024-01-30T16:05:48Z,,,,,SUBSECRETARIA DE EVALUACION SOCIAL | Subsecretaría de Evaluación Social,619802403,,Región Metropolitana de Santiago,,AGENCIA DE VIAJES TURAVION SPA | Turavion SpA,809894002,,Región Metropolitana de Santiago,,,,,1849200,Pasaje áereo /19743,PASAJE AÉREO(1849200) PASAJE AÉREO,1.0,,CLP,111980.0,,
730566-25-CM24,,2024-01-30T16:05:48Z,,,,,SUBSECRETARIA DE EVALUACION SOCIAL | Subsecretaría de Evaluación Social,619802403,,Región Metropolitana de Santiago,,AGENCIA DE VIAJES TURAVION SPA | Turavion SpA,809894002,,Región Metropolitana de Santiago,,,,,1849900,Pasaje áereo /19743,TASA DE EMBARQUE(1849900) TASA DE EMBARQUE,1.0,,CLP,36312.0,,
730736-14-CM24,,2024-03-15T10:12:17Z,,,,,I MUNICIPALIDAD DE PAREDONES | Adquisiciones,690909006,,Región del Libertador General Bernardo O´Higgins,,AGENCIA DE VIAJES TURAVION SPA | Turavion SpA,809894002,,Región Metropolitana de Santiago,,,,,1849200,PASAJES AÉREOS PARA ALCALDE Y 1 CONCEJAL POR PARTICIPACIÓN EN ESCUELA DE VERANO 2024,PASAJE AÉREO(1849200) PASAJE AÉREO,1.0,,CLP,240960.0,,
730736-14-CM24,,2024-03-15T10:12:17Z,,,,,I MUNICIPALIDAD DE PAREDONES | Adquisiciones,690909006,,Región del Libertador General Bernardo O´Higgins,,AGENCIA DE VIAJES TURAVION SPA | Turavion SpA,809894002,,Región Metropolitana de Santiago,,,,,1849200,PASAJES AÉREOS PARA ALCALDE Y 1 CONCEJAL POR PARTICIPACIÓN EN ESCUELA DE VERANO 2024,PASAJE AÉREO(1849200) PASAJE AÉREO,1.0,,CLP,240960.0,,
730736-14-CM24,,2024-03-15T10:12:17Z,,,,,I MUNICIPALIDAD DE PAREDONES | Adquisiciones,690909006,,Región del Libertador General Bernardo O´Higgins,,AGENCIA DE VIAJES TURAVION SPA | Turavion SpA,809894002,,Región Metropolitana de Santiago,,,,,1849900,PASAJES AÉREOS PARA ALCALDE Y 1 CONCEJAL POR PARTICIPACIÓN EN ESCUELA DE VERANO 2024,TASA DE EMBARQUE(1849900) TASA DE EMBARQUE,1.0,,CLP,25462.0,,
732-31-CM24,,2024-01-29T16:33:38Z,,,,,SUBSECRETARIA DEL MINISTERIO DE MINERIA | Ministerio de Minería - Subsecretaría,617010003,,Región Metropolitana de Santiago,,AGENCIA DE VIAJES TURAVION SPA | Turavion SpA,809894002,,Región Metropolitana de Santiago,,,,,1849200,COMPRA PASAJE AÉREO TRAMO SANTIAGO-CALAMA-SANTIAGO / PASAJERO: HORACIO DOUGLAS MADRID / DEL 29 DE ENERO AL 1 DE FEBRERO DE 2024,PASAJE AÉREO(1849200) PASAJE AÉREO,1.0,,CLP,351980.0,,
732-31-CM24,,2024-01-29T16:33:38Z,,,,,SUBSECRETARIA DEL MINISTERIO DE MINERIA | Ministerio de Minería - Subsecretaría,617010003,,Región Metropolitana de Santiago,,AGENCIA DE VIAJES TURAVION SPA | Turavion SpA,809894002,,Región Metropolitana de Santiago,,,,,1849900,COMPRA PASAJE AÉREO TRAMO SANTIAGO-CALAMA-SANTIAGO / PASAJERO: HORACIO DOUGLAS MADRID / DEL 29 DE ENERO AL 1 DE FEBRERO DE 2024,TASA DE EMBARQUE(1849900) TASA DE EMBARQUE,1.0,,CLP,36312.0,,
739-27-CM24,,2024-01-31T16:01:14Z,,,,,INSTITUTO DE DESARROLLO AGROPECUARIO | Unidad de Compra – Región de Valparaíso,613070001,,Región de Valparaíso ,,PROVEEDORES INTEGRALES PRISA S A | PRISA S A. - sucursal,965569405,,Región Metropolitana de Santiago,,,,,1911164,Adquisición de materiales de aseo. Indap R.Valparaíso.,"LIMPIADOR DE PISOS TREMEX PISOS FLOTANTES, MADERA O PARQUET BOTELLA 900 ML UNIDAD REGIÓN V(1911164) LIMPIADOR DE PISOS TREMEX PISOS FLOTANTES, MADERA O PARQUET BOTELLA 900 ML UNIDAD REGIÓN V",60.0,,CLP,1873.0,,
739-27-CM24,,2024-01-31T16:01:14Z,,,,,INSTITUTO DE DESARROLLO AGROPECUARIO | Unidad de Compra – Región de Valparaíso,613070001,,Región de Valparaíso ,,PROVEEDORES INTEGRALES PRISA S A | PRISA S A. - sucursal,965569405,,Región Metropolitana de Santiago,,,,,1890407,Adquisición de materiales de aseo. Indap R.Valparaíso.,BOLSA DE BASURA TREMEX PEQUEÑA 50X70 30 L ROLLO X 10 UNIDADES REGIÓN V(1890407) BOLSA DE BASURA TREMEX PEQUEÑA 50X70 30 L ROLLO X 10 UNIDADES REGIÓN V,500.0,,CLP,419.0,,
739-27-CM24,,2024-01-31T16:01:14Z,,,,,INSTITUTO DE DESARROLLO AGROPECUARIO | Unidad de Compra – Región de Valparaíso,613070001,,Región de Valparaíso ,,PROVEEDORES INTEGRALES PRISA S A | PRISA S A. - sucursal,965569405,,Región Metropolitana de Santiago,,,,,1889608,Adquisición de materiales de aseo. Indap R.Valparaíso.,BOLSA DE BASURA VIRUTEX CARGA PESADA 120X130 280 L ROLLO X 5 UNIDADES REGIÓN V(1889608) BOLSA DE BASURA VIRUTEX CARGA PESADA 120X130 280 L ROLLO X 5 UNIDADES REGIÓN V,120.0,,CLP,2492.0,,
739-27-CM24,,2024-01-31T16:01:14Z,,,,,INSTITUTO DE DESARROLLO AGROPECUARIO | Unidad de Compra – Región de Valparaíso,613070001,,Región de Valparaíso ,,PROVEEDORES INTEGRALES PRISA S A | PRISA S A. - sucursal,965569405,,Región Metropolitana de Santiago,,,,,1895711,Adquisición de materiales de aseo. Indap R.Valparaíso.,CERA PARA PISOS TREMEX LÍQUIDA BOTELLA 900 ML AUTO BRILLO INCOLORA UNIDAD REGIÓN V(1895711) CERA PARA PISOS TREMEX LÍQUIDA BOTELLA 900 ML AUTO BRILLO INCOLORA UNIDAD REGIÓN V,60.0,,CLP,1925.0,,
739-27-CM24,,2024-01-31T16:01:14Z,,,,,INSTITUTO DE DESARROLLO AGROPECUARIO | Unidad de Compra – Región de Valparaíso,613070001,,Región de Valparaíso ,,PROVEEDORES INTEGRALES PRISA S A | PRISA S A. - sucursal,965569405,,Región Metropolitana de Santiago,,,,,1897173,Adquisición de materiales de aseo. Indap R.Valparaíso.,"CLORO TRADICIONAL IMPEKE 2,62% 4000 ML UNIDAD REGIÓN V(1897173) CLORO TRADICIONAL IMPEKE 2,62% 4000 ML UNIDAD REGIÓN V",90.0,,CLP,2167.0,,
739-27-CM24,,2024-01-31T16:01:14Z,,,,,INSTITUTO DE DESARROLLO AGROPECUARIO | Unidad de Compra – Región de Valparaíso,613070001,,Región de Valparaíso ,,PROVEEDORES INTEGRALES PRISA S A | PRISA S A. - sucursal,965569405,,Región Metropolitana de Santiago,,,,,1898550,Adquisición de materiales de aseo. Indap R.Valparaíso.,DESODORANTE AMBIENTAL AROM AEROSOL 360 CC VAINILLA UNIDAD REGIÓN V(1898550) DESODORANTE AMBIENTAL AROM AEROSOL 360 CC VAINILLA UNIDAD REGIÓN V,120.0,,CLP,1207.0,,
739-27-CM24,,2024-01-31T16:01:14Z,,,,,INSTITUTO DE DESARROLLO AGROPECUARIO | Unidad de Compra – Región de Valparaíso,613070001,,Región de Valparaíso ,,PROVEEDORES INTEGRALES PRISA S A | PRISA S A. - sucursal,965569405,,Región Metropolitana de Santiago,,,,,1907543,Adquisición de materiales de aseo. Indap R.Valparaíso.,INSECTICIDA KILLER 1000 AEROSOL ARAÑAS/CUCARACHAS 360 CC UNIDAD REGIÓN V(1907543) INSECTICIDA KILLER 1000 AEROSOL ARAÑAS/CUCARACHAS 360 CC UNIDAD REGIÓN V,40.0,,CLP,1875.0,,
739-27-CM24,,2024-01-31T16:01:14Z,,,,,INSTITUTO DE DESARROLLO AGROPECUARIO | Unidad de Compra – Región de Valparaíso,613070001,,Región de Valparaíso ,,PROVEEDORES INTEGRALES PRISA S A | PRISA S A. - sucursal,965569405,,Región Metropolitana de Santiago,,,,,1908631,Adquisición de materiales de aseo. Indap R.Valparaíso.,LAVALOZAS CONCENTRADO LAVADO MANUAL EXCELL ANTIGRASA CÍTRICO 750 ML UNIDAD REGIÓN V(1908631) LAVALOZAS CONCENTRADO LAVADO MANUAL EXCELL ANTIGRASA CÍTRICO 750 ML UNIDAD REGIÓN V,90.0,,CLP,1154.0,,
739-27-CM24,,2024-01-31T16:01:14Z,,,,,INSTITUTO DE DESARROLLO AGROPECUARIO | Unidad de Compra – Región de Valparaíso,613070001,,Región de Valparaíso ,,PROVEEDORES INTEGRALES PRISA S A | PRISA S A. - sucursal,965569405,,Región Metropolitana de Santiago,,,,,1912439,Adquisición de materiales de aseo. Indap R.Valparaíso.,LÍQUIDO LIMPIAVIDRIOS TREMEX BOTELLA C/PULVERIZADOR 500 CC UNIDAD REGIÓN V(1912439) LÍQUIDO LIMPIAVIDRIOS TREMEX BOTELLA C/PULVERIZADOR 500 CC UNIDAD REGIÓN V,90.0,,CLP,1504.0,,
739-27-CM24,,2024-01-31T16:01:14Z,,,,,INSTITUTO DE DESARROLLO AGROPECUARIO | Unidad de Compra – Región de Valparaíso,613070001,,Región de Valparaíso ,,PROVEEDORES INTEGRALES PRISA S A | PRISA S A. - sucursal,965569405,,Región Metropolitana de Santiago,,,,,1945341,Adquisición de materiales de aseo. Indap R.Valparaíso.,CLORO GEL  TREMEX SIN AROMA BOTELLA 900 ML UNIDAD REGIÓN V(1945341) CLORO GEL  TREMEX SIN AROMA BOTELLA 900 ML UNIDAD REGIÓN V,100.0,,CLP,1724.0,,
739-27-CM24,,2024-01-31T16:01:14Z,,,,,INSTITUTO DE DESARROLLO AGROPECUARIO | Unidad de Compra – Región de Valparaíso,613070001,,Región de Valparaíso ,,PROVEEDORES INTEGRALES PRISA S A | PRISA S A. - sucursal,965569405,,Región Metropolitana de Santiago,,,,,1920038,Adquisición de materiales de aseo. Indap R.Valparaíso.,PAPEL HIGIÉNICO ELITE ALTO METRAJE DOBLE HOJA 6 ROLLOS 250 M 1 PAQUETE REGIÓN V(1920038) PAPEL HIGIÉNICO ELITE ALTO METRAJE DOBLE HOJA 6 ROLLOS 250 M 1 PAQUETE REGIÓN V,110.0,,CLP,13898.0,,
739-27-CM24,,2024-01-31T16:01:14Z,,,,,INSTITUTO DE DESARROLLO AGROPECUARIO | Unidad de Compra – Región de Valparaíso,613070001,,Región de Valparaíso ,,PROVEEDORES INTEGRALES PRISA S A | PRISA S A. - sucursal,965569405,,Región Metropolitana de Santiago,,,,,1926838,Adquisición de materiales de aseo. Indap R.Valparaíso.,TRAPERO REUTILIZABLE VIRUTEX ALGODÓN SIMPLE C/OJAL 50X50 CM UNIDAD REGIÓN V(1926838) TRAPERO REUTILIZABLE VIRUTEX ALGODÓN SIMPLE C/OJAL 50X50 CM UNIDAD REGIÓN V,80.0,,CLP,938.0,,
739-27-CM24,,2024-01-31T16:01:14Z,,,,,INSTITUTO DE DESARROLLO AGROPECUARIO | Unidad de Compra – Región de Valparaíso,613070001,,Región de Valparaíso ,,PROVEEDORES INTEGRALES PRISA S A | PRISA S A. - sucursal,965569405,,Región Metropolitana de Santiago,,,,,1932825,Adquisición de materiales de aseo. Indap R.Valparaíso.,JABÓN TREMEX AROMATICO LÍQUIDO DOYPACK 1000 ML UNIDAD REGIÓN V(1932825) JABÓN TREMEX AROMATICO LÍQUIDO DOYPACK 1000 ML UNIDAD REGIÓN V,90.0,,CLP,1661.0,,
739-27-CM24,,2024-01-31T16:01:14Z,,,,,INSTITUTO DE DESARROLLO AGROPECUARIO | Unidad de Compra – Región de Valparaíso,613070001,,Región de Valparaíso ,,PROVEEDORES INTEGRALES PRISA S A | PRISA S A. - sucursal,965569405,,Región Metropolitana de Santiago,,,,,1902035,Adquisición de materiales de aseo. Indap R.Valparaíso.,ESCOBILLÓN VIRUTEX PRO USO INTERIOR FIBRA MEDIA MANGO METÁLICO 30 CM UNIDAD REGIÓN V(1902035) ESCOBILLÓN VIRUTEX PRO USO INTERIOR FIBRA MEDIA MANGO METÁLICO 30 CM UNIDAD REGIÓN V,20.0,,CLP,1750.0,,
739-27-CM24,,2024-01-31T16:01:14Z,,,,,INSTITUTO DE DESARROLLO AGROPECUARIO | Unidad de Compra – Región de Valparaíso,613070001,,Región de Valparaíso ,,PROVEEDORES INTEGRALES PRISA S A | PRISA S A. - sucursal,965569405,,Región Metropolitana de Santiago,,,,,1903089,Adquisición de materiales de aseo. Indap R.Valparaíso.,ESPONJA FIBRO CHILE ACANALADA C/FIBRA ABRASIVA UNIDAD REGIÓN V(1903089) ESPONJA FIBRO CHILE ACANALADA C/FIBRA ABRASIVA UNIDAD REGIÓN V,120.0,,CLP,408.0,,
739-27-CM24,,2024-01-31T16:01:14Z,,,,,INSTITUTO DE DESARROLLO AGROPECUARIO | Unidad de Compra – Región de Valparaíso,613070001,,Región de Valparaíso ,,PROVEEDORES INTEGRALES PRISA S A | PRISA S A. - sucursal,965569405,,Región Metropolitana de Santiago,,,,,1918457,Adquisición de materiales de aseo. Indap R.Valparaíso.,PAÑO ABSORBENTE MULTIUSO VIRUTEX PRO RESISTENTE AL CLORO PAQUETE DE UNIDAD REGIÓN V(1918457) PAÑO ABSORBENTE MULTIUSO VIRUTEX PRO RESISTENTE AL CLORO PAQUETE DE UNIDAD REGIÓN V,90.0,,CLP,246.0,,
739-27-CM24,,2024-01-31T16:01:14Z,,,,,INSTITUTO DE DESARROLLO AGROPECUARIO | Unidad de Compra – Región de Valparaíso,613070001,,Región de Valparaíso ,,PROVEEDORES INTEGRALES PRISA S A | PRISA S A. - sucursal,965569405,,Región Metropolitana de Santiago,,,,,1923999,Adquisición de materiales de aseo. Indap R.Valparaíso.,TOALLA DE PAPEL ELITE PROFESSIONAL HOJA SIMPLE 250 M 2 ROLLOS REGIÓN V(1923999) TOALLA DE PAPEL ELITE PROFESSIONAL HOJA SIMPLE 250 M 2 ROLLOS REGIÓN V,120.0,,CLP,6110.0,,
759-77-CM24,,2024-01-30T15:40:46Z,,,,,SUBSECRETARIA DEL MINISTERIO DE JUSTICIA | Ministerio de justicia - Subsecretaría de Justicia,610010008,,Región Metropolitana de Santiago,,AGENCIA DE VIAJES TURAVION SPA | Turavion SpA,809894002,,Región Metropolitana de Santiago,,,,,1849200,PASAJES AÉREOS MARIO GONZALEZ - CONCEPCIÓN,PASAJE AÉREO(1849200) PASAJE AÉREO,1.0,,CLP,77980.0,,
759-77-CM24,,2024-01-30T15:40:46Z,,,,,SUBSECRETARIA DEL MINISTERIO DE JUSTICIA | Ministerio de justicia - Subsecretaría de Justicia,610010008,,Región Metropolitana de Santiago,,AGENCIA DE VIAJES TURAVION SPA | Turavion SpA,809894002,,Región Metropolitana de Santiago,,,,,1849900,PASAJES AÉREOS MARIO GONZALEZ - CONCEPCIÓN,TASA DE EMBARQUE(1849900) TASA DE EMBARQUE,1.0,,CLP,14448.0,,
765-29-CM24,,2024-01-29T17:04:30Z,,,,,CORP NACIONAL DE DESARROLLO INDIGENA | CORP NACIONAL DE DESARROLLO INDIGENA,723960002,,Región de la Araucanía ,,AGENCIA DE VIAJES TURAVION SPA | Turavion SpA,809894002,,Región Metropolitana de Santiago,,,,,1849200,Orden de Compra: 765-29-CM24,PASAJE AÉREO(1849200) PASAJE AÉREO,1.0,,CLP,390990.0,,
765-29-CM24,,2024-01-29T17:04:30Z,,,,,CORP NACIONAL DE DESARROLLO INDIGENA | CORP NACIONAL DE DESARROLLO INDIGENA,723960002,,Región de la Araucanía ,,AGENCIA DE VIAJES TURAVION SPA | Turavion SpA,809894002,,Región Metropolitana de Santiago,,,,,1849900,Orden de Compra: 765-29-CM24,TASA DE EMBARQUE(1849900) TASA DE EMBARQUE,1.0,,CLP,36312.0,,
765-31-CM24,,2024-01-29T17:11:17Z,,,,,CORP NACIONAL DE DESARROLLO INDIGENA | CORP NACIONAL DE DESARROLLO INDIGENA,723960002,,Región de la Araucanía ,,AGENCIA DE VIAJES TURAVION SPA | Turavion SpA,809894002,,Región Metropolitana de Santiago,,,,,1849200,Orden de Compra: 765-31-CM24,PASAJE AÉREO(1849200) PASAJE AÉREO,1.0,,CLP,214980.0,,
765-31-CM24,,2024-01-29T17:11:17Z,,,,,CORP NACIONAL DE DESARROLLO INDIGENA | CORP NACIONAL DE DESARROLLO INDIGENA,723960002,,Región de la Araucanía ,,AGENCIA DE VIAJES TURAVION SPA | Turavion SpA,809894002,,Región Metropolitana de Santiago,,,,,1849900,Orden de Compra: 765-31-CM24,TASA DE EMBARQUE(1849900) TASA DE EMBARQUE,1.0,,CLP,36312.0,,
775900-36-CM24,,2024-01-30T15:11:47Z,,,,,SUBSECRETARIA DEL MEDIO AMBIENTE | Pasajes Subsecretaría del Medio Ambiente,619799305,,Región Metropolitana de Santiago,,AGENCIA DE VIAJES TURAVION SPA | Turavion SpA,809894002,,Región Metropolitana de Santiago,,,,,1849200,Orden de Compra: 775900-36-CM24,PASAJE AÉREO(1849200) PASAJE AÉREO,1.0,,CLP,189990.0,,
775900-36-CM24,,2024-01-30T15:11:47Z,,,,,SUBSECRETARIA DEL MEDIO AMBIENTE | Pasajes Subsecretaría del Medio Ambiente,619799305,,Región Metropolitana de Santiago,,AGENCIA DE VIAJES TURAVION SPA | Turavion SpA,809894002,,Región Metropolitana de Santiago,,,,,1849900,Orden de Compra: 775900-36-CM24,TASA DE EMBARQUE(1849900) TASA DE EMBARQUE,1.0,,CLP,18300.0,,
776-99-CM24,,2024-02-14T09:47:47Z,,,,,PRESIDENCIA DE LA REPUBLICA | Presidencia de la República,600000004,,Región Metropolitana de Santiago,,SOSEG SPA | SOSEG,768975345,,Región del Biobío ,,,,,1634539,LRA - Elementos de Protección personal (EPP) para stock,GUANTES DE TRABAJO BUNKER CABRITILLA NATURAL SIN FORRO UNIDAD(1634539) GUANTES DE TRABAJO BUNKER CABRITILLA NATURAL SIN FORRO UNIDAD,250.0,,CLP,1100.0,,
776-99-CM24,,2024-02-14T09:47:47Z,,,,,PRESIDENCIA DE LA REPUBLICA | Presidencia de la República,600000004,,Región Metropolitana de Santiago,,SOSEG SPA | SOSEG,768975345,,Región del Biobío ,,,,,1634502,LRA - Elementos de Protección personal (EPP) para stock,GUANTES DE TRABAJO NINJA REBEL UNIDAD(1634502) GUANTES DE TRABAJO NINJA REBEL UNIDAD,250.0,,CLP,1490.0,,
776-99-CM24,,2024-02-14T09:47:47Z,,,,,PRESIDENCIA DE LA REPUBLICA | Presidencia de la República,600000004,,Región Metropolitana de Santiago,,SOSEG SPA | SOSEG,768975345,,Región del Biobío ,,,,,1839041,LRA - Elementos de Protección personal (EPP) para stock,ANTIPARRA SAFETY  STEELPRO SPY FLEX PLUS CLARO UNIDAD(1839041) ANTIPARRA SAFETY  STEELPRO SPY FLEX PLUS CLARO UNIDAD,250.0,,CLP,1775.0,,
776-99-CM24,,2024-02-14T09:47:47Z,,,,,PRESIDENCIA DE LA REPUBLICA | Presidencia de la República,600000004,,Región Metropolitana de Santiago,,SOSEG SPA | SOSEG,768975345,,Región del Biobío ,,,,,1634921,LRA - Elementos de Protección personal (EPP) para stock,GUANTES PROTECCION TERMICA HARDWORK EXTREME WEATHER THINSULATE 40 GRS UNIDAD(1634921) GUANTES PROTECCION TERMICA HARDWORK EXTREME WEATHER THINSULATE 40 GRS UNIDAD,10.0,,CLP,13775.0,,
776-99-CM24,,2024-02-14T09:47:47Z,,,,,PRESIDENCIA DE LA REPUBLICA | Presidencia de la República,600000004,,Región Metropolitana de Santiago,,SOSEG SPA | SOSEG,768975345,,Región del Biobío ,,,,,1586467,LRA - Elementos de Protección personal (EPP) para stock,GUANTES PROTECCION QUIMICA MEMPHIS PVC 14 UNIDAD(1586467) GUANTES PROTECCION QUIMICA MEMPHIS PVC 14 UNIDAD,100.0,,CLP,1107.0,,
778989-2-CM24,,2024-04-03T10:32:50Z,,,,,COMANDO DE APOYO A LA FUERZA | 3ra Brigada Acorazada La Concepción - 3RA BRIACO,650811909,,Región de Antofagasta ,,INVERSIONES LA REINA SPA | Com La Reina,762716798,,Región de Valparaíso ,,,,,1466731,Adquisicion de pan hallulla 100 Gramos (Rancho Centralizado),HALLULLA - NORMAL 100 G 1 KILO II REGION(1466731) HALLULLA - NORMAL 100 G 1 KILO II REGION,1700.0,,CLP,2022.0,,
836575-12-CM24,,2024-02-14T09:47:47Z,,,,,"COMANDO DE APOYO A LA FUERZA | División de Bienestar - ZB ""Región Metropolitana""",611010451,,Región Metropolitana de Santiago,,COMERCIAL SAN PABLO LIMITADA | comercial san pablo ltda.,797157309,,Región Metropolitana de Santiago,,,,,1470807,CRG COMPRA DE CARNES ROJAS Y BLANCAS,PAVO EN CUBOS - BOLSA 1K UNIDAD NACIONAL RM(1470807) PAVO EN CUBOS - BOLSA 1K UNIDAD NACIONAL RM,5.0,,CLP,9905.0,,
836575-12-CM24,,2024-02-14T09:47:47Z,,,,,"COMANDO DE APOYO A LA FUERZA | División de Bienestar - ZB ""Región Metropolitana""",611010451,,Región Metropolitana de Santiago,,COMERCIAL SAN PABLO LIMITADA | comercial san pablo ltda.,797157309,,Región Metropolitana de Santiago,,,,,1563162,CRG COMPRA DE CARNES ROJAS Y BLANCAS,CORTE POSTA ROSADA SYF AL VACIO SIN MARINAR 500 GRS UNIDAD IMPORTADO RM(1563162) CORTE POSTA ROSADA SYF AL VACIO SIN MARINAR 500 GRS UNIDAD IMPORTADO RM,20.0,,CLP,5645.0,,
836575-12-CM24,,2024-02-14T09:47:47Z,,,,,"COMANDO DE APOYO A LA FUERZA | División de Bienestar - ZB ""Región Metropolitana""",611010451,,Región Metropolitana de Santiago,,COMERCIAL SAN PABLO LIMITADA | comercial san pablo ltda.,797157309,,Región Metropolitana de Santiago,,,,,1562792,CRG COMPRA DE CARNES ROJAS Y BLANCAS,"CORTE SOBRECOSTILLA AG PORCIONADA SIN MARINAR 2,5 KG UNIDAD IMPORTADO RM(1562792) CORTE SOBRECOSTILLA AG PORCIONADA SIN MARINAR 2,5 KG UNIDAD IMPORTADO RM",4.0,,CLP,22934.0,,
836575-12-CM24,,2024-02-14T09:47:47Z,,,,,"COMANDO DE APOYO A LA FUERZA | División de Bienestar - ZB ""Región Metropolitana""",611010451,,Región Metropolitana de Santiago,,COMERCIAL SAN PABLO LIMITADA | comercial san pablo ltda.,797157309,,Región Metropolitana de Santiago,,,,,1463127,CRG COMPRA DE CARNES ROJAS Y BLANCAS,CORTE ASIENTO - SIN MARINAR BOLSA 1K UNIDAD IMPORTADO RM(1463127) CORTE ASIENTO - SIN MARINAR BOLSA 1K UNIDAD IMPORTADO RM,5.0,,CLP,12256.0,,
836575-12-CM24,,2024-02-14T09:47:47Z,,,,,"COMANDO DE APOYO A LA FUERZA | División de Bienestar - ZB ""Región Metropolitana""",611010451,,Región Metropolitana de Santiago,,COMERCIAL SAN PABLO LIMITADA | comercial san pablo ltda.,797157309,,Región Metropolitana de Santiago,,,,,1562563,CRG COMPRA DE CARNES ROJAS Y BLANCAS,CORTE PLATEADA AG PORCIONADA SIN MARINAR 2.5 KG UNIDAD IMPORTADO RM(1562563) CORTE PLATEADA AG PORCIONADA SIN MARINAR 2.5 KG UNIDAD IMPORTADO RM,8.0,,CLP,23390.0,,
836575-12-CM24,,2024-02-14T09:47:47Z,,,,,"COMANDO DE APOYO A LA FUERZA | División de Bienestar - ZB ""Región Metropolitana""",611010451,,Región Metropolitana de Santiago,,COMERCIAL SAN PABLO LIMITADA | comercial san pablo ltda.,797157309,,Región Metropolitana de Santiago,,,,,1471347,CRG COMPRA DE CARNES ROJAS Y BLANCAS,PECHUGA DESHUESADA POLLO CONGELADO - MARINADO BOLSA 1K UNIDAD NACIONAL RM(1471347) PECHUGA DESHUESADA POLLO CONGELADO - MARINADO BOLSA 1K UNIDAD NACIONAL RM,15.0,,CLP,4477.0,,
836575-12-CM24,,2024-02-14T09:47:47Z,,,,,"COMANDO DE APOYO A LA FUERZA | División de Bienestar - ZB ""Región Metropolitana""",611010451,,Región Metropolitana de Santiago,,COMERCIAL SAN PABLO LIMITADA | comercial san pablo ltda.,797157309,,Región Metropolitana de Santiago,,,,,1475172,CRG COMPRA DE CARNES ROJAS Y BLANCAS,VACUNO MOLIDO - 6% MATERIA GRASA BOLSA 1K UNIDAD NACIONAL RM(1475172) VACUNO MOLIDO - 6% MATERIA GRASA BOLSA 1K UNIDAD NACIONAL RM,6.0,,CLP,7733.0,,
836575-12-CM24,,2024-02-14T09:47:47Z,,,,,"COMANDO DE APOYO A LA FUERZA | División de Bienestar - ZB ""Región Metropolitana""",611010451,,Región Metropolitana de Santiago,,COMERCIAL SAN PABLO LIMITADA | comercial san pablo ltda.,797157309,,Región Metropolitana de Santiago,,,,,1444032,CRG COMPRA DE CARNES ROJAS Y BLANCAS,MERLUZA CONGELADA AUSTRAL FILETE MARIPOSA BOLSA 1K UNIDAD RM(1444032) MERLUZA CONGELADA AUSTRAL FILETE MARIPOSA BOLSA 1K UNIDAD RM,5.0,,CLP,9055.0,,
836578-8-CM24,,2024-01-30T16:06:48Z,,,,,COMANDO DE APOYO A LA FUERZA | División de Bienestar - Jefatura de Zonas,611010451,,Región Metropolitana de Santiago,,AGENCIA DE VIAJES TURAVION SPA | Turavion SpA,809894002,,Región Metropolitana de Santiago,,,,,1849200,PASAJE AÉREO,PASAJE AÉREO(1849200) PASAJE AÉREO,1.0,,CLP,241480.0,,
836578-8-CM24,,2024-01-30T16:06:48Z,,,,,COMANDO DE APOYO A LA FUERZA | División de Bienestar - Jefatura de Zonas,611010451,,Región Metropolitana de Santiago,,AGENCIA DE VIAJES TURAVION SPA | Turavion SpA,809894002,,Región Metropolitana de Santiago,,,,,1849900,PASAJE AÉREO,TASA DE EMBARQUE(1849900) TASA DE EMBARQUE,1.0,,CLP,36600.0,,
838102-11-CM24,,2024-02-14T09:47:47Z,,,,,"COMANDO DE APOYO A LA FUERZA | División de Bienestar - ZB ""Iquique"" BSoc",739238005,,Región de Tarapacá  ,,COOP AGRICOLA Y LECHERA DE LA UNION LTDA | Cooperativa Agricola y Lechera - Casa Matriz,810941006,,Región Metropolitana de Santiago,,,,,1456155,ADQUISICION DE MANTEQUILLA  PARA LA ATENCION DE LA CASA DE HUESPEDES GRANADEROS DEPENDIENTE DE LA ZONA DE BIENETAR IQUIQUE,MANTEQUILLA PORTION PACK COLUN 10 G CAJA 200 UNIDADES I REGION(1456155) MANTEQUILLA PORTION PACK COLUN 10 G CAJA 200 UNIDADES I REGION,35.0,,CLP,22285.0,,
838102-14-CM24,,2024-02-14T09:47:47Z,,,,,"COMANDO DE APOYO A LA FUERZA | División de Bienestar - ZB ""Iquique"" BSoc",739238005,,Región de Tarapacá  ,,IMPORTADORA Y ALIMENTOS ICB FOOD SERVICE SPA | IMPORTADORA Y ALIMENTOS ICB FOOD SERVICE LTDA.,779656209,,Región del Biobío ,,,,,1463835,ADQUISICION DE LOMO LISO-VETADO-PUNTA PALETA PARA LA CASA DE HUESPEDES GRANADEROS,CORTE LOMO VETADO - MARINADO BOLSA 1K UNIDAD IMPORTADO I REGION(1463835) CORTE LOMO VETADO - MARINADO BOLSA 1K UNIDAD IMPORTADO I REGION,90.0,,CLP,14105.0,,
838102-14-CM24,,2024-02-14T09:47:47Z,,,,,"COMANDO DE APOYO A LA FUERZA | División de Bienestar - ZB ""Iquique"" BSoc",739238005,,Región de Tarapacá  ,,IMPORTADORA Y ALIMENTOS ICB FOOD SERVICE SPA | IMPORTADORA Y ALIMENTOS ICB FOOD SERVICE LTDA.,779656209,,Región del Biobío ,,,,,1463730,ADQUISICION DE LOMO LISO-VETADO-PUNTA PALETA PARA LA CASA DE HUESPEDES GRANADEROS,CORTE LOMO LISO - MARINADO CAJA 100K UNIDAD I REGION(1463730) CORTE LOMO LISO - MARINADO CAJA 100K UNIDAD I REGION,90.0,,CLP,13450.0,,
838102-14-CM24,,2024-02-14T09:47:47Z,,,,,"COMANDO DE APOYO A LA FUERZA | División de Bienestar - ZB ""Iquique"" BSoc",739238005,,Región de Tarapacá  ,,IMPORTADORA Y ALIMENTOS ICB FOOD SERVICE SPA | IMPORTADORA Y ALIMENTOS ICB FOOD SERVICE LTDA.,779656209,,Región del Biobío ,,,,,1464810,ADQUISICION DE LOMO LISO-VETADO-PUNTA PALETA PARA LA CASA DE HUESPEDES GRANADEROS,CORTE PUNTA PALETA - MARINADO BOLSA 1K UNIDAD IMPORTADO I REGION(1464810) CORTE PUNTA PALETA - MARINADO BOLSA 1K UNIDAD IMPORTADO I REGION,110.0,,CLP,8100.0,,
838104-24-CM24,,2024-04-01T12:36:28Z,,,,,COMANDO DE APOYO A LA FUERZA | División de Bienestar ZB Región Metropolitana BSoc,739238005,,Región Metropolitana de Santiago,,COPEC S.A. | COPEC S.A.,995200007,,Región Metropolitana de Santiago,,,,,1944438,CRG COMPRA DE COMBUSTIBLE ,ESTACIÓN DE SERVICIO DIESEL REGIÓN METROPOLITANA DESCUENTO PESOS POR LITRO(1944438) ESTACIÓN DE SERVICIO DIESEL REGIÓN METROPOLITANA DESCUENTO PESOS POR LITRO,1.0,,CLP,2000000.0,,
838104-36-CM24,,2024-02-27T09:05:04Z,,,,,COMANDO DE APOYO A LA FUERZA | División de Bienestar ZB Región Metropolitana BSoc,739238005,,Región Metropolitana de Santiago,,SUPERMERCADO LA VERBENA | SUPERMERCADO LA VERBENA LIMITADA,842617006,,Región Metropolitana de Santiago,,,,,1480782,"CRTC COMPRA DE ABARROTES, CONGELADOS Y LACTEOS ",MANTEQUILLA PORTION PACK OSKU 10 G CAJA 240 UNIDADES RM(1480782) MANTEQUILLA PORTION PACK OSKU 10 G CAJA 240 UNIDADES RM,4.0,,CLP,38877.0,,
838104-36-CM24,,2024-02-27T09:05:04Z,,,,,COMANDO DE APOYO A LA FUERZA | División de Bienestar ZB Región Metropolitana BSoc,739238005,,Región Metropolitana de Santiago,,SUPERMERCADO LA VERBENA | SUPERMERCADO LA VERBENA LIMITADA,842617006,,Región Metropolitana de Santiago,,,,,1488357,"CRTC COMPRA DE ABARROTES, CONGELADOS Y LACTEOS ",HARINA SIN POLVOS MONT BLANC BOLSA 1K UNIDAD RM(1488357) HARINA SIN POLVOS MONT BLANC BOLSA 1K UNIDAD RM,120.0,,CLP,1607.0,,
838104-36-CM24,,2024-02-27T09:05:04Z,,,,,COMANDO DE APOYO A LA FUERZA | División de Bienestar ZB Región Metropolitana BSoc,739238005,,Región Metropolitana de Santiago,,SUPERMERCADO LA VERBENA | SUPERMERCADO LA VERBENA LIMITADA,842617006,,Región Metropolitana de Santiago,,,,,1462452,"CRTC COMPRA DE ABARROTES, CONGELADOS Y LACTEOS ",CHOCLO CONGELADO - BOLSA 1K UNIDAD RM(1462452) CHOCLO CONGELADO - BOLSA 1K UNIDAD RM,48.0,,CLP,2355.0,,
838104-36-CM24,,2024-02-27T09:05:04Z,,,,,COMANDO DE APOYO A LA FUERZA | División de Bienestar ZB Región Metropolitana BSoc,739238005,,Región Metropolitana de Santiago,,SUPERMERCADO LA VERBENA | SUPERMERCADO LA VERBENA LIMITADA,842617006,,Región Metropolitana de Santiago,,,,,1489947,"CRTC COMPRA DE ABARROTES, CONGELADOS Y LACTEOS ",HELADO SAVORY CASSATA TRES LECHES POTE 1 L UNIDAD RM(1489947) HELADO SAVORY CASSATA TRES LECHES POTE 1 L UNIDAD RM,120.0,,CLP,3216.0,,
838104-36-CM24,,2024-02-27T09:05:04Z,,,,,COMANDO DE APOYO A LA FUERZA | División de Bienestar ZB Región Metropolitana BSoc,739238005,,Región Metropolitana de Santiago,,SUPERMERCADO LA VERBENA | SUPERMERCADO LA VERBENA LIMITADA,842617006,,Región Metropolitana de Santiago,,,,,1458102,"CRTC COMPRA DE ABARROTES, CONGELADOS Y LACTEOS ",NUGGETS SUPER POLLO POLLO BOLSA 1K UNIDAD RM(1458102) NUGGETS SUPER POLLO POLLO BOLSA 1K UNIDAD RM,30.0,,CLP,5661.0,,
838104-36-CM24,,2024-02-27T09:05:04Z,,,,,COMANDO DE APOYO A LA FUERZA | División de Bienestar ZB Región Metropolitana BSoc,739238005,,Región Metropolitana de Santiago,,SUPERMERCADO LA VERBENA | SUPERMERCADO LA VERBENA LIMITADA,842617006,,Región Metropolitana de Santiago,,,,,1446567,"CRTC COMPRA DE ABARROTES, CONGELADOS Y LACTEOS ",PAN DE MOLDE IDEAL BLANCO GRAN SANDWICH BOLSA 700 G UNIDAD RM(1446567) PAN DE MOLDE IDEAL BLANCO GRAN SANDWICH BOLSA 700 G UNIDAD RM,100.0,,CLP,3734.0,,
838104-36-CM24,,2024-02-27T09:05:04Z,,,,,COMANDO DE APOYO A LA FUERZA | División de Bienestar ZB Región Metropolitana BSoc,739238005,,Región Metropolitana de Santiago,,SUPERMERCADO LA VERBENA | SUPERMERCADO LA VERBENA LIMITADA,842617006,,Región Metropolitana de Santiago,,,,,1456677,"CRTC COMPRA DE ABARROTES, CONGELADOS Y LACTEOS ",QUESO LAMINADO COLUN GOUDA BOLSA 1 K UNIDAD RM(1456677) QUESO LAMINADO COLUN GOUDA BOLSA 1 K UNIDAD RM,10.0,,CLP,9170.0,,
838104-36-CM24,,2024-02-27T09:05:04Z,,,,,COMANDO DE APOYO A LA FUERZA | División de Bienestar ZB Región Metropolitana BSoc,739238005,,Región Metropolitana de Santiago,,SUPERMERCADO LA VERBENA | SUPERMERCADO LA VERBENA LIMITADA,842617006,,Región Metropolitana de Santiago,,,,,1490532,"CRTC COMPRA DE ABARROTES, CONGELADOS Y LACTEOS ",SAL VENUS BOLSA 1K UNIDAD RM(1490532) SAL VENUS BOLSA 1K UNIDAD RM,20.0,,CLP,434.0,,
838104-36-CM24,,2024-02-27T09:05:04Z,,,,,COMANDO DE APOYO A LA FUERZA | División de Bienestar ZB Región Metropolitana BSoc,739238005,,Región Metropolitana de Santiago,,SUPERMERCADO LA VERBENA | SUPERMERCADO LA VERBENA LIMITADA,842617006,,Región Metropolitana de Santiago,,,,,1477617,"CRTC COMPRA DE ABARROTES, CONGELADOS Y LACTEOS ",HIELO FIESTA BOLSA 2K UNIDAD RM(1477617) HIELO FIESTA BOLSA 2K UNIDAD RM,50.0,,CLP,1338.0,,
838104-36-CM24,,2024-02-27T09:05:04Z,,,,,COMANDO DE APOYO A LA FUERZA | División de Bienestar ZB Región Metropolitana BSoc,739238005,,Región Metropolitana de Santiago,,SUPERMERCADO LA VERBENA | SUPERMERCADO LA VERBENA LIMITADA,842617006,,Región Metropolitana de Santiago,,,,,1461657,"CRTC COMPRA DE ABARROTES, CONGELADOS Y LACTEOS ",CEBOLLA FRESCA - BLANCA KILO APROX. RM(1461657) CEBOLLA FRESCA - BLANCA KILO APROX. RM,100.0,,CLP,702.0,,
838104-36-CM24,,2024-02-27T09:05:04Z,,,,,COMANDO DE APOYO A LA FUERZA | División de Bienestar ZB Región Metropolitana BSoc,739238005,,Región Metropolitana de Santiago,,SUPERMERCADO LA VERBENA | SUPERMERCADO LA VERBENA LIMITADA,842617006,,Región Metropolitana de Santiago,,,,,1433052,"CRTC COMPRA DE ABARROTES, CONGELADOS Y LACTEOS ",POROTO VERDE CONGELADO ALMIFRUT CORTE FRANCES BOLSA 1K UNIDAD RM(1433052) POROTO VERDE CONGELADO ALMIFRUT CORTE FRANCES BOLSA 1K UNIDAD RM,60.0,,CLP,2597.0,,
838104-36-CM24,,2024-02-27T09:05:04Z,,,,,COMANDO DE APOYO A LA FUERZA | División de Bienestar ZB Región Metropolitana BSoc,739238005,,Región Metropolitana de Santiago,,SUPERMERCADO LA VERBENA | SUPERMERCADO LA VERBENA LIMITADA,842617006,,Región Metropolitana de Santiago,,,,,1562535,"CRTC COMPRA DE ABARROTES, CONGELADOS Y LACTEOS ",MOSTAZA SACHET CAROZZI SACHET 8 GR. CAJA X 500 UNIDADES RM(1562535) MOSTAZA SACHET CAROZZI SACHET 8 GR. CAJA X 500 UNIDADES RM,2.0,,CLP,13586.0,,
838104-36-CM24,,2024-02-27T09:05:04Z,,,,,COMANDO DE APOYO A LA FUERZA | División de Bienestar ZB Región Metropolitana BSoc,739238005,,Región Metropolitana de Santiago,,SUPERMERCADO LA VERBENA | SUPERMERCADO LA VERBENA LIMITADA,842617006,,Región Metropolitana de Santiago,,,,,1563108,"CRTC COMPRA DE ABARROTES, CONGELADOS Y LACTEOS ",KETCHUP SACHET CAROZZI SACHET 8 GR. CAJA X 500 UNIDADES RM(1563108) KETCHUP SACHET CAROZZI SACHET 8 GR. CAJA X 500 UNIDADES RM,2.0,,CLP,14159.0,,
838104-36-CM24,,2024-02-27T09:05:04Z,,,,,COMANDO DE APOYO A LA FUERZA | División de Bienestar ZB Región Metropolitana BSoc,739238005,,Región Metropolitana de Santiago,,SUPERMERCADO LA VERBENA | SUPERMERCADO LA VERBENA LIMITADA,842617006,,Región Metropolitana de Santiago,,,,,1563351,"CRTC COMPRA DE ABARROTES, CONGELADOS Y LACTEOS ",MAYONESA SACHET CAROZZI SACHET 8 GR. CAJA X 500 UNIDADES RM(1563351) MAYONESA SACHET CAROZZI SACHET 8 GR. CAJA X 500 UNIDADES RM,2.0,,CLP,18854.0,,
838104-76-CM24,,2024-02-26T09:47:11Z,,,,,COMANDO DE APOYO A LA FUERZA | División de Bienestar ZB Región Metropolitana BSoc,739238005,,Región Metropolitana de Santiago,,SERVICIOS INTEGRADOS SIDAPT LIMITADA | SERVICIOS INTEGRADOS SIDAPT LTDA,762993589,,Región Metropolitana de Santiago,,,,,1451802,"CRTC COMPRA DE ABARROTES, CONGELADOS Y GALLETAS ",ACEITE MARAVILLA MIRAFLORES BOTELLA 1 L UNIDAD RM(1451802) ACEITE MARAVILLA MIRAFLORES BOTELLA 1 L UNIDAD RM,48.0,,CLP,3799.0,,
838104-76-CM24,,2024-02-26T09:47:11Z,,,,,COMANDO DE APOYO A LA FUERZA | División de Bienestar ZB Región Metropolitana BSoc,739238005,,Región Metropolitana de Santiago,,SERVICIOS INTEGRADOS SIDAPT LIMITADA | SERVICIOS INTEGRADOS SIDAPT LTDA,762993589,,Región Metropolitana de Santiago,,,,,1488357,"CRTC COMPRA DE ABARROTES, CONGELADOS Y GALLETAS ",HARINA SIN POLVOS MONT BLANC BOLSA 1K UNIDAD RM(1488357) HARINA SIN POLVOS MONT BLANC BOLSA 1K UNIDAD RM,96.0,,CLP,1429.0,,
838104-76-CM24,,2024-02-26T09:47:11Z,,,,,COMANDO DE APOYO A LA FUERZA | División de Bienestar ZB Región Metropolitana BSoc,739238005,,Región Metropolitana de Santiago,,SERVICIOS INTEGRADOS SIDAPT LIMITADA | SERVICIOS INTEGRADOS SIDAPT LTDA,762993589,,Región Metropolitana de Santiago,,,,,1562302,"CRTC COMPRA DE ABARROTES, CONGELADOS Y GALLETAS ",ACEITE VEGETAL LOS SILOS BIDON 5 LUNIDAD RM(1562302) ACEITE VEGETAL LOS SILOS BIDON 5 LUNIDAD RM,10.0,,CLP,17484.0,,
838104-76-CM24,,2024-02-26T09:47:11Z,,,,,COMANDO DE APOYO A LA FUERZA | División de Bienestar ZB Región Metropolitana BSoc,739238005,,Región Metropolitana de Santiago,,SERVICIOS INTEGRADOS SIDAPT LIMITADA | SERVICIOS INTEGRADOS SIDAPT LTDA,762993589,,Región Metropolitana de Santiago,,,,,1489947,"CRTC COMPRA DE ABARROTES, CONGELADOS Y GALLETAS ",HELADO SAVORY CASSATA TRES LECHES POTE 1 L UNIDAD RM(1489947) HELADO SAVORY CASSATA TRES LECHES POTE 1 L UNIDAD RM,60.0,,CLP,3407.0,,
838104-76-CM24,,2024-02-26T09:47:11Z,,,,,COMANDO DE APOYO A LA FUERZA | División de Bienestar ZB Región Metropolitana BSoc,739238005,,Región Metropolitana de Santiago,,SERVICIOS INTEGRADOS SIDAPT LIMITADA | SERVICIOS INTEGRADOS SIDAPT LTDA,762993589,,Región Metropolitana de Santiago,,,,,1476042,"CRTC COMPRA DE ABARROTES, CONGELADOS Y GALLETAS ",PAPAS DUQUESA MINUTO VERDE BOLSA 500 G UNIDAD RM(1476042) PAPAS DUQUESA MINUTO VERDE BOLSA 500 G UNIDAD RM,30.0,,CLP,2223.0,,
838104-76-CM24,,2024-02-26T09:47:11Z,,,,,COMANDO DE APOYO A LA FUERZA | División de Bienestar ZB Región Metropolitana BSoc,739238005,,Región Metropolitana de Santiago,,SERVICIOS INTEGRADOS SIDAPT LIMITADA | SERVICIOS INTEGRADOS SIDAPT LTDA,762993589,,Región Metropolitana de Santiago,,,,,1436172,"CRTC COMPRA DE ABARROTES, CONGELADOS Y GALLETAS ",AZUCAR SACHET IANSA 5 G CAJA 800 UNIDADES RM(1436172) AZUCAR SACHET IANSA 5 G CAJA 800 UNIDADES RM,2.0,,CLP,19222.0,,
838104-76-CM24,,2024-02-26T09:47:11Z,,,,,COMANDO DE APOYO A LA FUERZA | División de Bienestar ZB Región Metropolitana BSoc,739238005,,Región Metropolitana de Santiago,,SERVICIOS INTEGRADOS SIDAPT LIMITADA | SERVICIOS INTEGRADOS SIDAPT LTDA,762993589,,Región Metropolitana de Santiago,,,,,1448112,"CRTC COMPRA DE ABARROTES, CONGELADOS Y GALLETAS ",GALLETA DULCE NESTLE NEGRITA BARRA 30 G UNIDAD RM(1448112) GALLETA DULCE NESTLE NEGRITA BARRA 30 G UNIDAD RM,30.0,,CLP,216.0,,
838104-76-CM24,,2024-02-26T09:47:11Z,,,,,COMANDO DE APOYO A LA FUERZA | División de Bienestar ZB Región Metropolitana BSoc,739238005,,Región Metropolitana de Santiago,,SERVICIOS INTEGRADOS SIDAPT LIMITADA | SERVICIOS INTEGRADOS SIDAPT LTDA,762993589,,Región Metropolitana de Santiago,,,,,1451532,"CRTC COMPRA DE ABARROTES, CONGELADOS Y GALLETAS ",GALLETA DULCE COSTA COCO BOLSA 125 G UNIDAD RM(1451532) GALLETA DULCE COSTA COCO BOLSA 125 G UNIDAD RM,48.0,,CLP,640.0,,
838104-76-CM24,,2024-02-26T09:47:11Z,,,,,COMANDO DE APOYO A LA FUERZA | División de Bienestar ZB Región Metropolitana BSoc,739238005,,Región Metropolitana de Santiago,,SERVICIOS INTEGRADOS SIDAPT LIMITADA | SERVICIOS INTEGRADOS SIDAPT LTDA,762993589,,Región Metropolitana de Santiago,,,,,1451592,"CRTC COMPRA DE ABARROTES, CONGELADOS Y GALLETAS ",GALLETA DULCE COSTA GRETEL YOGHURT FRUTILLA 85 G UNIDAD RM(1451592) GALLETA DULCE COSTA GRETEL YOGHURT FRUTILLA 85 G UNIDAD RM,48.0,,CLP,931.0,,
838104-76-CM24,,2024-02-26T09:47:11Z,,,,,COMANDO DE APOYO A LA FUERZA | División de Bienestar ZB Región Metropolitana BSoc,739238005,,Región Metropolitana de Santiago,,SERVICIOS INTEGRADOS SIDAPT LIMITADA | SERVICIOS INTEGRADOS SIDAPT LTDA,762993589,,Región Metropolitana de Santiago,,,,,1434072,"CRTC COMPRA DE ABARROTES, CONGELADOS Y GALLETAS ",MANTEQUILLA SOPROLE CON SAL PAN 250 G UNIDAD RM(1434072) MANTEQUILLA SOPROLE CON SAL PAN 250 G UNIDAD RM,80.0,,CLP,2933.0,,
838104-76-CM24,,2024-02-26T09:47:11Z,,,,,COMANDO DE APOYO A LA FUERZA | División de Bienestar ZB Región Metropolitana BSoc,739238005,,Región Metropolitana de Santiago,,SERVICIOS INTEGRADOS SIDAPT LIMITADA | SERVICIOS INTEGRADOS SIDAPT LTDA,762993589,,Región Metropolitana de Santiago,,,,,1563308,"CRTC COMPRA DE ABARROTES, CONGELADOS Y GALLETAS ","PAPAS PRE-FRITAS MINUTO VERDE BOLSA 2,5K 4 UNIDADES RM(1563308) PAPAS PRE-FRITAS MINUTO VERDE BOLSA 2,5K 4 UNIDADES RM",8.0,,CLP,21850.0,,
838104-76-CM24,,2024-02-26T09:47:11Z,,,,,COMANDO DE APOYO A LA FUERZA | División de Bienestar ZB Región Metropolitana BSoc,739238005,,Región Metropolitana de Santiago,,SERVICIOS INTEGRADOS SIDAPT LIMITADA | SERVICIOS INTEGRADOS SIDAPT LTDA,762993589,,Región Metropolitana de Santiago,,,,,1476207,"CRTC COMPRA DE ABARROTES, CONGELADOS Y GALLETAS ",POROTO VERDE CONGELADO MINUTO VERDE CORTE AMERICANO BOLSA 1K UNIDAD RM(1476207) POROTO VERDE CONGELADO MINUTO VERDE CORTE AMERICANO BOLSA 1K UNIDAD RM,60.0,,CLP,2964.0,,
847-8-CM24,,2024-03-22T12:28:49Z,,,,,JUNTA NACIONAL DE JARDINES         INFANTILES | Junji - V Región,700726002,,Región de Valparaíso ,,ABASTIBLE S.A. | ABASTIBLE S.A.,918060006,,Región de Atacama ,,,,,1945003,RRFF- ADQUISICIÓN GAS LICUADO GRANEL BOMBONA ABASTIBLE PARA JARDINES INFANTILES,GAS LICUADO GRANEL LITRO V REGIÓN(1945003) GAS LICUADO GRANEL LITRO V REGIÓN,27900.0,,CLP,301.0,,
85-61-CM24,,2024-02-16T16:39:28Z,,,,,JUNTA NACIONAL DE AUXILIO ESCOLAR Y BECA | JUNTA NACIONAL DE AUXILIO ESCOLAR Y BECA,609080000,,Región Metropolitana de Santiago,,AGENCIA DE VIAJES TURAVION SPA | Turavion SpA,809894002,,Región Metropolitana de Santiago,,,,,1849200,Compra de pasajes aéreos Santiago - Temuco,PASAJE AÉREO(1849200) PASAJE AÉREO,1.0,,CLP,115800.0,,
85-61-CM24,,2024-02-16T16:39:28Z,,,,,JUNTA NACIONAL DE AUXILIO ESCOLAR Y BECA | JUNTA NACIONAL DE AUXILIO ESCOLAR Y BECA,609080000,,Región Metropolitana de Santiago,,AGENCIA DE VIAJES TURAVION SPA | Turavion SpA,809894002,,Región Metropolitana de Santiago,,,,,1849900,Compra de pasajes aéreos Santiago - Temuco,TASA DE EMBARQUE(1849900) TASA DE EMBARQUE,1.0,,CLP,14448.0,,
85-65-CM24,,2024-02-14T09:47:47Z,,,,,JUNTA NACIONAL DE AUXILIO ESCOLAR Y BECA | JUNTA NACIONAL DE AUXILIO ESCOLAR Y BECA,609080000,,Región Metropolitana de Santiago,,AGENCIA DE VIAJES TURAVION SPA | Turavion SpA,809894002,,Región Metropolitana de Santiago,,,,,1849200,Compra de pasajes aéreos Santiago - Chiloe,PASAJE AÉREO(1849200) PASAJE AÉREO,1.0,,CLP,206964.0,,
85-65-CM24,,2024-02-14T09:47:47Z,,,,,JUNTA NACIONAL DE AUXILIO ESCOLAR Y BECA | JUNTA NACIONAL DE AUXILIO ESCOLAR Y BECA,609080000,,Región Metropolitana de Santiago,,AGENCIA DE VIAJES TURAVION SPA | Turavion SpA,809894002,,Región Metropolitana de Santiago,,,,,1849900,Compra de pasajes aéreos Santiago - Chiloe,TASA DE EMBARQUE(1849900) TASA DE EMBARQUE,1.0,,CLP,12731.0,,
875646-152-CM24,,2024-02-14T09:47:47Z,,,,,Hospital Dr. Eduardo Pereira Ramirez | Hospital Dr. Eduardo Pereira Ramirez,616020579,,Región de Valparaíso ,,DISTRIBUIDORA MANZANO S A | Distribuidora ManzanoS.A - Distribuidora Manzano S.A.,96908760K,,Región de Coquimbo ,,,,,1946841,DAD INSUPED ENERO/FEBRERO 2024,GEL SANITIZANTE PARA MANOS TORK 70% DOYPACK 1000 ML UNIDAD REGIÓN V(1946841) GEL SANITIZANTE PARA MANOS TORK 70% DOYPACK 1000 ML UNIDAD REGIÓN V,180.0,,CLP,9950.0,,
900-112-CM24,,2024-02-22T08:43:26Z,,,,,SERVICIO DE SALUD VALPARAISO SAN ANTONIO | Hospital Psquiatrico del Salvador,619799100,,Región de Valparaíso ,,SERVICIOS INTEGRADOS SIDAPT LIMITADA | SERVICIOS INTEGRADOS SIDAPT LTDA,762993589,,Región Metropolitana de Santiago,,,,,1444669,"HDS - COMPRA ALIMENTOS PARA PACIENTES, FEBRERO 2024",LENTEJA BANQUETE 6 MM BOLSA 1K UNIDAD V REGION(1444669) LENTEJA BANQUETE 6 MM BOLSA 1K UNIDAD V REGION,20.0,,CLP,2451.0,,
900-112-CM24,,2024-02-22T08:43:26Z,,,,,SERVICIO DE SALUD VALPARAISO SAN ANTONIO | Hospital Psquiatrico del Salvador,619799100,,Región de Valparaíso ,,SERVICIOS INTEGRADOS SIDAPT LIMITADA | SERVICIOS INTEGRADOS SIDAPT LTDA,762993589,,Región Metropolitana de Santiago,,,,,1454854,"HDS - COMPRA ALIMENTOS PARA PACIENTES, FEBRERO 2024",ALMIDON DE MAIZ MAIZENA BOLSA 1K UNIDAD V REGION(1454854) ALMIDON DE MAIZ MAIZENA BOLSA 1K UNIDAD V REGION,15.0,,CLP,6674.0,,
900-112-CM24,,2024-02-22T08:43:26Z,,,,,SERVICIO DE SALUD VALPARAISO SAN ANTONIO | Hospital Psquiatrico del Salvador,619799100,,Región de Valparaíso ,,SERVICIOS INTEGRADOS SIDAPT LIMITADA | SERVICIOS INTEGRADOS SIDAPT LTDA,762993589,,Región Metropolitana de Santiago,,,,,1444684,"HDS - COMPRA ALIMENTOS PARA PACIENTES, FEBRERO 2024",POROTO BANQUETE TORTOLA BOLSA 1K UNIDAD V REGION(1444684) POROTO BANQUETE TORTOLA BOLSA 1K UNIDAD V REGION,20.0,,CLP,3585.0,,
900-112-CM24,,2024-02-22T08:43:26Z,,,,,SERVICIO DE SALUD VALPARAISO SAN ANTONIO | Hospital Psquiatrico del Salvador,619799100,,Región de Valparaíso ,,SERVICIOS INTEGRADOS SIDAPT LIMITADA | SERVICIOS INTEGRADOS SIDAPT LTDA,762993589,,Región Metropolitana de Santiago,,,,,1430134,"HDS - COMPRA ALIMENTOS PARA PACIENTES, FEBRERO 2024",PURE INSTANTANEO MAGGI BOLSA 1K UNIDAD V REGION(1430134) PURE INSTANTANEO MAGGI BOLSA 1K UNIDAD V REGION,20.0,,CLP,6792.0,,
900-112-CM24,,2024-02-22T08:43:26Z,,,,,SERVICIO DE SALUD VALPARAISO SAN ANTONIO | Hospital Psquiatrico del Salvador,619799100,,Región de Valparaíso ,,SERVICIOS INTEGRADOS SIDAPT LIMITADA | SERVICIOS INTEGRADOS SIDAPT LTDA,762993589,,Región Metropolitana de Santiago,,,,,1448689,"HDS - COMPRA ALIMENTOS PARA PACIENTES, FEBRERO 2024",SABORIZANTE NESTLE MILO BOLSA 1K UNIDAD V REGION(1448689) SABORIZANTE NESTLE MILO BOLSA 1K UNIDAD V REGION,20.0,,CLP,9463.0,,
900-112-CM24,,2024-02-22T08:43:26Z,,,,,SERVICIO DE SALUD VALPARAISO SAN ANTONIO | Hospital Psquiatrico del Salvador,619799100,,Región de Valparaíso ,,SERVICIOS INTEGRADOS SIDAPT LIMITADA | SERVICIOS INTEGRADOS SIDAPT LTDA,762993589,,Región Metropolitana de Santiago,,,,,1440949,"HDS - COMPRA ALIMENTOS PARA PACIENTES, FEBRERO 2024",SAL LOBOS FINA BOLSA 1K UNIDAD V REGION(1440949) SAL LOBOS FINA BOLSA 1K UNIDAD V REGION,50.0,,CLP,604.0,,
900-112-CM24,,2024-02-22T08:43:26Z,,,,,SERVICIO DE SALUD VALPARAISO SAN ANTONIO | Hospital Psquiatrico del Salvador,619799100,,Región de Valparaíso ,,SERVICIOS INTEGRADOS SIDAPT LIMITADA | SERVICIOS INTEGRADOS SIDAPT LTDA,762993589,,Región Metropolitana de Santiago,,,,,1437004,"HDS - COMPRA ALIMENTOS PARA PACIENTES, FEBRERO 2024",TE SUPREMO CEYLAN PREMIUM CAJA 100 BOLSAS UNIDAD V REGION(1437004) TE SUPREMO CEYLAN PREMIUM CAJA 100 BOLSAS UNIDAD V REGION,30.0,,CLP,4701.0,,
900-112-CM24,,2024-02-22T08:43:26Z,,,,,SERVICIO DE SALUD VALPARAISO SAN ANTONIO | Hospital Psquiatrico del Salvador,619799100,,Región de Valparaíso ,,SERVICIOS INTEGRADOS SIDAPT LIMITADA | SERVICIOS INTEGRADOS SIDAPT LTDA,762993589,,Región Metropolitana de Santiago,,,,,1437079,"HDS - COMPRA ALIMENTOS PARA PACIENTES, FEBRERO 2024",TE EN HOJA  SUPREMO ESPECIAL BOLSA 250 G UNIDAD V REGION(1437079) TE EN HOJA  SUPREMO ESPECIAL BOLSA 250 G UNIDAD V REGION,50.0,,CLP,1755.0,,
900-112-CM24,,2024-02-22T08:43:26Z,,,,,SERVICIO DE SALUD VALPARAISO SAN ANTONIO | Hospital Psquiatrico del Salvador,619799100,,Región de Valparaíso ,,SERVICIOS INTEGRADOS SIDAPT LIMITADA | SERVICIOS INTEGRADOS SIDAPT LTDA,762993589,,Región Metropolitana de Santiago,,,,,1485484,"HDS - COMPRA ALIMENTOS PARA PACIENTES, FEBRERO 2024",ENDULZANTE LIQUIDO DAILY STEVIA BOTELLA 270 ML UNIDAD V REGION(1485484) ENDULZANTE LIQUIDO DAILY STEVIA BOTELLA 270 ML UNIDAD V REGION,40.0,,CLP,3516.0,,
900-112-CM24,,2024-02-22T08:43:26Z,,,,,SERVICIO DE SALUD VALPARAISO SAN ANTONIO | Hospital Psquiatrico del Salvador,619799100,,Región de Valparaíso ,,SERVICIOS INTEGRADOS SIDAPT LIMITADA | SERVICIOS INTEGRADOS SIDAPT LTDA,762993589,,Región Metropolitana de Santiago,,,,,1659442,"HDS - COMPRA ALIMENTOS PARA PACIENTES, FEBRERO 2024",ATUN CONSERVA AL AGUA SAN JOSÉ LOMITOS TARRO 160 G UNIDAD V REGION(1659442) ATUN CONSERVA AL AGUA SAN JOSÉ LOMITOS TARRO 160 G UNIDAD V REGION,144.0,,CLP,1273.0,,
900-112-CM24,,2024-02-22T08:43:26Z,,,,,SERVICIO DE SALUD VALPARAISO SAN ANTONIO | Hospital Psquiatrico del Salvador,619799100,,Región de Valparaíso ,,SERVICIOS INTEGRADOS SIDAPT LIMITADA | SERVICIOS INTEGRADOS SIDAPT LTDA,762993589,,Región Metropolitana de Santiago,,,,,1493359,"HDS - COMPRA ALIMENTOS PARA PACIENTES, FEBRERO 2024",SUPLEMENTO NUTRICIONAL ENSURE NG SWEET CHOCOLATE TARRO 850 G UNIDAD V REGION(1493359) SUPLEMENTO NUTRICIONAL ENSURE NG SWEET CHOCOLATE TARRO 850 G UNIDAD V REGION,24.0,,CLP,24700.0,,
900-112-CM24,,2024-02-22T08:43:26Z,,,,,SERVICIO DE SALUD VALPARAISO SAN ANTONIO | Hospital Psquiatrico del Salvador,619799100,,Región de Valparaíso ,,SERVICIOS INTEGRADOS SIDAPT LIMITADA | SERVICIOS INTEGRADOS SIDAPT LTDA,762993589,,Región Metropolitana de Santiago,,,,,1493374,"HDS - COMPRA ALIMENTOS PARA PACIENTES, FEBRERO 2024",SUPLEMENTO NUTRICIONAL ENSURE NG SWEET FRUTILLA TARRO 850 G UNIDAD V REGION(1493374) SUPLEMENTO NUTRICIONAL ENSURE NG SWEET FRUTILLA TARRO 850 G UNIDAD V REGION,24.0,,CLP,24700.0,,
900-112-CM24,,2024-02-22T08:43:26Z,,,,,SERVICIO DE SALUD VALPARAISO SAN ANTONIO | Hospital Psquiatrico del Salvador,619799100,,Región de Valparaíso ,,SERVICIOS INTEGRADOS SIDAPT LIMITADA | SERVICIOS INTEGRADOS SIDAPT LTDA,762993589,,Región Metropolitana de Santiago,,,,,1434754,"HDS - COMPRA ALIMENTOS PARA PACIENTES, FEBRERO 2024",QUESO RALLADO SOPROLE PARMESANO BOLSA 80 G UNIDAD V REGION(1434754) QUESO RALLADO SOPROLE PARMESANO BOLSA 80 G UNIDAD V REGION,150.0,,CLP,1834.0,,
900-112-CM24,,2024-02-22T08:43:26Z,,,,,SERVICIO DE SALUD VALPARAISO SAN ANTONIO | Hospital Psquiatrico del Salvador,619799100,,Región de Valparaíso ,,SERVICIOS INTEGRADOS SIDAPT LIMITADA | SERVICIOS INTEGRADOS SIDAPT LTDA,762993589,,Región Metropolitana de Santiago,,,,,1564059,"HDS - COMPRA ALIMENTOS PARA PACIENTES, FEBRERO 2024",SUPLEMENTO NUTRICIONAL GLUCERNA DIABETICOS VAINILLA TARRO 900 G UNIDAD V REGION(1564059) SUPLEMENTO NUTRICIONAL GLUCERNA DIABETICOS VAINILLA TARRO 900 G UNIDAD V REGION,12.0,,CLP,25169.0,,
900-112-CM24,,2024-02-22T08:43:26Z,,,,,SERVICIO DE SALUD VALPARAISO SAN ANTONIO | Hospital Psquiatrico del Salvador,619799100,,Región de Valparaíso ,,SERVICIOS INTEGRADOS SIDAPT LIMITADA | SERVICIOS INTEGRADOS SIDAPT LTDA,762993589,,Región Metropolitana de Santiago,,,,,1436764,"HDS - COMPRA ALIMENTOS PARA PACIENTES, FEBRERO 2024",ACEITE MARAVILLA CHEF BOTELLA 1 L UNIDAD V REGION(1436764) ACEITE MARAVILLA CHEF BOTELLA 1 L UNIDAD V REGION,192.0,,CLP,4743.0,,
900-112-CM24,,2024-02-22T08:43:26Z,,,,,SERVICIO DE SALUD VALPARAISO SAN ANTONIO | Hospital Psquiatrico del Salvador,619799100,,Región de Valparaíso ,,SERVICIOS INTEGRADOS SIDAPT LIMITADA | SERVICIOS INTEGRADOS SIDAPT LTDA,762993589,,Región Metropolitana de Santiago,,,,,1444594,"HDS - COMPRA ALIMENTOS PARA PACIENTES, FEBRERO 2024",ARROZ BANQUETE GRADO 1 BOLSA 1K UNIDAD V REGION(1444594) ARROZ BANQUETE GRADO 1 BOLSA 1K UNIDAD V REGION,100.0,,CLP,1556.0,,
900-112-CM24,,2024-02-22T08:43:26Z,,,,,SERVICIO DE SALUD VALPARAISO SAN ANTONIO | Hospital Psquiatrico del Salvador,619799100,,Región de Valparaíso ,,SERVICIOS INTEGRADOS SIDAPT LIMITADA | SERVICIOS INTEGRADOS SIDAPT LTDA,762993589,,Región Metropolitana de Santiago,,,,,1444639,"HDS - COMPRA ALIMENTOS PARA PACIENTES, FEBRERO 2024",ARVEJA BANQUETE VERDE PARTIDA BOLSA 1K UNIDAD V REGION(1444639) ARVEJA BANQUETE VERDE PARTIDA BOLSA 1K UNIDAD V REGION,20.0,,CLP,2356.0,,
900-112-CM24,,2024-02-22T08:43:26Z,,,,,SERVICIO DE SALUD VALPARAISO SAN ANTONIO | Hospital Psquiatrico del Salvador,619799100,,Región de Valparaíso ,,SERVICIOS INTEGRADOS SIDAPT LIMITADA | SERVICIOS INTEGRADOS SIDAPT LTDA,762993589,,Región Metropolitana de Santiago,,,,,1433284,"HDS - COMPRA ALIMENTOS PARA PACIENTES, FEBRERO 2024",AVENA SELECTA INSTANTANEA CAJA 500 G UNIDAD V REGION(1433284) AVENA SELECTA INSTANTANEA CAJA 500 G UNIDAD V REGION,35.0,,CLP,1335.0,,
900-112-CM24,,2024-02-22T08:43:26Z,,,,,SERVICIO DE SALUD VALPARAISO SAN ANTONIO | Hospital Psquiatrico del Salvador,619799100,,Región de Valparaíso ,,SERVICIOS INTEGRADOS SIDAPT LIMITADA | SERVICIOS INTEGRADOS SIDAPT LTDA,762993589,,Región Metropolitana de Santiago,,,,,1436164,"HDS - COMPRA ALIMENTOS PARA PACIENTES, FEBRERO 2024",AZUCAR SACHET IANSA 5 G CAJA 800 UNIDADES V REGION(1436164) AZUCAR SACHET IANSA 5 G CAJA 800 UNIDADES V REGION,10.0,,CLP,21874.0,,
900-112-CM24,,2024-02-22T08:43:26Z,,,,,SERVICIO DE SALUD VALPARAISO SAN ANTONIO | Hospital Psquiatrico del Salvador,619799100,,Región de Valparaíso ,,SERVICIOS INTEGRADOS SIDAPT LIMITADA | SERVICIOS INTEGRADOS SIDAPT LTDA,762993589,,Región Metropolitana de Santiago,,,,,1446934,"HDS - COMPRA ALIMENTOS PARA PACIENTES, FEBRERO 2024",CHUÑO OSO BOLSA 500 G UNIDAD V REGION(1446934) CHUÑO OSO BOLSA 500 G UNIDAD V REGION,2.0,,CLP,2783.0,,
900-112-CM24,,2024-02-22T08:43:26Z,,,,,SERVICIO DE SALUD VALPARAISO SAN ANTONIO | Hospital Psquiatrico del Salvador,619799100,,Región de Valparaíso ,,SERVICIOS INTEGRADOS SIDAPT LIMITADA | SERVICIOS INTEGRADOS SIDAPT LTDA,762993589,,Región Metropolitana de Santiago,,,,,1442599,"HDS - COMPRA ALIMENTOS PARA PACIENTES, FEBRERO 2024",DULCE DE MEMBRILLO WATT´S PAQUETE 500 G UNIDAD V REGION(1442599) DULCE DE MEMBRILLO WATT´S PAQUETE 500 G UNIDAD V REGION,20.0,,CLP,1888.0,,
900-112-CM24,,2024-02-22T08:43:26Z,,,,,SERVICIO DE SALUD VALPARAISO SAN ANTONIO | Hospital Psquiatrico del Salvador,619799100,,Región de Valparaíso ,,SERVICIOS INTEGRADOS SIDAPT LIMITADA | SERVICIOS INTEGRADOS SIDAPT LTDA,762993589,,Región Metropolitana de Santiago,,,,,1449574,"HDS - COMPRA ALIMENTOS PARA PACIENTES, FEBRERO 2024",ESPIRALES CAROZZI BOLSA 1K UNIDAD V REGION(1449574) ESPIRALES CAROZZI BOLSA 1K UNIDAD V REGION,144.0,,CLP,2726.0,,
900-112-CM24,,2024-02-22T08:43:26Z,,,,,SERVICIO DE SALUD VALPARAISO SAN ANTONIO | Hospital Psquiatrico del Salvador,619799100,,Región de Valparaíso ,,SERVICIOS INTEGRADOS SIDAPT LIMITADA | SERVICIOS INTEGRADOS SIDAPT LTDA,762993589,,Región Metropolitana de Santiago,,,,,1444654,"HDS - COMPRA ALIMENTOS PARA PACIENTES, FEBRERO 2024",GARBANZO BANQUETE SIN PIEL BOLSA 1K UNIDAD V REGION(1444654) GARBANZO BANQUETE SIN PIEL BOLSA 1K UNIDAD V REGION,40.0,,CLP,3110.0,,
900-112-CM24,,2024-02-22T08:43:26Z,,,,,SERVICIO DE SALUD VALPARAISO SAN ANTONIO | Hospital Psquiatrico del Salvador,619799100,,Región de Valparaíso ,,SERVICIOS INTEGRADOS SIDAPT LIMITADA | SERVICIOS INTEGRADOS SIDAPT LTDA,762993589,,Región Metropolitana de Santiago,,,,,1488349,"HDS - COMPRA ALIMENTOS PARA PACIENTES, FEBRERO 2024",HARINA SIN POLVOS MONT BLANC BOLSA 1K UNIDAD V REGION(1488349) HARINA SIN POLVOS MONT BLANC BOLSA 1K UNIDAD V REGION,8.0,,CLP,1930.0,,
900-112-CM24,,2024-02-22T08:43:26Z,,,,,SERVICIO DE SALUD VALPARAISO SAN ANTONIO | Hospital Psquiatrico del Salvador,619799100,,Región de Valparaíso ,,SERVICIOS INTEGRADOS SIDAPT LIMITADA | SERVICIOS INTEGRADOS SIDAPT LTDA,762993589,,Región Metropolitana de Santiago,,,,,1431574,"HDS - COMPRA ALIMENTOS PARA PACIENTES, FEBRERO 2024",JUGO DE LIMON HIGUERAS SUCEDANEO BOTELLA 500 ML UNIDAD V REGION(1431574) JUGO DE LIMON HIGUERAS SUCEDANEO BOTELLA 500 ML UNIDAD V REGION,150.0,,CLP,821.0,,
900-112-CM24,,2024-02-22T08:43:26Z,,,,,SERVICIO DE SALUD VALPARAISO SAN ANTONIO | Hospital Psquiatrico del Salvador,619799100,,Región de Valparaíso ,,SERVICIOS INTEGRADOS SIDAPT LIMITADA | SERVICIOS INTEGRADOS SIDAPT LTDA,762993589,,Región Metropolitana de Santiago,,,,,1454449,"HDS - COMPRA ALIMENTOS PARA PACIENTES, FEBRERO 2024",JUREL CONSERVA AL NATURAL SAN JOSE MEDALLON TARRO 425 G UNIDAD V REGION(1454449) JUREL CONSERVA AL NATURAL SAN JOSE MEDALLON TARRO 425 G UNIDAD V REGION,80.0,,CLP,1707.0,,
900-112-CM24,,2024-02-22T08:43:26Z,,,,,SERVICIO DE SALUD VALPARAISO SAN ANTONIO | Hospital Psquiatrico del Salvador,619799100,,Región de Valparaíso ,,SERVICIOS INTEGRADOS SIDAPT LIMITADA | SERVICIOS INTEGRADOS SIDAPT LTDA,762993589,,Región Metropolitana de Santiago,,,,,1562428,"HDS - COMPRA ALIMENTOS PARA PACIENTES, FEBRERO 2024",LECHE EN POLVO SEMIDESCREMADA DAFOOD 12% MG BOLSA 1 K UNIDAD V REGION(1562428) LECHE EN POLVO SEMIDESCREMADA DAFOOD 12% MG BOLSA 1 K UNIDAD V REGION,160.0,,CLP,8776.0,,
900-112-CM24,,2024-02-22T08:43:26Z,,,,,SERVICIO DE SALUD VALPARAISO SAN ANTONIO | Hospital Psquiatrico del Salvador,619799100,,Región de Valparaíso ,,SERVICIOS INTEGRADOS SIDAPT LIMITADA | SERVICIOS INTEGRADOS SIDAPT LTDA,762993589,,Región Metropolitana de Santiago,,,,,1438504,"HDS - COMPRA ALIMENTOS PARA PACIENTES, FEBRERO 2024",POSTRE EN POLVO MACRO FOOD LECHE ASADA BOLSA 1K UNIDAD V REGION(1438504) POSTRE EN POLVO MACRO FOOD LECHE ASADA BOLSA 1K UNIDAD V REGION,4.0,,CLP,2988.0,,
935-18-CM24,,2024-01-29T16:37:47Z,,,,,INSTITUTO NACIONAL DE DEPORTES DE CHILE | I.N.D. REGION XII,611070004,,Región de Magallanes y de la Antártica,,AGENCIA DE VIAJES TURAVION SPA | Turavion SpA,809894002,,Región Metropolitana de Santiago,,,,,1849200,COMPRA PASAJE AEREO BALONMANO AGUSTINA LEAL,PASAJE AÉREO(1849200) PASAJE AÉREO,1.0,,CLP,264980.0,,
935-18-CM24,,2024-01-29T16:37:47Z,,,,,INSTITUTO NACIONAL DE DEPORTES DE CHILE | I.N.D. REGION XII,611070004,,Región de Magallanes y de la Antártica,,AGENCIA DE VIAJES TURAVION SPA | Turavion SpA,809894002,,Región Metropolitana de Santiago,,,,,1849900,COMPRA PASAJE AEREO BALONMANO AGUSTINA LEAL,TASA DE EMBARQUE(1849900) TASA DE EMBARQUE,1.0,,CLP,36312.0,,
937232-176-CM24,,2024-01-30T15:18:05Z,,,,,CENTRO DE REFERENCIA DE SALUD HOSPITAL PROVINCIA CORDILLERA | Centro de Referencia de Salud Hospital Provincia Cordillera,619806204,,Región Metropolitana de Santiago,,MUNNICH PHARMA MEDICAL SPA | Munnich  Desechables,804474005,,Región Metropolitana de Santiago,,,,,1860337,INSUMOS CLINICOS (CINTA Y TELAS),CINTA ADHESIVA MÉDICA TRANSPORE POROSA MACROPERFORADA 7.5CMX9.14M 4 UNIDADES CENTRO(1860337) CINTA ADHESIVA MÉDICA TRANSPORE POROSA MACROPERFORADA 7.5CMX9.14M 4 UNIDADES CENTRO,12.0,,CLP,11071.0,,
937232-176-CM24,,2024-01-30T15:18:05Z,,,,,CENTRO DE REFERENCIA DE SALUD HOSPITAL PROVINCIA CORDILLERA | Centro de Referencia de Salud Hospital Provincia Cordillera,619806204,,Región Metropolitana de Santiago,,MUNNICH PHARMA MEDICAL SPA | Munnich  Desechables,804474005,,Región Metropolitana de Santiago,,,,,1858450,INSUMOS CLINICOS (CINTA Y TELAS),CINTA ADHESIVA M?DICA MICROPORE MICROPOROSA 2.5 CM X 9.1 M 12 UNIDADES CENTRO(1858450) CINTA ADHESIVA M?DICA MICROPORE MICROPOROSA 2.5 CM X 9.1 M 12 UNIDADES CENTRO,68.0,,CLP,8320.0,,
937232-176-CM24,,2024-01-30T15:18:05Z,,,,,CENTRO DE REFERENCIA DE SALUD HOSPITAL PROVINCIA CORDILLERA | Centro de Referencia de Salud Hospital Provincia Cordillera,619806204,,Región Metropolitana de Santiago,,MUNNICH PHARMA MEDICAL SPA | Munnich  Desechables,804474005,,Región Metropolitana de Santiago,,,,,1858470,INSUMOS CLINICOS (CINTA Y TELAS),CINTA ADHESIVA M?DICA TRANSPORE TIPO PL?STICO 25MMX9.1M 12 UNIDADES CENTRO(1858470) CINTA ADHESIVA M?DICA TRANSPORE TIPO PL?STICO 25MMX9.1M 12 UNIDADES CENTRO,20.0,,CLP,10450.0,,
937232-176-CM24,,2024-01-30T15:18:05Z,,,,,CENTRO DE REFERENCIA DE SALUD HOSPITAL PROVINCIA CORDILLERA | Centro de Referencia de Salud Hospital Provincia Cordillera,619806204,,Región Metropolitana de Santiago,,MUNNICH PHARMA MEDICAL SPA | Munnich  Desechables,804474005,,Región Metropolitana de Santiago,,,,,1930732,INSUMOS CLINICOS (CINTA Y TELAS),VENDA ELASTOMULL DE GASA ELASTICADA 10 CM X 4 MT COLOR BLANCO  20 ROLLOS CENTRO(1930732) VENDA ELASTOMULL DE GASA ELASTICADA 10 CM X 4 MT COLOR BLANCO  20 ROLLOS CENTRO,170.0,,CLP,7219.0,,
937232-176-CM24,,2024-01-30T15:18:05Z,,,,,CENTRO DE REFERENCIA DE SALUD HOSPITAL PROVINCIA CORDILLERA | Centro de Referencia de Salud Hospital Provincia Cordillera,619806204,,Región Metropolitana de Santiago,,MUNNICH PHARMA MEDICAL SPA | Munnich  Desechables,804474005,,Región Metropolitana de Santiago,,,,,1850517,INSUMOS CLINICOS (CINTA Y TELAS),ALARGADOR MUNCARE VENOSO S/VÁLVULA ANTIREFLUJO 100 CM C/LLAVE  3 PASOS 50 UNIDADES CENTRO(1850517) ALARGADOR MUNCARE VENOSO S/VÁLVULA ANTIREFLUJO 100 CM C/LLAVE  3 PASOS 50 UNIDADES CENTRO,73.0,,CLP,13936.0,,
937232-176-CM24,,2024-01-30T15:18:05Z,,,,,CENTRO DE REFERENCIA DE SALUD HOSPITAL PROVINCIA CORDILLERA | Centro de Referencia de Salud Hospital Provincia Cordillera,619806204,,Región Metropolitana de Santiago,,MUNNICH PHARMA MEDICAL SPA | Munnich  Desechables,804474005,,Región Metropolitana de Santiago,,,,,1850522,INSUMOS CLINICOS (CINTA Y TELAS),ALARGADOR MUNCARE VENOSO S/VÁLVULA ANTIREFLUJO 10CM C/ LLAVE 3 PASOS 50 UNIDADES CENTRO(1850522) ALARGADOR MUNCARE VENOSO S/VÁLVULA ANTIREFLUJO 10CM C/ LLAVE 3 PASOS 50 UNIDADES CENTRO,27.0,,CLP,11440.0,,
938614-68-CM24,,2024-03-27T10:43:43Z,,,,,COMANDO DE APOYO A LA FUERZA | Zona de Bienestar Región Metropolitana,651248825,,Región Metropolitana de Santiago,,GASCO GLP S A | GASCO GLP - DIVISION SUR,965687408,,Región Metropolitana de Santiago,,,,,1944977,ZBRM CASINO PERSONAL ADQ. VALES DE GAS 15 GK ,GAS LICUADO CILINDRO MEDIANTE VALE DE RECARGA 15 KG REGIÓN METROPOLITANA(1944977) GAS LICUADO CILINDRO MEDIANTE VALE DE RECARGA 15 KG REGIÓN METROPOLITANA,6.0,,CLP,10846.0,,
947621-10-CM24,,2024-01-30T16:03:43Z,,,,,DIRECCION DE ABASTECIMIENTO DE LA ARMADA | CENTRO DE ABASTECIMIENTO PM,619807103,,Región de los Lagos ,,AGROSUPER COMERCIALIZADORA DE ALIMENTOS LTDA | Agrosuper Comercializadora de Alimentos Limitada,799842408,,Región Metropolitana de Santiago,,,,,1563261,Adquisición de víveres para Maritgobays,PECHUGA DESHUESADA POLLO CONGELADO SUPER POLLO GRANEL CAJA DE 18KGS NACIONAL XI REGION(1563261) PECHUGA DESHUESADA POLLO CONGELADO SUPER POLLO GRANEL CAJA DE 18KGS NACIONAL XI REGION,50.0,,CLP,58896.0,,
947621-10-CM24,,2024-01-30T16:03:43Z,,,,,DIRECCION DE ABASTECIMIENTO DE LA ARMADA | CENTRO DE ABASTECIMIENTO PM,619807103,,Región de los Lagos ,,AGROSUPER COMERCIALIZADORA DE ALIMENTOS LTDA | Agrosuper Comercializadora de Alimentos Limitada,799842408,,Región Metropolitana de Santiago,,,,,1458400,Adquisición de víveres para Maritgobays,TRUTRO CORTO POLLO SUPER POLLO MARINADO CAJA 150K UNIDAD XI REGION(1458400) TRUTRO CORTO POLLO SUPER POLLO MARINADO CAJA 150K UNIDAD XI REGION,900.0,,CLP,2720.0,,
948354-77-CM24,,2024-01-31T09:09:18Z,,,,,FONDO HOSPITAL DE LA DIRECCION DE PREVISION DE CARABINEROS DE CHILE | Unidad de Compra de Bienes y Servicios,615130036,,Región Metropolitana de Santiago,,SOSEG SPA | SOSEG,768975345,,Región del Biobío ,,,,,1586722,Orden de Compra: 948354-77-CM24,EQUIPO DE ILUMINACION DE EMERGENCIA BURON Y BURON LED-LITIO 1200LM BB1200L IP54 UNIDAD(1586722) EQUIPO DE ILUMINACION DE EMERGENCIA BURON Y BURON LED-LITIO 1200LM BB1200L IP54 UNIDAD,50.0,,CLP,122986.0,,
977-14-CM24,,2024-02-16T16:29:25Z,,,,,MINISTERIO DE OBRAS PUBLICAS DIREC CION GRAL DE OO PP DCYF | Dirección de Fiscalía - MOP,612020000,,Región Metropolitana de Santiago,,BRUNO FRITSCH S.A. | BRUNO FRITSCH S.A.,848072001,,Región del Biobío ,,,,,2034811,Orden de Compra: 977-14-CM24,SUV TOYOTA COROLLA CROSS HV 1.8 XEI CVT HV HIBRIDO MACROZONA METROPOLITANA 2024(2034811) SUV TOYOTA COROLLA CROSS HV 1.8 XEI CVT HV HIBRIDO MACROZONA METROPOLITANA 2024,1.0,,CLP,20529915.0,,
978-17-CM24,,2024-03-15T14:30:23Z,,,,,MINISTERIO DE OBRAS PUBLICAS DIREC CION GRAL DE OO PP DCYF | Dirección de Obras Portuarias - MOP,612020000,,Región Metropolitana de Santiago,,MANANTIAL S A | Manantial Región de Los Lagos - X,967115908,,Región de los Lagos ,,,,,1656934,Orden de Compra: 978-17-CM24,AGUA PURIFICADA SIN DISPENSADOR MANANTIAL 20 L UNIDAD / SOLO RECARGA  RM(1656934) AGUA PURIFICADA SIN DISPENSADOR MANANTIAL 20 L UNIDAD / SOLO RECARGA  RM,640.0,,CLP,3628.0,,
980-23-CM24,,2024-01-30T16:14:45Z,,,,,MINISTERIO DE OBRAS PUBLICAS DIREC CION GRAL DE OO PP DCYF | Dirección General de Obras Publicas - MOP,612020000,,Región Metropolitana de Santiago,,COMPUTACION E INGENIERIA S A | COINSA,966931205,,Región Metropolitana de Santiago,,,,,2032622,LAPTOP GAMA 3 Y DESKTOP AIO GAMA 3,LAPTOP HP LAPTOP HP NB 14 R7 WINDOWS 11 PRO AMD RYZEN 7 -7730U 16 GB RAM 512 SSD GAMA 3 GAMA 3(2032622) LAPTOP HP LAPTOP HP NB 14 R7 WINDOWS 11 PRO AMD RYZEN 7 -7730U 16 GB RAM 512 SSD GAMA 3 GAMA 3,30.0,,USD,548.89,,
980-23-CM24,,2024-01-30T16:14:45Z,,,,,MINISTERIO DE OBRAS PUBLICAS DIREC CION GRAL DE OO PP DCYF | Dirección General de Obras Publicas - MOP,612020000,,Región Metropolitana de Santiago,,COMPUTACION E INGENIERIA S A | COINSA,966931205,,Región Metropolitana de Santiago,,,,,1941177,LAPTOP GAMA 3 Y DESKTOP AIO GAMA 3,ALL IN ONE HP AIO PRO I7 WINDOWS 11 PRO INTEL CORE I7-12700 16 GB RAM 512 SSD GAMA 3 UNIBODY(1941177) ALL IN ONE HP AIO PRO I7 WINDOWS 11 PRO INTEL CORE I7-12700 16 GB RAM 512 SSD GAMA 3 UNIBODY,10.0,,USD,742.99,,
